path	top_folder	ext	bytes
BruceBAD/PingMe.txt	PingMe.txt	txt	334
BruceBAD/Kiosk-Evasion-Bruteforce.txt	Kiosk-Evasion-Bruteforce.txt	txt	5281
BruceBAD/RickRoll_YT_Win.txt	RickRoll_YT_Win.txt	txt	345
BruceBAD/RickRoll_Term_OSX.txt	RickRoll_Term_OSX.txt	txt	237
BruceBAD/rickroll-android.txt	rickroll-android.txt	txt	219
BruceBAD/Wifi_for_Flipper.txt	Wifi_for_Flipper.txt	txt	742
BruceBAD/Show_WiFi_Passwords.txt	Show_WiFi_Passwords.txt	txt	370
BruceBAD/ForkBomb-Linux.txt	ForkBomb-Linux.txt	txt	893
BruceBAD/UBGZ_Was_Here.txt	UBGZ_Was_Here.txt	txt	693
BruceBAD/The_Matrix_Wake_Up.txt	The_Matrix_Wake_Up.txt	txt	1664
BruceBAD/Party_Parrot_OSX.txt	Party_Parrot_OSX.txt	txt	243
BruceBAD/Earrape_Troll.txt	Earrape_Troll.txt	txt	632
BruceBAD/Honk.txt	Honk.txt	txt	1007
BruceBAD/demo_macos.txt	demo_macos.txt	txt	1592
BruceBAD/Android_top65_4digit_pin_bf.txt	Android_top65_4digit_pin_bf.txt	txt	4897
BruceBAD/Power-Imperial.txt	Power-Imperial.txt	txt	969
BruceBAD/Hacker_Typer.txt	Hacker_Typer.txt	txt	2777
BruceBAD/Show_Saved_Passwords.txt	Show_Saved_Passwords.txt	txt	746
BruceBAD/Cookie-Stealer.txt	Cookie-Stealer.txt	txt	122
BruceBAD/Wifi-Stealer_Hook.txt	Wifi-Stealer_Hook.txt	txt	1259
BruceBAD/RickRoll (Basic).txt	RickRoll (Basic).txt	txt	241
BruceBAD/ForkBomb-Win.txt	ForkBomb-Win.txt	txt	355
BruceBAD/Party_Parrot_Win.txt	Party_Parrot_Win.txt	txt	733
BruceBAD/PoC_Discord_Webhook.txt	PoC_Discord_Webhook.txt	txt	579
BruceBAD/OSX_Rickroll.txt	OSX_Rickroll.txt	txt	548
BruceBAD/RickRoll_YT_OSX.txt	RickRoll_YT_OSX.txt	txt	281
BruceBAD/Wifi_and_Show_Passwords_for_Flipper.txt	Wifi_and_Show_Passwords_for_Flipper.txt	txt	1621
BruceBAD/ForkBomb-Win2.txt	ForkBomb-Win2.txt	txt	541
BruceBAD/Grabber-Discord_Webhook.txt	Grabber-Discord_Webhook.txt	txt	1123
BruceBAD/Hey_Everybody.txt	Hey_Everybody.txt	txt	510
BruceBAD/RR_ASCII_Win.txt	RR_ASCII_Win.txt	txt	7120
BruceBAD/Get-Connected-USBs.txt	Get-Connected-USBs.txt	txt	501
BruceBAD/RickRoll_CMD_Win.txt	RickRoll_CMD_Win.txt	txt	223
BruceBAD/RickRoll_Term_Win.txt	RickRoll_Term_Win.txt	txt	723
BruceBAD/Wifi-Stealer_Discord.txt	Wifi-Stealer_Discord.txt	txt	1739
BruceBAD/Wifi-Stealer_ORG.txt	Wifi-Stealer_ORG.txt	txt	994
BruceBAD/Mario-head.txt	Mario-head.txt	txt	955
BruceBAD/Wifi-Stealer-Discord-Improved.txt	Wifi-Stealer-Discord-Improved.txt	txt	2031
BruceBAD/GoodUSB.txt	GoodUSB.txt	txt	1697
BruceBAD/demo_windows.txt	demo_windows.txt	txt	1552
BruceBAD/Kuronons_FZ_Win.txt	Kuronons_FZ_Win.txt	txt	12294
BruceBAD/CYE_Was_Here.txt	CYE_Was_Here.txt	txt	466
BruceBAD/RickRoll Max Vol (Basic).txt	RickRoll Max Vol (Basic).txt	txt	379
BruceBAD/Char_Test_ALTSTRING.txt	Char_Test_ALTSTRING.txt	txt	979
BruceBAD/Wifi-Stealer_Zoom.txt	Wifi-Stealer_Zoom.txt	txt	1046
BruceBAD/qFlipper-windows.txt	qFlipper-windows.txt	txt	431
BruceBAD/Char_Test.txt	Char_Test.txt	txt	1013
BruceBAD/Open4Gmail/payload.txt	Open4Gmail	txt	470
BruceBAD/PC/Closer.txt	PC	txt	23
BruceBAD/PC/Tabs-spam.txt	PC	txt	14173
BruceBAD/PC/fake-update.txt	PC	txt	373
BruceBAD/PC/GLITCH.DANGER.txt	PC	txt	174
BruceBAD/PC/calculator-spam.txt	PC	txt	147
BruceBAD/PC/Explorer-spam.txt	PC	txt	21
BruceBAD/PC/Cybercrime WINDOWS.txt	PC	txt	3249
BruceBAD/PC/Explorerspam.txt	PC	txt	22
BruceBAD/PC/you-idiot.txt	PC	txt	168
BruceBAD/PC/pwn3d windows prank.txt	PC	txt	151504
BruceBAD/PC/blue-screen.txt	PC	txt	1573
BruceBAD/PC/capslock.txt	PC	txt	138
BruceBAD/PC/Screenshoter.txt	PC	txt	28
BruceBAD/PC/KODBLOCK.txt	PC	txt	79899
BruceBAD/PC/PWN3D FAST.txt	PC	txt	224078
BruceBAD/PC/random-letters.txt	PC	txt	159
BruceBAD/PC/instant-screenshot.txt	PC	txt	52
BruceBAD/PC/open_website_win.txt	PC	txt	149
BruceBAD/PC/Blockator.txt	PC	txt	68
BruceBAD/PC/File-Load_BadUSB.txt	PC	txt	412
BruceBAD/PC/windows11/create folders in C.txt	PC	txt	428
BruceBAD/PC/windows11/matrix ps hidden.txt	PC	txt	482
BruceBAD/PC/windows11/matrix.txt	PC	txt	462
BruceBAD/PC/windows11/nyan_cat.txt	PC	txt	223
BruceBAD/PC/windows11/hackertyper.txt	PC	txt	223
BruceBAD/PC/windows11/You have been hacked desktop.txt	PC	txt	609
BruceBAD/PC/windows11/EPTM-ASCII.txt	PC	txt	2552
BruceBAD/PC/windows11/shutdown.txt	PC	txt	170
BruceBAD/PC/windows11/open_youtube_video.txt	PC	txt	189
BruceBAD/PC/windows11/create_infinite_cmd.txt	PC	txt	476
BruceBAD/PC/windows11/JM.txt	PC	txt	6073
BruceBAD/PC/windows11/nyancat.txt	PC	txt	577
BruceBAD/PC/windows11/you_are_an_idiot.txt	PC	txt	206
BruceBAD/PC/windows10/create folders in C.txt	PC	txt	428
BruceBAD/PC/windows10/matrix ps hidden.txt	PC	txt	482
BruceBAD/PC/windows10/matrix.txt	PC	txt	472
BruceBAD/PC/windows10/nyan_cat.txt	PC	txt	223
BruceBAD/PC/windows10/hackertyper.txt	PC	txt	254
BruceBAD/PC/windows10/start_infinite_cmd.txt	PC	txt	476
BruceBAD/PC/windows10/EPTM-ASCII.txt	PC	txt	2556
BruceBAD/PC/windows10/shutdown.txt	PC	txt	170
BruceBAD/PC/windows10/you_have_been_hacked_desktop.txt	PC	txt	596
BruceBAD/PC/windows10/open_youtube_video.txt	PC	txt	189
BruceBAD/PC/windows10/JM.txt	PC	txt	6080
BruceBAD/PC/windows10/you_are_an_idiot.txt	PC	txt	206
BruceBAD/PC/GoodUSB/clear_explorer.txt	PC	txt	599
BruceBAD/PC/GoodUSB/activate_windows.txt	PC	txt	292
BruceBAD/PC/GoodUSB/bloatware_remover.txt	PC	txt	604
BruceBAD/PC/GoodUSB/privacy.txt	PC	txt	579
BruceBAD/PC/GoodUSB/enable_cortana.txt	PC	txt	596
BruceBAD/PC/GoodUSB/disable_cortana.txt	PC	txt	597
BruceBAD/Lin_ICMP-Data-Exfiltration/payload.sh	Lin_ICMP-Data-Exfiltration	sh	907
BruceBAD/Lin_ICMP-Data-Exfiltration/payload.txt	Lin_ICMP-Data-Exfiltration	txt	824
BruceBAD/Netcat-Client/Simple-Netcat-Client.txt	Netcat-Client	txt	610
BruceBAD/Kuronons_FZ_Win/Kuronons_FZ_Win.txt	Kuronons_FZ_Win	txt	12294
BruceBAD/iMessage-Data-Grabber/payload.txt	iMessage-Data-Grabber	txt	776
BruceBAD/Flip-PineApple/PineApple-KeyInjection.txt	Flip-PineApple	txt	1874
BruceBAD/Flip-PineApple/PineApple.txt	Flip-PineApple	txt	864
BruceBAD/Flip-PineApple/PineApple.ps1	Flip-PineApple	ps1	1276
BruceBAD/Install_Official_VSCode_Extension/payload.txt	Install_Official_VSCode_Extension	txt	2041
BruceBAD/WindowsLicenseKeyExfiltration/WindowsLicenseKeyExfiltration.txt	WindowsLicenseKeyExfiltration	txt	5956
BruceBAD/Kavitate-BadUSB/Prank/High Contrast/High-Contrast.txt	Kavitate-BadUSB	txt	240
BruceBAD/Kavitate-BadUSB/Prank/High Contrast/High-Contrast-Lock.txt	Kavitate-BadUSB	txt	285
BruceBAD/Kavitate-BadUSB/Prank/Nope-Pad/Nope-Pad-Instant.txt	Kavitate-BadUSB	txt	307
BruceBAD/Kavitate-BadUSB/Prank/Nope-Pad/Nope-Pad-Revert.txt	Kavitate-BadUSB	txt	330
BruceBAD/Kavitate-BadUSB/Prank/Nope-Pad/Nope-Pad.txt	Kavitate-BadUSB	txt	379
BruceBAD/Kavitate-BadUSB/Prank/Telnet Star Wars/TelnetStarWars.txt	Kavitate-BadUSB	txt	441
BruceBAD/Kavitate-BadUSB/Prank/Win Zoom/Win-Zoom.txt	Kavitate-BadUSB	txt	215
BruceBAD/Kavitate-BadUSB/Prank/Mouse Zap/MouseZap.txt	Kavitate-BadUSB	txt	447
BruceBAD/Hacker_Typer/Hacker_Typer.txt	Hacker_Typer	txt	2777
BruceBAD/Hacker_Typer/payload.txt	Hacker_Typer	txt	3004
BruceBAD/screenshot_exfil/payload.txt	screenshot_exfil	txt	1976
BruceBAD/PWN3D FAST/PWN3D FAST.txt	PWN3D FAST	txt	224078
BruceBAD/The_Matrix_Wake_Up/The_Matrix_Wake_Up.txt	The_Matrix_Wake_Up	txt	1664
BruceBAD/Image-to-Console/Image-to-Console.txt	Image-to-Console	txt	485
BruceBAD/Image-to-Console/main.ps1	Image-to-Console	ps1	2793
BruceBAD/Call_Someone_On_An_iPhone/payload.txt	Call_Someone_On_An_iPhone	txt	878
BruceBAD/SendMessagesInTeams/payload.txt	SendMessagesInTeams	txt	1507
BruceBAD/Copy-And-Waste/c.ps1	Copy-And-Waste	ps1	932
BruceBAD/Copy-And-Waste/I.bat	Copy-And-Waste	bat	133
BruceBAD/Copy-And-Waste/payload.txt	Copy-And-Waste	txt	794
BruceBAD/History-Pig/HP.ps1	History-Pig	ps1	2446
BruceBAD/History-Pig/payload.txt	History-Pig	txt	547
BruceBAD/BadUSB/PingMe.txt	BadUSB	txt	334
BruceBAD/BadUSB/Kiosk-Evasion-Bruteforce.txt	BadUSB	txt	5281
BruceBAD/BadUSB/RickRoll_YT_Win.txt	BadUSB	txt	345
BruceBAD/BadUSB/RickRoll_Term_OSX.txt	BadUSB	txt	230
BruceBAD/BadUSB/rickroll-android.txt	BadUSB	txt	219
BruceBAD/BadUSB/Show_WiFi_Passwords.txt	BadUSB	txt	388
BruceBAD/BadUSB/UBGZ_Was_Here.txt	BadUSB	txt	693
BruceBAD/BadUSB/The_Matrix_Wake_Up.txt	BadUSB	txt	1814
BruceBAD/BadUSB/wifi_stealer_by_webhook.txt	BadUSB	txt	776
BruceBAD/BadUSB/Party_Parrot_OSX.txt	BadUSB	txt	250
BruceBAD/BadUSB/Earrape_Troll.txt	BadUSB	txt	632
BruceBAD/BadUSB/Honk.txt	BadUSB	txt	1007
BruceBAD/BadUSB/Android_top65_4digit_pin_bf.txt	BadUSB	txt	4897
BruceBAD/BadUSB/Power-Imperial.txt	BadUSB	txt	969
BruceBAD/BadUSB/Hacker_Typer.txt	BadUSB	txt	2777
BruceBAD/BadUSB/Show_Saved_Passwords.txt	BadUSB	txt	746
BruceBAD/BadUSB/Cookie-Stealer.txt	BadUSB	txt	125
BruceBAD/BadUSB/SpamRickrollPayload.txt	BadUSB	txt	1957
BruceBAD/BadUSB/Wifi-Stealer_Hook.txt	BadUSB	txt	1259
BruceBAD/BadUSB/RickRoll (Basic).txt	BadUSB	txt	250
BruceBAD/BadUSB/Party_Parrot_Win.txt	BadUSB	txt	733
BruceBAD/BadUSB/1_minute_to_sleep.txt	BadUSB	txt	433
BruceBAD/BadUSB/PoC_Discord_Webhook.txt	BadUSB	txt	579
BruceBAD/BadUSB/OSX_Rickroll.txt	BadUSB	txt	544
BruceBAD/BadUSB/RickRoll_YT_OSX.txt	BadUSB	txt	281
BruceBAD/BadUSB/Awesome_Flipper_OSX.txt	BadUSB	txt	338
BruceBAD/BadUSB/Wifi_and_Show_Passwords_for_Flipper.txt	BadUSB	txt	1690
BruceBAD/BadUSB/Grabber-Discord_Webhook.txt	BadUSB	txt	1135
BruceBAD/BadUSB/Hey_Everybody.txt	BadUSB	txt	527
BruceBAD/BadUSB/Credential_Harvester_MarkCyber.txt	BadUSB	txt	1711
BruceBAD/BadUSB/Show_Saved_Passwords_UPDATED.txt	BadUSB	txt	589
BruceBAD/BadUSB/RR_ASCII_Win.txt	BadUSB	txt	7120
BruceBAD/BadUSB/Get-Connected-USBs.txt	BadUSB	txt	501
BruceBAD/BadUSB/RickRoll_CMD_Win.txt	BadUSB	txt	223
BruceBAD/BadUSB/Wifi-Stealer_Discord.txt	BadUSB	txt	1739
BruceBAD/BadUSB/Wifi-Stealer_ORG.txt	BadUSB	txt	1013
BruceBAD/BadUSB/265_4_Digit_Pin_BF.txt	BadUSB	txt	10492
BruceBAD/BadUSB/Mario-head.txt	BadUSB	txt	955
BruceBAD/BadUSB/Wifi-Stealer-Discord-Improved.txt	BadUSB	txt	2089
BruceBAD/BadUSB/GoodUSB.txt	BadUSB	txt	1751
BruceBAD/BadUSB/Kuronons_FZ_Win.txt	BadUSB	txt	12294
BruceBAD/BadUSB/CYE_Was_Here.txt	BadUSB	txt	488
BruceBAD/BadUSB/RickRoll Max Vol (Basic).txt	BadUSB	txt	397
BruceBAD/BadUSB/Char_Test_ALTSTRING.txt	BadUSB	txt	1062
BruceBAD/BadUSB/Wifi-Stealer_Zoom.txt	BadUSB	txt	1046
BruceBAD/BadUSB/qFlipper-windows.txt	BadUSB	txt	431
BruceBAD/BadUSB/Char_Test.txt	BadUSB	txt	1093
BruceBAD/BadUSB/Copy-And-Waste/c.ps1	BadUSB	ps1	967
BruceBAD/BadUSB/Copy-And-Waste/I.bat	BadUSB	bat	136
BruceBAD/BadUSB/Copy-And-Waste/payload.txt	BadUSB	txt	817
BruceBAD/BadUSB/History-Pig/HP.ps1	BadUSB	ps1	2509
BruceBAD/BadUSB/History-Pig/payload.txt	BadUSB	txt	563
BruceBAD/BadUSB/Screen-Shock/c.ps1	BadUSB	ps1	1830
BruceBAD/BadUSB/Screen-Shock/I.bat	BadUSB	bat	136
BruceBAD/BadUSB/Screen-Shock/payload.txt	BadUSB	txt	839
BruceBAD/BadUSB/UNC0V3R3D-BadUSB-Collection/language.ps1	BadUSB	ps1	68
BruceBAD/BadUSB/UNC0V3R3D-BadUSB-Collection/Windows_Badusb/MoreSeriousFUN/DeleteMicrosoftStore/DeleteMicrosoftStore.txt	BadUSB	txt	407
BruceBAD/BadUSB/UNC0V3R3D-BadUSB-Collection/Windows_Badusb/MoreSeriousFUN/DeleteWindowsMail/DeleteWindowsMail.txt	BadUSB	txt	426
BruceBAD/BadUSB/UNC0V3R3D-BadUSB-Collection/Windows_Badusb/ASCII/Selfwriting/RickRoll.txt	BadUSB	txt	5926
BruceBAD/BadUSB/UNC0V3R3D-BadUSB-Collection/Windows_Badusb/ASCII/Selfwriting/MonaLisa.txt	BadUSB	txt	8707
BruceBAD/BadUSB/UNC0V3R3D-BadUSB-Collection/Windows_Badusb/ASCII/Selfwriting/PepeWowASCII.txt	BadUSB	txt	4814
BruceBAD/BadUSB/UNC0V3R3D-BadUSB-Collection/Windows_Badusb/ASCII/Selfwriting/PepeThonkASCII.txt	BadUSB	txt	5922
BruceBAD/BadUSB/UNC0V3R3D-BadUSB-Collection/Windows_Badusb/ASCII/Selfwriting/AnonymousASCII.txt	BadUSB	txt	8132
BruceBAD/BadUSB/UNC0V3R3D-BadUSB-Collection/Windows_Badusb/ASCII/Selfwriting/Hacked.txt	BadUSB	txt	9330
BruceBAD/BadUSB/UNC0V3R3D-BadUSB-Collection/Windows_Badusb/ASCII/Selfwriting/SimpleTroll.txt	BadUSB	txt	1078
BruceBAD/BadUSB/UNC0V3R3D-BadUSB-Collection/Windows_Badusb/ASCII/DownLoadAscii/happyBday.txt	BadUSB	txt	518
BruceBAD/BadUSB/UNC0V3R3D-BadUSB-Collection/Windows_Badusb/ASCII/DownLoadAscii/pepefat.txt	BadUSB	txt	516
BruceBAD/BadUSB/UNC0V3R3D-BadUSB-Collection/Windows_Badusb/ASCII/DownLoadAscii/stormtrooper.txt	BadUSB	txt	521
BruceBAD/BadUSB/UNC0V3R3D-BadUSB-Collection/Windows_Badusb/ASCII/DownLoadAscii/memelaugh.txt	BadUSB	txt	518
BruceBAD/BadUSB/UNC0V3R3D-BadUSB-Collection/Windows_Badusb/ASCII/DownLoadAscii/ok.txt	BadUSB	txt	511
BruceBAD/BadUSB/UNC0V3R3D-BadUSB-Collection/Windows_Badusb/ASCII/DownLoadAscii/koolaid.txt	BadUSB	txt	516
BruceBAD/BadUSB/UNC0V3R3D-BadUSB-Collection/Windows_Badusb/ASCII/DownLoadAscii/trollface.txt	BadUSB	txt	518
BruceBAD/BadUSB/UNC0V3R3D-BadUSB-Collection/Windows_Badusb/ASCII/DownLoadAscii/ghostbuster.txt	BadUSB	txt	521
BruceBAD/BadUSB/UNC0V3R3D-BadUSB-Collection/Windows_Badusb/ASCII/DownLoadAscii/riddle.txt	BadUSB	txt	515
BruceBAD/BadUSB/UNC0V3R3D-BadUSB-Collection/Windows_Badusb/ASCII/DownLoadAscii/trollface2.txt	BadUSB	txt	519
BruceBAD/BadUSB/UNC0V3R3D-BadUSB-Collection/Windows_Badusb/ASCII/DownLoadAscii/trollface3.txt	BadUSB	txt	519
BruceBAD/BadUSB/UNC0V3R3D-BadUSB-Collection/Windows_Badusb/ASCII/DownLoadAscii/mrbeanagain.txt	BadUSB	txt	520
BruceBAD/BadUSB/UNC0V3R3D-BadUSB-Collection/Windows_Badusb/ASCII/DownLoadAscii/pepefrog.txt	BadUSB	txt	517
BruceBAD/BadUSB/UNC0V3R3D-BadUSB-Collection/Windows_Badusb/ASCII/DownLoadAscii/mrbean.txt	BadUSB	txt	515
BruceBAD/BadUSB/UNC0V3R3D-BadUSB-Collection/Windows_Badusb/ASCII/DownLoadAscii/indian-tech-support.txt	BadUSB	txt	528
BruceBAD/BadUSB/UNC0V3R3D-BadUSB-Collection/Windows_Badusb/ASCII/DownLoadAscii/trollfaceDANCE.txt	BadUSB	txt	523
BruceBAD/BadUSB/UNC0V3R3D-BadUSB-Collection/Windows_Badusb/GoodUSB/Clear_Explorer/clear_explorer.txt	BadUSB	txt	581
BruceBAD/BadUSB/UNC0V3R3D-BadUSB-Collection/Windows_Badusb/GoodUSB/Activate_Windows/activate_windows.txt	BadUSB	txt	367
BruceBAD/BadUSB/UNC0V3R3D-BadUSB-Collection/Windows_Badusb/GoodUSB/Privacy_Windows/privacy.txt	BadUSB	txt	561
BruceBAD/BadUSB/UNC0V3R3D-BadUSB-Collection/Windows_Badusb/GoodUSB/Bloatware_removal/bloatware_remover.txt	BadUSB	txt	586
BruceBAD/BadUSB/UNC0V3R3D-BadUSB-Collection/Windows_Badusb/GoodUSB/OneDrive_Removal/uninstall_onedrive.txt	BadUSB	txt	556
BruceBAD/BadUSB/UNC0V3R3D-BadUSB-Collection/Windows_Badusb/GoodUSB/Win_Debloater/win_debloat.txt	BadUSB	txt	549
BruceBAD/BadUSB/UNC0V3R3D-BadUSB-Collection/Windows_Badusb/GoodUSB/Enable_Cortana/enable_cortana.txt	BadUSB	txt	578
BruceBAD/BadUSB/UNC0V3R3D-BadUSB-Collection/Windows_Badusb/GoodUSB/Disable_Cortana/disable_cortana.txt	BadUSB	txt	579
BruceBAD/BadUSB/UNC0V3R3D-BadUSB-Collection/Windows_Badusb/FUN/Rotate_Monitor/monitor_rotation.txt	BadUSB	txt	410
BruceBAD/BadUSB/UNC0V3R3D-BadUSB-Collection/Windows_Badusb/FUN/ComputerTalks/ComputerTalks.txt	BadUSB	txt	404
BruceBAD/BadUSB/UNC0V3R3D-BadUSB-Collection/Windows_Badusb/FUN/FakeBluescreen/FakeBluescreen.txt	BadUSB	txt	330
BruceBAD/BadUSB/UNC0V3R3D-BadUSB-Collection/Windows_Badusb/FUN/WordPrank/WordPrank.txt	BadUSB	txt	519
BruceBAD/BadUSB/UNC0V3R3D-BadUSB-Collection/Windows_Badusb/FUN/justdance/justdance.txt	BadUSB	txt	1220
BruceBAD/BadUSB/UNC0V3R3D-BadUSB-Collection/Windows_Badusb/FUN/NoMoreSound/NoMoreSound.txt	BadUSB	txt	315
BruceBAD/BadUSB/UNC0V3R3D-BadUSB-Collection/Windows_Badusb/FUN/FakeVirus/FakeVirus.txt	BadUSB	txt	312
BruceBAD/BadUSB/UNC0V3R3D-BadUSB-Collection/Windows_Badusb/FUN/End_Processes/end_processes.txt	BadUSB	txt	404
BruceBAD/BadUSB/UNC0V3R3D-BadUSB-Collection/Windows_Badusb/FUN/CarefulWithThis/RickRoll_IntoBSOD/RickRoll_IntoBSOD.txt	BadUSB	txt	974
BruceBAD/BadUSB/UNC0V3R3D-BadUSB-Collection/Windows_Badusb/FUN/CarefulWithThis/JustAmongUs/JustAmongUs.txt	BadUSB	txt	573
BruceBAD/BadUSB/UNC0V3R3D-BadUSB-Collection/Windows_Badusb/FUN/Cartman/Cartman.txt	BadUSB	txt	405
BruceBAD/BadUSB/UNC0V3R3D-BadUSB-Collection/Windows_Badusb/FUN/Deactivate_Networkadapters/deactivate_networkadapters.txt	BadUSB	txt	403
BruceBAD/BadUSB/UNC0V3R3D-BadUSB-Collection/Windows_Badusb/FUN/Destroy_Pc_with_tabs/Destroy_Pc_with_tabs.txt	BadUSB	txt	820
BruceBAD/BadUSB/UNC0V3R3D-BadUSB-Collection/Windows_Badusb/FUN/Change_Zoom/change_dpi150.txt	BadUSB	txt	414
BruceBAD/BadUSB/UNC0V3R3D-BadUSB-Collection/Windows_Badusb/FUN/Matrix_Rain_CMD/Matrix_Rain_CMD.txt	BadUSB	txt	1426
BruceBAD/BadUSB/UNC0V3R3D-BadUSB-Collection/Windows_Badusb/FUN/Delete_Discord/delete_discord.txt	BadUSB	txt	599
BruceBAD/BadUSB/UNC0V3R3D-BadUSB-Collection/Windows_Badusb/FUN/FakeUpdateWindows/FakeUpdateWindows.txt	BadUSB	txt	317
BruceBAD/BadUSB/UNC0V3R3D-BadUSB-Collection/Windows_Badusb/Remote-Access/Better-Reverse-Shell/better-rev-shell.txt	BadUSB	txt	2106
BruceBAD/BadUSB/UNC0V3R3D-BadUSB-Collection/Windows_Badusb/Remote-Access/ReversePowershell/ReversePowershell.txt	BadUSB	txt	1534
BruceBAD/BadUSB/UNC0V3R3D-BadUSB-Collection/Windows_Badusb/Remote-Access/CommandLineBackdoor/CommandLineBackdoor.txt	BadUSB	txt	2717
BruceBAD/BadUSB/UNC0V3R3D-BadUSB-Collection/Windows_Badusb/PasswordStuff/StealWifiKeys_onUSB/StealWifiKeys_onUSB.txt	BadUSB	txt	746
BruceBAD/BadUSB/UNC0V3R3D-BadUSB-Collection/Windows_Badusb/PasswordStuff/StealWifiKeys/StealWifiKeys.txt	BadUSB	txt	743
BruceBAD/BadUSB/UNC0V3R3D-BadUSB-Collection/Windows_Badusb/PasswordStuff/ChromePasswords/chrome_passwords_discord.txt	BadUSB	txt	1404
BruceBAD/BadUSB/UNC0V3R3D-BadUSB-Collection/Windows_Badusb/PasswordStuff/Show_Saved_Password/Show_Saved_Passwords.txt	BadUSB	txt	1846
BruceBAD/BadUSB/UNC0V3R3D-BadUSB-Collection/Windows_Badusb/PasswordStuff/StealWifiKeys_Discord/StealWifiKeys_Discord.txt	BadUSB	txt	1005
BruceBAD/BadUSB/UNC0V3R3D-BadUSB-Collection/Windows_Badusb/Execution/StickyKeysSWAP/StickyKeysSWAP.txt	BadUSB	txt	966
BruceBAD/BadUSB/UNC0V3R3D-BadUSB-Collection/Windows_Badusb/Execution/OpenAnyPort/OpenAnyPort.txt	BadUSB	txt	456
BruceBAD/BadUSB/UNC0V3R3D-BadUSB-Collection/Windows_Badusb/Execution/Del_Browsers/del_browsers.txt	BadUSB	txt	694
BruceBAD/BadUSB/UNC0V3R3D-BadUSB-Collection/Windows_Badusb/Execution/Create_New_Windows_Admin/Create_New_Windows_Admin.txt	BadUSB	txt	620
BruceBAD/BadUSB/UNC0V3R3D-BadUSB-Collection/Windows_Badusb/Execution/DNS_Cache_Poison/DNS_Cache_Poison.txt	BadUSB	txt	688
BruceBAD/BadUSB/UNC0V3R3D-BadUSB-Collection/Windows_Badusb/Execution/Disable_WinDefender/Disable_WinDefender.txt	BadUSB	txt	517
BruceBAD/BadUSB/UNC0V3R3D-BadUSB-Collection/Windows_Badusb/Execution/Delete32/32_wants_the_D.txt	BadUSB	txt	388
BruceBAD/BadUSB/UNC0V3R3D-BadUSB-Collection/Windows_Badusb/Execution/RemoveWindowsUpdate/RemoveWindowsUpdate.txt	BadUSB	txt	566
BruceBAD/BadUSB/UNC0V3R3D-BadUSB-Collection/Windows_Badusb/Execution/DownloadAnyEXE/DownloadAnyEXE.txt	BadUSB	txt	510
BruceBAD/BadUSB/UNC0V3R3D-BadUSB-Collection/Windows_Badusb/Execution/setWinPass/setWinPass.txt	BadUSB	txt	574
BruceBAD/BadUSB/UNC0V3R3D-BadUSB-Collection/Windows_Badusb/Execution/DisableFirewall/DisableFirewall.txt	BadUSB	txt	364
BruceBAD/BadUSB/UNC0V3R3D-BadUSB-Collection/Windows_Badusb/Execution/Invisible_DownExec_Zip_Extract/Invisible_DownExec_Zip_Extract.txt	BadUSB	txt	552
BruceBAD/BadUSB/UNC0V3R3D-BadUSB-Collection/Windows_Badusb/Execution/ChangeWinUsername/ChangeWinUsername.txt	BadUSB	txt	487
BruceBAD/BadUSB/UNC0V3R3D-BadUSB-Collection/Windows_Badusb/Execution/ActivateRDP/ActivateRDP.txt	BadUSB	txt	745
BruceBAD/BadUSB/UNC0V3R3D-BadUSB-Collection/Windows_Badusb/Execution/Invisible_DownExec/Invisible_DownExec.txt	BadUSB	txt	523
BruceBAD/BadUSB/UNC0V3R3D-BadUSB-Collection/Windows_Badusb/Execution/StartWifiAccessPoint/StartWifiAccessPoint.txt	BadUSB	txt	478
BruceBAD/BadUSB/UNC0V3R3D-BadUSB-Collection/Windows_Badusb/Exfiltration/GetAllComputerInfo/GetAllComputerInfo.txt	BadUSB	txt	807
BruceBAD/BadUSB/UNC0V3R3D-BadUSB-Collection/Windows_Badusb/Exfiltration/ExfilFirefox/ExfilFirefox.txt	BadUSB	txt	1875
BruceBAD/BadUSB/UNC0V3R3D-BadUSB-Collection/Windows_Badusb/Exfiltration/ListWindowsUpdates/ListWindowsUpdates.txt	BadUSB	txt	1881
BruceBAD/BadUSB/UNC0V3R3D-BadUSB-Collection/Windows_Badusb/Exfiltration/Win_User_Info/Win_User_Info.txt	BadUSB	txt	2403
BruceBAD/BadUSB/UNC0V3R3D-BadUSB-Collection/Windows_Badusb/Exfiltration/Document_Exfil/Exfiltrate_Documents.txt	BadUSB	txt	3509
BruceBAD/BadUSB/UNC0V3R3D-BadUSB-Collection/Windows_Badusb/Exfiltration/Network_Exfiltration/Network_Exfiltration.txt	BadUSB	txt	5420
BruceBAD/BadUSB/UNC0V3R3D-BadUSB-Collection/Windows_Badusb/Exfiltration/USB_And_Harddrive_Information/USB_And_Harddrive_Information.txt	BadUSB	txt	2203
BruceBAD/BadUSB/UNC0V3R3D-BadUSB-Collection/Windows_Badusb/Exfiltration/IP_To_Discord/SaveIP_ToDiscordWebhook.txt	BadUSB	txt	987
BruceBAD/BadUSB/UNC0V3R3D-BadUSB-Collection/Windows_Badusb/Exfiltration/SAMexfil/SAMexfil.txt	BadUSB	txt	3294
BruceBAD/BadUSB/UNC0V3R3D-BadUSB-Collection/Windows_Badusb/Exfiltration/Keylogger/Keylogger.txt	BadUSB	txt	795
BruceBAD/BadUSB/UNC0V3R3D-BadUSB-Collection/Windows_Badusb/Exfiltration/General_PC_Information/General_PC_Information.txt	BadUSB	txt	3979
BruceBAD/BadUSB/UNC0V3R3D-BadUSB-Collection/iPhone_Badusb/open-website/iPhone_open_website.txt	BadUSB	txt	283
BruceBAD/BadUSB/ransom/Unix-like/Linux/dransome.txt	BadUSB	txt	6347
BruceBAD/BadUSB/Pwn-Drive/c.ps1	BadUSB	ps1	620
BruceBAD/BadUSB/Pwn-Drive/payload.txt	BadUSB	txt	593
BruceBAD/BadUSB/general/jiggler.txt	BadUSB	txt	22665
BruceBAD/BadUSB/general/GitHub-Star.txt	BadUSB	txt	184
BruceBAD/BadUSB/general/Unix-like/Osx/Open4Gmail/payload.txt	BadUSB	txt	470
BruceBAD/BadUSB/general/Win/Flip-PineApple/PineApple-KeyInjection.txt	BadUSB	txt	1874
BruceBAD/BadUSB/general/Win/Flip-PineApple/PineApple.txt	BadUSB	txt	864
BruceBAD/BadUSB/general/Win/Flip-PineApple/PineApple.ps1	BadUSB	ps1	1276
BruceBAD/BadUSB/general/Win/Win_HID_MonaLisa/MonaLisa.txt	BadUSB	txt	8761
BruceBAD/BadUSB/general/Win/Flip-Subscribe/IWR-Subscribe.txt	BadUSB	txt	551
BruceBAD/BadUSB/general/Win/Flip-Subscribe/Subscribe.txt	BadUSB	txt	841
BruceBAD/BadUSB/general/Win/Flip-Subscribe/Subscribe.ps1	BadUSB	ps1	3807
BruceBAD/BadUSB/general/Win/Canary_Duck/payload.txt	BadUSB	txt	735
BruceBAD/BadUSB/general/Win/Water-UnMark/payload.txt	BadUSB	txt	533
BruceBAD/BadUSB/general/Win/Hotfix_Warning/payload.txt	BadUSB	txt	587
BruceBAD/BadUSB/RansomwareSimulation/RansomwareSimMain.txt	BadUSB	txt	2725
BruceBAD/BadUSB/RansomwareSimulation/RansomwareSimCleanup.txt	BadUSB	txt	2195
BruceBAD/BadUSB/FLIZZ3R/BUSY-GUI.txt	BadUSB	txt	19324
BruceBAD/BadUSB/FLIZZ3R/FLIZAPPAUTO.txt	BadUSB	txt	185
BruceBAD/BadUSB/FLIZZ3R/FZROPEN_WRECKER.txt	BadUSB	txt	693
BruceBAD/BadUSB/FLIZZ3R/EMERGENKEY_FZR.txt	BadUSB	txt	316
BruceBAD/BadUSB/Emails/EmailSender.txt	BadUSB	txt	1679
BruceBAD/BadUSB/Emails/EmailScriptGenerator.py	BadUSB	py	4519
BruceBAD/BadUSB/InfoSecREDD_Payloads/C2-Data-Exfil-Discord.txt	BadUSB	txt	15043
BruceBAD/BadUSB/s4dic - BadUSB/passwordgrabber/payload à upload en ligne.ps1	BadUSB	ps1	7544
BruceBAD/BadUSB/s4dic - BadUSB/DiscordGrabber/DiscordGrabber.txt	BadUSB	txt	2078
BruceBAD/BadUSB/s4dic - BadUSB/DiscordGrabber/payload à upload en ligne.ps1	BadUSB	ps1	11492
BruceBAD/BadUSB/HackStuff/CredentialHarvester.txt	BadUSB	txt	2180
BruceBAD/BadUSB/HackStuff/VulnerabilityScanner.txt	BadUSB	txt	12624
BruceBAD/BadUSB/Discord_FAQ/My_Flip_Repo.txt	BadUSB	txt	295
BruceBAD/BadUSB/Discord_FAQ/HW_Trouble.txt	BadUSB	txt	167
BruceBAD/BadUSB/Discord_FAQ/RM_FW_DL.txt	BadUSB	txt	297
BruceBAD/BadUSB/Discord_FAQ/Newbie_Guide.txt	BadUSB	txt	167
BruceBAD/BadUSB/prank/Unix-like/OSx/Hacker_Typer/Apple.txt	BadUSB	txt	3208
BruceBAD/BadUSB/prank/Unix-like/OSx/SayPoop/quack.txt	BadUSB	txt	567
BruceBAD/BadUSB/prank/Unix-like/OSx/Anti-Browser/Fuck_your_tabs.txt	BadUSB	txt	207
BruceBAD/BadUSB/prank/Unix-like/OSx/Anti-Browser/Efftabsbasic.txt	BadUSB	txt	321
BruceBAD/BadUSB/prank/Unix-like/OSx/Anti-Browser/Fuck_your_tabs+startup.txt	BadUSB	txt	216
BruceBAD/BadUSB/prank/Unix-like/OSx/Anti-Browser/Fuck_your_tabs+ALTF4+Startup.txt	BadUSB	txt	226
BruceBAD/BadUSB/prank/Unix-like/OSx/Anti-Browser/Fuck_your_tabs+ALTF4.txt	BadUSB	txt	219
BruceBAD/BadUSB/prank/Unix-like/OSx/Key-mapper/remap.dvorak.txt	BadUSB	txt	3829
BruceBAD/BadUSB/prank/Unix-like/OSx/Key-mapper/remap.ass.txt	BadUSB	txt	3678
BruceBAD/BadUSB/prank/Unix-like/OSx/Key-mapper/remap.dvorak-revert.txt	BadUSB	txt	487
BruceBAD/BadUSB/prank/Unix-like/OSx/Key-mapper/remap.txt	BadUSB	txt	646
BruceBAD/BadUSB/prank/Unix-like/OSx/macOS_rickroll/RickRollMac.txt	BadUSB	txt	538
BruceBAD/BadUSB/prank/Unix-like/OSx/Digital_Rain/payload.txt	BadUSB	txt	577
BruceBAD/BadUSB/prank/Unix-like/OSx/TerminalRickRoll/Quack.txt	BadUSB	txt	234
BruceBAD/BadUSB/prank/Unix-like/OSx/TerminalRickRoll/Quackmean.txt	BadUSB	txt	237
BruceBAD/BadUSB/prank/Unix-like/OSx/mac-deactivation/MacOS-Deactivate.txt	BadUSB	txt	729
BruceBAD/BadUSB/prank/Unix-like/OSx/Fake_Update/Apple.txt	BadUSB	txt	230
BruceBAD/BadUSB/prank/Unix-like/Chromebook/ChromeCrash.txt	BadUSB	txt	195
BruceBAD/BadUSB/prank/Unix-like/Chromebook/Logout.txt	BadUSB	txt	49
BruceBAD/BadUSB/prank/Unix-like/Chromebook/ChromeOS_forkbomb.txt	BadUSB	txt	194
BruceBAD/BadUSB/prank/Unix-like/Chromebook/Chromebook-Language-Changer/Learn_Arabic_the_hard_way.txt	BadUSB	txt	501
BruceBAD/BadUSB/prank/Unix-like/Chromebook/Chromebook-Language-Changer/English_Please.txt	BadUSB	txt	502
BruceBAD/BadUSB/prank/Unix-like/iOS/RickRoll_Apple/payload.txt	BadUSB	txt	481
BruceBAD/BadUSB/prank/Unix-like/Linux/Hacker_Typer/payloadTUX.txt	BadUSB	txt	2988
BruceBAD/BadUSB/prank/Unix-like/Linux/Inverted_desktop_troll/Rick/quackpic.txt	BadUSB	txt	930
BruceBAD/BadUSB/prank/Unix-like/Linux/Inverted_desktop_troll/Rick/quackmeanVLC.txt	BadUSB	txt	675
BruceBAD/BadUSB/prank/Unix-like/Linux/Inverted_desktop_troll/Rick/quackstock.txt	BadUSB	txt	693
BruceBAD/BadUSB/prank/Unix-like/Linux/Inverted_desktop_troll/Rick/quackmeanaudio.txt	BadUSB	txt	741
BruceBAD/BadUSB/prank/Unix-like/Linux/Inverted_desktop_troll/Rick/quackYT.txt	BadUSB	txt	574
BruceBAD/BadUSB/prank/Unix-like/Linux/Inverted_desktop_troll/Rick/quackvlc.txt	BadUSB	txt	803
BruceBAD/BadUSB/prank/Unix-like/Linux/Inverted_desktop_troll/milos/quackstock.txt	BadUSB	txt	743
BruceBAD/BadUSB/prank/Unix-like/Linux/Inverted_desktop_troll/milos/quackYT.txt	BadUSB	txt	620
BruceBAD/BadUSB/prank/Unix-like/Linux/Inverted_desktop_troll/milos/quackvlc.txt	BadUSB	txt	851
BruceBAD/BadUSB/prank/Unix-like/Linux/Inverted_desktop_troll/milos/quackmean.txt	BadUSB	txt	719
BruceBAD/BadUSB/prank/Unix-like/Linux/RickRoll/Rick_Roll_linux/RickRollLinuxVLC.txt	BadUSB	txt	574
BruceBAD/BadUSB/prank/Unix-like/Linux/RickRoll/Rick_Roll_linux/RickRollLinuxYT.txt	BadUSB	txt	628
BruceBAD/BadUSB/prank/Unix-like/Linux/RickRoll/TerminalRickRoll/QuackTUXalt.txt	BadUSB	txt	849
BruceBAD/BadUSB/prank/Unix-like/Linux/RickRoll/TerminalRickRoll/QuackTUX.txt	BadUSB	txt	763
BruceBAD/BadUSB/prank/Unix-like/Linux/RickRoll/TerminalRickRoll/QuackTUXmeanalt.txt	BadUSB	txt	1183
BruceBAD/BadUSB/prank/Unix-like/Linux/RickRoll/TerminalRickRoll/QuackTUXmean.txt	BadUSB	txt	969
BruceBAD/BadUSB/prank/Unix-like/Linux/Activate_linux/quack.txt	BadUSB	txt	1135
BruceBAD/BadUSB/prank/Unix-like/Linux/Terminal_Parrot/cacaw.txt	BadUSB	txt	425
BruceBAD/BadUSB/prank/Unix-like/Linux/Anti-Browser/Fuck_your_tabs.txt	BadUSB	txt	132
BruceBAD/BadUSB/prank/Unix-like/Linux/Anti-Browser/Efftabsbasic.txt	BadUSB	txt	293
BruceBAD/BadUSB/prank/Unix-like/Linux/Anti-Browser/Fuck_your_tabs+startup.txt	BadUSB	txt	141
BruceBAD/BadUSB/prank/Unix-like/Linux/Anti-Browser/Fuck_your_tabs+ALTF4+Startup.txt	BadUSB	txt	151
BruceBAD/BadUSB/prank/Unix-like/Linux/Anti-Browser/Fuck_your_tabs+ALTF4.txt	BadUSB	txt	144
BruceBAD/BadUSB/prank/Unix-like/Linux/Zacky4Ever/quackTux.txt	BadUSB	txt	535
BruceBAD/BadUSB/prank/Unix-like/Linux/xeyes/quackVLC.txt	BadUSB	txt	611
BruceBAD/BadUSB/prank/Unix-like/Linux/Linux_power/reboot.txt	BadUSB	txt	52
BruceBAD/BadUSB/prank/Unix-like/Linux/Linux_power/shutdown.txt	BadUSB	txt	61
BruceBAD/BadUSB/prank/Unix-like/Linux/Say_the_magic_word/quack.txt	BadUSB	txt	514
BruceBAD/BadUSB/prank/Unix-like/Linux/Say_the_magic_word/quack_mean.txt	BadUSB	txt	683
BruceBAD/BadUSB/prank/Unix-like/Linux/Painbow/Taste-The-PAINBOW.txt	BadUSB	txt	636
BruceBAD/BadUSB/prank/Unix-like/Android/RickRoll/android_rickroll.txt	BadUSB	txt	86
BruceBAD/BadUSB/prank/Unix-like/Android/Google Pixel/FR_EarthquakeDemo.txt	BadUSB	txt	262
BruceBAD/BadUSB/prank/Unix-like/Android/Google Pixel/EarthquakeDemo.txt	BadUSB	txt	262
BruceBAD/BadUSB/prank/Win/Hacker_Typer/payload.txt	BadUSB	txt	2988
BruceBAD/BadUSB/prank/Win/SUS/SUS.txt	BadUSB	txt	540
BruceBAD/BadUSB/prank/Win/SUS/SUS-INVASIVE.txt	BadUSB	txt	714
BruceBAD/BadUSB/prank/Win/CartmanSpam/CartmanSpam.txt	BadUSB	txt	760
BruceBAD/BadUSB/prank/Win/You-are-an-idiot/You-are-an-idiot-web.txt	BadUSB	txt	302
BruceBAD/BadUSB/prank/Win/RickRoll/Quack_Rolled/payload.txt	BadUSB	txt	1402
BruceBAD/BadUSB/prank/Win/RickRoll/RickCurs/quack.txt	BadUSB	txt	382
BruceBAD/BadUSB/prank/Win/RickRoll/ADV-Rickware/ADV-Rickware.txt	BadUSB	txt	637
BruceBAD/BadUSB/prank/Win/RickRoll/rickroll/payload.txt	BadUSB	txt	5004
BruceBAD/BadUSB/prank/Win/RickRoll/Physical_Rick_Roll/payload.txt	BadUSB	txt	1099
BruceBAD/BadUSB/prank/Win/RickRoll/Rick_Rolling_Forever/payload.txt	BadUSB	txt	872
BruceBAD/BadUSB/prank/Win/RickRoll/RickRoll_ASCII/payload.txt	BadUSB	txt	7475
BruceBAD/BadUSB/prank/Win/RickRoll/QuacKed_Again/payload.txt	BadUSB	txt	874
BruceBAD/BadUSB/prank/Win/RickRoll/RickUpdater/payload.txt	BadUSB	txt	1589
BruceBAD/BadUSB/prank/Win/RickRoll/silent_rickroll/payload.txt	BadUSB	txt	2551
BruceBAD/BadUSB/prank/Win/RickRoll/ADV-RickRoll/ADV-RickRoll.txt	BadUSB	txt	869
BruceBAD/BadUSB/prank/Win/RickRoll/Terminal_RickRoll/quack.txt	BadUSB	txt	808
BruceBAD/BadUSB/prank/Win/Automailer/payload.txt	BadUSB	txt	1007
BruceBAD/BadUSB/prank/Win/Talking_Duck/payload.txt	BadUSB	txt	1047
BruceBAD/BadUSB/prank/Win/AUTOinCORRECT/payload.txt	BadUSB	txt	763
BruceBAD/BadUSB/prank/Win/Play-WAV/payload.txt	BadUSB	txt	547
BruceBAD/BadUSB/prank/Win/Rage-PopUps/payload.txt	BadUSB	txt	577
BruceBAD/BadUSB/prank/Win/The_Matrix-Wake_Up/payload.txt	BadUSB	txt	1680
BruceBAD/BadUSB/prank/Win/Win_matrix_rain/Make_it_rain.txt	BadUSB	txt	1285
BruceBAD/BadUSB/prank/Win/Terminal_Parrot/cacaw.txt	BadUSB	txt	836
BruceBAD/BadUSB/prank/Win/Anti-Browser/Fuck_your_tabs.txt	BadUSB	txt	338
BruceBAD/BadUSB/prank/Win/Anti-Browser/Fuck_your_tabs+startup.txt	BadUSB	txt	374
BruceBAD/BadUSB/prank/Win/Anti-Browser/Fuck_your_tabs+ALTF4+Startup.txt	BadUSB	txt	403
BruceBAD/BadUSB/prank/Win/Anti-Browser/Fuck_your_tabs+ALTF4.txt	BadUSB	txt	374
BruceBAD/BadUSB/prank/Win/No_Escape/NOEscape.txt	BadUSB	txt	481
BruceBAD/BadUSB/prank/Win/Ratlocker/payload.txt	BadUSB	txt	3129
BruceBAD/BadUSB/prank/Win/Win_power/reboot.txt	BadUSB	txt	84
BruceBAD/BadUSB/prank/Win/Win_power/Shutdown 1min.txt	BadUSB	txt	115
BruceBAD/BadUSB/prank/Win/Win_power/bootloop.txt	BadUSB	txt	595
BruceBAD/BadUSB/prank/Win/Win_power/shutdown.txt	BadUSB	txt	95
BruceBAD/BadUSB/prank/Win/AcidBurn/payload.txt	BadUSB	txt	736
BruceBAD/BadUSB/prank/Win/Wallpaper-Troll/payload.txt	BadUSB	txt	978
BruceBAD/BadUSB/prank/Win/Broken_capslock/quack.txt	BadUSB	txt	245
BruceBAD/BadUSB/prank/Win/Broken_capslock/quackmean.txt	BadUSB	txt	286
BruceBAD/BadUSB/prank/Win/Silly_Mouse/quack.txt	BadUSB	txt	971
BruceBAD/BadUSB/prank/Win/Silly_Mouse/quack2.txt	BadUSB	txt	1514
BruceBAD/BadUSB/prank/Win/YouHaveBeenQuacked2.0/payload.txt	BadUSB	txt	1096
BruceBAD/BadUSB/prank/Win/Lol_killer/payload.txt	BadUSB	txt	460
BruceBAD/BadUSB/prank/Win/We-Found-You/FoundYou.txt	BadUSB	txt	724
BruceBAD/BadUSB/prank/Win/Always-Minimize/payload.txt	BadUSB	txt	996
BruceBAD/BadUSB/prank/Win/Fake_Update/browser/Win7.txt	BadUSB	txt	148
BruceBAD/BadUSB/prank/Win/Fake_Update/browser/Win10.txt	BadUSB	txt	154
BruceBAD/BadUSB/prank/Win/Fake_Update/exe/Fake Update.txt	BadUSB	txt	1117
BruceBAD/BadUSB/prank/Win/JumpScare/payload.txt	BadUSB	txt	1070
BruceBAD/BadUSB/prank/Win/ProcessTerminator/payload.txt	BadUSB	txt	406
BruceBAD/BadUSB/prank/Win/A_Cagey_Takeover/payload.txt	BadUSB	txt	1787
BruceBAD/BadUSB/prank/Win/SoundChangeDuck/payload.txt	BadUSB	txt	600
BruceBAD/BadUSB/Zero-Lazagne/Zero-Lazagne.txt	BadUSB	txt	2186
BruceBAD/BadUSB/incident_response/Win/ET-Phone-Home/payload.txt	BadUSB	txt	853
BruceBAD/BadUSB/incident_response/Win/GoodUSB/payload.txt	BadUSB	txt	1753
BruceBAD/BadUSB/Water-UnMark/payload.txt	BadUSB	txt	538
BruceBAD/BadUSB/execution/Unix-like/Linux/DawnKit/payloadonline.txt	BadUSB	txt	542
BruceBAD/BadUSB/execution/Unix-like/Linux/DawnKit/payload.txt	BadUSB	txt	2168
BruceBAD/BadUSB/execution/Win/Defeat_Defender/Defeat_Defender.txt	BadUSB	txt	942
BruceBAD/BadUSB/execution/Win/Admin_Who_Never_Sleeps/payload.txt	BadUSB	txt	1577
BruceBAD/BadUSB/execution/Win/SafeHaven/SafeHaven.txt	BadUSB	txt	1291
BruceBAD/BadUSB/execution/Win/UrAttaControl/UrAttaControl-Execute.txt	BadUSB	txt	1481
BruceBAD/BadUSB/execution/Win/Disable_Windows_Defender/Disable_Windows10_DefenderOLD.txt	BadUSB	txt	747
BruceBAD/BadUSB/execution/Win/Disable_Windows_Defender/Disable_Windows_Defender22H2.txt	BadUSB	txt	674
BruceBAD/BadUSB/execution/Win/Login_CMD/quack.txt	BadUSB	txt	289
BruceBAD/BadUSB/execution/Win/Kiosk-evasion/kiosk-evasion-payload.txt	BadUSB	txt	5211
BruceBAD/BadUSB/execution/Win/DuckyHelper/DuckyHelper.txt	BadUSB	txt	1619
BruceBAD/BadUSB/execution/Win/Add_Local_Admin/payload.txt	BadUSB	txt	1374
BruceBAD/BadUSB/execution/Win/adminAccountCreator/BadUSB_adminAccountCreator.txt	BadUSB	txt	1331
BruceBAD/BadUSB/execution/Win/Disable-Windows-Defender-Permanently/Disable-Windows-Defender-Permanently.txt	BadUSB	txt	1533
BruceBAD/BadUSB/execution/Win/Add_admin_Win/ADD_ADMIN.txt	BadUSB	txt	951
BruceBAD/BadUSB/Bookmark-Hog/BH.ps1	BadUSB	ps1	2478
BruceBAD/BadUSB/Bookmark-Hog/payload.txt	BadUSB	txt	564
BruceBAD/BadUSB/exfiltration/Unix-like/OSX/iMessage-Data-Grabber/payload.txt	BadUSB	txt	802
BruceBAD/BadUSB/exfiltration/Unix-like/OSX/Mail-Grabber/payload.txt	BadUSB	txt	798
BruceBAD/BadUSB/exfiltration/Win/Copy-And-Waste/c.ps1	BadUSB	ps1	967
BruceBAD/BadUSB/exfiltration/Win/Copy-And-Waste/I.bat	BadUSB	bat	136
BruceBAD/BadUSB/exfiltration/Win/Copy-And-Waste/payload.txt	BadUSB	txt	809
BruceBAD/BadUSB/exfiltration/Win/History-Pig/HP.ps1	BadUSB	ps1	2509
BruceBAD/BadUSB/exfiltration/Win/History-Pig/payload.txt	BadUSB	txt	553
BruceBAD/BadUSB/exfiltration/Win/Pwn-Drive/c.ps1	BadUSB	ps1	620
BruceBAD/BadUSB/exfiltration/Win/Pwn-Drive/payload.txt	BadUSB	txt	593
BruceBAD/BadUSB/exfiltration/Win/Gather_Network_Info/payload.txt	BadUSB	txt	787
BruceBAD/BadUSB/exfiltration/Win/RDwindowspasswordgrabber/duckyscript.txt	BadUSB	txt	2917
BruceBAD/BadUSB/exfiltration/Win/Snaffler/snaffler.txt	BadUSB	txt	201
BruceBAD/BadUSB/exfiltration/Win/Bookmark-Hog/BH.ps1	BadUSB	ps1	2478
BruceBAD/BadUSB/exfiltration/Win/Bookmark-Hog/payload.txt	BadUSB	txt	325
BruceBAD/BadUSB/exfiltration/Win/chrome-exfil/payload.txt	BadUSB	txt	2112
BruceBAD/BadUSB/exfiltration/Win/chrome-exfil/Rubber-Ducky/duckyscript.txt	BadUSB	txt	1183
BruceBAD/BadUSB/exfiltration/Win/DUCKY-WIFI_GRABER/payload.txt	BadUSB	txt	2210
BruceBAD/BadUSB/exfiltration/Win/Ducky_Crab/payload.txt	BadUSB	txt	3949
BruceBAD/BadUSB/exfiltration/Win/Discord_Windows_Wifi_IP-Info/payload.txt	BadUSB	txt	1676
BruceBAD/BadUSB/exfiltration/Win/passStealer/passStealer.txt	BadUSB	txt	955
BruceBAD/BadUSB/exfiltration/Win/SMB_share/open_smb_share_to_steal_creds.txt	BadUSB	txt	446
BruceBAD/BadUSB/exfiltration/Win/Poor_Mans_Nmap/Poor_Mans_Nmap.txt	BadUSB	txt	5393
BruceBAD/BadUSB/GNU-Linux/Prank/This_damn_shell_doesn_t_work___so_sad!-LINUX/payload.txt	BadUSB	txt	795
BruceBAD/BadUSB/GNU-Linux/Prank/This_damn_shell_doesn_t_work___so_sad!-KALI/payload.txt	BadUSB	txt	793
BruceBAD/BadUSB/GNU-Linux/Prank/ChangeDesktopWallpaper_LinuxKDE/payloads.txt	BadUSB	txt	1285
BruceBAD/BadUSB/GNU-Linux/Prank/Change_The_App_That_Will_Be_Runned/payload.txt	BadUSB	txt	1499
BruceBAD/BadUSB/GNU-Linux/Prank/SendTelegramMessages_Linux/payload.txt	BadUSB	txt	884
BruceBAD/BadUSB/GNU-Linux/Incident_Response/Auto-Check_Cisco_IOS_XE_Backdoor_based_on_CVE-2023-20198_and_CVE/script.sh	BadUSB	sh	826
BruceBAD/BadUSB/GNU-Linux/Incident_Response/Auto-Check_Cisco_IOS_XE_Backdoor_based_on_CVE-2023-20198_and_CVE/payload.txt	BadUSB	txt	3481
BruceBAD/BadUSB/GNU-Linux/Incident_Response/Exploit_Citrix_NetScaler_ADC_and_Gateway_through_CVE-2023-4966/lin-payload.txt	BadUSB	txt	1596
BruceBAD/BadUSB/GNU-Linux/Incident_Response/Exploit_Citrix_NetScaler_ADC_and_Gateway_through_CVE-2023-4966/script.sh	BadUSB	sh	459
BruceBAD/BadUSB/GNU-Linux/Execution/Telegram_Persistent_Reverse_Shell_Linux/connection.py	BadUSB	py	1190
BruceBAD/BadUSB/GNU-Linux/Execution/Telegram_Persistent_Reverse_Shell_Linux/payload.txt	BadUSB	txt	969
BruceBAD/BadUSB/GNU-Linux/Execution/ExploitingAnExecutableFile/script.sh	BadUSB	sh	464
BruceBAD/BadUSB/GNU-Linux/Execution/ExploitingAnExecutableFile/payload.txt	BadUSB	txt	1366
BruceBAD/BadUSB/GNU-Linux/Execution/ChangeNetworkConfiguration_Linux/payload.txt	BadUSB	txt	1385
BruceBAD/BadUSB/GNU-Linux/Execution/Set_An_Arbitrary_And_Persistent_Tor_Circuit/payload.txt	BadUSB	txt	2243
BruceBAD/BadUSB/GNU-Linux/Execution/EncryptAllDocuments_Linux/EncryptAllDocumentsScript.py	BadUSB	py	1318
BruceBAD/BadUSB/GNU-Linux/Execution/EncryptAllDocuments_Linux/payload.txt	BadUSB	txt	2200
BruceBAD/BadUSB/GNU-Linux/Execution/ChangeGitRemoteLink/payload.txt	BadUSB	txt	1197
BruceBAD/BadUSB/GNU-Linux/Execution/Telegram_Persistent_Connection_Linux/connection.py	BadUSB	py	234
BruceBAD/BadUSB/GNU-Linux/Execution/Telegram_Persistent_Connection_Linux/payload.txt	BadUSB	txt	918
BruceBAD/BadUSB/GNU-Linux/Execution/ChangeMacAddress_Linux/payload.txt	BadUSB	txt	1306
BruceBAD/BadUSB/GNU-Linux/Execution/SetArbitraryVPN_Linux/payload.txt	BadUSB	txt	1257
BruceBAD/BadUSB/GNU-Linux/Execution/Defend_yourself_against_AtlasVPN_bugdoor/payload.txt	BadUSB	txt	1174
BruceBAD/BadUSB/GNU-Linux/Execution/Persistent_Keylogger-Telegram_Based/connection.py	BadUSB	py	1895
BruceBAD/BadUSB/GNU-Linux/Execution/Persistent_Keylogger-Telegram_Based/payload.txt	BadUSB	txt	933
BruceBAD/BadUSB/GNU-Linux/Execution/SendEmailThroughThunderbird/payload.txt	BadUSB	txt	1300
BruceBAD/BadUSB/GNU-Linux/Execution/Edit_The_Default_Real_App_With_An_Arbitrary/payload.txt	BadUSB	txt	2063
BruceBAD/BadUSB/GNU-Linux/Exfiltration/ExfiltratePhotosThroughShell/script.sh	BadUSB	sh	634
BruceBAD/BadUSB/GNU-Linux/Exfiltration/ExfiltratePhotosThroughShell/payload.txt	BadUSB	txt	1289
BruceBAD/BadUSB/GNU-Linux/Exfiltration/ExfiltrateEmailAndPasswordByPhising_Linux/payload.txt	BadUSB	txt	1262
BruceBAD/BadUSB/GNU-Linux/Exfiltration/ExfiltrateWiFiPasswords_Linux/script.sh	BadUSB	sh	243
BruceBAD/BadUSB/GNU-Linux/Exfiltration/ExfiltrateWiFiPasswords_Linux/payload.txt	BadUSB	txt	2405
BruceBAD/BadUSB/GNU-Linux/Exfiltration/ExfiltrateProcessInfo_Linux/payload.txt	BadUSB	txt	1589
BruceBAD/BadUSB/GNU-Linux/Exfiltration/ExfiltrateNetworkTraffic_Linux/script.sh	BadUSB	sh	212
BruceBAD/BadUSB/GNU-Linux/Exfiltration/ExfiltrateNetworkTraffic_Linux/payload.txt	BadUSB	txt	2372
BruceBAD/BadUSB/GNU-Linux/Exfiltration/ExfiltrateDocumentsFolder_Linux/payload.txt	BadUSB	txt	1865
BruceBAD/BadUSB/GNU-Linux/Exfiltration/ExfiltrateDocumentsFolder_Linux/Send_Zip_To_Dropbox.sh	BadUSB	sh	610
BruceBAD/BadUSB/GNU-Linux/Exfiltration/ExfiltrateNetworkConfiguration_Linux/payload.txt	BadUSB	txt	2104
BruceBAD/BadUSB/GNU-Linux/Exfiltration/ExfiltrateLogFiles_Linux/payload.txt	BadUSB	txt	1798
BruceBAD/BadUSB/GNU-Linux/Exfiltration/ExfiltrateSudoPasswordByPhising_Linux/payload.txt	BadUSB	txt	1088
BruceBAD/BadUSB/GNU-Linux/Phishing/StandardPhishingAttack_Linux/script.js	BadUSB	js	1065
BruceBAD/BadUSB/GNU-Linux/Phishing/StandardPhishingAttack_Linux/payload.txt	BadUSB	txt	1188
BruceBAD/BadUSB/GNU-Linux/Phishing/StandardPhishingPayloadUsingKdialog_Linux/payload.txt	BadUSB	txt	2560
BruceBAD/BadUSB/phishing/Win/DNSpoisoning.txt	BadUSB	txt	221
BruceBAD/BadUSB/phishing/Win/ducky-phisher.txt	BadUSB	txt	1296
BruceBAD/BadUSB/phishing/Win/duckyphish/duckyphish.txt	BadUSB	txt	654
BruceBAD/BadUSB/remote_access/Unix-like/OSX/netcatbackdoor3.txt	BadUSB	txt	693
BruceBAD/BadUSB/remote_access/Unix-like/OSX/passlessSSH.txt	BadUSB	txt	494
BruceBAD/BadUSB/remote_access/Unix-like/OSX/Root_backdoor.txt	BadUSB	txt	1467
BruceBAD/BadUSB/remote_access/Unix-like/OSX/Basic_shell.txt	BadUSB	txt	168
BruceBAD/BadUSB/remote_access/Unix-like/OSX/basic_script.txt	BadUSB	txt	336
BruceBAD/BadUSB/remote_access/Unix-like/OSX/Bella_Ducky/bella-ducky.txt	BadUSB	txt	854
BruceBAD/BadUSB/remote_access/Unix-like/Linux/persistentReverseDucky/payload.txt	BadUSB	txt	1846
BruceBAD/BadUSB/remote_access/Unix-like/Linux/Gnomed/gnomed.txt	BadUSB	txt	410
BruceBAD/BadUSB/remote_access/Unix-like/Linux/DuckNet/install.sh	BadUSB	sh	173
BruceBAD/BadUSB/remote_access/Win/win10lockpick.txt	BadUSB	txt	650
BruceBAD/BadUSB/remote_access/Win/LESiO's Ducky - French Reverse Shell.txt	BadUSB	txt	2938
BruceBAD/BadUSB/remote_access/Win/WINSHELL.txt	BadUSB	txt	1262
BruceBAD/BadUSB/remote_access/Win/RegDoor/payload.txt	BadUSB	txt	262
BruceBAD/BadUSB/remote_access/Win/NSHELL/Payload.txt	BadUSB	txt	1056
BruceBAD/BadUSB/remote_access/Win/win_winrm-backdoor/payload.txt	BadUSB	txt	2022
BruceBAD/BadUSB/remote_access/Win/BadUSB_reverseShellInjector/BadUSB_reverseShellInjector.txt	BadUSB	txt	955
BruceBAD/BadUSB/remote_access/Win/Quick-Reverse-Powershell-Rubber-Ducky/duckycode.txt	BadUSB	txt	936
BruceBAD/BadUSB/remote_access/Win/Netcat-Reverseshell-On-Log-In/payload.txt	BadUSB	txt	1307
BruceBAD/BadUSB/remote_access/Win/Mimikatz/mimikatz.txt	BadUSB	txt	680
BruceBAD/BadUSB/remote_access/Win/Mimikatz/V3.txt	BadUSB	txt	1804
BruceBAD/BadUSB/remote_access/Win/Mimikatz/mimikatzV2.txt	BadUSB	txt	1201
BruceBAD/BadUSB/remote_access/Win/ReverseDucky/ReverseDucky.txt	BadUSB	txt	942
BruceBAD/BadUSB/remote_access/Win/ReverseDucky/ReverseDuckyII.txt	BadUSB	txt	828
BruceBAD/BadUSB/remote_access/Win/ReverseDucky/payload.txt	BadUSB	txt	1024
BruceBAD/BadUSB/remote_access/Win/Hidden_access/payload.txt	BadUSB	txt	1508
BruceBAD/BadUSB/destructive/Unix-like/Osx/OSX_no_more_hardrive_oldOSx.txt	BadUSB	txt	376
BruceBAD/BadUSB/destructive/Unix-like/Osx/OSX_no_more_hardrive_nyan.txt	BadUSB	txt	558
BruceBAD/BadUSB/destructive/Unix-like/Osx/OSX_no_more_hardrive_nyan_oldOSx.txt	BadUSB	txt	568
BruceBAD/BadUSB/destructive/Unix-like/Osx/OSX_no_more_hardrive.txt	BadUSB	txt	366
BruceBAD/BadUSB/destructive/Unix-like/Osx/DUCKY_REAPER/duckyreaperMAC.txt	BadUSB	txt	532
BruceBAD/BadUSB/destructive/Unix-like/Osx/Bombs/zipbomb/quack.txt	BadUSB	txt	325
BruceBAD/BadUSB/destructive/Unix-like/Osx/Bombs/termBomb/payload.txt	BadUSB	txt	1952
BruceBAD/BadUSB/destructive/Unix-like/Linux/linux_no_more_hardriveZSH.txt	BadUSB	txt	288
BruceBAD/BadUSB/destructive/Unix-like/Linux/linux_no_more_hardrive.txt	BadUSB	txt	268
BruceBAD/BadUSB/destructive/Unix-like/Linux/linux_no_more_hardrive_nyanZSH.txt	BadUSB	txt	463
BruceBAD/BadUSB/destructive/Unix-like/Linux/linux_no_more_hardrive_nyan.txt	BadUSB	txt	464
BruceBAD/BadUSB/destructive/Unix-like/Linux/DUCKY_REAPER/duckyreaperTUX.txt	BadUSB	txt	445
BruceBAD/BadUSB/destructive/Unix-like/Linux/Bombs/zip_bomb/quack.txt	BadUSB	txt	799
BruceBAD/BadUSB/destructive/Unix-like/Linux/Bombs/zip_bomb/quackbase64.txt	BadUSB	txt	1537
BruceBAD/BadUSB/destructive/Unix-like/Linux/Bombs/zip_bomb/quackmeanBF.txt	BadUSB	txt	18605
BruceBAD/BadUSB/destructive/Unix-like/Linux/Bombs/zip_bomb/quackBF.txt	BadUSB	txt	14021
BruceBAD/BadUSB/destructive/Unix-like/Linux/Bombs/zip_bomb/quackmean.txt	BadUSB	txt	1117
BruceBAD/BadUSB/destructive/Unix-like/Linux/Bombs/zip_bomb/quackloop.txt	BadUSB	txt	808
BruceBAD/BadUSB/destructive/Unix-like/Linux/Bombs/zip_bomb/quackmeanloop.txt	BadUSB	txt	1168
BruceBAD/BadUSB/destructive/Unix-like/Linux/Bombs/HTML_Forker/quack.txt	BadUSB	txt	494
BruceBAD/BadUSB/destructive/Unix-like/Linux/Bombs/Parrot_bomb/polly_wanna_cracker.txt	BadUSB	txt	557
BruceBAD/BadUSB/destructive/Unix-like/Linux/Bombs/Folder_Bomb/quackTUXpyBF.txt	BadUSB	txt	13474
BruceBAD/BadUSB/destructive/Unix-like/Linux/Bombs/Folder_Bomb/quackTUXbash.txt	BadUSB	txt	858
BruceBAD/BadUSB/destructive/Unix-like/Linux/Bombs/Folder_Bomb/quackTUXpy.txt	BadUSB	txt	720
BruceBAD/BadUSB/destructive/Unix-like/Linux/Bombs/Sys_Forker/ForkBombTux.txt	BadUSB	txt	779
BruceBAD/BadUSB/destructive/Unix-like/Linux/Bombs/Sys_Forker/quackpersist.txt	BadUSB	txt	767
BruceBAD/BadUSB/destructive/Unix-like/Linux/Bombs/Sys_Forker/payload.txt	BadUSB	txt	2032
BruceBAD/BadUSB/destructive/Unix-like/Linux/Bombs/Sys_Forker/quickfix.txt	BadUSB	txt	259
BruceBAD/BadUSB/destructive/Unix-like/Linux/Bombs/File_bomb/quackTUXpyBF.txt	BadUSB	txt	13299
BruceBAD/BadUSB/destructive/Unix-like/Linux/Bombs/File_bomb/quackWLevil.txt	BadUSB	txt	300411
BruceBAD/BadUSB/destructive/Unix-like/Linux/Bombs/File_bomb/quackWLmean.txt	BadUSB	txt	3759
BruceBAD/BadUSB/destructive/Unix-like/Linux/Bombs/File_bomb/quackbash.txt	BadUSB	txt	862
BruceBAD/BadUSB/destructive/Unix-like/Linux/Bombs/File_bomb/quackWL.txt	BadUSB	txt	1874
BruceBAD/BadUSB/destructive/Unix-like/Linux/Bombs/File_bomb/quackWLmean_bluepill.txt	BadUSB	txt	3511
BruceBAD/BadUSB/destructive/Unix-like/Linux/Bombs/File_bomb/quackTUXpy.txt	BadUSB	txt	650
BruceBAD/BadUSB/destructive/Win/$MFT-Duck-Crasher/$MFT-Duck-Crasher.txt	BadUSB	txt	879
BruceBAD/BadUSB/destructive/Win/Delete32/32_wants_the_D.txt	BadUSB	txt	388
BruceBAD/BadUSB/destructive/Win/BSOD/BQOD/BQODV1.txt	BadUSB	txt	202
BruceBAD/BadUSB/destructive/Win/BSOD/BQOD/BQODV2.txt	BadUSB	txt	233
BruceBAD/BadUSB/destructive/Win/BSOD/Rickroll+BSOD/payload.txt	BadUSB	txt	390
BruceBAD/BadUSB/destructive/Win/BSOD/Rick-Roll/Rick-Roll-BSOD.txt	BadUSB	txt	997
BruceBAD/BadUSB/destructive/Win/BSOD/Mario-Head/quack.txt	BadUSB	txt	923
BruceBAD/BadUSB/destructive/Win/DUCKY_REAPER/payloadWIN10+11.txt	BadUSB	txt	561
BruceBAD/BadUSB/destructive/Win/DUCKY_REAPER/payloadWIN.txt	BadUSB	txt	619
BruceBAD/BadUSB/destructive/Win/Bombs/Zip_Bomb/quack.txt	BadUSB	txt	590
BruceBAD/BadUSB/destructive/Win/Bombs/Zip_Bomb/quackparaloop10.txt	BadUSB	txt	938
BruceBAD/BadUSB/destructive/Win/Bombs/Zip_Bomb/quackparaloop11.txt	BadUSB	txt	958
BruceBAD/BadUSB/destructive/Win/Bombs/Zip_Bomb/quackpara.txt	BadUSB	txt	923
BruceBAD/BadUSB/destructive/Win/Bombs/Zip_Bomb/quackloop.txt	BadUSB	txt	648
BruceBAD/BadUSB/destructive/Win/Bombs/HTML_Forker/payload11.txt	BadUSB	txt	286
BruceBAD/BadUSB/destructive/Win/Bombs/HTML_Forker/payload7.txt	BadUSB	txt	260
BruceBAD/BadUSB/destructive/Win/Bombs/Folder_Bomb/quackWIN.txt	BadUSB	txt	481
BruceBAD/BadUSB/destructive/Win/Bombs/tab_bomb/quack.txt	BadUSB	txt	1199
BruceBAD/BadUSB/destructive/Win/Bombs/Sys_Forker/ForkBomb-Win.txt	BadUSB	txt	504
BruceBAD/BadUSB/destructive/Win/Bombs/Sys_Forker/quack10-11.txt	BadUSB	txt	1063
BruceBAD/BadUSB/recon/Unix-Like/Linux/linpeas/quackpostexfil.txt	BadUSB	txt	1161
BruceBAD/BadUSB/recon/Unix-Like/Linux/linpeas/quackgitexfil.txt	BadUSB	txt	1718
BruceBAD/BadUSB/recon/Unix-Like/Linux/linpeas/quackncexfil.txt	BadUSB	txt	1157
BruceBAD/BadUSB/recon/Unix-Like/Linux/linpeas/quackwget.txt	BadUSB	txt	527
BruceBAD/BadUSB/recon/Win/Misc/Show_WiFi_Passwords.txt	BadUSB	txt	223
BruceBAD/BadUSB/recon/Win/Misc/Show_Saved_Passwords.txt	BadUSB	txt	746
BruceBAD/BadUSB/recon/Win/Tree_of_Knowledge/payload.txt	BadUSB	txt	498
BruceBAD/BadUSB/recon/Win/Tree_of_Knowledge/show.bat	BadUSB	bat	33
BruceBAD/BadUSB/Bombs/GooseCrasher.txt	BadUSB	txt	1004
BruceBAD/BadUSB/Bombs/You_are_an_Idiot_Web.txt	BadUSB	txt	306
BruceBAD/BadUSB/Bombs/32_wants_the_D.txt	BadUSB	txt	899
BruceBAD/BadUSB/Bombs/Zip_Bomb/Win/quack.txt	BadUSB	txt	594
BruceBAD/BadUSB/Bombs/Zip_Bomb/Win/quackparaloop10.txt	BadUSB	txt	942
BruceBAD/BadUSB/Bombs/Zip_Bomb/Win/quackparaloop11.txt	BadUSB	txt	962
BruceBAD/BadUSB/Bombs/Zip_Bomb/Win/quackpara.txt	BadUSB	txt	923
BruceBAD/BadUSB/Bombs/Zip_Bomb/Win/quackloop.txt	BadUSB	txt	652
BruceBAD/BadUSB/Bombs/Zip_Bomb/Linux/quack.txt	BadUSB	txt	803
BruceBAD/BadUSB/Bombs/Zip_Bomb/Linux/quackmeanBF.txt	BadUSB	txt	18605
BruceBAD/BadUSB/Bombs/Zip_Bomb/Linux/quackBF.txt	BadUSB	txt	14021
BruceBAD/BadUSB/Bombs/Zip_Bomb/Linux/quackmean.txt	BadUSB	txt	953
BruceBAD/BadUSB/Bombs/Folder_Bomb/LinuxpyBF.txt	BadUSB	txt	13474
BruceBAD/BadUSB/Bombs/Folder_Bomb/Linuxbash.txt	BadUSB	txt	862
BruceBAD/BadUSB/Bombs/Folder_Bomb/Linuxpy.txt	BadUSB	txt	724
BruceBAD/BadUSB/Bombs/Rick_Roll/RR-fileBomb-chorus-Win.txt	BadUSB	txt	997
BruceBAD/BadUSB/Bombs/Rick_Roll/RR-fileBomb-Win.txt	BadUSB	txt	1667
BruceBAD/BadUSB/Bombs/Sys_Forker/ForkBomb-Linuxmean.txt	BadUSB	txt	771
BruceBAD/BadUSB/Bombs/Sys_Forker/ForkBomb-Linux.txt	BadUSB	txt	904
BruceBAD/BadUSB/Bombs/Sys_Forker/ForkBomb-Win.txt	BadUSB	txt	360
BruceBAD/BadUSB/Bombs/Sys_Forker/ForkBomb-Win2.txt	BadUSB	txt	541
BruceBAD/BadUSB/Bombs/Sys_Forker/Forkbomb-Win_10-11.txt	BadUSB	txt	1067
BruceBAD/BadUSB/Bombs/File_Bomb/LinuxshWLmean_bluepill.txt	BadUSB	txt	3511
BruceBAD/BadUSB/Bombs/File_Bomb/LinuxpyBF.txt	BadUSB	txt	13299
BruceBAD/BadUSB/Bombs/File_Bomb/Linuxsh.txt	BadUSB	txt	866
BruceBAD/BadUSB/Bombs/File_Bomb/LinuxshWLmean.txt	BadUSB	txt	3763
BruceBAD/BadUSB/Bombs/File_Bomb/LinuxshWL.txt	BadUSB	txt	1878
BruceBAD/BadUSB/Bombs/File_Bomb/LinuxshWLevil.txt	BadUSB	txt	300415
BruceBAD/BadUSB/Bombs/File_Bomb/Linuxpy.txt	BadUSB	txt	654
BruceBAD/BadUSB/BadUSB-MarkCyber/RansomwareSimulation/RansomwareSimulation2-cleanup.txt	BadUSB	txt	2285
BruceBAD/BadUSB/BadUSB-MarkCyber/RansomwareSimulation/RansomwareSimulation1.txt	BadUSB	txt	2740
BruceBAD/BadUSB/BadUSB-MarkCyber/Emails/EmailSender.txt	BadUSB	txt	1471
BruceBAD/BadUSB/BadUSB-MarkCyber/HackStuff/CredentialHarvester.txt	BadUSB	txt	1998
BruceBAD/BadUSB/BadUSB-MarkCyber/HackStuff/VulnerabilityScanner.txt	BadUSB	txt	12715
BruceBAD/BadUSB/quackberry/exfil_documents.txt	BadUSB	txt	652
BruceBAD/BadUSB/quackberry/bash_reverse_shell_profile_persistence.txt	BadUSB	txt	579
BruceBAD/BadUSB/quackberry/python_reverse_shell_cron_persistence.txt	BadUSB	txt	1411
BruceBAD/BadUSB/quackberry/bash_reverse_shell_bashrc_persistence.txt	BadUSB	txt	579
BruceBAD/BadUSB/quackberry/bash_reverse_shell.txt	BadUSB	txt	348
BruceBAD/BadUSB/quackberry/ssh_backdoor.txt	BadUSB	txt	551
BruceBAD/BadUSB/quackberry/wifi_stealer_to_web.txt	BadUSB	txt	631
BruceBAD/BadUSB/quackberry/local_web_server_backdoor/local_web_server_backdoor.txt	BadUSB	txt	538
BruceBAD/BadUSB/credentials/Unix-like/Osx/Sudograbber/sudograbber.txt	BadUSB	txt	1210
BruceBAD/BadUSB/credentials/Unix-like/Osx/Sudograbber/sudograbber.sh	BadUSB	sh	67
BruceBAD/BadUSB/credentials/Unix-like/Linux/Sudograbber/sudograbber.txt	BadUSB	txt	1119
BruceBAD/BadUSB/credentials/Unix-like/Linux/Sudograbber/sudograbber.sh	BadUSB	sh	67
BruceBAD/BadUSB/credentials/Unix-like/Linux/DuckyLogger/payload.txt	BadUSB	txt	3329
BruceBAD/BadUSB/credentials/Unix-like/Linux/sudoSnatch/payload.txt	BadUSB	txt	3732
BruceBAD/BadUSB/credentials/Win/open_smb_share_to_steal_creds.txt	BadUSB	txt	446
BruceBAD/BadUSB/credentials/Win/-RD-Credz-Plz/Credz-Plz-Execute.txt	BadUSB	txt	610
BruceBAD/BadUSB/credentials/Win/keyloggerInjector/BadUSB_keyloggerInjector.txt	BadUSB	txt	965
BruceBAD/BadUSB/credentials/Win/pykeylog/quack.txt	BadUSB	txt	13
BruceBAD/BadUSB/credentials/Win/Funni_Stick_V3/README.txt	BadUSB	txt	1322
BruceBAD/BadUSB/credentials/Win/windowsPassDisabler/BadUSB_windowsPassDisabler.txt	BadUSB	txt	683
BruceBAD/BadUSB/credentials/Win/Simple_User_Password_Grabber/Simple_User_Password_Grabber.txt	BadUSB	txt	2691
BruceBAD/BadUSB/credentials/Win/datacopier/datacopier.txt	BadUSB	txt	1158
BruceBAD/Payload Control/Payload-Control-example1.txt	Payload Control	txt	260
BruceBAD/Payload Control/Payload-Control-example2.txt	Payload Control	txt	251
BruceBAD/Payload Control/Payload-Control-example3.txt	Payload Control	txt	367
BruceBAD/Delete_A_Reminder_On_An_iPhone/payload.txt	Delete_A_Reminder_On_An_iPhone	txt	1008
BruceBAD/ExfiltrateSSHKeys/payload.txt	ExfiltrateSSHKeys	txt	4409
BruceBAD/Discord-Keylogger/Keylogger-to-Discord.txt	Discord-Keylogger	txt	565
BruceBAD/Ascii/Win_HID_ALT-Code-Art/payload.txt	Ascii	txt	19974
BruceBAD/Ascii/Win_HID_MonaLisa/MonaLisa.txt	Ascii	txt	8590
BruceBAD/ExfiltratePhotosThroughShell/script.sh	ExfiltratePhotosThroughShell	sh	634
BruceBAD/ExfiltratePhotosThroughShell/payload.txt	ExfiltratePhotosThroughShell	txt	1819
BruceBAD/Quack_Rolled/payload.txt	Quack_Rolled	txt	1402
BruceBAD/Set_An_Arbitrary_DNS-IPv4_version/payload.txt	Set_An_Arbitrary_DNS-IPv4_version	txt	1632
BruceBAD/Prank_In_The_Middle_Thunderbird/payload.txt	Prank_In_The_Middle_Thunderbird	txt	3271
BruceBAD/Flip-JumpScare/JumpScare.txt	Flip-JumpScare	txt	1068
BruceBAD/Flip-JumpScare/JumpScare.ps1	Flip-JumpScare	ps1	9032
BruceBAD/Record-Screen-GUI/Record-Screen-GUI.txt	Record-Screen-GUI	txt	483
BruceBAD/Record-Screen-GUI/main.ps1	Record-Screen-GUI	ps1	6235
BruceBAD/Flip-Rage-PopUps/Rage-PopUps.txt	Flip-Rage-PopUps	txt	592
BruceBAD/Flip-Rage-PopUps/Rage-PopUps.ps1	Flip-Rage-PopUps	ps1	4658
BruceBAD/-RD-JumpScare-2.0/JumpScare2.0.txt	-RD-JumpScare-2.0	txt	839
BruceBAD/WhatsappMessageSender/payload.txt	WhatsappMessageSender	txt	1675
BruceBAD/Powershell-History/payload.txt	Powershell-History	txt	600
BruceBAD/Powershell-History/PH.ps1	Powershell-History	ps1	1756
BruceBAD/Party_Parrot_OSX/Party_Parrot_OSX.txt	Party_Parrot_OSX	txt	250
BruceBAD/Chrome-DB-to-Discord/DB-File-Viewer.ps1	Chrome-DB-to-Discord	ps1	8895
BruceBAD/Chrome-DB-to-Discord/Chrome-DB-to-Discord.txt	Chrome-DB-to-Discord	txt	605
BruceBAD/Chrome-DB-to-Discord/main.ps1	Chrome-DB-to-Discord	ps1	2310
BruceBAD/MacOS_Silent_Exfiltration_Important_Files/payload.txt	MacOS_Silent_Exfiltration_Important_Files	txt	976
BruceBAD/Screen-Shock/c.ps1	Screen-Shock	ps1	1784
BruceBAD/Screen-Shock/I.bat	Screen-Shock	bat	133
BruceBAD/Screen-Shock/payload.txt	Screen-Shock	txt	823
BruceBAD/BadBLE's by Unknown/Annoyer.txt	BadBLE's by Unknown	txt	46
BruceBAD/BadBLE's by Unknown/Shutdown.txt	BadBLE's by Unknown	txt	405
BruceBAD/BadBLE's by Unknown/Lagger.txt	BadBLE's by Unknown	txt	57
BruceBAD/protected_storage_mode/protected_storage_mode.txt	protected_storage_mode	txt	2723
BruceBAD/BlueDucky/Bruce_t_Best.txt	BlueDucky	txt	382
BruceBAD/open-website/open-website.txt	open-website	txt	124
BruceBAD/Defend_yourself_against_CVE-2023-36884_Office_and_Windows_HTML_R/payload.txt	Defend_yourself_against_CVE-2023-36884_Office_and_Windows_HTML_R	txt	3554
BruceBAD/Droidex/payload.txt	Droidex	txt	1000
BruceBAD/DuckyLogger2/payload.txt	DuckyLogger2	txt	2228
BruceBAD/ReverseShell/shelly.txt	ReverseShell	txt	3282
BruceBAD/ReverseShell/ReverseShell.txt	ReverseShell	txt	291
BruceBAD/EnableSSH-Android/payload.txt	EnableSSH-Android	txt	778
BruceBAD/WifiPassGrabberPOST/payload.txt	WifiPassGrabberPOST	txt	817
BruceBAD/Flip-PS-Draw/PS-Draw.txt	Flip-PS-Draw	txt	659
BruceBAD/Flip-PS-Draw/PS-Custom-Draw.ps1	Flip-PS-Draw	ps1	11892
BruceBAD/Flip-PS-Draw/PS-Draw.ps1	Flip-PS-Draw	ps1	8945
BruceBAD/Honk/Honk.txt	Honk	txt	1007
BruceBAD/Windows-Spam-Terminals/payload.txt	Windows-Spam-Terminals	txt	1886
BruceBAD/ExfiltrateCloudCreds/payload.txt	ExfiltrateCloudCreds	txt	1552
BruceBAD/$MFT-Duck-Crasher/payload.txt	$MFT-Duck-Crasher	txt	879
BruceBAD/Record-Screen-to-Discord/Record-Screen-to-Discord.txt	Record-Screen-to-Discord	txt	508
BruceBAD/Record-Screen-to-Discord/main.ps1	Record-Screen-to-Discord	ps1	2223
BruceBAD/Tools/Downgrade-PS-Win11.txt	Tools	txt	480
BruceBAD/Tools/Add Exclusion C-drive.txt	Tools	txt	446
BruceBAD/Tools/Disable RT-Protection through GUI.txt	Tools	txt	411
BruceBAD/Tools/Anti-AFK-Tool.txt	Tools	txt	563
BruceBAD/Tools/Base64 Decode & Execute.txt	Tools	txt	810
BruceBAD/Tools/Clean-Command-History.txt	Tools	txt	747
BruceBAD/Tools/Local-FileServer-for-Exfiltration.txt	Tools	txt	9242
BruceBAD/Tools/Webhook-Test-Tool.txt	Tools	txt	378
BruceBAD/Tools/Set US Keyboard & System Language.txt	Tools	txt	639
BruceBAD/Tools/Update Windows in Powershell.txt	Tools	txt	568
BruceBAD/Tools/Download-Execute from Run Prompt.txt	Tools	txt	663
BruceBAD/persistentReverseDucky/payload.txt	persistentReverseDucky	txt	1831
BruceBAD/1_minute_to_sleep/1_minute_to_sleep.txt	1_minute_to_sleep	txt	433
BruceBAD/Duckie-Harvest/sy_cred.ps1	Duckie-Harvest	ps1	5029
BruceBAD/Duckie-Harvest/payload.txt	Duckie-Harvest	txt	1896
BruceBAD/EngagementDucky/payload.txt	EngagementDucky	txt	2970
BruceBAD/Wifi_for_Flipper/Wifi_for_Flipper.txt	Wifi_for_Flipper	txt	742
BruceBAD/DNS_spoofer/payload.txt	DNS_spoofer	txt	1908
BruceBAD/windows11/create folders in C.txt	windows11	txt	411
BruceBAD/windows11/matrix ps hidden.txt	windows11	txt	470
BruceBAD/windows11/matrix.txt	windows11	txt	450
BruceBAD/windows11/nyan_cat.txt	windows11	txt	223
BruceBAD/windows11/hackertyper.txt	windows11	txt	212
BruceBAD/windows11/You have been hacked desktop.txt	windows11	txt	596
BruceBAD/windows11/EPTM-ASCII.txt	windows11	txt	2552
BruceBAD/windows11/shutdown.txt	windows11	txt	170
BruceBAD/windows11/open_youtube_video.txt	windows11	txt	189
BruceBAD/windows11/create_infinite_cmd.txt	windows11	txt	476
BruceBAD/windows11/JM.txt	windows11	txt	6073
BruceBAD/windows11/nyancat.txt	windows11	txt	559
BruceBAD/windows11/you_are_an_idiot.txt	windows11	txt	206
BruceBAD/Tabs-spam/Tabs-spam.txt	Tabs-spam	txt	14173
BruceBAD/Defeat_Defender/payload.txt	Defeat_Defender	txt	942
BruceBAD/MacOS/Execution/SetVolumeMax-MacOS/payload.txt	MacOS	txt	193
BruceBAD/MacOS/Execution/IPLogger-Discord_Webhook-by_bst04/IPLogger-Discord_Webhook-by_bst04.txt	MacOS	txt	618
BruceBAD/Export_all_saved_certificates_with_Adobe_Reader/payload.txt	Export_all_saved_certificates_with_Adobe_Reader	txt	1901
BruceBAD/IP-Out/payload.txt	IP-Out	txt	1987
BruceBAD/passive_detect_ready/passive_detect_ready.txt	passive_detect_ready	txt	687
BruceBAD/-RD-PS-Draw/PS-Custom-Draw.ps1	-RD-PS-Draw	ps1	11892
BruceBAD/-RD-PS-Draw/PS-Draw.ps1	-RD-PS-Draw	ps1	8945
BruceBAD/-RD-PS-Draw/payload.txt	-RD-PS-Draw	txt	641
BruceBAD/iphone-crasher(better)/iphone-crasher(better).txt	iphone-crasher(better)	txt	130
BruceBAD/Screenshare-Over-LAN/Screenshare-Over-LAN.ps1	Screenshare-Over-LAN	ps1	6853
BruceBAD/Screenshare-Over-LAN/main.ps1	Screenshare-Over-LAN	ps1	7163
BruceBAD/Screenshare-Over-LAN/Payload.txt	Screenshare-Over-LAN	txt	1473
BruceBAD/Screenshare-Over-LAN/Screenshare-Over-LAN.txt	Screenshare-Over-LAN	txt	565
BruceBAD/Disable_Windows_Defender22H2/Disable_Windows_Defender.txt	Disable_Windows_Defender22H2	txt	2389
BruceBAD/Make_Windows_performant_but_ugly_and_boring/payload.txt	Make_Windows_performant_but_ugly_and_boring	txt	1273
BruceBAD/Win_PoSH_MorseCode/MorseCodeFileExfiltration.ps1	Win_PoSH_MorseCode	ps1	1250
BruceBAD/Win_PoSH_MorseCode/b.txt	Win_PoSH_MorseCode	txt	3240
BruceBAD/Win_PoSH_MorseCode/payload.txt	Win_PoSH_MorseCode	txt	1817
BruceBAD/Netcat-Screenshare/main.ps1	Netcat-Screenshare	ps1	1916
BruceBAD/Netcat-Screenshare/Desktop Screenshare over Netcat.txt	Netcat-Screenshare	txt	821
BruceBAD/-RD-AcidBurn/AcidBurn.ps1	-RD-AcidBurn	ps1	25221
BruceBAD/-RD-AcidBurn/payload.txt	-RD-AcidBurn	txt	736
BruceBAD/ExfiltrateLinuxLogFiles/payload.txt	ExfiltrateLinuxLogFiles	txt	1888
BruceBAD/ExploitingAnExecutableFile/script.sh	ExploitingAnExecutableFile	sh	464
BruceBAD/ExploitingAnExecutableFile/payload.txt	ExploitingAnExecutableFile	txt	1139
BruceBAD/RR_ASCII_Win/RR_ASCII_Win.txt	RR_ASCII_Win	txt	7120
BruceBAD/Piano_Player/piano_player.py	Piano_Player	py	2538
BruceBAD/Piano_Player/examples/super_mario_notes.txt	Piano_Player	txt	4346
BruceBAD/Piano_Player/examples/game_of_thrones_notes.txt	Piano_Player	txt	3498
BruceBAD/Piano_Player/examples/super_mario_payload.txt	Piano_Player	txt	17743
BruceBAD/Piano_Player/examples/game_of_thrones_payload.txt	Piano_Player	txt	14864
BruceBAD/open_website_incognitomode/open_website_incognitomode.txt	open_website_incognitomode	txt	179
BruceBAD/Wifi-Stealer_Zoom/Wifi-Stealer_Zoom.txt	Wifi-Stealer_Zoom	txt	1046
BruceBAD/System-Stealer/payload.txt	System-Stealer	txt	2369
BruceBAD/Chrome-Extension-Keylogger/Chrome-Extension-Keylogger.txt	Chrome-Extension-Keylogger	txt	570
BruceBAD/Chrome-Extension-Keylogger/main.ps1	Chrome-Extension-Keylogger	ps1	4102
BruceBAD/Discord-Media-Hog/Discord-Media-Hog.txt	Discord-Media-Hog	txt	653
BruceBAD/Discord-Media-Hog/main.ps1	Discord-Media-Hog	ps1	22910
BruceBAD/Pwn-Drive/c.ps1	Pwn-Drive	ps1	607
BruceBAD/Pwn-Drive/payload.txt	Pwn-Drive	txt	577
BruceBAD/random-letters/random-letters.txt	random-letters	txt	159
BruceBAD/PingZhellDucky/payload.txt	PingZhellDucky	txt	3810
BruceBAD/Persistent_Reverse_Shell-Telegram_Based/connection.py	Persistent_Reverse_Shell-Telegram_Based	py	1190
BruceBAD/Persistent_Reverse_Shell-Telegram_Based/payload.txt	Persistent_Reverse_Shell-Telegram_Based	txt	969
BruceBAD/rickroll/payload.txt	rickroll	txt	5004
BruceBAD/Screen-to-Telegram/main.ps1	Screen-to-Telegram	ps1	1005
BruceBAD/Screen-to-Telegram/Screenshot-to-Telegram.txt	Screen-to-Telegram	txt	585
BruceBAD/File-Monitor-to-Discord/File-Changes-to-Discord.txt	File-Monitor-to-Discord	txt	559
BruceBAD/File-Monitor-to-Discord/main.ps1	File-Monitor-to-Discord	ps1	1521
BruceBAD/ChangeNetworkConfiguration_Linux/payload.txt	ChangeNetworkConfiguration_Linux	txt	1385
BruceBAD/WLAN-Windows-Passwords/v.1.0_by_allef_github/Windows-Passwords.ps1	WLAN-Windows-Passwords	ps1	489
BruceBAD/WLAN-Windows-Passwords/v.1.0_by_allef_github/payload.txt	WLAN-Windows-Passwords	txt	1075
BruceBAD/WLAN-Windows-Passwords/v.2.0_by_truelockmc/script.ps1	WLAN-Windows-Passwords	ps1	2365
BruceBAD/WLAN-Windows-Passwords/v.2.0_by_truelockmc/payload.txt	WLAN-Windows-Passwords	txt	1100
BruceBAD/SpamRickrollPayload/SpamRickrollPayload.txt	SpamRickrollPayload	txt	1876
BruceBAD/Voice-Activated-DarkMode/main.ps1	Voice-Activated-DarkMode	ps1	1619
BruceBAD/Voice-Activated-DarkMode/Voice-Activated-DarkMode.txt	Voice-Activated-DarkMode	txt	591
BruceBAD/windows10/create folders in C.txt	windows10	txt	411
BruceBAD/windows10/matrix ps hidden.txt	windows10	txt	470
BruceBAD/windows10/matrix.txt	windows10	txt	472
BruceBAD/windows10/nyan_cat.txt	windows10	txt	223
BruceBAD/windows10/hackertyper.txt	windows10	txt	243
BruceBAD/windows10/start_infinite_cmd.txt	windows10	txt	476
BruceBAD/windows10/EPTM-ASCII.txt	windows10	txt	2556
BruceBAD/windows10/shutdown.txt	windows10	txt	170
BruceBAD/windows10/you_have_been_hacked_desktop.txt	windows10	txt	596
BruceBAD/windows10/open_youtube_video.txt	windows10	txt	189
BruceBAD/windows10/JM.txt	windows10	txt	6080
BruceBAD/windows10/you_are_an_idiot.txt	windows10	txt	206
BruceBAD/ReverseDuckyIII/payload.txt	ReverseDuckyIII	txt	1072
BruceBAD/EternalLock/payload.txt	EternalLock	txt	1360
BruceBAD/Continuos Print In Terminal/payload.txt	Continuos Print In Terminal	txt	1227
BruceBAD/Continuos Print In Terminal/script.py	Continuos Print In Terminal	py	282
BruceBAD/Operators/Operators-example1.txt	Operators	txt	743
BruceBAD/Operators/Operators-example3.txt	Operators	txt	433
BruceBAD/Operators/Operators-example2.txt	Operators	txt	662
BruceBAD/Automailer/payload.txt	Automailer	txt	1007
BruceBAD/WiFi-Passwords-Exfiltration-Via-SCP/Payload.txt	WiFi-Passwords-Exfiltration-Via-SCP	txt	2854
BruceBAD/Screen-to-Discord/Screenshot-to-Discord.txt	Screen-to-Discord	txt	505
BruceBAD/Screen-to-Discord/main.ps1	Screen-to-Discord	ps1	852
BruceBAD/LED/LED-example1.txt	LED	txt	400
BruceBAD/LED/LED-example3.txt	LED	txt	180
BruceBAD/LED/LED-example2.txt	LED	txt	357
BruceBAD/Webcam-to-Discord/Webcam-to-Discord.txt	Webcam-to-Discord	txt	478
BruceBAD/Webcam-to-Discord/main.ps1	Webcam-to-Discord	ps1	940
BruceBAD/Power-Imperial/Power-Imperial.txt	Power-Imperial	txt	969
BruceBAD/Deshellerator/payload.txt	Deshellerator	txt	1856
BruceBAD/Show_Saved_Passwords_UPDATED/Show_Saved_Passwords_UPDATED.txt	Show_Saved_Passwords_UPDATED	txt	589
BruceBAD/ReverseDuckyUltimate/payload.txt	ReverseDuckyUltimate	txt	16411
BruceBAD/-RD-ShortcutJacker/Shortcut-Jacker.ps1	-RD-ShortcutJacker	ps1	6638
BruceBAD/-RD-ShortcutJacker/Shortcut-Jacker-Execute.txt	-RD-ShortcutJacker	txt	570
BruceBAD/Earrape_Troll/Earrape_Troll.txt	Earrape_Troll	txt	632
BruceBAD/WifiCredSidechannelExfil/payload.txt	WifiCredSidechannelExfil	txt	8709
BruceBAD/Gather_Network_Info/payload.txt	Gather_Network_Info	txt	787
BruceBAD/Export_Cookies_From_Firefox/script.ps1	Export_Cookies_From_Firefox	ps1	789
BruceBAD/Export_Cookies_From_Firefox/payload.txt	Export_Cookies_From_Firefox	txt	1734
BruceBAD/Admin_Who_Never_Sleeps/payload.txt	Admin_Who_Never_Sleeps	txt	1584
BruceBAD/os_detect/os_detect.txt	os_detect	txt	7875
BruceBAD/Set_VSCode_theme_light/payload.txt	Set_VSCode_theme_light	txt	1471
BruceBAD/ClipBoard-Creep/payload.txt	ClipBoard-Creep	txt	6730
BruceBAD/translate/translate.txt	translate	txt	7660
BruceBAD/MEMZ-with-Powershell/Powershell-MEMZ.ps1	MEMZ-with-Powershell	ps1	11876
BruceBAD/MEMZ-with-Powershell/Payload.txt	MEMZ-with-Powershell	txt	1414
BruceBAD/Console-QRcode/Console-QRcode.txt	Console-QRcode	txt	407
BruceBAD/Console-QRcode/main.ps1	Console-QRcode	ps1	2054
BruceBAD/CRASHER/CRASHER.txt	CRASHER	txt	52171
BruceBAD/general/jiggler.txt	general	txt	22665
BruceBAD/general/GitHub-Star.txt	general	txt	173
BruceBAD/general/Open4Gmail/payload.txt	general	txt	470
BruceBAD/general/Ascii/Win_HID_MonaLisa/MonaLisa.txt	general	txt	8589
BruceBAD/general/Defeat_Defender/payload.txt	general	txt	942
BruceBAD/general/Unix-like/Osx/Open4Gmail/payload.txt	general	txt	470
BruceBAD/general/Win/Flip-PineApple/PineApple-KeyInjection.txt	general	txt	1874
BruceBAD/general/Win/Flip-PineApple/PineApple.txt	general	txt	864
BruceBAD/general/Win/Flip-PineApple/PineApple.ps1	general	ps1	1276
BruceBAD/general/Win/Win_HID_MonaLisa/MonaLisa.txt	general	txt	8589
BruceBAD/general/Win/Flip-Subscribe/IWR-Subscribe.txt	general	txt	551
BruceBAD/general/Win/Flip-Subscribe/Subscribe.txt	general	txt	809
BruceBAD/general/Win/Flip-Subscribe/Subscribe.ps1	general	ps1	3807
BruceBAD/general/Win/Canary_Duck/payload.txt	general	txt	735
BruceBAD/general/Win/Water-UnMark/payload.txt	general	txt	517
BruceBAD/general/Win/Hotfix_Warning/payload.txt	general	txt	560
BruceBAD/general/Disable_Windows_Defender/payload.txt	general	txt	747
BruceBAD/general/Canary_Duck/payload.txt	general	txt	735
BruceBAD/general/Hotfix_Warning/payload.txt	general	txt	560
BruceBAD/general/-RD-Subscribe/Subscribe.txt	general	txt	794
BruceBAD/general/-RD-Subscribe/Subscribe.ps1	general	ps1	3807
BruceBAD/general/-RD-Subscribe/payload.txt	general	txt	533
BruceBAD/general/-RD-PineApple/PineApple-KeyInjection.txt	general	txt	1857
BruceBAD/general/-RD-PineApple/payload.txt	general	txt	853
BruceBAD/general/-RD-PineApple/PineApple.ps1	general	ps1	1276
BruceBAD/general/Disable-Windows-Defender-Permanently/payload.txt	general	txt	1533
BruceBAD/DevilsCupid/devilsCupid.ps1	DevilsCupid	ps1	6158
BruceBAD/DevilsCupid/sourceCode.txt	DevilsCupid	txt	398
BruceBAD/Randomizing_User-Agent_in_Google_Chrome/script.sh	Randomizing_User-Agent_in_Google_Chrome	sh	805
BruceBAD/Randomizing_User-Agent_in_Google_Chrome/payload.txt	Randomizing_User-Agent_in_Google_Chrome	txt	2767
BruceBAD/GUI SPACE REPEAT/GUI SPACE REPEAT.txt	GUI SPACE REPEAT	txt	90
BruceBAD/Discord-CLI/Discord-CLI.txt	Discord-CLI	txt	2051
BruceBAD/Discord-CLI/Discord-CLI-Hidden.txt	Discord-CLI	txt	2483
BruceBAD/-RD-Credz-Plz/Credz-Plz.ps1	-RD-Credz-Plz	ps1	7999
BruceBAD/-RD-Credz-Plz/Credz-Plz-Execute.txt	-RD-Credz-Plz	txt	610
BruceBAD/Wifi-Networks-to-Discord/Discord-WiFi-Grabber.txt	Wifi-Networks-to-Discord	txt	517
BruceBAD/Wifi-Networks-to-Discord/main.ps1	Wifi-Networks-to-Discord	ps1	1365
BruceBAD/-RD-Wallpaper-Troll/Wallpaper-Troll.ps1	-RD-Wallpaper-Troll	ps1	15111
BruceBAD/-RD-Wallpaper-Troll/payload.txt	-RD-Wallpaper-Troll	txt	978
BruceBAD/-RD-SafeHaven/SafeHaven.txt	-RD-SafeHaven	txt	1266
BruceBAD/Exfiltrate-to-Dropbox/Exfiltrate-to-Dropbox.txt	Exfiltrate-to-Dropbox	txt	630
BruceBAD/Exfiltrate-to-Dropbox/main.ps1	Exfiltrate-to-Dropbox	ps1	1161
BruceBAD/Open_Link/payload.txt	Open_Link	txt	424
BruceBAD/Win10-Phishing/Fake-Windows-10-Logon.txt	Win10-Phishing	txt	616
BruceBAD/Win10-Phishing/main.ps1	Win10-Phishing	ps1	10404
BruceBAD/NTLM_ducky/payload.txt	NTLM_ducky	txt	2500
BruceBAD/Win11-Phishing/Fake-Windows-11-Logon.txt	Win11-Phishing	txt	616
BruceBAD/Win11-Phishing/main.ps1	Win11-Phishing	ps1	9967
BruceBAD/Multi_HID_The-Penny-Drops/Payload.txt	Multi_HID_The-Penny-Drops	txt	8517
BruceBAD/detect_ready/detect_ready.txt	detect_ready	txt	729
BruceBAD/This_damn_shell_doesn_t_work___so_sad!/payload.txt	This_damn_shell_doesn_t_work___so_sad!	txt	1787
BruceBAD/my-flipper-shits/badusb/NullSec-CloudHarvester/payload.txt	my-flipper-shits	txt	3799
BruceBAD/my-flipper-shits/badusb/NullSec-PersistPlant/payload.txt	my-flipper-shits	txt	3660
BruceBAD/my-flipper-shits/badusb/NullSec-LinuxRecon/payload.txt	my-flipper-shits	txt	4900
BruceBAD/my-flipper-shits/GNU-Linux/Incident_Response/Linux_IOC_Scanner/payload.txt	my-flipper-shits	txt	8930
BruceBAD/my-flipper-shits/GNU-Linux/Incident_Response/Linux_Forensic_Triage_Collector/payload.txt	my-flipper-shits	txt	6822
BruceBAD/my-flipper-shits/GNU-Linux/Incident_Response/Linux_Persistence_Hunter/payload.txt	my-flipper-shits	txt	9872
BruceBAD/my-flipper-shits/Windows/Prank/Follow_Someone_On_Instagram/payload.txt	my-flipper-shits	txt	1752
BruceBAD/RegDoor/payload.txt	RegDoor	txt	262
BruceBAD/DNS-TXT-CommandInjection/DNS-TXT-CommandInjection.txt	DNS-TXT-CommandInjection	txt	2030
BruceBAD/DNS-TXT-CommandInjection/powershellReverseShellOne-liner.ps1	DNS-TXT-CommandInjection	ps1	743
BruceBAD/termBomb/payload.txt	termBomb	txt	1705
BruceBAD/VillainShellviaNGROKTunnel/payload.txt	VillainShellviaNGROKTunnel	txt	1702
BruceBAD/Computer-Acid/Computer-ACID-Prank.txt	Computer-Acid	txt	491
BruceBAD/Exfiltrate_Windows_Product_Key/payload.txt	Exfiltrate_Windows_Product_Key	txt	3064
BruceBAD/Same_File_Name_Prank/payload.txt	Same_File_Name_Prank	txt	8071
BruceBAD/Talking_Duck/payload.txt	Talking_Duck	txt	1047
BruceBAD/cApS-Troll/a.ps1	cApS-Troll	ps1	486
BruceBAD/cApS-Troll/payload.txt	cApS-Troll	txt	576
BruceBAD/Physical_Rick_Roll/payload.txt	Physical_Rick_Roll	txt	1099
BruceBAD/Unsaved-Notepad-to-Discord/Notepad-Tabs-to-Discord.txt	Unsaved-Notepad-to-Discord	txt	633
BruceBAD/Unsaved-Notepad-to-Discord/main.ps1	Unsaved-Notepad-to-Discord	ps1	2902
BruceBAD/Rick_Rolling_Forever/payload.txt	Rick_Rolling_Forever	txt	907
BruceBAD/The_Mouse_Moves_By_Itself/payload.txt	The_Mouse_Moves_By_Itself	txt	833
BruceBAD/The_Mouse_Moves_By_Itself/script.py	The_Mouse_Moves_By_Itself	py	357
BruceBAD/AUTOinCORRECT/payload.txt	AUTOinCORRECT	txt	763
BruceBAD/ChromebookProvisioning/payload.txt	ChromebookProvisioning	txt	1324
BruceBAD/duckin8or/payload.txt	duckin8or	txt	21786
BruceBAD/Try_To_Catch_Me/payload.txt	Try_To_Catch_Me	txt	759
BruceBAD/Try_To_Catch_Me/script.py	Try_To_Catch_Me	py	4480
BruceBAD/URL-spam-sms/URL-spam-sms.txt	URL-spam-sms	txt	257
BruceBAD/Android_top65_4digit_pin_bf/Android_top65_4digit_pin_bf.txt	Android_top65_4digit_pin_bf	txt	4897
BruceBAD/-RD-Russian-Roulette/russianroulette.ps1	-RD-Russian-Roulette	ps1	3930
BruceBAD/-RD-Russian-Roulette/payload.txt	-RD-Russian-Roulette	txt	1845
BruceBAD/CartmanSong/CartmanSong.txt	CartmanSong	txt	200
BruceBAD/hak5-official/library/general/Ascii/Win_HID_MonaLisa/MonaLisa.txt	hak5-official	txt	8763
BruceBAD/hak5-official/library/general/EngagementDucky/payload.txt	hak5-official	txt	2991
BruceBAD/hak5-official/library/general/HostinfoGenerator/payload.txt	hak5-official	txt	10082
BruceBAD/hak5-official/library/general/Water-UnMark/payload.txt	hak5-official	txt	545
BruceBAD/hak5-official/library/general/1_Script_to_Rule_Them_All/payload.txt	hak5-official	txt	10748
BruceBAD/hak5-official/library/general/-RD-Subscribe/Subscribe.txt	hak5-official	txt	826
BruceBAD/hak5-official/library/general/USB-Poison/USB-Poison.txt	hak5-official	txt	2004
BruceBAD/hak5-official/library/general/USB-Poison/USB-Poison-Hidden.txt	hak5-official	txt	2436
BruceBAD/hak5-official/library/prank/MOAA/payload.txt	hak5-official	txt	1278
BruceBAD/hak5-official/library/prank/MEMZ-with-Powershell/Powershell-MEMZ.ps1	hak5-official	ps1	12072
BruceBAD/hak5-official/library/prank/D-Hack/prank.ps1	hak5-official	ps1	19065
BruceBAD/hak5-official/library/prank/D-Hack/run_hidden.vbs	hak5-official	vbs	359
BruceBAD/hak5-official/library/prank/D-Hack/payload.txt	hak5-official	txt	712
BruceBAD/hak5-official/library/prank/cApS-Troll/a.ps1	hak5-official	ps1	502
BruceBAD/hak5-official/library/prank/cApS-Troll/payload.txt	hak5-official	txt	594
BruceBAD/hak5-official/library/prank/RanFunWare/r.ps1	hak5-official	ps1	1875
BruceBAD/hak5-official/library/prank/RanFunWare/payload.txt	hak5-official	txt	579
BruceBAD/hak5-official/library/prank/-RD-ADV-RickRoll/ADV-RickRoll.txt	hak5-official	txt	909
BruceBAD/hak5-official/library/prank/Win_PoSH_DesktopDuck/DesktopDuck.ps1	hak5-official	ps1	8027
BruceBAD/hak5-official/library/prank/Win_PoSH_DesktopDuck/payload.txt	hak5-official	txt	315
BruceBAD/hak5-official/library/prank/-RD-Rage-PopUps/Rage-PopUps.ps1	hak5-official	ps1	4733
BruceBAD/hak5-official/library/prank/-RD-JumpScare/JumpScare.ps1	hak5-official	ps1	9249
BruceBAD/hak5-official/library/prank/PUBLIC-SERVICE-ANNOUNCEMENT/a_friendly_psa.txt	hak5-official	txt	1317
BruceBAD/hak5-official/library/prank/-RD-We-Found-You/found-you.ps1	hak5-official	ps1	7810
BruceBAD/hak5-official/library/prank/SoundChangeDuck/payload.txt	hak5-official	txt	597
BruceBAD/hak5-official/library/incident_response/GoodUSB/payload.txt	hak5-official	txt	1751
BruceBAD/hak5-official/library/incident_response/Global-Powershell-Logging/Global-Powershell-Logging.ps1	hak5-official	ps1	2148
BruceBAD/hak5-official/library/incident_response/Global-Powershell-Logging/Payload.txt	hak5-official	txt	1433
BruceBAD/hak5-official/library/mobile/Android/Brisket_Breacher/payload.txt	hak5-official	txt	1596
BruceBAD/hak5-official/library/mobile/Android/PlunderPIN/payload.txt	hak5-official	txt	1472
BruceBAD/hak5-official/library/mobile/Android/Android_HID_BruteForceCode/BruteForce4.txt	hak5-official	txt	8068
BruceBAD/hak5-official/library/mobile/Android/Android_HID_BruteForceCode/BruteForce4Backspace.txt	hak5-official	txt	7669
BruceBAD/hak5-official/library/execution/Win_HID_InvisableDesktopFolder/payload.txt	hak5-official	txt	1797
BruceBAD/hak5-official/library/execution/Win_Get-TrustedInstaller/TrustedInstaller.ps1	hak5-official	ps1	3233
BruceBAD/hak5-official/library/execution/Evilen_Froggin/payload.txt	hak5-official	txt	2873
BruceBAD/hak5-official/library/exfiltration/Copy-And-Waste/payload.txt	hak5-official	txt	811
BruceBAD/hak5-official/library/exfiltration/Vault_Exfiltrator/payload.txt	hak5-official	txt	1655
BruceBAD/hak5-official/library/exfiltration/Powershell-History/payload.txt	hak5-official	txt	616
BruceBAD/hak5-official/library/exfiltration/Powershell-History/PH.ps1	hak5-official	ps1	1801
BruceBAD/hak5-official/library/exfiltration/Screen-Shock/c.ps1	hak5-official	ps1	1829
BruceBAD/hak5-official/library/exfiltration/Win_PoSH_MorseCode/MorseCodeFileExfiltration.ps1	hak5-official	ps1	1281
BruceBAD/hak5-official/library/exfiltration/ClipBoard-Creep/payload.txt	hak5-official	txt	6941
BruceBAD/hak5-official/library/exfiltration/Exfiltrate_SSH_Key_and_Cert_multiOS/windows_payload.txt	hak5-official	txt	2224
BruceBAD/hak5-official/library/exfiltration/Exfiltrate_SSH_Key_and_Cert_multiOS/macos_payload.txt	hak5-official	txt	1751
BruceBAD/hak5-official/library/exfiltration/Exfiltrate_SSH_Key_and_Cert_multiOS/linux_payload.txt	hak5-official	txt	1885
BruceBAD/hak5-official/library/exfiltration/Exfiltrate_SSH_Key_and_Cert_multiOS/payload.txt	hak5-official	txt	14248
BruceBAD/hak5-official/library/exfiltration/Google-Exfil/payload.ps1	hak5-official	ps1	3780
BruceBAD/hak5-official/library/exfiltration/Google-Exfil/payload.txt	hak5-official	txt	1253
BruceBAD/hak5-official/library/exfiltration/Printer-Recon/payload.txt	hak5-official	txt	697
BruceBAD/hak5-official/library/exfiltration/Priv-Paths/payload.txt	hak5-official	txt	832
BruceBAD/hak5-official/library/exfiltration/Windows-Privilege-Excalibur/payload.txt	hak5-official	txt	4667
BruceBAD/hak5-official/library/exfiltration/lin-icmp_timing-based-data-exfiltration/payload.sh	hak5-official	sh	1254
BruceBAD/hak5-official/library/exfiltration/lin-icmp_timing-based-data-exfiltration/decode.sh	hak5-official	sh	1075
BruceBAD/hak5-official/library/exfiltration/lin-icmp_timing-based-data-exfiltration/payload.txt	hak5-official	txt	836
BruceBAD/hak5-official/library/exfiltration/Spotify-Spy/payload.txt	hak5-official	txt	660
BruceBAD/hak5-official/library/exfiltration/Spotify-Spy/SS.ps1	hak5-official	ps1	1441
BruceBAD/hak5-official/library/exfiltration/SecretFileList/payload.txt	hak5-official	txt	1520
BruceBAD/hak5-official/library/exfiltration/Proton-Hog/s.ps1	hak5-official	ps1	1490
BruceBAD/hak5-official/library/exfiltration/Proton-Hog/payload.txt	hak5-official	txt	640
BruceBAD/hak5-official/library/exfiltration/Win_Hid_ImgOverKey/payload.txt	hak5-official	txt	1910
BruceBAD/hak5-official/library/exfiltration/HashDumpDucky/payload.txt	hak5-official	txt	7767
BruceBAD/hak5-official/library/exfiltration/Windows-Product-Key-Grabber/payload.txt	hak5-official	txt	4563
BruceBAD/hak5-official/library/exfiltration/FileHunter/payload.txt	hak5-official	txt	3581
BruceBAD/hak5-official/library/remote_access/PingZhellDucky/payload.txt	hak5-official	txt	3888
BruceBAD/hak5-official/library/remote_access/ReverseDuckyUltimate/payload.txt	hak5-official	txt	16843
BruceBAD/hak5-official/library/remote_access/Discord-CLI/Discord-CLI.txt	hak5-official	txt	2097
BruceBAD/hak5-official/library/remote_access/Discord-CLI/Discord-CLI-Hidden.txt	hak5-official	txt	2529
BruceBAD/hak5-official/library/remote_access/ReverseDuckyII/ReverseDuckyII.txt	hak5-official	txt	2488
BruceBAD/hak5-official/library/remote_access/ReverseDucky/ReverseDucky.txt	hak5-official	txt	1805
BruceBAD/hak5-official/library/recon/Vault_Scanner/Vault_Scanner.ps1	hak5-official	ps1	3820
BruceBAD/hak5-official/library/recon/Vault_Scanner/payload.txt	hak5-official	txt	737
BruceBAD/hak5-official/library/recon/NullSec-SystemProfiler/payload.txt	hak5-official	txt	5776
BruceBAD/hak5-official/library/recon/Screenshare-Over-LAN/Screenshare-Over-LAN.ps1	hak5-official	ps1	7004
BruceBAD/hak5-official/library/recon/NullSec-SysEnum/payload.txt	hak5-official	txt	3011
BruceBAD/hak5-official/library/recon/x-frame-options_scanner/recon_files/assets/js/constants.js	hak5-official	js	122
BruceBAD/hak5-official/library/recon/NullSec-NetworkMapper/payload.txt	hak5-official	txt	5157
BruceBAD/hak5-official/library/recon/VM-Detection-Report/VM-Detection-Report.ps1	hak5-official	ps1	17926
BruceBAD/hak5-official/library/recon/VM-Detection-Report/Payload.txt	hak5-official	txt	1465
BruceBAD/hak5-official/library/recon/Tree_of_Knowledge/-RD-ADV-Recon/ADV-Recon.ps1	hak5-official	ps1	20881
BruceBAD/hak5-official/library/credentials/WindowsLicenseKeyExfiltration/WindowsLicenseKeyExfiltration.txt	hak5-official	txt	6122
BruceBAD/hak5-official/library/credentials/NullSec-WifiExfil/payload.txt	hak5-official	txt	1442
BruceBAD/hak5-official/library/credentials/WLAN-Windows-Passwords/v.2.0_by_truelockmc/script.ps1	hak5-official	ps1	2282
BruceBAD/hak5-official/library/credentials/DevilsCupid/devilsCupid.ps1	hak5-official	ps1	7259
BruceBAD/hak5-official/library/credentials/Local_WLAN_Borrower/1.ps1	hak5-official	ps1	1514
BruceBAD/hak5-official/library/credentials/BitLockerKeyDump/payload.txt	hak5-official	txt	5829
BruceBAD/hak5-official/extensions/community/SAVE_FILES_IN_RUBBER_DUCKY_STORAGE/SAVE_FILES_IN_RUBBER_DUCKY_STORAGE_WINDOWS.txt	hak5-official	txt	2928
BruceBAD/windows_hid_exfil/windows_hid_exfil.txt	windows_hid_exfil	txt	2681
BruceBAD/fake-update/fake-update.txt	fake-update	txt	373
BruceBAD/Explorerspam/Explorerspam.txt	Explorerspam	txt	21
BruceBAD/Uninstall_A_Specific_App_On_Windows_Through_Control_Panel/payload.txt	Uninstall_A_Specific_App_On_Windows_Through_Control_Panel	txt	1816
BruceBAD/GoodUSB/payload.txt	GoodUSB	txt	1696
BruceBAD/GoodUSB/GoodUSB.txt	GoodUSB	txt	1697
BruceBAD/Install_Any_Arbitrary_VSCode_Extension/payload.txt	Install_Any_Arbitrary_VSCode_Extension	txt	2923
BruceBAD/Explorer-spam/Explorer-spam.txt	Explorer-spam	txt	21
BruceBAD/MaxVolumeRickroll_Windows/payload.txt	MaxVolumeRickroll_Windows	txt	474
BruceBAD/SendSignalMessages/payload.txt	SendSignalMessages	txt	1129
BruceBAD/US-Keyboard-Layout/main.ps1	US-Keyboard-Layout	ps1	900
BruceBAD/US-Keyboard-Layout/US-Keyboard.txt	US-Keyboard-Layout	txt	440
BruceBAD/Set_An_Arbitrary_And_Persistent_Tor_Circuit/payload.txt	Set_An_Arbitrary_And_Persistent_Tor_Circuit	txt	3966
BruceBAD/x-frame-options_scanner/payload.txt	x-frame-options_scanner	txt	951
BruceBAD/x-frame-options_scanner/recon_files/assets/js/constants.js	x-frame-options_scanner	js	121
BruceBAD/x-frame-options_scanner/recon_files/assets/js/main.js	x-frame-options_scanner	js	119
BruceBAD/x-frame-options_scanner/recon_files/assets/js/functions/targets.js	x-frame-options_scanner	js	578
BruceBAD/x-frame-options_scanner/recon_files/assets/js/functions/recon.js	x-frame-options_scanner	js	497
BruceBAD/x-frame-options_scanner/recon_files/assets/js/functions/sleep.js	x-frame-options_scanner	js	119
BruceBAD/Shortcut-Spam/Desktop-Shortcut-Spam.txt	Shortcut-Spam	txt	463
BruceBAD/Shortcut-Spam/main.ps1	Shortcut-Spam	ps1	515
BruceBAD/UninstallSignal/payload.txt	UninstallSignal	txt	730
BruceBAD/Wifi-Stealer-Discord-Improved/Wifi-Stealer-Discord-Improved.txt	Wifi-Stealer-Discord-Improved	txt	2031
BruceBAD/NSHELL/Payload.txt.txt	NSHELL	txt	1024
BruceBAD/ExfiltrateWiFiPasswords_Linux/script.sh	ExfiltrateWiFiPasswords_Linux	sh	243
BruceBAD/ExfiltrateWiFiPasswords_Linux/payload.txt	ExfiltrateWiFiPasswords_Linux	txt	2590
BruceBAD/Public-IP-Grabber/payload.txt	Public-IP-Grabber	txt	539
BruceBAD/Hasta lasagna!/Hasta Lasagna.ps1	Hasta lasagna!	ps1	4458
BruceBAD/Hasta lasagna!/payload.txt	Hasta lasagna!	txt	616
BruceBAD/UBGZ_Was_Here/UBGZ_Was_Here.txt	UBGZ_Was_Here	txt	693
BruceBAD/chromeOS/arabic.txt	chromeOS	txt	634
BruceBAD/chromeOS/brainly.txt	chromeOS	txt	328
BruceBAD/chromeOS/shutdowninput.txt	chromeOS	txt	351
BruceBAD/chromeOS/signout.txt	chromeOS	txt	223
BruceBAD/chromeOS/croshrollback.txt	chromeOS	txt	558
BruceBAD/chromeOS/signoutinput.txt	chromeOS	txt	283
BruceBAD/chromeOS/shutdown.txt	chromeOS	txt	273
BruceBAD/chromeOS/closetest.txt	chromeOS	txt	232
BruceBAD/chromeOS/langfuck.txt	chromeOS	txt	1416
BruceBAD/chromeOS/wip/ROLLBACKNEW.txt	chromeOS	txt	460
BruceBAD/chromeOS/wip/closetestnew.txt	chromeOS	txt	203
BruceBAD/chromeOS/wip/arabicnew.txt	chromeOS	txt	474
BruceBAD/chromeOS/wip/brainynew.txt	chromeOS	txt	258
BruceBAD/Clean-History/Clean-History.txt	Clean-History	txt	548
BruceBAD/Clean-History/main.ps1	Clean-History	ps1	381
BruceBAD/open_website_android/open_website_android.txt	open_website_android	txt	196
BruceBAD/Tests/test-suite.txt	Tests	txt	19380
BruceBAD/Change Wallpaper With Screenshot/payload.txt	Change Wallpaper With Screenshot	txt	977
BruceBAD/Change Wallpaper With Screenshot/script.py	Change Wallpaper With Screenshot	py	631
BruceBAD/Telegram-Keylogger/Keylogger-to-Telegram.txt	Telegram-Keylogger	txt	620
BruceBAD/Bash-History/payload.txt	Bash-History	txt	716
BruceBAD/Google-Phishing/Google-Phish-to-Discord.txt	Google-Phishing	txt	543
BruceBAD/Google-Phishing/main.ps1	Google-Phishing	ps1	12820
BruceBAD/RickRoll (Basic)/RickRoll (Basic).txt	RickRoll (Basic)	txt	241
BruceBAD/The_Matrix-Wake_Up/payload.txt	The_Matrix-Wake_Up	txt	1720
BruceBAD/ashtree/shell.ps1	ashtree	ps1	1459
BruceBAD/ashtree/payload.txt	ashtree	txt	1409
BruceBAD/win_winrm-backdoor/payload.txt	win_winrm-backdoor	txt	2022
BruceBAD/Google-Exfil/payload.ps1	Google-Exfil	ps1	3651
BruceBAD/Google-Exfil/payload.txt	Google-Exfil	txt	1223
BruceBAD/Wallpaper-Jumpscare/Wallpaper-Jumpscare.txt	Wallpaper-Jumpscare	txt	509
BruceBAD/Wallpaper-Jumpscare/main.ps1	Wallpaper-Jumpscare	ps1	670
BruceBAD/MacOS-Remap-Dvorak/payload.txt	MacOS-Remap-Dvorak	txt	3830
BruceBAD/Wifi-Stealer_ORG/Wifi-Stealer_ORG.txt	Wifi-Stealer_ORG	txt	994
BruceBAD/RickRoll_CMD_Win/RickRoll_CMD_Win.txt	RickRoll_CMD_Win	txt	223
BruceBAD/Storage Activity/Storage-Activity-example1.txt	Storage Activity	txt	685
BruceBAD/Storage Activity/Storage-Activity-example2.txt	Storage Activity	txt	623
BruceBAD/Holding Keys/Holding-Keys-example1.txt	Holding Keys	txt	928
BruceBAD/Holding Keys/Holding-Keys-example2.txt	Holding Keys	txt	166
BruceBAD/Holding Keys/Holding-Keys-example3.txt	Holding Keys	txt	565
BruceBAD/Mail-Grabber/payload.txt	Mail-Grabber	txt	798
BruceBAD/WIFIPASS-to-Dropbox/payload.txt	WIFIPASS-to-Dropbox	txt	1689
BruceBAD/Flip-Subscribe/IWR-Subscribe.txt	Flip-Subscribe	txt	551
BruceBAD/Flip-Subscribe/Subscribe.txt	Flip-Subscribe	txt	809
BruceBAD/Flip-Subscribe/Subscribe.ps1	Flip-Subscribe	ps1	3807
BruceBAD/RickRoll_ASCII/payload.txt	RickRoll_ASCII	txt	7475
BruceBAD/RickRoll_Term_OSX/RickRoll_Term_OSX.txt	RickRoll_Term_OSX	txt	230
BruceBAD/Blockator/Blockator.txt	Blockator	txt	66
BruceBAD/Party_Parrot_Win/Party_Parrot_Win.txt	Party_Parrot_Win	txt	733
BruceBAD/NoMoreIcons/payload.txt	NoMoreIcons	txt	220
BruceBAD/CYE_Was_Here/CYE_Was_Here.txt	CYE_Was_Here	txt	466
BruceBAD/Discord_FAQ/My_Flip_Repo.txt	Discord_FAQ	txt	285
BruceBAD/Discord_FAQ/HW_Trouble.txt	Discord_FAQ	txt	167
BruceBAD/Discord_FAQ/RM_FW_DL.txt	Discord_FAQ	txt	289
BruceBAD/Discord_FAQ/Newbie_Guide.txt	Discord_FAQ	txt	167
BruceBAD/ReverseDuckyII/ReverseDuckyII.txt	ReverseDuckyII	txt	2417
BruceBAD/ChangeGitRemoteLink/payload.txt	ChangeGitRemoteLink	txt	1199
BruceBAD/blue-screen/blue-screen.txt	blue-screen	txt	1573
BruceBAD/Send_Messages_In_Discord_Channel-Server/payload.txt	Send_Messages_In_Discord_Channel-Server	txt	1193
BruceBAD/Uvnc-Remote-Desktop/main.ps1	Uvnc-Remote-Desktop	ps1	1186
BruceBAD/Uvnc-Remote-Desktop/Uvnc-Remote-Desktop.txt	Uvnc-Remote-Desktop	txt	566
BruceBAD/Funni_Stick_V3/README.txt	Funni_Stick_V3	txt	1308
BruceBAD/Auto-Check_Cisco_IOS_XE_Backdoor_based_on_CVE-2023-20198_and_CVE-2023-20273/script.sh	Auto-Check_Cisco_IOS_XE_Backdoor_based_on_CVE-2023-20198_and_CVE-2023-20273	sh	826
BruceBAD/Auto-Check_Cisco_IOS_XE_Backdoor_based_on_CVE-2023-20198_and_CVE-2023-20273/payload.txt	Auto-Check_Cisco_IOS_XE_Backdoor_based_on_CVE-2023-20198_and_CVE-2023-20273	txt	3429
BruceBAD/Defend_yourself_from_CVE-2023-23397/payload.txt	Defend_yourself_from_CVE-2023-23397	txt	3019
BruceBAD/Get-Connected-USBs/Get-Connected-USBs.txt	Get-Connected-USBs	txt	501
BruceBAD/hello_os/hello_os.txt	hello_os	txt	1236
BruceBAD/PingMe/PingMe.txt	PingMe	txt	334
BruceBAD/macOS_rickroll/payload.txt	macOS_rickroll	txt	505
BruceBAD/Telegram_Persistent_Connection_Linux/connection.py	Telegram_Persistent_Connection_Linux	py	234
BruceBAD/Telegram_Persistent_Connection_Linux/payload.txt	Telegram_Persistent_Connection_Linux	txt	918
BruceBAD/iphone GUI lag out/iphone GUI lag out.txt	iphone GUI lag out	txt	11683
BruceBAD/Drop_Zip_Execute/payload.txt	Drop_Zip_Execute	txt	1451
BruceBAD/ratlocker/rat3ncrypt3r.bat	ratlocker	bat	262
BruceBAD/ratlocker/payload.txt	ratlocker	txt	3129
BruceBAD/Discord-Reverse-Shell/Discord-Reverse-Shell.txt	Discord-Reverse-Shell	txt	816
BruceBAD/Discord-Reverse-Shell/main.ps1	Discord-Reverse-Shell	ps1	6649
BruceBAD/Wifi-Stealer_Hook/Wifi-Stealer_Hook.txt	Wifi-Stealer_Hook	txt	1259
BruceBAD/Wifi_and_Show_Passwords_for_Flipper/Wifi_and_Show_Passwords_for_Flipper.txt	Wifi_and_Show_Passwords_for_Flipper	txt	1621
BruceBAD/Awesome_Flipper_OSX/Awesome_Flipper_OSX.txt	Awesome_Flipper_OSX	txt	338
BruceBAD/DuckyLogger/payload.txt	DuckyLogger	txt	3181
BruceBAD/Dump_Windows_Memory_Through_ProcDump/payload.txt	Dump_Windows_Memory_Through_ProcDump	txt	2184
BruceBAD/prank/-RD-PS-Draw/PS-Custom-Draw.ps1	prank	ps1	11892
BruceBAD/prank/-RD-PS-Draw/PS-Draw.ps1	prank	ps1	8945
BruceBAD/prank/-RD-PS-Draw/payload.txt	prank	txt	641
BruceBAD/prank/-RD-AcidBurn/AcidBurn.ps1	prank	ps1	25221
BruceBAD/prank/-RD-AcidBurn/payload.txt	prank	txt	736
BruceBAD/prank/Unix-like/OSx/Hacker_Typer/Apple.txt	prank	txt	3208
BruceBAD/prank/Unix-like/OSx/SayPoop/quack.txt	prank	txt	567
BruceBAD/prank/Unix-like/OSx/Anti-Browser/Fuck_your_tabs.txt	prank	txt	207
BruceBAD/prank/Unix-like/OSx/Anti-Browser/Efftabsbasic.txt	prank	txt	321
BruceBAD/prank/Unix-like/OSx/Anti-Browser/Fuck_your_tabs+startup.txt	prank	txt	216
BruceBAD/prank/Unix-like/OSx/Anti-Browser/Fuck_your_tabs+ALTF4+Startup.txt	prank	txt	226
BruceBAD/prank/Unix-like/OSx/Anti-Browser/Fuck_your_tabs+ALTF4.txt	prank	txt	219
BruceBAD/prank/Unix-like/OSx/Key-mapper/remap.dvorak.txt	prank	txt	3829
BruceBAD/prank/Unix-like/OSx/Key-mapper/remap.ass.txt	prank	txt	3678
BruceBAD/prank/Unix-like/OSx/Key-mapper/remap.dvorak-revert.txt	prank	txt	487
BruceBAD/prank/Unix-like/OSx/Key-mapper/remap.txt	prank	txt	646
BruceBAD/prank/Unix-like/OSx/macOS_rickroll/RickRollMac.txt	prank	txt	538
BruceBAD/prank/Unix-like/OSx/Digital_Rain/payload.txt	prank	txt	577
BruceBAD/prank/Unix-like/OSx/TerminalRickRoll/Quack.txt	prank	txt	234
BruceBAD/prank/Unix-like/OSx/TerminalRickRoll/Quackmean.txt	prank	txt	237
BruceBAD/prank/Unix-like/OSx/mac-deactivation/MacOS-Deactivate.txt	prank	txt	729
BruceBAD/prank/Unix-like/OSx/Fake_Update/Apple.txt	prank	txt	230
BruceBAD/prank/Unix-like/Chromebook/ChromeCrash.txt	prank	txt	195
BruceBAD/prank/Unix-like/Chromebook/Logout.txt	prank	txt	49
BruceBAD/prank/Unix-like/Chromebook/ChromeOS_forkbomb.txt	prank	txt	194
BruceBAD/prank/Unix-like/Chromebook/Chromebook-Language-Changer/Learn_Arabic_the_hard_way.txt	prank	txt	501
BruceBAD/prank/Unix-like/Chromebook/Chromebook-Language-Changer/English_Please.txt	prank	txt	502
BruceBAD/prank/Unix-like/iOS/RickRoll_Apple/payload.txt	prank	txt	481
BruceBAD/prank/Unix-like/Linux/Hacker_Typer/payloadTUX.txt	prank	txt	2988
BruceBAD/prank/Unix-like/Linux/Inverted_desktop_troll/Rick/quackpic.txt	prank	txt	930
BruceBAD/prank/Unix-like/Linux/Inverted_desktop_troll/Rick/quackmeanVLC.txt	prank	txt	675
BruceBAD/prank/Unix-like/Linux/Inverted_desktop_troll/Rick/quackstock.txt	prank	txt	693
BruceBAD/prank/Unix-like/Linux/Inverted_desktop_troll/Rick/quackmeanaudio.txt	prank	txt	741
BruceBAD/prank/Unix-like/Linux/Inverted_desktop_troll/Rick/quackYT.txt	prank	txt	574
BruceBAD/prank/Unix-like/Linux/Inverted_desktop_troll/Rick/quackvlc.txt	prank	txt	803
BruceBAD/prank/Unix-like/Linux/Inverted_desktop_troll/milos/quackstock.txt	prank	txt	743
BruceBAD/prank/Unix-like/Linux/Inverted_desktop_troll/milos/quackYT.txt	prank	txt	620
BruceBAD/prank/Unix-like/Linux/Inverted_desktop_troll/milos/quackvlc.txt	prank	txt	851
BruceBAD/prank/Unix-like/Linux/Inverted_desktop_troll/milos/quackmean.txt	prank	txt	719
BruceBAD/prank/Unix-like/Linux/RickRoll/Rick_Roll_linux/RickRollLinuxVLC.txt	prank	txt	574
BruceBAD/prank/Unix-like/Linux/RickRoll/Rick_Roll_linux/RickRollLinuxYT.txt	prank	txt	628
BruceBAD/prank/Unix-like/Linux/RickRoll/TerminalRickRoll/QuackTUXalt.txt	prank	txt	849
BruceBAD/prank/Unix-like/Linux/RickRoll/TerminalRickRoll/QuackTUX.txt	prank	txt	620
BruceBAD/prank/Unix-like/Linux/RickRoll/TerminalRickRoll/QuackTUXmeanalt.txt	prank	txt	1183
BruceBAD/prank/Unix-like/Linux/RickRoll/TerminalRickRoll/QuackTUXmean.txt	prank	txt	741
BruceBAD/prank/Unix-like/Linux/Activate_linux/quack.txt	prank	txt	1135
BruceBAD/prank/Unix-like/Linux/Terminal_Parrot/cacaw.txt	prank	txt	425
BruceBAD/prank/Unix-like/Linux/Anti-Browser/Fuck_your_tabs.txt	prank	txt	132
BruceBAD/prank/Unix-like/Linux/Anti-Browser/Efftabsbasic.txt	prank	txt	293
BruceBAD/prank/Unix-like/Linux/Anti-Browser/Fuck_your_tabs+startup.txt	prank	txt	141
BruceBAD/prank/Unix-like/Linux/Anti-Browser/Fuck_your_tabs+ALTF4+Startup.txt	prank	txt	151
BruceBAD/prank/Unix-like/Linux/Anti-Browser/Fuck_your_tabs+ALTF4.txt	prank	txt	144
BruceBAD/prank/Unix-like/Linux/Zacky4Ever/quackTux.txt	prank	txt	535
BruceBAD/prank/Unix-like/Linux/xeyes/quackVLC.txt	prank	txt	611
BruceBAD/prank/Unix-like/Linux/Linux_power/reboot.txt	prank	txt	52
BruceBAD/prank/Unix-like/Linux/Linux_power/shutdown.txt	prank	txt	61
BruceBAD/prank/Unix-like/Linux/Say_the_magic_word/quack.txt	prank	txt	514
BruceBAD/prank/Unix-like/Linux/Say_the_magic_word/quack_mean.txt	prank	txt	683
BruceBAD/prank/Unix-like/Android/RickRoll/android_rickroll.txt	prank	txt	86
BruceBAD/prank/Win/Hacker_Typer/payload.txt	prank	txt	2988
BruceBAD/prank/Win/CartmanSpam/CartmanSpam.txt	prank	txt	745
BruceBAD/prank/Win/You-are-an-idiot/You-are-an-idiot-web.txt	prank	txt	302
BruceBAD/prank/Win/RickRoll/Quack_Rolled/payload.txt	prank	txt	1402
BruceBAD/prank/Win/RickRoll/RickCurs/quack.txt	prank	txt	382
BruceBAD/prank/Win/RickRoll/ADV-Rickware/ADV-Rickware.txt	prank	txt	625
BruceBAD/prank/Win/RickRoll/Physical_Rick_Roll/payload.txt	prank	txt	1099
BruceBAD/prank/Win/RickRoll/Rick_Rolling_Forever/payload.txt	prank	txt	872
BruceBAD/prank/Win/RickRoll/RickRoll_ASCII/payload.txt	prank	txt	7475
BruceBAD/prank/Win/RickRoll/QuacKed_Again/payload.txt	prank	txt	874
BruceBAD/prank/Win/RickRoll/RickUpdater/payload.txt	prank	txt	1589
BruceBAD/prank/Win/RickRoll/silent_rickroll/payload.txt	prank	txt	2551
BruceBAD/prank/Win/RickRoll/ADV-RickRoll/ADV-RickRoll.txt	prank	txt	858
BruceBAD/prank/Win/RickRoll/Terminal_RickRoll/quack.txt	prank	txt	808
BruceBAD/prank/Win/Automailer/payload.txt	prank	txt	1007
BruceBAD/prank/Win/Talking_Duck/payload.txt	prank	txt	1047
BruceBAD/prank/Win/AUTOinCORRECT/payload.txt	prank	txt	763
BruceBAD/prank/Win/Play-WAV/payload.txt	prank	txt	547
BruceBAD/prank/Win/Rage-PopUps/payload.txt	prank	txt	577
BruceBAD/prank/Win/The_Matrix-Wake_Up/payload.txt	prank	txt	1680
BruceBAD/prank/Win/Win_matrix_rain/Make_it_rain.txt	prank	txt	1285
BruceBAD/prank/Win/Terminal_Parrot/cacaw.txt	prank	txt	836
BruceBAD/prank/Win/Anti-Browser/Fuck_your_tabs.txt	prank	txt	338
BruceBAD/prank/Win/Anti-Browser/Fuck_your_tabs+startup.txt	prank	txt	374
BruceBAD/prank/Win/Anti-Browser/Fuck_your_tabs+ALTF4+Startup.txt	prank	txt	403
BruceBAD/prank/Win/Anti-Browser/Fuck_your_tabs+ALTF4.txt	prank	txt	374
BruceBAD/prank/Win/No_Escape/NOEscape.txt	prank	txt	481
BruceBAD/prank/Win/Ratlocker/payload.txt	prank	txt	3129
BruceBAD/prank/Win/Win_power/reboot.txt	prank	txt	84
BruceBAD/prank/Win/Win_power/Shutdown 1min.txt	prank	txt	115
BruceBAD/prank/Win/Win_power/bootloop.txt	prank	txt	595
BruceBAD/prank/Win/Win_power/shutdown.txt	prank	txt	95
BruceBAD/prank/Win/AcidBurn/payload.txt	prank	txt	736
BruceBAD/prank/Win/Wallpaper-Troll/payload.txt	prank	txt	978
BruceBAD/prank/Win/Broken_capslock/quack.txt	prank	txt	245
BruceBAD/prank/Win/Broken_capslock/quackmean.txt	prank	txt	286
BruceBAD/prank/Win/Silly_Mouse/quack.txt	prank	txt	971
BruceBAD/prank/Win/Silly_Mouse/quack2.txt	prank	txt	1514
BruceBAD/prank/Win/YouHaveBeenQuacked2.0/payload.txt	prank	txt	1096
BruceBAD/prank/Win/Lol_killer/payload.txt	prank	txt	460
BruceBAD/prank/Win/We-Found-You/FoundYou.txt	prank	txt	708
BruceBAD/prank/Win/Always-Minimize/payload.txt	prank	txt	961
BruceBAD/prank/Win/Fake_Update/browser/Win7.txt	prank	txt	148
BruceBAD/prank/Win/Fake_Update/browser/Win10.txt	prank	txt	154
BruceBAD/prank/Win/Fake_Update/exe/Fake Update.txt	prank	txt	1117
BruceBAD/prank/Win/JumpScare/payload.txt	prank	txt	1047
BruceBAD/prank/Win/ProcessTerminator/payload.txt	prank	txt	406
BruceBAD/prank/Win/A_Cagey_Takeover/payload.txt	prank	txt	1787
BruceBAD/prank/Win/SoundChangeDuck/payload.txt	prank	txt	586
BruceBAD/prank/-RD-JumpScare/JumpScare.ps1	prank	ps1	9032
BruceBAD/prank/-RD-JumpScare/payload.txt	prank	txt	1047
BruceBAD/Set_Tor_Bridge_In_Windows/payload.txt	Set_Tor_Bridge_In_Windows	txt	1668
BruceBAD/Telegram-Infostealer/main.ps1	Telegram-Infostealer	ps1	15186
BruceBAD/Telegram-Infostealer/System-Info-to-Telegram.txt	Telegram-Infostealer	txt	608
BruceBAD/ChangeMacAddress_Linux/payload.txt	ChangeMacAddress_Linux	txt	1306
BruceBAD/RickRoll_Apple/payload.txt	RickRoll_Apple	txt	466
BruceBAD/self_destruct/self_destruct.txt	self_destruct	txt	2535
BruceBAD/Win_HID_InvisableDesktopFolder/payload.txt	Win_HID_InvisableDesktopFolder	txt	1707
BruceBAD/Printer-Recon/PR.ps1	Printer-Recon	ps1	1393
BruceBAD/Printer-Recon/payload.txt	Printer-Recon	txt	677
BruceBAD/Win_Get-TrustedInstaller/TrustedInstaller.ps1	Win_Get-TrustedInstaller	ps1	3154
BruceBAD/Win_Get-TrustedInstaller/payload.txt	Win_Get-TrustedInstaller	txt	1229
BruceBAD/Windows-Idiot-Prank/Windows-Idiot-Prank.txt	Windows-Idiot-Prank	txt	449
BruceBAD/Windows-Idiot-Prank/idiot.vbs	Windows-Idiot-Prank	vbs	243
BruceBAD/Windows-Idiot-Prank/main.ps1	Windows-Idiot-Prank	ps1	4221
BruceBAD/Stop_A_Single_Process_In_Windows/payload.txt	Stop_A_Single_Process_In_Windows	txt	1091
BruceBAD/Digital_Rain/payload.txt	Digital_Rain	txt	549
BruceBAD/IOS/TextSomeOne/Text_Someone_Message_With_iPhone.txt	IOS	txt	378
BruceBAD/IOS/Prank/Edit_A_Reminder_With_An_iPhone/payload.txt	IOS	txt	1129
BruceBAD/IOS/Prank/Play_A_Song_With_An_iPhone/payload.txt	IOS	txt	807
BruceBAD/IOS/Prank/Call_Someone_With_An_iPhone/payload.txt	IOS	txt	896
BruceBAD/IOS/Prank/Delete_A_Reminder_With_An_iPhone/payload.txt	IOS	txt	1039
BruceBAD/IOS/BadOS/Not MY TABS.txt	IOS	txt	97
BruceBAD/IOS/BadOS/CAUGHT IN 4K.txt	IOS	txt	328
BruceBAD/IOS/BadOS/Text someone.txt	IOS	txt	307
BruceBAD/IOS/BadOS/Keyboard Access.txt	IOS	txt	294
BruceBAD/IOS/BadOS/Tab Flooder.txt	IOS	txt	71
BruceBAD/IOS/BadOS/Text Spammer.txt	IOS	txt	174
BruceBAD/IOS/BadOS/My Last Picture.txt	IOS	txt	731
BruceBAD/IOS/BadOS/RLSWIPER.txt	IOS	txt	878
BruceBAD/IOS/BadOS/OMFGDOGS.txt	IOS	txt	184
BruceBAD/IOS/BadOS/Tab Viewer.txt	IOS	txt	954
BruceBAD/IOS/Execution/Text_Someone_Message_With_iPhone-by_bst04/Text_Someone_Message_With_iPhone.txt	IOS	txt	378
BruceBAD/IOS/BadOS TEST Misc Tools/Down Scroller.txt	IOS	txt	428
BruceBAD/IOS/BadOS TEST Misc Tools/Web Tool.txt	IOS	txt	125
BruceBAD/IOS/BadOS TEST Misc Tools/App selecter.txt	IOS	txt	215
BruceBAD/IOS/BadOS TEST Misc Tools/Spotify Next Song.txt	IOS	txt	140
BruceBAD/IOS/BadOS TEST Misc Tools/Switch App.txt	IOS	txt	7
BruceBAD/IOS/BadOS TEST Misc Tools/History Viewer.txt	IOS	txt	155
BruceBAD/passive_windows_detect/passive_windows_detect.txt	passive_windows_detect	txt	1222
BruceBAD/Open_website/Open_website.txt	Open_website	txt	204
BruceBAD/Local_WLAN_Borrower/1.ps1	Local_WLAN_Borrower	ps1	1465
BruceBAD/Local_WLAN_Borrower/payload.txt	Local_WLAN_Borrower	txt	2264
BruceBAD/265_4_Digit_Pin_BF/265_4_Digit_Pin_BF.txt	265_4_Digit_Pin_BF	txt	10492
BruceBAD/QuacKed_Again/payload.txt	QuacKed_Again	txt	874
BruceBAD/Edit_A_Reminder_On_An_iPhone/payload.txt	Edit_A_Reminder_On_An_iPhone	txt	1100
BruceBAD/Jakoby_BadUSB/unload.ps1	Jakoby_BadUSB	ps1	530
BruceBAD/Jakoby_BadUSB/Payloads/kiosk-evasion-payload.txt	Jakoby_BadUSB	txt	5196
BruceBAD/Jakoby_BadUSB/Payloads/Flip-BrowserData/browserData.txt	Jakoby_BadUSB	txt	639
BruceBAD/Jakoby_BadUSB/Payloads/Flip-BrowserData/browserData.ps1	Jakoby_BadUSB	ps1	4137
BruceBAD/Jakoby_BadUSB/Payloads/Flip-PineApple/PineApple-KeyInjection.txt	Jakoby_BadUSB	txt	1874
BruceBAD/Jakoby_BadUSB/Payloads/Flip-PineApple/PineApple.txt	Jakoby_BadUSB	txt	864
BruceBAD/Jakoby_BadUSB/Payloads/Flip-PineApple/PineApple.ps1	Jakoby_BadUSB	ps1	1276
BruceBAD/Jakoby_BadUSB/Payloads/Flip-JumpScare-2.0/JumpScare2.0.txt	Jakoby_BadUSB	txt	698
BruceBAD/Jakoby_BadUSB/Payloads/Flip-JumpScare/JumpScare.txt	Jakoby_BadUSB	txt	925
BruceBAD/Jakoby_BadUSB/Payloads/Flip-JumpScare/JumpScare.ps1	Jakoby_BadUSB	ps1	9031
BruceBAD/Jakoby_BadUSB/Payloads/Flip-Rage-PopUps/Rage-PopUps.txt	Jakoby_BadUSB	txt	592
BruceBAD/Jakoby_BadUSB/Payloads/Flip-Rage-PopUps/Rage-PopUps.ps1	Jakoby_BadUSB	ps1	4666
BruceBAD/Jakoby_BadUSB/Payloads/Flip-WallPaper-URL/Wallpaper-URL.ps1	Jakoby_BadUSB	ps1	2630
BruceBAD/Jakoby_BadUSB/Payloads/Flip-WallPaper-URL/Wallpaper-URL.txt	Jakoby_BadUSB	txt	612
BruceBAD/Jakoby_BadUSB/Payloads/Flip-Play-WAV/Play-WAV.ps1	Jakoby_BadUSB	ps1	5816
BruceBAD/Jakoby_BadUSB/Payloads/Flip-Play-WAV/Play-WAV.txt	Jakoby_BadUSB	txt	511
BruceBAD/Jakoby_BadUSB/Payloads/Flip-PS-Draw/PS-Draw.txt	Jakoby_BadUSB	txt	659
BruceBAD/Jakoby_BadUSB/Payloads/Flip-PS-Draw/PS-Custom-Draw.ps1	Jakoby_BadUSB	ps1	11897
BruceBAD/Jakoby_BadUSB/Payloads/Flip-PS-Draw/PS-Draw.ps1	Jakoby_BadUSB	ps1	8949
BruceBAD/Jakoby_BadUSB/Payloads/Flip-YT-Tripwire/YouTube-TripWire.txt	Jakoby_BadUSB	txt	677
BruceBAD/Jakoby_BadUSB/Payloads/Flip-Keylogger/exit.ps1	Jakoby_BadUSB	ps1	1372
BruceBAD/Jakoby_BadUSB/Payloads/Flip-Keylogger/-logs.ps1	Jakoby_BadUSB	ps1	2373
BruceBAD/Jakoby_BadUSB/Payloads/Flip-Keylogger/keylogger.txt	Jakoby_BadUSB	txt	1074
BruceBAD/Jakoby_BadUSB/Payloads/Flip-Keylogger/-keys.ps1	Jakoby_BadUSB	ps1	2133
BruceBAD/Jakoby_BadUSB/Payloads/Flip-Keylogger/keylogger.ps1	Jakoby_BadUSB	ps1	174
BruceBAD/Jakoby_BadUSB/Payloads/Flip-Keylogger/s2.ps1	Jakoby_BadUSB	ps1	790
BruceBAD/Jakoby_BadUSB/Payloads/Flip-IP-Grabber/IP-Grabber.ps1	Jakoby_BadUSB	ps1	3677
BruceBAD/Jakoby_BadUSB/Payloads/Flip-IP-Grabber/IP-Grabber.txt	Jakoby_BadUSB	txt	284
BruceBAD/Jakoby_BadUSB/Payloads/Flip-HackerGoose/HackerGoose.txt	Jakoby_BadUSB	txt	365
BruceBAD/Jakoby_BadUSB/Payloads/Flip-WifiGrabber/WifiGrabber.txt	Jakoby_BadUSB	txt	314
BruceBAD/Jakoby_BadUSB/Payloads/Flip-WifiGrabber/WifiGrabber.ps1	Jakoby_BadUSB	ps1	3120
BruceBAD/Jakoby_BadUSB/Payloads/Flip-BrowserPasswords/BrowserPasswords.ps1	Jakoby_BadUSB	ps1	578
BruceBAD/Jakoby_BadUSB/Payloads/Flip-BrowserPasswords/s2.ps1	Jakoby_BadUSB	ps1	2012
BruceBAD/Jakoby_BadUSB/Payloads/Flip-MustSub/MustSub-Execute.txt	Jakoby_BadUSB	txt	578
BruceBAD/Jakoby_BadUSB/Payloads/Flip-MustSub/MustSub.ps1	Jakoby_BadUSB	ps1	1202
BruceBAD/Jakoby_BadUSB/Payloads/Flip-Subscribe/IWR-Subscribe.txt	Jakoby_BadUSB	txt	551
BruceBAD/Jakoby_BadUSB/Payloads/Flip-Subscribe/Subscribe.txt	Jakoby_BadUSB	txt	394
BruceBAD/Jakoby_BadUSB/Payloads/Flip-Subscribe/Subscribe.ps1	Jakoby_BadUSB	ps1	3807
BruceBAD/Jakoby_BadUSB/Payloads/Flip-Credz-Plz/Credz-Plz.ps1	Jakoby_BadUSB	ps1	9518
BruceBAD/Jakoby_BadUSB/Payloads/Flip-Credz-Plz/Credz-Plz-Execute.txt	Jakoby_BadUSB	txt	696
BruceBAD/Jakoby_BadUSB/Payloads/FLIP-ADV-RickRoll/ADV-RickRoll.txt	Jakoby_BadUSB	txt	811
BruceBAD/Jakoby_BadUSB/Payloads/Flip-ADV-Recon/ADV-Recon.ps1	Jakoby_BadUSB	ps1	27564
BruceBAD/Jakoby_BadUSB/Payloads/Flip-ADV-Recon/ADV-Recon.txt	Jakoby_BadUSB	txt	312
BruceBAD/Jakoby_BadUSB/Payloads/Flip-Wallpaper-Troll/Wallpaper-Troll.ps1	Jakoby_BadUSB	ps1	15690
BruceBAD/Jakoby_BadUSB/Payloads/Flip-Wallpaper-Troll/Wallpaper-Troll.txt	Jakoby_BadUSB	txt	862
BruceBAD/Jakoby_BadUSB/Payloads/Scripts/WifiPasswords.ps1	Jakoby_BadUSB	ps1	370
BruceBAD/Jakoby_BadUSB/Payloads/Flip-AcidBurn/AcidBurn.ps1	Jakoby_BadUSB	ps1	25224
BruceBAD/Jakoby_BadUSB/Payloads/Flip-AcidBurn/AcidBurn.txt	Jakoby_BadUSB	txt	622
BruceBAD/Jakoby_BadUSB/Payloads/Flip-ShortcutJacker/Shortcut-Jacker.ps1	Jakoby_BadUSB	ps1	6641
BruceBAD/Jakoby_BadUSB/Payloads/Flip-ShortcutJacker/Shortcut-Jacker-Execute.txt	Jakoby_BadUSB	txt	499
BruceBAD/Jakoby_BadUSB/Payloads/Flip-We-Found-You/We-Found-You.txt	Jakoby_BadUSB	txt	584
BruceBAD/Jakoby_BadUSB/Payloads/Flip-We-Found-You/found-you.ps1	Jakoby_BadUSB	ps1	7697
BruceBAD/Jakoby_BadUSB/Payloads/Flip-EvilGoose/EvilGoose.txt	Jakoby_BadUSB	txt	365
BruceBAD/Disable_Windows_Defender/payload.txt	Disable_Windows_Defender	txt	747
BruceBAD/SetArbitraryVPN_Linux/payload.txt	SetArbitraryVPN_Linux	txt	1287
BruceBAD/Record-Mic-to-Discord/main.ps1	Record-Mic-to-Discord	ps1	2662
BruceBAD/Record-Mic-to-Discord/Record-Mic-to-Discord.txt	Record-Mic-to-Discord	txt	533
BruceBAD/Discord-Infostealer/System-Info-to-Discord.txt	Discord-Infostealer	txt	544
BruceBAD/Discord-Infostealer/main.ps1	Discord-Infostealer	ps1	24572
BruceBAD/Speech-to-Discord/main.ps1	Speech-to-Discord	ps1	915
BruceBAD/Speech-to-Discord/Speech-to-Discord.txt	Speech-to-Discord	txt	497
BruceBAD/OSX_Rickroll/OSX_Rickroll.txt	OSX_Rickroll	txt	544
BruceBAD/OSINT/Google Login Phish to Discord.txt	OSINT	txt	1862
BruceBAD/OSINT/Exfiltrate files to DropBox.txt	OSINT	txt	1799
BruceBAD/OSINT/Screenshot to Telegram.txt	OSINT	txt	1886
BruceBAD/OSINT/Desktop Screenshare over LAN.txt	OSINT	txt	4186
BruceBAD/OSINT/Email System & User Information.txt	OSINT	txt	3884
BruceBAD/OSINT/Exfiltrate files to Telegram.txt	OSINT	txt	3593
BruceBAD/OSINT/Discord-Infostealer.txt.txt	OSINT	txt	8407
BruceBAD/OSINT/Record-Mic-to-Discord.txt.txt	OSINT	txt	2065
BruceBAD/OSINT/Installed Programs and Eventlogs to File.txt	OSINT	txt	1696
BruceBAD/OSINT/Desktop Screenshare over Netcat.txt	OSINT	txt	2346
BruceBAD/OSINT/Discord WiFi Grabber.txt	OSINT	txt	829
BruceBAD/OSINT/Email System Info with Screenshot.txt	OSINT	txt	4574
BruceBAD/OSINT/Exfiltrate files to Discord.txt	OSINT	txt	1964
BruceBAD/OSINT/Record-Screen-to-Discord.txt.txt	OSINT	txt	1241
BruceBAD/OSINT/Exfiltrate Files to USB Drive.txt	OSINT	txt	1962
BruceBAD/OSINT/Speech-to-Discord.txt.txt	OSINT	txt	989
BruceBAD/OSINT/Discord WiFi Grabber 2.txt	OSINT	txt	596
BruceBAD/Global-PS-Trascription-to-Discord/main.ps1	Global-PS-Trascription-to-Discord	ps1	6259
BruceBAD/Global-PS-Trascription-to-Discord/Global-PS-Trascript-to-DC.txt	Global-PS-Trascription-to-Discord	txt	461
BruceBAD/Priv-Paths/payload.txt	Priv-Paths	txt	801
BruceBAD/Zero-Lazagne/Zero-Lazagne.txt	Zero-Lazagne	txt	2186
BruceBAD/onemillioncheckboxes_checker/payload.txt	onemillioncheckboxes_checker	txt	755
BruceBAD/Multi_HID_HeyGotAnyGrapes/payload.txt	Multi_HID_HeyGotAnyGrapes	txt	8706
BruceBAD/Char_Test/Char_Test.txt	Char_Test	txt	1013
BruceBAD/Replace_Links_In_GithubDesktop/payload.txt	Replace_Links_In_GithubDesktop	txt	3612
BruceBAD/incident_response/Win/ET-Phone-Home/payload.txt	incident_response	txt	853
BruceBAD/incident_response/Win/GoodUSB/payload.txt	incident_response	txt	1698
BruceBAD/incident_response/GoodUSB/payload.txt	incident_response	txt	1698
BruceBAD/incident_response/-RD-ET-Phone-Home/ET-Phone-Home.ps1	incident_response	ps1	7536
BruceBAD/incident_response/-RD-ET-Phone-Home/payload.txt	incident_response	txt	853
BruceBAD/ReverseDuckyPolymorph/payload.txt	ReverseDuckyPolymorph	txt	3311
BruceBAD/ExfiltrateProcessInfo_Linux/payload.txt	ExfiltrateProcessInfo_Linux	txt	1589
BruceBAD/RickUpdater/payload.txt	RickUpdater	txt	1587
BruceBAD/DawnKit/payload.txt	DawnKit	txt	2169
BruceBAD/Exfiltrate-Mac-Address-MacOS/payload.txt	Exfiltrate-Mac-Address-MacOS	txt	1686
BruceBAD/Windows-Privilege-Excalibur/script.ps1	Windows-Privilege-Excalibur	ps1	2087
BruceBAD/Windows-Privilege-Excalibur/payload.txt	Windows-Privilege-Excalibur	txt	2936
BruceBAD/Canary_Duck/payload.txt	Canary_Duck	txt	735
BruceBAD/Water-UnMark/payload.txt	Water-UnMark	txt	527
BruceBAD/Windows-Screenshot-Exfil/script.ps1	Windows-Screenshot-Exfil	ps1	2086
BruceBAD/Windows-Screenshot-Exfil/payload.txt	Windows-Screenshot-Exfil	txt	2073
BruceBAD/Lock Keys/Lock-Keys-example3.txt	Lock Keys	txt	575
BruceBAD/Lock Keys/Lock-Keys-example2.txt	Lock Keys	txt	939
BruceBAD/Lock Keys/Lock-Keys-example1.txt	Lock Keys	txt	239
BruceBAD/Lock Keys/Lock-Keys-example4.txt	Lock Keys	txt	304
BruceBAD/ExfiltrateNetworkTraffic_Linux/script.sh	ExfiltrateNetworkTraffic_Linux	sh	212
BruceBAD/ExfiltrateNetworkTraffic_Linux/payload.txt	ExfiltrateNetworkTraffic_Linux	txt	2327
BruceBAD/atomiczsec-BadUSB/OMG/payloads/De-Bloater/payload.txt	atomiczsec-BadUSB	txt	688
BruceBAD/atomiczsec-BadUSB/OMG/payloads/Copy-And-Waste/c.ps1	atomiczsec-BadUSB	ps1	932
BruceBAD/atomiczsec-BadUSB/OMG/payloads/Copy-And-Waste/I.bat	atomiczsec-BadUSB	bat	133
BruceBAD/atomiczsec-BadUSB/OMG/payloads/Copy-And-Waste/payload.txt	atomiczsec-BadUSB	txt	793
BruceBAD/atomiczsec-BadUSB/OMG/payloads/History-Pig/HP.ps1	atomiczsec-BadUSB	ps1	2446
BruceBAD/atomiczsec-BadUSB/OMG/payloads/History-Pig/payload.txt	atomiczsec-BadUSB	txt	547
BruceBAD/atomiczsec-BadUSB/OMG/payloads/Powershell-History/payload.txt	atomiczsec-BadUSB	txt	600
BruceBAD/atomiczsec-BadUSB/OMG/payloads/Powershell-History/PH.ps1	atomiczsec-BadUSB	ps1	1756
BruceBAD/atomiczsec-BadUSB/OMG/payloads/Screen-Shock/c.ps1	atomiczsec-BadUSB	ps1	1786
BruceBAD/atomiczsec-BadUSB/OMG/payloads/Screen-Shock/I.bat	atomiczsec-BadUSB	bat	133
BruceBAD/atomiczsec-BadUSB/OMG/payloads/Screen-Shock/payload.txt	atomiczsec-BadUSB	txt	823
BruceBAD/atomiczsec-BadUSB/OMG/payloads/Pwn-Drive/c.ps1	atomiczsec-BadUSB	ps1	607
BruceBAD/atomiczsec-BadUSB/OMG/payloads/Pwn-Drive/payload.txt	atomiczsec-BadUSB	txt	577
BruceBAD/atomiczsec-BadUSB/OMG/payloads/cApS-Troll/a.ps1	atomiczsec-BadUSB	ps1	484
BruceBAD/atomiczsec-BadUSB/OMG/payloads/cApS-Troll/payload.txt	atomiczsec-BadUSB	txt	553
BruceBAD/atomiczsec-BadUSB/OMG/payloads/Browser-Grab/b.ps1	atomiczsec-BadUSB	ps1	1097
BruceBAD/atomiczsec-BadUSB/OMG/payloads/Browser-Grab/payload.txt	atomiczsec-BadUSB	txt	586
BruceBAD/atomiczsec-BadUSB/OMG/payloads/Printer-Recon/PR.ps1	atomiczsec-BadUSB	ps1	1393
BruceBAD/atomiczsec-BadUSB/OMG/payloads/Printer-Recon/payload.txt	atomiczsec-BadUSB	txt	652
BruceBAD/atomiczsec-BadUSB/OMG/payloads/Priv-Paths/payload.txt	atomiczsec-BadUSB	txt	649
BruceBAD/atomiczsec-BadUSB/OMG/payloads/Water-UnMark/payload.txt	atomiczsec-BadUSB	txt	521
BruceBAD/atomiczsec-BadUSB/OMG/payloads/RanFunWare/r.ps1	atomiczsec-BadUSB	ps1	1805
BruceBAD/atomiczsec-BadUSB/OMG/payloads/RanFunWare/payload.txt	atomiczsec-BadUSB	txt	564
BruceBAD/atomiczsec-BadUSB/OMG/payloads/Spotify-Spy/payload.txt	atomiczsec-BadUSB	txt	644
BruceBAD/atomiczsec-BadUSB/OMG/payloads/Spotify-Spy/SS.ps1	atomiczsec-BadUSB	ps1	1399
BruceBAD/atomiczsec-BadUSB/OMG/payloads/Bookmark-Hog/BH.ps1	atomiczsec-BadUSB	ps1	2415
BruceBAD/atomiczsec-BadUSB/OMG/payloads/Bookmark-Hog/payload.txt	atomiczsec-BadUSB	txt	548
BruceBAD/atomiczsec-BadUSB/OMG/payloads/Proton-Hog/s.ps1	atomiczsec-BadUSB	ps1	1450
BruceBAD/atomiczsec-BadUSB/OMG/payloads/Proton-Hog/payload.txt	atomiczsec-BadUSB	txt	598
BruceBAD/atomiczsec-BadUSB/RubberDucky/payloads/De-Bloater/payload.txt	atomiczsec-BadUSB	txt	688
BruceBAD/atomiczsec-BadUSB/RubberDucky/payloads/Copy-And-Waste/c.ps1	atomiczsec-BadUSB	ps1	932
BruceBAD/atomiczsec-BadUSB/RubberDucky/payloads/Copy-And-Waste/I.bat	atomiczsec-BadUSB	bat	133
BruceBAD/atomiczsec-BadUSB/RubberDucky/payloads/Copy-And-Waste/payload.txt	atomiczsec-BadUSB	txt	793
BruceBAD/atomiczsec-BadUSB/RubberDucky/payloads/History-Pig/HP.ps1	atomiczsec-BadUSB	ps1	2446
BruceBAD/atomiczsec-BadUSB/RubberDucky/payloads/History-Pig/payload.txt	atomiczsec-BadUSB	txt	547
BruceBAD/atomiczsec-BadUSB/RubberDucky/payloads/Powershell-History/payload.txt	atomiczsec-BadUSB	txt	600
BruceBAD/atomiczsec-BadUSB/RubberDucky/payloads/Powershell-History/PH.ps1	atomiczsec-BadUSB	ps1	1756
BruceBAD/atomiczsec-BadUSB/RubberDucky/payloads/Screen-Shock/c.ps1	atomiczsec-BadUSB	ps1	1784
BruceBAD/atomiczsec-BadUSB/RubberDucky/payloads/Screen-Shock/I.bat	atomiczsec-BadUSB	bat	133
BruceBAD/atomiczsec-BadUSB/RubberDucky/payloads/Screen-Shock/payload.txt	atomiczsec-BadUSB	txt	823
BruceBAD/atomiczsec-BadUSB/RubberDucky/payloads/Pwn-Drive/c.ps1	atomiczsec-BadUSB	ps1	607
BruceBAD/atomiczsec-BadUSB/RubberDucky/payloads/Pwn-Drive/payload.txt	atomiczsec-BadUSB	txt	577
BruceBAD/atomiczsec-BadUSB/RubberDucky/payloads/cApS-Troll/a.ps1	atomiczsec-BadUSB	ps1	487
BruceBAD/atomiczsec-BadUSB/RubberDucky/payloads/cApS-Troll/payload.txt	atomiczsec-BadUSB	txt	576
BruceBAD/atomiczsec-BadUSB/RubberDucky/payloads/Browser-Grab/b.ps1	atomiczsec-BadUSB	ps1	1097
BruceBAD/atomiczsec-BadUSB/RubberDucky/payloads/Browser-Grab/payload.txt	atomiczsec-BadUSB	txt	578
BruceBAD/atomiczsec-BadUSB/RubberDucky/payloads/Printer-Recon/PR.ps1	atomiczsec-BadUSB	ps1	1393
BruceBAD/atomiczsec-BadUSB/RubberDucky/payloads/Printer-Recon/payload.txt	atomiczsec-BadUSB	txt	677
BruceBAD/atomiczsec-BadUSB/RubberDucky/payloads/Priv-Paths/payload.txt	atomiczsec-BadUSB	txt	785
BruceBAD/atomiczsec-BadUSB/RubberDucky/payloads/Water-UnMark/payload.txt	atomiczsec-BadUSB	txt	521
BruceBAD/atomiczsec-BadUSB/RubberDucky/payloads/RanFunWare/r.ps1	atomiczsec-BadUSB	ps1	1805
BruceBAD/atomiczsec-BadUSB/RubberDucky/payloads/RanFunWare/payload.txt	atomiczsec-BadUSB	txt	564
BruceBAD/atomiczsec-BadUSB/RubberDucky/payloads/Spotify-Spy/payload.txt	atomiczsec-BadUSB	txt	644
BruceBAD/atomiczsec-BadUSB/RubberDucky/payloads/Spotify-Spy/SS.ps1	atomiczsec-BadUSB	ps1	1399
BruceBAD/atomiczsec-BadUSB/RubberDucky/payloads/Bookmark-Hog/BH.ps1	atomiczsec-BadUSB	ps1	2415
BruceBAD/atomiczsec-BadUSB/RubberDucky/payloads/Bookmark-Hog/payload.txt	atomiczsec-BadUSB	txt	548
BruceBAD/atomiczsec-BadUSB/RubberDucky/payloads/Proton-Hog/s.ps1	atomiczsec-BadUSB	ps1	1450
BruceBAD/atomiczsec-BadUSB/RubberDucky/payloads/Proton-Hog/payload.txt	atomiczsec-BadUSB	txt	622
BruceBAD/atomiczsec-BadUSB/RubberDucky/payloads/Picture-Hog/p.ps1	atomiczsec-BadUSB	ps1	980
BruceBAD/atomiczsec-BadUSB/BashBunny/payloads/De-Bloater/payload.txt	atomiczsec-BadUSB	txt	688
BruceBAD/atomiczsec-BadUSB/BashBunny/payloads/Copy-And-Waste/c.ps1	atomiczsec-BadUSB	ps1	932
BruceBAD/atomiczsec-BadUSB/BashBunny/payloads/Copy-And-Waste/I.bat	atomiczsec-BadUSB	bat	133
BruceBAD/atomiczsec-BadUSB/BashBunny/payloads/Copy-And-Waste/payload.txt	atomiczsec-BadUSB	txt	793
BruceBAD/atomiczsec-BadUSB/BashBunny/payloads/History-Pig/HP.ps1	atomiczsec-BadUSB	ps1	2446
BruceBAD/atomiczsec-BadUSB/BashBunny/payloads/History-Pig/payload.txt	atomiczsec-BadUSB	txt	547
BruceBAD/atomiczsec-BadUSB/BashBunny/payloads/Powershell-History/payload.txt	atomiczsec-BadUSB	txt	600
BruceBAD/atomiczsec-BadUSB/BashBunny/payloads/Powershell-History/PH.ps1	atomiczsec-BadUSB	ps1	1756
BruceBAD/atomiczsec-BadUSB/BashBunny/payloads/Screen-Shock/c.ps1	atomiczsec-BadUSB	ps1	1784
BruceBAD/atomiczsec-BadUSB/BashBunny/payloads/Screen-Shock/I.bat	atomiczsec-BadUSB	bat	133
BruceBAD/atomiczsec-BadUSB/BashBunny/payloads/Screen-Shock/payload.txt	atomiczsec-BadUSB	txt	823
BruceBAD/atomiczsec-BadUSB/BashBunny/payloads/Pwn-Drive/c.ps1	atomiczsec-BadUSB	ps1	607
BruceBAD/atomiczsec-BadUSB/BashBunny/payloads/Pwn-Drive/payload.txt	atomiczsec-BadUSB	txt	577
BruceBAD/atomiczsec-BadUSB/BashBunny/payloads/cApS-Troll/a.ps1	atomiczsec-BadUSB	ps1	484
BruceBAD/atomiczsec-BadUSB/BashBunny/payloads/cApS-Troll/payload.txt	atomiczsec-BadUSB	txt	553
BruceBAD/atomiczsec-BadUSB/BashBunny/payloads/Browser-Grab/b.ps1	atomiczsec-BadUSB	ps1	1097
BruceBAD/atomiczsec-BadUSB/BashBunny/payloads/Browser-Grab/payload.txt	atomiczsec-BadUSB	txt	616
BruceBAD/atomiczsec-BadUSB/BashBunny/payloads/Printer-Recon/PR.ps1	atomiczsec-BadUSB	ps1	1393
BruceBAD/atomiczsec-BadUSB/BashBunny/payloads/Printer-Recon/payload.txt	atomiczsec-BadUSB	txt	652
BruceBAD/atomiczsec-BadUSB/BashBunny/payloads/Priv-Paths/payload.txt	atomiczsec-BadUSB	txt	690
BruceBAD/atomiczsec-BadUSB/BashBunny/payloads/Water-UnMark/payload.txt	atomiczsec-BadUSB	txt	521
BruceBAD/atomiczsec-BadUSB/BashBunny/payloads/RanFunWare/r.ps1	atomiczsec-BadUSB	ps1	1805
BruceBAD/atomiczsec-BadUSB/BashBunny/payloads/RanFunWare/payload.txt	atomiczsec-BadUSB	txt	564
BruceBAD/atomiczsec-BadUSB/BashBunny/payloads/Spotify-Spy/payload.txt	atomiczsec-BadUSB	txt	654
BruceBAD/atomiczsec-BadUSB/BashBunny/payloads/Spotify-Spy/SS.ps1	atomiczsec-BadUSB	ps1	1399
BruceBAD/atomiczsec-BadUSB/BashBunny/payloads/Bookmark-Hog/BBB.ps1	atomiczsec-BadUSB	ps1	1586
BruceBAD/atomiczsec-BadUSB/BashBunny/payloads/Bookmark-Hog/payload.txt	atomiczsec-BadUSB	txt	526
BruceBAD/atomiczsec-BadUSB/BashBunny/payloads/Proton-Hog/s.ps1	atomiczsec-BadUSB	ps1	1450
BruceBAD/atomiczsec-BadUSB/BashBunny/payloads/Proton-Hog/payload.txt	atomiczsec-BadUSB	txt	598
BruceBAD/atomiczsec-BadUSB/FlipperZero/payloads/De-Bloater/payload.txt	atomiczsec-BadUSB	txt	1066
BruceBAD/atomiczsec-BadUSB/FlipperZero/payloads/Copy-And-Waste/c.ps1	atomiczsec-BadUSB	ps1	932
BruceBAD/atomiczsec-BadUSB/FlipperZero/payloads/Copy-And-Waste/I.bat	atomiczsec-BadUSB	bat	133
BruceBAD/atomiczsec-BadUSB/FlipperZero/payloads/Copy-And-Waste/payload.txt	atomiczsec-BadUSB	txt	788
BruceBAD/atomiczsec-BadUSB/FlipperZero/payloads/History-Pig/HP.ps1	atomiczsec-BadUSB	ps1	2446
BruceBAD/atomiczsec-BadUSB/FlipperZero/payloads/History-Pig/payload.txt	atomiczsec-BadUSB	txt	542
BruceBAD/atomiczsec-BadUSB/FlipperZero/payloads/Powershell-History/payload.txt	atomiczsec-BadUSB	txt	595
BruceBAD/atomiczsec-BadUSB/FlipperZero/payloads/Powershell-History/PH.ps1	atomiczsec-BadUSB	ps1	1756
BruceBAD/atomiczsec-BadUSB/FlipperZero/payloads/Screen-Shock/c.ps1	atomiczsec-BadUSB	ps1	1786
BruceBAD/atomiczsec-BadUSB/FlipperZero/payloads/Screen-Shock/I.bat	atomiczsec-BadUSB	bat	133
BruceBAD/atomiczsec-BadUSB/FlipperZero/payloads/Screen-Shock/payload.txt	atomiczsec-BadUSB	txt	818
BruceBAD/atomiczsec-BadUSB/FlipperZero/payloads/Pwn-Drive/c.ps1	atomiczsec-BadUSB	ps1	607
BruceBAD/atomiczsec-BadUSB/FlipperZero/payloads/Pwn-Drive/payload.txt	atomiczsec-BadUSB	txt	572
BruceBAD/atomiczsec-BadUSB/FlipperZero/payloads/cApS-Troll/a.ps1	atomiczsec-BadUSB	ps1	484
BruceBAD/atomiczsec-BadUSB/FlipperZero/payloads/cApS-Troll/payload.txt	atomiczsec-BadUSB	txt	547
BruceBAD/atomiczsec-BadUSB/FlipperZero/payloads/Printer-Recon/PR.ps1	atomiczsec-BadUSB	ps1	1393
BruceBAD/atomiczsec-BadUSB/FlipperZero/payloads/Printer-Recon/payload.txt	atomiczsec-BadUSB	txt	647
BruceBAD/atomiczsec-BadUSB/FlipperZero/payloads/Browser-Devil/Browser-Devil/b.ps1	atomiczsec-BadUSB	ps1	1092
BruceBAD/atomiczsec-BadUSB/FlipperZero/payloads/Browser-Devil/Browser-Devil/payload.txt	atomiczsec-BadUSB	txt	585
BruceBAD/atomiczsec-BadUSB/FlipperZero/payloads/Priv-Paths/payload.txt	atomiczsec-BadUSB	txt	771
BruceBAD/atomiczsec-BadUSB/FlipperZero/payloads/Water-UnMark/payload.txt	atomiczsec-BadUSB	txt	520
BruceBAD/atomiczsec-BadUSB/FlipperZero/payloads/RanFunWare/r.ps1	atomiczsec-BadUSB	ps1	1805
BruceBAD/atomiczsec-BadUSB/FlipperZero/payloads/RanFunWare/payload.txt	atomiczsec-BadUSB	txt	559
BruceBAD/atomiczsec-BadUSB/FlipperZero/payloads/Spotify-Spy/payload.txt	atomiczsec-BadUSB	txt	639
BruceBAD/atomiczsec-BadUSB/FlipperZero/payloads/Spotify-Spy/SS.ps1	atomiczsec-BadUSB	ps1	1399
BruceBAD/atomiczsec-BadUSB/FlipperZero/payloads/Bookmark-Hog/BH.ps1	atomiczsec-BadUSB	ps1	2415
BruceBAD/atomiczsec-BadUSB/FlipperZero/payloads/Bookmark-Hog/payload.txt	atomiczsec-BadUSB	txt	317
BruceBAD/atomiczsec-BadUSB/FlipperZero/payloads/Proton-Hog/s.ps1	atomiczsec-BadUSB	ps1	1450
BruceBAD/atomiczsec-BadUSB/FlipperZero/payloads/Proton-Hog/payload.txt	atomiczsec-BadUSB	txt	593
BruceBAD/Resolution_Prank/payload.txt	Resolution_Prank	txt	2279
BruceBAD/Exfiltrate-to-USB/main.ps1	Exfiltrate-to-USB	ps1	3035
BruceBAD/Exfiltrate-to-USB/Exfiltrate-to-USB.txt	Exfiltrate-to-USB	txt	671
BruceBAD/Disable_WiFi-MacOS/payload.txt	Disable_WiFi-MacOS	txt	1408
BruceBAD/Win_PoSH_PixelReflection/payload.txt	Win_PoSH_PixelReflection	txt	3308
BruceBAD/Payload Hiding/Payload-Hiding-example1.txt	Payload Hiding	txt	426
BruceBAD/RanFunWare/r.ps1	RanFunWare	ps1	1805
BruceBAD/RanFunWare/payload.txt	RanFunWare	txt	564
BruceBAD/Netcat-Reverseshell-On-Log-In/payload.txt	Netcat-Reverseshell-On-Log-In	txt	1307
BruceBAD/Exfiltrate Computer Screenshots/payload.txt	Exfiltrate Computer Screenshots	txt	1020
BruceBAD/Exfiltrate Computer Screenshots/script.py	Exfiltrate Computer Screenshots	py	862
BruceBAD/File-Load_BadUSB/File-Load_BadUSB.txt	File-Load_BadUSB	txt	399
BruceBAD/Exfiltrate-to-Telegram/Exfiltrate-to-Telegram.txt	Exfiltrate-to-Telegram	txt	635
BruceBAD/Exfiltrate-to-Telegram/main.ps1	Exfiltrate-to-Telegram	ps1	2847
BruceBAD/Button/Button-example1.txt	Button	txt	433
BruceBAD/Button/Button-example3.txt	Button	txt	380
BruceBAD/Button/Button-example2.txt	Button	txt	215
BruceBAD/Button/Button-example6.txt	Button	txt	717
BruceBAD/Button/Button-example7.txt	Button	txt	406
BruceBAD/Button/Button-example5.txt	Button	txt	345
BruceBAD/Button/Button-example4.txt	Button	txt	966
BruceBAD/Button/Button-example9.txt	Button	txt	878
BruceBAD/Button/Button-example8.txt	Button	txt	94
BruceBAD/Simple_PSH_Wallpaper_Changer/Payload.txt	Simple_PSH_Wallpaper_Changer	txt	1313
BruceBAD/rickroll_terminal_payload/payload.txt	rickroll_terminal_payload	txt	657
BruceBAD/Hotfix_Warning/payload.txt	Hotfix_Warning	txt	560
BruceBAD/silent_rickroll/payload.txt	silent_rickroll	txt	2551
BruceBAD/Defend_yourself_against_AtlasVPN_Bug-Door/payload.txt	Defend_yourself_against_AtlasVPN_Bug-Door	txt	1175
BruceBAD/Play_A_Song_On_An_iPhone/payload.txt	Play_A_Song_On_An_iPhone	txt	776
BruceBAD/Lazagne-Exfil/payload.ps1	Lazagne-Exfil	ps1	2030
BruceBAD/Lazagne-Exfil/payload.txt	Lazagne-Exfil	txt	1023
BruceBAD/Exploit_Citrix_NetScaler_ADC_and_Gateway_through_CVE-2023-4966/script.sh	Exploit_Citrix_NetScaler_ADC_and_Gateway_through_CVE-2023-4966	sh	459
BruceBAD/Exploit_Citrix_NetScaler_ADC_and_Gateway_through_CVE-2023-4966/payload.txt	Exploit_Citrix_NetScaler_ADC_and_Gateway_through_CVE-2023-4966	txt	3493
BruceBAD/Spotify-Spy/payload.txt	Spotify-Spy	txt	644
BruceBAD/Spotify-Spy/SS.ps1	Spotify-Spy	ps1	1399
BruceBAD/DuckyCave-Game/payload.txt	DuckyCave-Game	txt	7513
BruceBAD/mobile/Android/open_website_android.txt	mobile	txt	196
BruceBAD/mobile/Android/Android_HID_Forward-Email/Payload_Gmail.txt	mobile	txt	519
BruceBAD/mobile/Android/Android_HID_Forward-Email/Payload_Samsung.txt	mobile	txt	456
BruceBAD/GIF-Player/Gif-Player.txt	GIF-Player	txt	471
BruceBAD/GIF-Player/main.ps1	GIF-Player	ps1	1396
BruceBAD/Persistent_Keylogger-Telegram_Based/connection.py	Persistent_Keylogger-Telegram_Based	py	1895
BruceBAD/Persistent_Keylogger-Telegram_Based/payload.txt	Persistent_Keylogger-Telegram_Based	txt	933
BruceBAD/RickRoll-Contact-iOS/payload.txt	RickRoll-Contact-iOS	txt	2591
BruceBAD/1_Script_to_Rule_Them_All/payload.txt	1_Script_to_Rule_Them_All	txt	10456
BruceBAD/PassVault/PassVault2Discord.txt	PassVault	txt	954
BruceBAD/Variables/VAR-example1.txt	Variables	txt	723
BruceBAD/Chrome2Discord/chrome2Discord.txt	Chrome2Discord	txt	2533
BruceBAD/Batch/Fake_Error_Spam.txt	Batch	txt	210
BruceBAD/Batch/Random_Beeps.txt	Batch	txt	167
BruceBAD/Batch/Fake_Virus_Warning.txt	Batch	txt	192
BruceBAD/Batch/Fake_Update_Screen.txt	Batch	txt	226
BruceBAD/Batch/Silly_Question_Loop.txt	Batch	txt	308
BruceBAD/Batch/Fake_Shutdown.txt	Batch	txt	116
BruceBAD/Batch/Mouse_Cursor_Toggle.txt	Batch	txt	146
BruceBAD/Batch/Infinite_Loop_Message.txt	Batch	txt	131
BruceBAD/Batch/Desktop_Icon_Shuffle.txt	Batch	txt	166
BruceBAD/Batch/Typing_Prank.txt	Batch	txt	273
BruceBAD/execution/$MFT-Duck-Crasher/payload.txt	execution	txt	879
BruceBAD/execution/Admin_Who_Never_Sleeps/payload.txt	execution	txt	1584
BruceBAD/execution/Unix-like/Linux/DawnKit/payloadonline.txt	execution	txt	542
BruceBAD/execution/-RD-SafeHaven/SafeHaven.txt	execution	txt	1266
BruceBAD/execution/Win/Defeat_Defender/Defeat_Defender.txt	execution	txt	942
BruceBAD/execution/Win/Admin_Who_Never_Sleeps/payload.txt	execution	txt	1577
BruceBAD/execution/Win/UrAttaControl/UrAttaControl-Execute.txt	execution	txt	1481
BruceBAD/execution/Win/Disable_Windows_Defender/Disable_Windows10_DefenderOLD.txt	execution	txt	747
BruceBAD/execution/Win/Disable_Windows_Defender/Disable_Windows_Defender22H2.txt	execution	txt	674
BruceBAD/execution/Win/Login_CMD/quack.txt	execution	txt	289
BruceBAD/execution/Win/Kiosk-evasion/kiosk-evasion-payload.txt	execution	txt	5211
BruceBAD/execution/Win/DuckyHelper/DuckyHelper.txt	execution	txt	1619
BruceBAD/execution/Win/Add_Local_Admin/payload.txt	execution	txt	1374
BruceBAD/execution/Win/adminAccountCreator/BadUSB_adminAccountCreator.txt	execution	txt	1279
BruceBAD/execution/Win/Disable-Windows-Defender-Permanently/Disable-Windows-Defender-Permanently.txt	execution	txt	1533
BruceBAD/execution/Win/Add_admin_Win/ADD_ADMIN.txt	execution	txt	951
BruceBAD/execution/termBomb/payload.txt	execution	txt	1705
BruceBAD/execution/DawnKit/payload.txt	execution	txt	2169
BruceBAD/execution/-RD-UrAttaControl/UrAttaControl-Execute.txt	execution	txt	1481
BruceBAD/execution/DuckyHelper/DuckyHelper.txt	execution	txt	1625
BruceBAD/execution/DUCKY_REAPER/payload.txt	execution	txt	555
BruceBAD/execution/-RD-Play-WAV/Play-WAV.ps1	execution	ps1	5791
BruceBAD/execution/-RD-Play-WAV/payload.txt	execution	txt	547
BruceBAD/OneDuckToQuackThemAll/Payload.txt	OneDuckToQuackThemAll	txt	4546
BruceBAD/OneDuckToQuackThemAll/Docs/gpl.txt	OneDuckToQuackThemAll	txt	35146
BruceBAD/Bookmark-Hog/BH.ps1	Bookmark-Hog	ps1	2415
BruceBAD/Bookmark-Hog/payload.txt	Bookmark-Hog	txt	548
BruceBAD/RickRoll_YT_Win/RickRoll_YT_Win.txt	RickRoll_YT_Win	txt	345
BruceBAD/iphone-crasher/iphone-crasher.txt	iphone-crasher	txt	52171
BruceBAD/MacOS-narstybits/Obscurity/DarkNet Angel.txt	MacOS-narstybits	txt	900
BruceBAD/MacOS-narstybits/Obscurity/MacCloak.txt	MacOS-narstybits	txt	1383
BruceBAD/MacOS-narstybits/Obscurity/MacNetGhost.txt	MacOS-narstybits	txt	753
BruceBAD/MacOS-narstybits/Obscurity/TCP Randomizer.txt	MacOS-narstybits	txt	1448
BruceBAD/MacOS-narstybits/Obscurity/Shadowsocks Tor Proxy.txt	MacOS-narstybits	txt	931
BruceBAD/MacOS-narstybits/Obscurity/Fragmentation Traffic Generator.txt	MacOS-narstybits	txt	2018
BruceBAD/MacOS-narstybits/Obscurity/MacCloak Reverse.txt	MacOS-narstybits	txt	1086
BruceBAD/MacOS-narstybits/Obscurity/Shadowsocks Proxy Ninja.txt	MacOS-narstybits	txt	848
BruceBAD/MacOS-narstybits/Obscurity/File Encryption.txt	MacOS-narstybits	txt	1063
BruceBAD/MacOS-narstybits/Obscurity/Shadowsocks Proxy Ninja Reverse.txt	MacOS-narstybits	txt	757
BruceBAD/MacOS-narstybits/Obscurity/Network Padding Fury.txt	MacOS-narstybits	txt	1537
BruceBAD/MacOS-narstybits/Obscurity/DarkNet Angel Restore.txt	MacOS-narstybits	txt	934
BruceBAD/MacOS-narstybits/Obscurity/Shadowsocks Tor Proxy Reverse.txt	MacOS-narstybits	txt	632
BruceBAD/MacOS-narstybits/Obscurity/MacNetGhostRestore.txt	MacOS-narstybits	txt	730
BruceBAD/MacOS-narstybits/Obscurity/Silent Server Creator.txt	MacOS-narstybits	txt	1099
BruceBAD/MacOS-narstybits/Goodusb/MacUpdaterBot.txt	MacOS-narstybits	txt	603
BruceBAD/MacOS-narstybits/Goodusb/Gmail Address Generator.txt	MacOS-narstybits	txt	878
BruceBAD/MacOS-narstybits/Goodusb/Quick Lock Screen.txt	MacOS-narstybits	txt	431
BruceBAD/MacOS-narstybits/Goodusb/Password Generator.txt	MacOS-narstybits	txt	617
BruceBAD/MacOS-narstybits/Goodusb/ClearNotCLose.txt	MacOS-narstybits	txt	426
BruceBAD/MacOS-narstybits/Goodusb/Toggle Wifi.txt	MacOS-narstybits	txt	569
BruceBAD/MacOS-narstybits/Goodusb/AudioInfo.ducky.txt	MacOS-narstybits	txt	884
BruceBAD/MacOS-narstybits/Goodusb/MacOS ScreenShot.txt	MacOS-narstybits	txt	615
BruceBAD/MacOS-narstybits/Goodusb/Htop Digital Dashboard.txt	MacOS-narstybits	txt	671
BruceBAD/MacOS-narstybits/Goodusb/Git Repository Updater.txt	MacOS-narstybits	txt	542
BruceBAD/MacOS-narstybits/Goodusb/Desktop Organizer Plus.txt	MacOS-narstybits	txt	983
BruceBAD/MacOS-narstybits/Goodusb/All Applications at once.txt	MacOS-narstybits	txt	637
BruceBAD/MacOS-narstybits/Goodusb/Dark Mode Toggler.txt	MacOS-narstybits	txt	485
BruceBAD/MacOS-narstybits/Goodusb/ Live Chart and price ticker.txt	MacOS-narstybits	txt	420
BruceBAD/MacOS-narstybits/Goodusb/Vtop Enhanced Dashboard.txt	MacOS-narstybits	txt	647
BruceBAD/MacOS-narstybits/Goodusb/Homebrew Manager - Streamline Your macOS Package Updates.txt	MacOS-narstybits	txt	409
BruceBAD/MacOS-narstybits/Goodusb/WIndow Organizer.txt	MacOS-narstybits	txt	720
BruceBAD/MacOS-narstybits/Goodusb/Weather Check.txt	MacOS-narstybits	txt	365
BruceBAD/MacOS-narstybits/Goodusb/MacUpdaterBot+.txt	MacOS-narstybits	txt	587
BruceBAD/MacOS-narstybits/Goodusb/Desktop Organizer.txt	MacOS-narstybits	txt	654
BruceBAD/MacOS-narstybits/Goodusb/GTOP Monitoring Dashboard.txt	MacOS-narstybits	txt	672
BruceBAD/MacOS-narstybits/Executions/EAPOL Handshake to Dropbox.txt	MacOS-narstybits	txt	1912
BruceBAD/MacOS-narstybits/Executions/System File Deletion.txt	MacOS-narstybits	txt	648
BruceBAD/MacOS-narstybits/Executions/ Delete Copy Pasta.txt	MacOS-narstybits	txt	338
BruceBAD/MacOS-narstybits/Executions/Dropbox to Desktop Bomb.txt	MacOS-narstybits	txt	1344
BruceBAD/MacOS-narstybits/Executions/Infinite Dialog Box.txt	MacOS-narstybits	txt	915
BruceBAD/MacOS-narstybits/Executions/Desktop Deletion V2.txt	MacOS-narstybits	txt	532
BruceBAD/MacOS-narstybits/Executions/Eject DiskUtility.txt	MacOS-narstybits	txt	438
BruceBAD/MacOS-narstybits/Executions/iCloud Photos to Dropbox.txt	MacOS-narstybits	txt	2293
BruceBAD/MacOS-narstybits/Executions/Desktop Deletion.txt	MacOS-narstybits	txt	503
BruceBAD/MacOS-narstybits/Executions/System Disruption Loop.txt	MacOS-narstybits	txt	836
BruceBAD/MacOS-narstybits/Executions/Copy Pasta.txt	MacOS-narstybits	txt	646
BruceBAD/MacOS-narstybits/Executions/Cookies to Dropbox.txt	MacOS-narstybits	txt	2226
BruceBAD/MacOS-narstybits/Executions/MacOs Website redirect.txt	MacOS-narstybits	txt	428
BruceBAD/MacOS-narstybits/Executions/Screen Recorder MacOs.txt	MacOS-narstybits	txt	1403
BruceBAD/MacOS-narstybits/Executions/Screen Recorder MacOs to Dropbox.txt	MacOS-narstybits	txt	2711
BruceBAD/MacOS-narstybits/Executions/Virtual Network Remote Access.txt	MacOS-narstybits	txt	1521
BruceBAD/MacOS-narstybits/Executions/DarkStorm bruteforce I.P.txt	MacOS-narstybits	txt	1939
BruceBAD/MacOS-narstybits/Executions/Folder Fun Load tester.txt	MacOS-narstybits	txt	469
BruceBAD/MacOS-narstybits/Executions/Remote Shell.txt	MacOS-narstybits	txt	2256
BruceBAD/MacOS-narstybits/Executions/NEVER SLEEP.txt	MacOS-narstybits	txt	734
BruceBAD/MacOS-narstybits/Executions/Imessage Attachments to Dropbox.txt	MacOS-narstybits	txt	2160
BruceBAD/MacOS-narstybits/Executions/Infinite Dropdown list.txt	MacOS-narstybits	txt	969
BruceBAD/MacOS-narstybits/Executions/File load Tester.txt	MacOS-narstybits	txt	630
BruceBAD/MacOS-narstybits/Executions/Bluetooth On.txt	MacOS-narstybits	txt	433
BruceBAD/MacOS-narstybits/Executions/Icloud Documents to Dropbox .txt	MacOS-narstybits	txt	2152
BruceBAD/MacOS-narstybits/Executions/Docs and Desktop to Dropbox API.txt	MacOS-narstybits	txt	1787
BruceBAD/MacOS-narstybits/Pranks/RIckRoll.txt	MacOS-narstybits	txt	733
BruceBAD/MacOS-narstybits/Pranks/colorful Date and time display.txt	MacOS-narstybits	txt	629
BruceBAD/MacOS-narstybits/Pranks/Fake Update.txt	MacOS-narstybits	txt	349
BruceBAD/MacOS-narstybits/Pranks/pipeseroni.txt	MacOS-narstybits	txt	546
BruceBAD/MacOS-narstybits/Pranks/Hacker Typer NASA.txt	MacOS-narstybits	txt	5708
BruceBAD/MacOS-narstybits/Pranks/Hacker Typer Umbrella.txt	MacOS-narstybits	txt	5711
BruceBAD/MacOS-narstybits/Pranks/Rainbow Matrix.txt	MacOS-narstybits	txt	757
BruceBAD/MacOS-narstybits/Pranks/Terminal Tetris.txt	MacOS-narstybits	txt	576
BruceBAD/MacOS-narstybits/Pranks/Hacker Typer F Society.txt	MacOS-narstybits	txt	5711
BruceBAD/MacOS-narstybits/Pranks/MacWildRideV2.txt	MacOS-narstybits	txt	882
BruceBAD/MacOS-narstybits/Pranks/IPHONE Fake Update.txt	MacOS-narstybits	txt	270
BruceBAD/MacOS-narstybits/Pranks/Cat Flickering Terminal.txt	MacOS-narstybits	txt	1849
BruceBAD/MacOS-narstybits/Pranks/Thomas The Train.txt	MacOS-narstybits	txt	479
BruceBAD/MacOS-narstybits/Pranks/Random Noises.txt	MacOS-narstybits	txt	3136
BruceBAD/MacOS-narstybits/Pranks/Hacker Typer Tegnio.txt	MacOS-narstybits	txt	5706
BruceBAD/MacOS-narstybits/Pranks/ASCII Aquarium.txt	MacOS-narstybits	txt	452
BruceBAD/MacOS-narstybits/Pranks/Hacker Typer Minecraft.txt	MacOS-narstybits	txt	5711
BruceBAD/MacOS-narstybits/Pranks/Hacker Typer Blue.txt	MacOS-narstybits	txt	5703
BruceBAD/MacOS-narstybits/Pranks/JasonBourneMessage Hack.txt	MacOS-narstybits	txt	613
BruceBAD/MacOS-narstybits/Pranks/Hacke3 Typer.txt	MacOS-narstybits	txt	5704
BruceBAD/MacOS-narstybits/RECON/Web Scraper.txt	MacOS-narstybits	txt	916
BruceBAD/MacOS-narstybits/RECON/Document to Dropbox API.txt	MacOS-narstybits	txt	1345
BruceBAD/MacOS-narstybits/RECON/Copy All JPEG Images.txt	MacOS-narstybits	txt	522
BruceBAD/MacOS-narstybits/RECON/Public I.P. to Iphone.txt	MacOS-narstybits	txt	920
BruceBAD/MacOS-narstybits/RECON/Info Infiltrator to Iphone.txt	MacOS-narstybits	txt	975
BruceBAD/MacOS-narstybits/RECON/SocatShell.txt	MacOS-narstybits	txt	1176
BruceBAD/MacOS-narstybits/RECON/Desktop file list to iPhone.txt	MacOS-narstybits	txt	891
BruceBAD/MacOS-narstybits/RECON/Network Recon Plus.txt	MacOS-narstybits	txt	750
BruceBAD/MacOS-narstybits/RECON/GuardianForge.txt	MacOS-narstybits	txt	964
BruceBAD/MacOS-narstybits/RECON/Network Recon to Dropbox.txt	MacOS-narstybits	txt	1430
BruceBAD/MacOS-narstybits/RECON/Arp table to Iphone.txt	MacOS-narstybits	txt	904
BruceBAD/MacOS-narstybits/RECON/Voice Logger.txt	MacOS-narstybits	txt	1884
BruceBAD/MacOS-narstybits/RECON/Desktop Data to Dropbox.txt	MacOS-narstybits	txt	1635
BruceBAD/MacOS-narstybits/RECON/Network Reconnaissance.txt	MacOS-narstybits	txt	1032
BruceBAD/MacOS-narstybits/RECON/Infinite Reverse Shell.txt	MacOS-narstybits	txt	1461
BruceBAD/MacOS-narstybits/RECON/Dropbox File Downloader.txt	MacOS-narstybits	txt	808
BruceBAD/MacOS-narstybits/RECON/Nmap Scan to Iphone.txt	MacOS-narstybits	txt	1035
BruceBAD/MacOS-narstybits/RECON/SentinelStrike.txt	MacOS-narstybits	txt	2251
BruceBAD/MacOS-narstybits/RECON/Reverse Shell.txt	MacOS-narstybits	txt	1800
BruceBAD/MacOS-narstybits/RECON/Public I.P. Finder to Dropbox.txt	MacOS-narstybits	txt	1736
BruceBAD/MacOS-narstybits/RECON/SysNet Info.txt	MacOS-narstybits	txt	807
BruceBAD/MacOS-narstybits/RECON/Public I.P. Finder.txt	MacOS-narstybits	txt	796
BruceBAD/MacOS-narstybits/RECON/StealthSeeker.txt	MacOS-narstybits	txt	1329
BruceBAD/MacOS-narstybits/RECON/ macOS System Log to iPhone.txt	MacOS-narstybits	txt	925
BruceBAD/MacOS-narstybits/RECON/Documents file list to iPhone.txt	MacOS-narstybits	txt	1031
BruceBAD/Wifi-Stealer_Discord/Wifi-Stealer_Discord.txt	Wifi-Stealer_Discord	txt	1739
BruceBAD/Flip-ADV-Recon/ADV-Recon.ps1	Flip-ADV-Recon	ps1	20474
BruceBAD/Flip-ADV-Recon/ADV-Recon.txt	Flip-ADV-Recon	txt	588
BruceBAD/Pranks/Hydra-in-Powershell.txt	Pranks	txt	2392
BruceBAD/Pranks/Disable-Keyboard-Mouse-120s.txt	Pranks	txt	675
BruceBAD/Pranks/Mute-Button-Spam.txt	Pranks	txt	838
BruceBAD/Pranks/System Message.txt	Pranks	txt	499
BruceBAD/Pranks/Computer-ACID-Prank.txt	Pranks	txt	470
BruceBAD/Pranks/Invoke Fake Update (.vbs).txt	Pranks	txt	949
BruceBAD/Pranks/Blank Image to Discord Spammer.txt	Pranks	txt	1186
BruceBAD/Pranks/Rickroll with Max Volume spam.txt	Pranks	txt	1021
BruceBAD/Pranks/Change Wallpaper.txt	Pranks	txt	1185
BruceBAD/Pranks/Start Windows-93 (parody edition).txt	Pranks	txt	473
BruceBAD/Pranks/Kill I-O Devices.txt	Pranks	txt	767
BruceBAD/Pranks/USB-SoundSwap.txt	Pranks	txt	1029
BruceBAD/Pranks/Persisant-Goose.txt	Pranks	txt	742
BruceBAD/Pranks/ScreenParty.txt	Pranks	txt	440
BruceBAD/Pranks/Dsktop Shortcut Spammer.txt	Pranks	txt	1075
BruceBAD/Pranks/Mario-BSOD.txt	Pranks	txt	1488
BruceBAD/Pranks/Invoke BSOD.txt	Pranks	txt	378
BruceBAD/Pranks/5 second Screen Kill.txt	Pranks	txt	588
BruceBAD/Pranks/Change-System-Sounds.txt	Pranks	txt	986
BruceBAD/-RD-UrAttaControl/UrAttaControl-Execute.txt	-RD-UrAttaControl	txt	1481
BruceBAD/Mimikatz/Mimikatz.txt	Mimikatz	txt	1504
BruceBAD/Flip-Wallpaper-Troll/Wallpaper-Troll.ps1	Flip-Wallpaper-Troll	ps1	15111
BruceBAD/Flip-Wallpaper-Troll/Wallpaper-Troll.txt	Flip-Wallpaper-Troll	txt	996
BruceBAD/Flipper_Zero_Badusb_hack5_payloads/general/Open4Gmail/payload.txt	Flipper_Zero_Badusb_hack5_payloads	txt	470
BruceBAD/Flipper_Zero_Badusb_hack5_payloads/general/Ascii/Win_HID_MonaLisa/MonaLisa.txt	Flipper_Zero_Badusb_hack5_payloads	txt	8589
BruceBAD/Flipper_Zero_Badusb_hack5_payloads/general/Defeat_Defender/payload.txt	Flipper_Zero_Badusb_hack5_payloads	txt	937
BruceBAD/Flipper_Zero_Badusb_hack5_payloads/general/Disable_Windows_Defender/payload.txt	Flipper_Zero_Badusb_hack5_payloads	txt	747
BruceBAD/Flipper_Zero_Badusb_hack5_payloads/general/Canary_Duck/payload.txt	Flipper_Zero_Badusb_hack5_payloads	txt	735
BruceBAD/Flipper_Zero_Badusb_hack5_payloads/general/Hotfix_Warning/payload.txt	Flipper_Zero_Badusb_hack5_payloads	txt	555
BruceBAD/Flipper_Zero_Badusb_hack5_payloads/general/-RD-Subscribe/Subscribe.txt	Flipper_Zero_Badusb_hack5_payloads	txt	794
BruceBAD/Flipper_Zero_Badusb_hack5_payloads/general/-RD-Subscribe/Subscribe.ps1	Flipper_Zero_Badusb_hack5_payloads	ps1	3807
BruceBAD/Flipper_Zero_Badusb_hack5_payloads/general/-RD-Subscribe/payload.txt	Flipper_Zero_Badusb_hack5_payloads	txt	527
BruceBAD/Flipper_Zero_Badusb_hack5_payloads/general/-RD-PineApple/PineApple-KeyInjection.txt	Flipper_Zero_Badusb_hack5_payloads	txt	1850
BruceBAD/Flipper_Zero_Badusb_hack5_payloads/general/-RD-PineApple/payload.txt	Flipper_Zero_Badusb_hack5_payloads	txt	848
BruceBAD/Flipper_Zero_Badusb_hack5_payloads/general/-RD-PineApple/PineApple.ps1	Flipper_Zero_Badusb_hack5_payloads	ps1	1276
BruceBAD/Flipper_Zero_Badusb_hack5_payloads/general/Disable-Windows-Defender-Permanently/payload.txt	Flipper_Zero_Badusb_hack5_payloads	txt	1533
BruceBAD/Flipper_Zero_Badusb_hack5_payloads/prank/-RD-PS-Draw/PS-Custom-Draw.ps1	Flipper_Zero_Badusb_hack5_payloads	ps1	11892
BruceBAD/Flipper_Zero_Badusb_hack5_payloads/prank/-RD-PS-Draw/PS-Draw.ps1	Flipper_Zero_Badusb_hack5_payloads	ps1	8945
BruceBAD/Flipper_Zero_Badusb_hack5_payloads/prank/-RD-PS-Draw/payload.txt	Flipper_Zero_Badusb_hack5_payloads	txt	635
BruceBAD/Flipper_Zero_Badusb_hack5_payloads/prank/-RD-AcidBurn/AcidBurn.ps1	Flipper_Zero_Badusb_hack5_payloads	ps1	25221
BruceBAD/Flipper_Zero_Badusb_hack5_payloads/prank/-RD-AcidBurn/payload.txt	Flipper_Zero_Badusb_hack5_payloads	txt	731
BruceBAD/Flipper_Zero_Badusb_hack5_payloads/prank/-RD-Wallpaper-Troll/Wallpaper-Troll.ps1	Flipper_Zero_Badusb_hack5_payloads	ps1	15111
BruceBAD/Flipper_Zero_Badusb_hack5_payloads/prank/-RD-Wallpaper-Troll/payload.txt	Flipper_Zero_Badusb_hack5_payloads	txt	972
BruceBAD/Flipper_Zero_Badusb_hack5_payloads/prank/-RD-Rage-PopUps/Rage-PopUps.ps1	Flipper_Zero_Badusb_hack5_payloads	ps1	4658
BruceBAD/Flipper_Zero_Badusb_hack5_payloads/prank/-RD-Rage-PopUps/payload.txt	Flipper_Zero_Badusb_hack5_payloads	txt	577
BruceBAD/Flipper_Zero_Badusb_hack5_payloads/prank/-RD-JumpScare/JumpScare.ps1	Flipper_Zero_Badusb_hack5_payloads	ps1	9032
BruceBAD/Flipper_Zero_Badusb_hack5_payloads/prank/-RD-JumpScare/payload.txt	Flipper_Zero_Badusb_hack5_payloads	txt	1040
BruceBAD/Flipper_Zero_Badusb_hack5_payloads/prank/-RD-We-Found-You/payload.txt	Flipper_Zero_Badusb_hack5_payloads	txt	703
BruceBAD/Flipper_Zero_Badusb_hack5_payloads/prank/-RD-We-Found-You/found-you.ps1	Flipper_Zero_Badusb_hack5_payloads	ps1	7634
BruceBAD/Flipper_Zero_Badusb_hack5_payloads/incident_response/GoodUSB/payload.txt	Flipper_Zero_Badusb_hack5_payloads	txt	1698
BruceBAD/Flipper_Zero_Badusb_hack5_payloads/incident_response/-RD-ET-Phone-Home/ET-Phone-Home.ps1	Flipper_Zero_Badusb_hack5_payloads	ps1	7536
BruceBAD/Flipper_Zero_Badusb_hack5_payloads/incident_response/-RD-ET-Phone-Home/payload.txt	Flipper_Zero_Badusb_hack5_payloads	txt	824
BruceBAD/Flipper_Zero_Badusb_hack5_payloads/mobile/Android/Android_HID_Forward-Email/Payload_Gmail.txt	Flipper_Zero_Badusb_hack5_payloads	txt	492
BruceBAD/Flipper_Zero_Badusb_hack5_payloads/mobile/Android/Android_HID_Forward-Email/Payload_Samsung.txt	Flipper_Zero_Badusb_hack5_payloads	txt	417
BruceBAD/Flipper_Zero_Badusb_hack5_payloads/execution/$MFT-Duck-Crasher/payload.txt	Flipper_Zero_Badusb_hack5_payloads	txt	879
BruceBAD/Flipper_Zero_Badusb_hack5_payloads/execution/Admin_Who_Never_Sleeps/payload.txt	Flipper_Zero_Badusb_hack5_payloads	txt	1577
BruceBAD/Flipper_Zero_Badusb_hack5_payloads/execution/termBomb/payload.txt	Flipper_Zero_Badusb_hack5_payloads	txt	1704
BruceBAD/Flipper_Zero_Badusb_hack5_payloads/execution/DawnKit/payload.txt	Flipper_Zero_Badusb_hack5_payloads	txt	2168
BruceBAD/Flipper_Zero_Badusb_hack5_payloads/execution/DuckyHelper/DuckyHelper.txt	Flipper_Zero_Badusb_hack5_payloads	txt	1619
BruceBAD/Flipper_Zero_Badusb_hack5_payloads/execution/DUCKY_REAPER/payload.txt	Flipper_Zero_Badusb_hack5_payloads	txt	555
BruceBAD/Flipper_Zero_Badusb_hack5_payloads/execution/-RD-Play-WAV/Play-WAV.ps1	Flipper_Zero_Badusb_hack5_payloads	ps1	5791
BruceBAD/Flipper_Zero_Badusb_hack5_payloads/execution/-RD-Play-WAV/payload.txt	Flipper_Zero_Badusb_hack5_payloads	txt	563
BruceBAD/Flipper_Zero_Badusb_hack5_payloads/exfiltration/iMessage-Data-Grabber/payload.txt	Flipper_Zero_Badusb_hack5_payloads	txt	774
BruceBAD/Flipper_Zero_Badusb_hack5_payloads/exfiltration/screenshot_exfil/payload.txt	Flipper_Zero_Badusb_hack5_payloads	txt	1974
BruceBAD/Flipper_Zero_Badusb_hack5_payloads/exfiltration/WifiPassGrabberPOST/payload.txt	Flipper_Zero_Badusb_hack5_payloads	txt	817
BruceBAD/Flipper_Zero_Badusb_hack5_payloads/exfiltration/Gather_Network_Info/payload.txt	Flipper_Zero_Badusb_hack5_payloads	txt	787
BruceBAD/Flipper_Zero_Badusb_hack5_payloads/exfiltration/Public-IP-Grabber/payload.txt	Flipper_Zero_Badusb_hack5_payloads	txt	537
BruceBAD/Flipper_Zero_Badusb_hack5_payloads/exfiltration/Mail-Grabber/payload.txt	Flipper_Zero_Badusb_hack5_payloads	txt	797
BruceBAD/Flipper_Zero_Badusb_hack5_payloads/exfiltration/rickroll_terminal_payload/payload.txt	Flipper_Zero_Badusb_hack5_payloads	txt	664
BruceBAD/Flipper_Zero_Badusb_hack5_payloads/exfiltration/chrome-exfil/payload.txt	Flipper_Zero_Badusb_hack5_payloads	txt	2069
BruceBAD/Flipper_Zero_Badusb_hack5_payloads/exfiltration/DUCKY-WIFI_GRABER/payload.txt	Flipper_Zero_Badusb_hack5_payloads	txt	2210
BruceBAD/Flipper_Zero_Badusb_hack5_payloads/exfiltration/History-Grabber/payload.txt	Flipper_Zero_Badusb_hack5_payloads	txt	495
BruceBAD/Flipper_Zero_Badusb_hack5_payloads/exfiltration/Ducky_Crab/payload.txt	Flipper_Zero_Badusb_hack5_payloads	txt	3946
BruceBAD/Flipper_Zero_Badusb_hack5_payloads/exfiltration/Discord_Windows_Wifi_IP-Info/payload.txt	Flipper_Zero_Badusb_hack5_payloads	txt	1673
BruceBAD/Flipper_Zero_Badusb_hack5_payloads/exfiltration/Poor_Mans_Nmap/payload.txt	Flipper_Zero_Badusb_hack5_payloads	txt	5387
BruceBAD/Flipper_Zero_Badusb_hack5_payloads/remote_access/persistentReverseDucky/payload.txt	Flipper_Zero_Badusb_hack5_payloads	txt	1826
BruceBAD/Flipper_Zero_Badusb_hack5_payloads/remote_access/ReverseDuckyIII/payload.txt	Flipper_Zero_Badusb_hack5_payloads	txt	1012
BruceBAD/Flipper_Zero_Badusb_hack5_payloads/remote_access/RegDoor/payload.txt	Flipper_Zero_Badusb_hack5_payloads	txt	262
BruceBAD/Flipper_Zero_Badusb_hack5_payloads/remote_access/NSHELL/Payload.txt.txt	Flipper_Zero_Badusb_hack5_payloads	txt	1021
BruceBAD/Flipper_Zero_Badusb_hack5_payloads/remote_access/win_winrm-backdoor/payload.txt	Flipper_Zero_Badusb_hack5_payloads	txt	2006
BruceBAD/Flipper_Zero_Badusb_hack5_payloads/remote_access/Netcat-Reverseshell-On-Log-In/payload.txt	Flipper_Zero_Badusb_hack5_payloads	txt	1307
BruceBAD/Flipper_Zero_Badusb_hack5_payloads/remote_access/duckNet/install.sh	Flipper_Zero_Badusb_hack5_payloads	sh	173
BruceBAD/Flipper_Zero_Badusb_hack5_payloads/recon/Tree_of_Knowledge/payload.txt	Flipper_Zero_Badusb_hack5_payloads	txt	486
BruceBAD/Flipper_Zero_Badusb_hack5_payloads/recon/Tree_of_Knowledge/show.bat	Flipper_Zero_Badusb_hack5_payloads	bat	32
BruceBAD/Flipper_Zero_Badusb_hack5_payloads/recon/Tree_of_Knowledge/-RD-ADV-Recon/ADV-Recon.ps1	Flipper_Zero_Badusb_hack5_payloads	ps1	20474
BruceBAD/Flipper_Zero_Badusb_hack5_payloads/recon/Tree_of_Knowledge/-RD-ADV-Recon/payload.txt	Flipper_Zero_Badusb_hack5_payloads	txt	573
BruceBAD/Flipper_Zero_Badusb_hack5_payloads/credentials/-RD-Credz-Plz/Credz-Plz.ps1	Flipper_Zero_Badusb_hack5_payloads	ps1	7999
BruceBAD/Flipper_Zero_Badusb_hack5_payloads/credentials/-RD-Credz-Plz/Credz-Plz-Execute.txt	Flipper_Zero_Badusb_hack5_payloads	txt	605
BruceBAD/Flipper_Zero_Badusb_hack5_payloads/credentials/Funni_Stick_V3/README.txt	Flipper_Zero_Badusb_hack5_payloads	txt	1308
BruceBAD/Flipper_Zero_Badusb_hack5_payloads/credentials/DuckyLogger/payload.txt	Flipper_Zero_Badusb_hack5_payloads	txt	3319
BruceBAD/Flipper_Zero_Badusb_hack5_payloads/credentials/sudoSnatch/payload.txt	Flipper_Zero_Badusb_hack5_payloads	txt	3724
BruceBAD/Flipper_Zero_Badusb_hack5_payloads/credentials/Simple_User_Password_Grabber/payload.txt	Flipper_Zero_Badusb_hack5_payloads	txt	2691
BruceBAD/chrome-exfil/payload.txt	chrome-exfil	txt	2069
BruceBAD/DUCKY-WIFI_GRABER/payload.txt	DUCKY-WIFI_GRABER	txt	2214
BruceBAD/Telegram/Wifi2Telegram.txt	Telegram	txt	1001
BruceBAD/Telegram/Web2Telegram.txt	Telegram	txt	1615
BruceBAD/-RD-Subscribe/Subscribe.txt	-RD-Subscribe	txt	794
BruceBAD/-RD-Subscribe/Subscribe.ps1	-RD-Subscribe	ps1	3807
BruceBAD/-RD-Subscribe/payload.txt	-RD-Subscribe	txt	533
BruceBAD/pwn3d windows prank/pwn3d windows prank.txt	pwn3d windows prank	txt	151504
BruceBAD/Follow_Someone_On_Instagram/payload.txt	Follow_Someone_On_Instagram	txt	2216
BruceBAD/Global-Powershell-Logging/Global-Powershell-Logging.ps1	Global-Powershell-Logging	ps1	2089
BruceBAD/Global-Powershell-Logging/Payload.txt	Global-Powershell-Logging	txt	1385
BruceBAD/Browser-Passwords-Dropbox-Exfiltration/payload.txt	Browser-Passwords-Dropbox-Exfiltration	txt	1950
BruceBAD/Browser-Passwords-Dropbox-Exfiltration/Version 01/Browser-Passwords-Dropbox-Exfiltration.ps1	Browser-Passwords-Dropbox-Exfiltration	ps1	4438
BruceBAD/Browser-Passwords-Dropbox-Exfiltration/Version 01/payload.txt	Browser-Passwords-Dropbox-Exfiltration	txt	2038
BruceBAD/Alien Message From Computer/payload.txt	Alien Message From Computer	txt	1906
BruceBAD/Alien Message From Computer/script.py	Alien Message From Computer	py	1043
BruceBAD/Conditions/Conditions-example1.txt	Conditions	txt	884
BruceBAD/Conditions/Conditions-example3.txt	Conditions	txt	807
BruceBAD/Conditions/Conditions-example2.txt	Conditions	txt	804
BruceBAD/Conditions/Conditions-example6.txt	Conditions	txt	268
BruceBAD/Conditions/Conditions-example5.txt	Conditions	txt	890
BruceBAD/Conditions/Conditions-example4.txt	Conditions	txt	611
BruceBAD/exfiltration/Exfiltration-example4.txt	exfiltration	txt	208
BruceBAD/exfiltration/Exfiltration-example2.txt	exfiltration	txt	487
BruceBAD/exfiltration/Exfiltration-example3.txt	exfiltration	txt	3238
BruceBAD/exfiltration/Exfiltration-example1.txt	exfiltration	txt	814
BruceBAD/exfiltration/iMessage-Data-Grabber/payload.txt	exfiltration	txt	776
BruceBAD/exfiltration/screenshot_exfil/payload.txt	exfiltration	txt	1976
BruceBAD/exfiltration/WifiPassGrabberPOST/payload.txt	exfiltration	txt	817
BruceBAD/exfiltration/Gather_Network_Info/payload.txt	exfiltration	txt	787
BruceBAD/exfiltration/Unix-like/OSX/iMessage-Data-Grabber/payload.txt	exfiltration	txt	802
BruceBAD/exfiltration/Unix-like/OSX/Mail-Grabber/payload.txt	exfiltration	txt	798
BruceBAD/exfiltration/Win/Copy-And-Waste/I.bat	exfiltration	bat	133
BruceBAD/exfiltration/Win/Copy-And-Waste/payload.txt	exfiltration	txt	793
BruceBAD/exfiltration/Win/History-Pig/HP.ps1	exfiltration	ps1	2446
BruceBAD/exfiltration/Win/History-Pig/payload.txt	exfiltration	txt	542
BruceBAD/exfiltration/Win/Pwn-Drive/c.ps1	exfiltration	ps1	607
BruceBAD/exfiltration/Win/Pwn-Drive/payload.txt	exfiltration	txt	577
BruceBAD/exfiltration/Win/Gather_Network_Info/payload.txt	exfiltration	txt	787
BruceBAD/exfiltration/Win/RDwindowspasswordgrabber/duckyscript.txt	exfiltration	txt	2917
BruceBAD/exfiltration/Win/Snaffler/snaffler.txt	exfiltration	txt	201
BruceBAD/exfiltration/Win/Bookmark-Hog/BH.ps1	exfiltration	ps1	2415
BruceBAD/exfiltration/Win/Bookmark-Hog/payload.txt	exfiltration	txt	316
BruceBAD/exfiltration/Win/chrome-exfil/payload.txt	exfiltration	txt	2069
BruceBAD/exfiltration/Win/chrome-exfil/Rubber-Ducky/duckyscript.txt	exfiltration	txt	1128
BruceBAD/exfiltration/Win/DUCKY-WIFI_GRABER/payload.txt	exfiltration	txt	2210
BruceBAD/exfiltration/Win/Ducky_Crab/payload.txt	exfiltration	txt	3949
BruceBAD/exfiltration/Win/Discord_Windows_Wifi_IP-Info/payload.txt	exfiltration	txt	1676
BruceBAD/exfiltration/Win/passStealer/passStealer.txt	exfiltration	txt	955
BruceBAD/exfiltration/Win/SMB_share/open_smb_share_to_steal_creds.txt	exfiltration	txt	430
BruceBAD/exfiltration/Win/Poor_Mans_Nmap/Poor_Mans_Nmap.txt	exfiltration	txt	5393
BruceBAD/exfiltration/Public-IP-Grabber/payload.txt	exfiltration	txt	539
BruceBAD/exfiltration/Mail-Grabber/payload.txt	exfiltration	txt	798
BruceBAD/exfiltration/rickroll_terminal_payload/payload.txt	exfiltration	txt	665
BruceBAD/exfiltration/chrome-exfil/payload.txt	exfiltration	txt	2069
BruceBAD/exfiltration/DUCKY-WIFI_GRABER/payload.txt	exfiltration	txt	2210
BruceBAD/exfiltration/History-Grabber/payload.txt	exfiltration	txt	497
BruceBAD/exfiltration/Ducky_Crab/payload.txt	exfiltration	txt	3949
BruceBAD/exfiltration/Discord_Windows_Wifi_IP-Info/payload.txt	exfiltration	txt	1676
BruceBAD/exfiltration/Poor_Mans_Nmap/payload.txt	exfiltration	txt	5393
BruceBAD/Android_HID_BruteForceCode/BruteForce4.txt	Android_HID_BruteForceCode	txt	7794
BruceBAD/Android_HID_BruteForceCode/BruteForce4Backspace.txt	Android_HID_BruteForceCode	txt	7410
BruceBAD/Create_And_Exfiltrate_A_Webhook_Of_Discord/payload.txt	Create_And_Exfiltrate_A_Webhook_Of_Discord	txt	3378
BruceBAD/SamDumpDucky/payload.txt	SamDumpDucky	txt	3847
BruceBAD/SendEmailThroughThunderbird/payload.txt	SendEmailThroughThunderbird	txt	1359
BruceBAD/-RD-ADV-RickRoll/ADV-RickRoll.txt	-RD-ADV-RickRoll	txt	891
BruceBAD/Browse-to-URL-Example/payload.txt	Browse-to-URL-Example	txt	514
BruceBAD/Firewall_Deactivator/payload.txt	Firewall_Deactivator	txt	1762
BruceBAD/ExfiltrateNetworkConfiguration_Linux/payload.txt	ExfiltrateNetworkConfiguration_Linux	txt	2253
BruceBAD/TerminalRickRoll/QuackTUX.txt	TerminalRickRoll	txt	627
BruceBAD/TerminalRickRoll/QuackTUXmean.txt	TerminalRickRoll	txt	670
BruceBAD/Mario-head/Mario-head.txt	Mario-head	txt	955
BruceBAD/Proton-Hog/s.ps1	Proton-Hog	ps1	1450
BruceBAD/Proton-Hog/payload.txt	Proton-Hog	txt	622
BruceBAD/VM-Detection-Report/VM-Detection-Report.ps1	VM-Detection-Report	ps1	17410
BruceBAD/VM-Detection-Report/VM-Detection-Report.txt	VM-Detection-Report	txt	579
BruceBAD/VM-Detection-Report/main.ps1	VM-Detection-Report	ps1	17410
BruceBAD/VM-Detection-Report/Payload.txt	VM-Detection-Report	txt	1421
BruceBAD/Phone/signout_CHROMEOS.txt	Phone	txt	52
BruceBAD/Phone/Explorer-spam.txt	Phone	txt	21
BruceBAD/Phone/blockator-Phone.txt	Phone	txt	3035
BruceBAD/Phone/blue-screen.txt	Phone	txt	1573
BruceBAD/Phone/pincode.txt	Phone	txt	398
BruceBAD/Phone/Tab LAG.txt	Phone	txt	243
BruceBAD/Phone/6digitCracker.txt	Phone	txt	160008
BruceBAD/Phone/4PinCracker.txt	Phone	txt	150008
BruceBAD/Phone/Screenshoter.txt	Phone	txt	28
BruceBAD/Phone/Shutdown Win11.txt	Phone	txt	196
BruceBAD/Phone/Wifi-Stealer_ORG.txt	Phone	txt	1013
BruceBAD/Phone/apps-crash.txt	Phone	txt	230
BruceBAD/Phone/iphone-crasher.txt	Phone	txt	52171
BruceBAD/Phone/android-crasher.txt	Phone	txt	454
BruceBAD/Phone/Android/4pin_bruteforce.txt	Phone	txt	4897
BruceBAD/Phone/Android/Open_website.txt	Phone	txt	204
BruceBAD/Phone/Android/Explorerspam.txt	Phone	txt	4897
BruceBAD/Phone/Android/open_website_android.txt	Phone	txt	196
BruceBAD/Phone/Android/open_website_incognitomode.txt	Phone	txt	179
BruceBAD/Phone/IPhone/CRASHER.txt	Phone	txt	52171
BruceBAD/Phone/IPhone/GUI SPACE REPEAT.txt	Phone	txt	90
BruceBAD/Phone/IPhone/open_website.txt	Phone	txt	329
BruceBAD/Phone/IPhone/open-website.txt	Phone	txt	124
BruceBAD/Phone/IPhone/iphone GUI lag out.txt	Phone	txt	11683
BruceBAD/Phone/IPhone/URL-spam-sms.txt	Phone	txt	257
BruceBAD/Phone/IPhone/iphone-crasher.txt	Phone	txt	52171
BruceBAD/MOAB/MOAB.txt	MOAB	txt	1986
BruceBAD/Show_WiFi_Passwords/Show_WiFi_Passwords.txt	Show_WiFi_Passwords	txt	370
BruceBAD/exfil_auto_eof_detect/exfil_auto_eof_detect.txt	exfil_auto_eof_detect	txt	1330
BruceBAD/BitLockerKeyDump/payload.txt	BitLockerKeyDump	txt	5661
BruceBAD/USB-Poison/USB-Poison.txt	USB-Poison	txt	564
BruceBAD/USB-Poison/main.ps1	USB-Poison	ps1	3344
BruceBAD/USB-Poison/USB-Poison-Hidden.txt	USB-Poison	txt	2390
BruceBAD/Dropbox-Bandit/payload_duckyscript_old.txt	Dropbox-Bandit	txt	1055
BruceBAD/Dropbox-Bandit/payload.txt	Dropbox-Bandit	txt	1432
BruceBAD/Dropbox-Bandit/ex-readable-src.ps1	Dropbox-Bandit	ps1	2776
BruceBAD/Dropbox-Bandit/ex.ps1	Dropbox-Bandit	ps1	1970
BruceBAD/Functions/Functions-example1.txt	Functions	txt	693
BruceBAD/Functions/Functions-example2.txt	Functions	txt	946
BruceBAD/Randomization/Randomization-example4.txt	Randomization	txt	639
BruceBAD/Randomization/Randomization-example2.txt	Randomization	txt	267
BruceBAD/Randomization/Randomization-example3.txt	Randomization	txt	335
BruceBAD/Randomization/Randomization-example1.txt	Randomization	txt	937
BruceBAD/Change_Windows_User_Name/payload.txt	Change_Windows_User_Name	txt	1050
BruceBAD/sudoSnatch/payload.txt	sudoSnatch	txt	3732
BruceBAD/Char_Test_ALTSTRING/Char_Test_ALTSTRING.txt	Char_Test_ALTSTRING	txt	979
BruceBAD/web2Discord/Web2Discord.txt	web2Discord	txt	1115
BruceBAD/Beigeworms-Tool-Suite/main.ps1	Beigeworms-Tool-Suite	ps1	21848
BruceBAD/GNU-Linux/Prank/This_damn_shell_doesn_t_work___so_sad!-LINUX/payload.txt	GNU-Linux	txt	795
BruceBAD/GNU-Linux/Prank/This_damn_shell_doesn_t_work___so_sad!-KALI/payload.txt	GNU-Linux	txt	793
BruceBAD/GNU-Linux/Prank/ChangeDesktopWallpaper_LinuxKDE/payloads.txt	GNU-Linux	txt	1285
BruceBAD/GNU-Linux/Prank/Change_The_App_That_Will_Be_Runned/payload.txt	GNU-Linux	txt	1499
BruceBAD/GNU-Linux/Prank/SendTelegramMessages_Linux/payload.txt	GNU-Linux	txt	884
BruceBAD/GNU-Linux/Incident_Response/Auto-Check_Cisco_IOS_XE_Backdoor_based_on_CVE-2023-20198_and_CVE/script.sh	GNU-Linux	sh	826
BruceBAD/GNU-Linux/Incident_Response/Auto-Check_Cisco_IOS_XE_Backdoor_based_on_CVE-2023-20198_and_CVE/payload.txt	GNU-Linux	txt	3481
BruceBAD/GNU-Linux/Incident_Response/Exploit_Citrix_NetScaler_ADC_and_Gateway_through_CVE-2023-4966/lin-payload.txt	GNU-Linux	txt	1596
BruceBAD/GNU-Linux/Incident_Response/Exploit_Citrix_NetScaler_ADC_and_Gateway_through_CVE-2023-4966/script.sh	GNU-Linux	sh	459
BruceBAD/GNU-Linux/Execution/Telegram_Persistent_Reverse_Shell_Linux/connection.py	GNU-Linux	py	1190
BruceBAD/GNU-Linux/Execution/Telegram_Persistent_Reverse_Shell_Linux/payload.txt	GNU-Linux	txt	969
BruceBAD/GNU-Linux/Execution/ExploitingAnExecutableFile/script.sh	GNU-Linux	sh	464
BruceBAD/GNU-Linux/Execution/ExploitingAnExecutableFile/payload.txt	GNU-Linux	txt	1366
BruceBAD/GNU-Linux/Execution/ChangeNetworkConfiguration_Linux/payload.txt	GNU-Linux	txt	1385
BruceBAD/GNU-Linux/Execution/Set_An_Arbitrary_And_Persistent_Tor_Circuit/payload.txt	GNU-Linux	txt	2243
BruceBAD/GNU-Linux/Execution/EncryptAllDocuments_Linux/EncryptAllDocumentsScript.py	GNU-Linux	py	1318
BruceBAD/GNU-Linux/Execution/EncryptAllDocuments_Linux/payload.txt	GNU-Linux	txt	2200
BruceBAD/GNU-Linux/Execution/ChangeGitRemoteLink/payload.txt	GNU-Linux	txt	1197
BruceBAD/GNU-Linux/Execution/Telegram_Persistent_Connection_Linux/connection.py	GNU-Linux	py	234
BruceBAD/GNU-Linux/Execution/Telegram_Persistent_Connection_Linux/payload.txt	GNU-Linux	txt	918
BruceBAD/GNU-Linux/Execution/ChangeMacAddress_Linux/payload.txt	GNU-Linux	txt	1306
BruceBAD/GNU-Linux/Execution/SetArbitraryVPN_Linux/payload.txt	GNU-Linux	txt	1257
BruceBAD/GNU-Linux/Execution/Defend_yourself_against_AtlasVPN_bugdoor/payload.txt	GNU-Linux	txt	1174
BruceBAD/GNU-Linux/Execution/Persistent_Keylogger-Telegram_Based/connection.py	GNU-Linux	py	1895
BruceBAD/GNU-Linux/Execution/Persistent_Keylogger-Telegram_Based/payload.txt	GNU-Linux	txt	933
BruceBAD/GNU-Linux/Execution/SendEmailThroughThunderbird/payload.txt	GNU-Linux	txt	1300
BruceBAD/GNU-Linux/Execution/Edit_The_Default_Real_App_With_An_Arbitrary/payload.txt	GNU-Linux	txt	2063
BruceBAD/GNU-Linux/Exfiltration/ExfiltratePhotosThroughShell/script.sh	GNU-Linux	sh	634
BruceBAD/GNU-Linux/Exfiltration/ExfiltratePhotosThroughShell/payload.txt	GNU-Linux	txt	1289
BruceBAD/GNU-Linux/Exfiltration/ExfiltrateEmailAndPasswordByPhising_Linux/payload.txt	GNU-Linux	txt	1262
BruceBAD/GNU-Linux/Exfiltration/ExfiltrateWiFiPasswords_Linux/script.sh	GNU-Linux	sh	243
BruceBAD/GNU-Linux/Exfiltration/ExfiltrateWiFiPasswords_Linux/payload.txt	GNU-Linux	txt	2405
BruceBAD/GNU-Linux/Exfiltration/ExfiltrateProcessInfo_Linux/payload.txt	GNU-Linux	txt	1589
BruceBAD/GNU-Linux/Exfiltration/ExfiltrateNetworkTraffic_Linux/script.sh	GNU-Linux	sh	212
BruceBAD/GNU-Linux/Exfiltration/ExfiltrateNetworkTraffic_Linux/payload.txt	GNU-Linux	txt	2372
BruceBAD/GNU-Linux/Exfiltration/ExfiltrateDocumentsFolder_Linux/payload.txt	GNU-Linux	txt	1865
BruceBAD/GNU-Linux/Exfiltration/ExfiltrateDocumentsFolder_Linux/Send_Zip_To_Dropbox.sh	GNU-Linux	sh	610
BruceBAD/GNU-Linux/Exfiltration/ExfiltrateNetworkConfiguration_Linux/payload.txt	GNU-Linux	txt	2104
BruceBAD/GNU-Linux/Exfiltration/ExfiltrateLogFiles_Linux/payload.txt	GNU-Linux	txt	1798
BruceBAD/GNU-Linux/Exfiltration/ExfiltrateSudoPasswordByPhising_Linux/payload.txt	GNU-Linux	txt	1088
BruceBAD/GNU-Linux/Phishing/StandardPhishingAttack_Linux/script.js	GNU-Linux	js	1065
BruceBAD/GNU-Linux/Phishing/StandardPhishingAttack_Linux/payload.txt	GNU-Linux	txt	1188
BruceBAD/GNU-Linux/Phishing/StandardPhishingPayloadUsingKdialog_Linux/payload.txt	GNU-Linux	txt	2560
BruceBAD/Loops/Loops-example3.txt	Loops	txt	570
BruceBAD/Loops/Loops-example2.txt	Loops	txt	546
BruceBAD/Loops/Loops-example1.txt	Loops	txt	892
BruceBAD/Windows-Duck-In-The-Middle/payload.txt	Windows-Duck-In-The-Middle	txt	3620
BruceBAD/GLITCH.DANGER/GLITCH.DANGER.txt	GLITCH.DANGER	txt	174
BruceBAD/3_Payload_Menu/payload.txt	3_Payload_Menu	txt	5444
BruceBAD/History-Grabber/payload.txt	History-Grabber	txt	497
BruceBAD/DuckyHelper/DuckyHelper.txt	DuckyHelper	txt	1622
BruceBAD/Android_HID_Forward-Email/Payload_Gmail.txt	Android_HID_Forward-Email	txt	492
BruceBAD/Android_HID_Forward-Email/Payload_Samsung.txt	Android_HID_Forward-Email	txt	417
BruceBAD/-RD-PineApple/PineApple-KeyInjection.txt	-RD-PineApple	txt	1857
BruceBAD/-RD-PineApple/payload.txt	-RD-PineApple	txt	853
BruceBAD/-RD-PineApple/PineApple.ps1	-RD-PineApple	ps1	1276
BruceBAD/ChangeDesktopWallpaper_LinuxKDE/payload.txt	ChangeDesktopWallpaper_LinuxKDE	txt	1242
BruceBAD/Social-Search-GUI/Username-Search-GUI.txt	Social-Search-GUI	txt	507
BruceBAD/Social-Search-GUI/main.ps1	Social-Search-GUI	ps1	11636
BruceBAD/Filetype-Organizer/Filetype-Organizer.txt	Filetype-Organizer	txt	525
BruceBAD/Filetype-Organizer/main.ps1	Filetype-Organizer	ps1	2599
BruceBAD/Simple_User_Password_Grabber/payload.txt	Simple_User_Password_Grabber	txt	2692
BruceBAD/Text2Speech/Text2Speech.txt	Text2Speech	txt	334
BruceBAD/mr-robot_eXit/payload.txt	mr-robot_eXit	txt	1028
BruceBAD/mr-robot_eXit/prank_files/assets/js/constants.js	mr-robot_eXit	js	2594
BruceBAD/mr-robot_eXit/prank_files/assets/js/variables.js	mr-robot_eXit	js	100
BruceBAD/mr-robot_eXit/prank_files/assets/js/main.js	mr-robot_eXit	js	457
BruceBAD/mr-robot_eXit/prank_files/assets/js/functions/off.js	mr-robot_eXit	js	255
BruceBAD/mr-robot_eXit/prank_files/assets/js/functions/stage.js	mr-robot_eXit	js	481
BruceBAD/mr-robot_eXit/prank_files/assets/js/functions/sleep.js	mr-robot_eXit	js	235
BruceBAD/DUCKY_REAPER/payload.txt	DUCKY_REAPER	txt	555
BruceBAD/phishing/Win/DNSpoisoning.txt	phishing	txt	221
BruceBAD/phishing/Win/ducky-phisher.txt	phishing	txt	1296
BruceBAD/phishing/Win/duckyphish/duckyphish.txt	phishing	txt	629
BruceBAD/phishing/duckyphish/duckyphish.txt	phishing	txt	565
BruceBAD/phishing/duckyphish/duckyphish.ps1	phishing	ps1	408
BruceBAD/ntlm_exfiltration/payload.txt	ntlm_exfiltration	txt	1586
BruceBAD/open_website_win/open_website_win.txt	open_website_win	txt	149
BruceBAD/Windows-netstat/Windows-netstat.ps1	Windows-netstat	ps1	1608
BruceBAD/Windows-netstat/payload.txt	Windows-netstat	txt	1867
BruceBAD/Win_PoSH_DesktopDuck/DesktopDuck.ps1	Win_PoSH_DesktopDuck	ps1	7885
BruceBAD/Win_PoSH_DesktopDuck/payload.txt	Win_PoSH_DesktopDuck	txt	306
BruceBAD/Mouse-Monitor-to-Discord/Mouse-Activity-to-Discord.txt	Mouse-Monitor-to-Discord	txt	530
BruceBAD/Mouse-Monitor-to-Discord/main.ps1	Mouse-Monitor-to-Discord	ps1	2129
BruceBAD/rickroll-android/rickroll-android.txt	rickroll-android	txt	219
BruceBAD/Webhook-Spammer-GUI/Webhook-Spammer-GUI.txt	Webhook-Spammer-GUI	txt	485
BruceBAD/Webhook-Spammer-GUI/main.ps1	Webhook-Spammer-GUI	ps1	7452
BruceBAD/-RD-Rage-PopUps/Rage-PopUps.ps1	-RD-Rage-PopUps	ps1	4658
BruceBAD/-RD-Rage-PopUps/payload.txt	-RD-Rage-PopUps	txt	577
BruceBAD/Add_An_Excepiton_To_Avast_Antivirus/payload.txt	Add_An_Excepiton_To_Avast_Antivirus	txt	1380
BruceBAD/Flipper-Zero-BadUSB-made just for Flipper/Payloads/Flip-PineApple/PineApple-KeyInjection.txt	Flipper-Zero-BadUSB-made just for Flipper	txt	1874
BruceBAD/Flipper-Zero-BadUSB-made just for Flipper/Payloads/Flip-PineApple/PineApple.txt	Flipper-Zero-BadUSB-made just for Flipper	txt	864
BruceBAD/Flipper-Zero-BadUSB-made just for Flipper/Payloads/Flip-PineApple/PineApple.ps1	Flipper-Zero-BadUSB-made just for Flipper	ps1	1276
BruceBAD/Flipper-Zero-BadUSB-made just for Flipper/Payloads/Flip-JumpScare/JumpScare.txt	Flipper-Zero-BadUSB-made just for Flipper	txt	1068
BruceBAD/Flipper-Zero-BadUSB-made just for Flipper/Payloads/Flip-JumpScare/JumpScare.ps1	Flipper-Zero-BadUSB-made just for Flipper	ps1	9032
BruceBAD/Flipper-Zero-BadUSB-made just for Flipper/Payloads/Flip-Rage-PopUps/Rage-PopUps.txt	Flipper-Zero-BadUSB-made just for Flipper	txt	592
BruceBAD/Flipper-Zero-BadUSB-made just for Flipper/Payloads/Flip-Rage-PopUps/Rage-PopUps.ps1	Flipper-Zero-BadUSB-made just for Flipper	ps1	4658
BruceBAD/Flipper-Zero-BadUSB-made just for Flipper/Payloads/Flip-Play-WAV/Play-WAV.ps1	Flipper-Zero-BadUSB-made just for Flipper	ps1	5791
BruceBAD/Flipper-Zero-BadUSB-made just for Flipper/Payloads/Flip-Play-WAV/Play-WAV.txt	Flipper-Zero-BadUSB-made just for Flipper	txt	562
BruceBAD/Flipper-Zero-BadUSB-made just for Flipper/Payloads/Flip-PS-Draw/PS-Draw.txt	Flipper-Zero-BadUSB-made just for Flipper	txt	659
BruceBAD/Flipper-Zero-BadUSB-made just for Flipper/Payloads/Flip-PS-Draw/PS-Custom-Draw.ps1	Flipper-Zero-BadUSB-made just for Flipper	ps1	11892
BruceBAD/Flipper-Zero-BadUSB-made just for Flipper/Payloads/Flip-PS-Draw/PS-Draw.ps1	Flipper-Zero-BadUSB-made just for Flipper	ps1	8945
BruceBAD/Flipper-Zero-BadUSB-made just for Flipper/Payloads/Flip-Subscribe/IWR-Subscribe.txt	Flipper-Zero-BadUSB-made just for Flipper	txt	551
BruceBAD/Flipper-Zero-BadUSB-made just for Flipper/Payloads/Flip-Subscribe/Subscribe.txt	Flipper-Zero-BadUSB-made just for Flipper	txt	809
BruceBAD/Flipper-Zero-BadUSB-made just for Flipper/Payloads/Flip-Subscribe/Subscribe.ps1	Flipper-Zero-BadUSB-made just for Flipper	ps1	3807
BruceBAD/Flipper-Zero-BadUSB-made just for Flipper/Payloads/Flip-ADV-Recon/ADV-Recon.ps1	Flipper-Zero-BadUSB-made just for Flipper	ps1	20474
BruceBAD/Flipper-Zero-BadUSB-made just for Flipper/Payloads/Flip-ADV-Recon/ADV-Recon.txt	Flipper-Zero-BadUSB-made just for Flipper	txt	588
BruceBAD/Flipper-Zero-BadUSB-made just for Flipper/Payloads/Flip-Wallpaper-Troll/Wallpaper-Troll.ps1	Flipper-Zero-BadUSB-made just for Flipper	ps1	15111
BruceBAD/Flipper-Zero-BadUSB-made just for Flipper/Payloads/Flip-Wallpaper-Troll/Wallpaper-Troll.txt	Flipper-Zero-BadUSB-made just for Flipper	txt	996
BruceBAD/Flipper-Zero-BadUSB-made just for Flipper/Payloads/Flip-AcidBurn/AcidBurn.ps1	Flipper-Zero-BadUSB-made just for Flipper	ps1	25221
BruceBAD/Flipper-Zero-BadUSB-made just for Flipper/Payloads/Flip-AcidBurn/AcidBurn.txt	Flipper-Zero-BadUSB-made just for Flipper	txt	751
BruceBAD/Flipper-Zero-BadUSB-made just for Flipper/Payloads/Flip-We-Found-You/We-Found-You.txt	Flipper-Zero-BadUSB-made just for Flipper	txt	724
BruceBAD/Flipper-Zero-BadUSB-made just for Flipper/Payloads/Flip-We-Found-You/found-you.ps1	Flipper-Zero-BadUSB-made just for Flipper	ps1	7634
BruceBAD/-RD-ET-Phone-Home/ET-Phone-Home.ps1	-RD-ET-Phone-Home	ps1	7536
BruceBAD/-RD-ET-Phone-Home/payload.txt	-RD-ET-Phone-Home	txt	853
BruceBAD/Ducky_Crab/payload.txt	Ducky_Crab	txt	3949
BruceBAD/Example_Payloads/konami_cave.txt	Example_Payloads	txt	6143
BruceBAD/Example_Payloads/payload_menu.txt	Example_Payloads	txt	2043
BruceBAD/duckNet/install.sh	duckNet	sh	173
BruceBAD/pwnKit/payload.txt	pwnKit	txt	543
BruceBAD/Credential_Harvester_MarkCyber/Credential_Harvester_MarkCyber.txt	Credential_Harvester_MarkCyber	txt	1711
BruceBAD/ExfiltrateProcessInfo_Windows/ExfiltrateProcessInfo.ps1	ExfiltrateProcessInfo_Windows	ps1	1451
BruceBAD/ExfiltrateProcessInfo_Windows/payload.txt	ExfiltrateProcessInfo_Windows	txt	733
BruceBAD/Add_Local_Admin/payload.txt	Add_Local_Admin	txt	1878
BruceBAD/Jitter/Jitter-example2.txt	Jitter	txt	345
BruceBAD/Jitter/Jitter-example1.txt	Jitter	txt	247
BruceBAD/Discord_Windows_Wifi_IP-Info/payload.txt	Discord_Windows_Wifi_IP-Info	txt	1676
BruceBAD/you-idiot/you-idiot.txt	you-idiot	txt	168
BruceBAD/remote_access/Unix-like/OSX/netcatbackdoor3.txt	remote_access	txt	693
BruceBAD/remote_access/Unix-like/OSX/passlessSSH.txt	remote_access	txt	494
BruceBAD/remote_access/Unix-like/OSX/Root_backdoor.txt	remote_access	txt	1467
BruceBAD/remote_access/Unix-like/OSX/Basic_shell.txt	remote_access	txt	168
BruceBAD/remote_access/Unix-like/OSX/basic_script.txt	remote_access	txt	336
BruceBAD/remote_access/Unix-like/OSX/Bella_Ducky/bella-ducky.txt	remote_access	txt	854
BruceBAD/remote_access/Unix-like/Linux/persistentReverseDucky/payload.txt	remote_access	txt	1846
BruceBAD/remote_access/Unix-like/Linux/Gnomed/gnomed.txt	remote_access	txt	410
BruceBAD/remote_access/Unix-like/Linux/DuckNet/install.sh	remote_access	sh	173
BruceBAD/remote_access/Win/win10lockpick.txt	remote_access	txt	650
BruceBAD/remote_access/Win/RegDoor/payload.txt	remote_access	txt	262
BruceBAD/remote_access/Win/NSHELL/Payload.txt	remote_access	txt	1024
BruceBAD/remote_access/Win/win_winrm-backdoor/payload.txt	remote_access	txt	2022
BruceBAD/remote_access/Win/BadUSB_reverseShellInjector/BadUSB_reverseShellInjector.txt	remote_access	txt	955
BruceBAD/remote_access/Win/Quick-Reverse-Powershell-Rubber-Ducky/duckycode.txt	remote_access	txt	936
BruceBAD/remote_access/Win/Netcat-Reverseshell-On-Log-In/payload.txt	remote_access	txt	1307
BruceBAD/remote_access/Win/Mimikatz/mimikatz.txt	remote_access	txt	680
BruceBAD/remote_access/Win/Mimikatz/V3.txt	remote_access	txt	1804
BruceBAD/remote_access/Win/Mimikatz/mimikatzV2.txt	remote_access	txt	1201
BruceBAD/remote_access/Win/ReverseDucky/ReverseDucky.txt	remote_access	txt	917
BruceBAD/remote_access/Win/ReverseDucky/payload.txt	remote_access	txt	1024
BruceBAD/ReverseDucky/ReverseDucky.txt	ReverseDucky	txt	1758
BruceBAD/Flip-AcidBurn/AcidBurn.ps1	Flip-AcidBurn	ps1	25221
BruceBAD/Flip-AcidBurn/AcidBurn.txt	Flip-AcidBurn	txt	751
BruceBAD/Reverse Shells and C2/Telegram Reverse Shell.txt	Reverse Shells and C2	txt	4143
BruceBAD/Reverse Shells and C2/Simple-Discord-BOT-CLI.txt	Reverse Shells and C2	txt	528
BruceBAD/YouHaveBeenQuacked2.0/payload.txt	YouHaveBeenQuacked2.0	txt	1096
BruceBAD/ATTACKMODE/ATTACKMODE-example2.txt	ATTACKMODE	txt	1154
BruceBAD/ATTACKMODE/ATTACKMODE-example1.txt	ATTACKMODE	txt	982
BruceBAD/Screenshoter/Screenshoter.txt	Screenshoter	txt	27
BruceBAD/-RD-JumpScare/JumpScare.ps1	-RD-JumpScare	ps1	9032
BruceBAD/-RD-JumpScare/payload.txt	-RD-JumpScare	txt	1047
BruceBAD/qFlipper-windows/qFlipper-windows.txt	qFlipper-windows	txt	431
BruceBAD/edit2exfil/payload.txt	edit2exfil	txt	2385
BruceBAD/android-crasher/android-crasher.txt	android-crasher	txt	454
BruceBAD/Win_Hid_ImgOverKey/payload.txt	Win_Hid_ImgOverKey	txt	1870
BruceBAD/Exfiltrate_file_through_GUI_mac/payload.txt	Exfiltrate_file_through_GUI_mac	txt	2375
BruceBAD/Windows/Prank/ChangeWallpaperWithScreenshot/payload.txt	Windows	txt	926
BruceBAD/Windows/Prank/ChangeWallpaperWithScreenshot/script.py	Windows	py	631
BruceBAD/Windows/Prank/SendMessagesInTeams/payload.txt	Windows	txt	1607
BruceBAD/Windows/Prank/Prank_In_The_Middle_Thunderbird/payload.txt	Windows	txt	2757
BruceBAD/Windows/Prank/AlienMessageFromComputer/payload.txt	Windows	txt	1854
BruceBAD/Windows/Prank/AlienMessageFromComputer/script.py	Windows	py	1043
BruceBAD/Windows/Prank/PlayASongThroughSpotify/payload.txt	Windows	txt	1254
BruceBAD/Windows/Prank/The_Mouse_Moves_By_Itself/payload.txt	Windows	txt	832
BruceBAD/Windows/Prank/The_Mouse_Moves_By_Itself/script.py	Windows	py	357
BruceBAD/Windows/Prank/Try_To_Catch_Me/payload.txt	Windows	txt	759
BruceBAD/Windows/Prank/Try_To_Catch_Me/script.py	Windows	py	4480
BruceBAD/Windows/Prank/SendSignalMessages_Windows/payload.txt	Windows	txt	1049
BruceBAD/Windows/Prank/NeverGonnaGiveYouUp_Windows/payload.txt	Windows	txt	532
BruceBAD/Windows/Prank/ContinuousPrintInTerminal/payload.txt	Windows	txt	1176
BruceBAD/Windows/Prank/ContinuousPrintInTerminal/script.py	Windows	py	282
BruceBAD/Windows/Prank/Spam_Terminals-by_bst04/Spam_Terminals.txt	Windows	txt	465
BruceBAD/Windows/Prank/Follow_Someone_On_Instagram/payload.txt	Windows	txt	1020
BruceBAD/Windows/Prank/Full-ScreenBannerJoke/payload.txt	Windows	txt	833
BruceBAD/Windows/Prank/Full-ScreenBannerJoke/script.py	Windows	py	846
BruceBAD/Windows/Prank/Pranh(ex)/payload.txt	Windows	txt	15751898
BruceBAD/Windows/Prank/Pranh(ex)/assets/hexfile.txt	Windows	txt	15750666
BruceBAD/Windows/Prank/Pranh(ex)/assets/pranh(ex).py	Windows	py	1208
BruceBAD/Windows/Prank/Pranh(ex)/assets/transformation/build/pranh(ex)/warn-pranh(ex).txt	Windows	txt	1971
BruceBAD/Windows/Prank/Change_Github_Profile_Settings/payload.txt	Windows	txt	1420
BruceBAD/Windows/Incident_Response/Defend_yourself_against_CVE-2023-36884_Office_and_Windows_HTML_Remote_Code_Execution_Vulnerability/payload.txt	Windows	txt	3605
BruceBAD/Windows/Incident_Response/Exploit_Citrix_NetScaler_ADC_and_Gateway_through_CVE-2023-4966/win-payload.txt	Windows	txt	1763
BruceBAD/Windows/Execution/Install_Official_VSCode_Extension/payload.txt	Windows	txt	912
BruceBAD/Windows/Execution/Set_An_Arbitrary_DNS-IPv4_version/payload.txt	Windows	txt	1629
BruceBAD/Windows/Execution/Make_Windows_performant_(but_ugly_and_boring)/payload.txt	Windows	txt	1271
BruceBAD/Windows/Execution/CloseAllApplications_Windows/payload.txt	Windows	txt	926
BruceBAD/Windows/Execution/CloseAllApplications_Windows/script.py	Windows	py	200
BruceBAD/Windows/Execution/CloseAllApplications_Windows/close_all_app.ps1	Windows	ps1	563
BruceBAD/Windows/Execution/Shutdown_After_1_Minute-By_NexusWannaBe/payload.txt	Windows	txt	178
BruceBAD/Windows/Execution/Uninstall_A_Specific_App_On_Windows_Through_Control_Panel/payload.txt	Windows	txt	1813
BruceBAD/Windows/Execution/Install_Any_Arbitrary_VSCode_Extension/payload.txt	Windows	txt	2345
BruceBAD/Windows/Execution/Set_An_Arbitrary_And_Persistent_Tor_Circuit/payload.txt	Windows	txt	1663
BruceBAD/Windows/Execution/UninstallSignal/payload.txt	Windows	txt	730
BruceBAD/Windows/Execution/ChangeGitRemoteLink/payload.txt	Windows	txt	1197
BruceBAD/Windows/Execution/Send_Messages_In_Discord_Channel-Server/payload.txt	Windows	txt	1189
BruceBAD/Windows/Execution/Stop_A_Single_Process_In_Windows/payload.txt	Windows	txt	1092
BruceBAD/Windows/Execution/CheckBattery-by_bst04/payload.txt	Windows	txt	316
BruceBAD/Windows/Execution/Immediate_Shutdown-By_NexusWannaBe/payload.txt	Windows	txt	152
BruceBAD/Windows/Execution/Set_Tor_Bridge/payload.txt	Windows	txt	851
BruceBAD/Windows/Execution/SendEmailThroughThunderbird/payload.txt	Windows	txt	1300
BruceBAD/Windows/Execution/Change_Windows_User_Name/payload.txt	Windows	txt	811
BruceBAD/Windows/Execution/Add_An_Excepiton_To_Avast_Antivirus/payload.txt	Windows	txt	1378
BruceBAD/Windows/Execution/Change_the_password_of_the_windows_user/payload.txt	Windows	txt	883
BruceBAD/Windows/Execution/Install_And_Run_Any_Arbitrary_Executable-No_Internet_And_Root_Needed/payload.txt	Windows	txt	1426
BruceBAD/Windows/Execution/Install_And_Run_Any_Arbitrary_Executable-No_Internet_And_Root_Needed/assets/example.py	Windows	py	88
BruceBAD/Windows/Execution/Install_And_Run_Any_Arbitrary_Executable-No_Internet_And_Root_Needed/assets/convert_to_hex.py	Windows	py	614
BruceBAD/Windows/Execution/Install_And_Run_Any_Arbitrary_Executable-No_Internet_And_Root_Needed/assets/build/example/warn-example.txt	Windows	txt	1971
BruceBAD/Windows/Execution/Starting_a_PowerShell_with_administrator_permissions_in_Windows/payload.txt	Windows	txt	1079
BruceBAD/Windows/Exfiltration/Export_all_saved_certificates_with_Adobe_Reader/payload.txt	Windows	txt	1918
BruceBAD/Windows/Exfiltration/Export_Cookies_From_Firefox/script.ps1	Windows	ps1	789
BruceBAD/Windows/Exfiltration/Export_Cookies_From_Firefox/payload.txt	Windows	txt	1792
BruceBAD/Windows/Exfiltration/Save_Your_Thunderbird_Settings/payload.txt	Windows	txt	2569
BruceBAD/Windows/Exfiltration/Exfiltrate_Windows_Product_Key/payload.txt	Windows	txt	1229
BruceBAD/Windows/Exfiltration/ProtonVPNConfigFile_Windows/ProtonVPN-config.ps1	Windows	ps1	867
BruceBAD/Windows/Exfiltration/ProtonVPNConfigFile_Windows/payload.txt	Windows	txt	1676
BruceBAD/Windows/Exfiltration/ExfiltrateComputerScreenshots/payload.txt	Windows	txt	969
BruceBAD/Windows/Exfiltration/ExfiltrateComputerScreenshots/script.py	Windows	py	862
BruceBAD/Windows/Exfiltration/Netstat_Windows/Windows-netstat.ps1	Windows	ps1	1608
BruceBAD/Windows/Exfiltration/Netstat_Windows/payload.txt	Windows	txt	1636
BruceBAD/Windows/Exfiltration/Create_And_Exfiltrate_A_Webhook_Of_Discord/payload.txt	Windows	txt	2200
BruceBAD/Windows/Exfiltration/ExfiltrateProcessInfo_Windows/ExfiltrateProcessInfo.ps1	Windows	ps1	1398
BruceBAD/Windows/Exfiltration/ExfiltrateProcessInfo_Windows/payload.txt	Windows	txt	733
BruceBAD/Windows/Exfiltration/Tree_structure_of_the_operating_system/payload.txt	Windows	txt	1437
BruceBAD/Windows/Exfiltration/Exports_all_the_links_of_the_downloads/payload.txt	Windows	txt	1813
BruceBAD/Windows/Exfiltration/Exfiltrates_the_entire_database_of_the_Notion_client/payload.txt	Windows	txt	1800
BruceBAD/Windows/Credentials/WiFiPasswords_Windows/Windows-Passwords-ENG.ps1	Windows	ps1	489
BruceBAD/Windows/Credentials/WiFiPasswords_Windows/Windows-Passwords-ITA.ps1	Windows	ps1	684
BruceBAD/Windows/Credentials/WiFiPasswords_Windows/Windows-Passwords-Multilang.ps1	Windows	ps1	1195
BruceBAD/Windows/Credentials/WiFiPasswords_Windows/payload.txt	Windows	txt	856
BruceBAD/Windows/Credentials/Defend_yourself_from_CVE-2023-23397/payload.txt	Windows	txt	1795
BruceBAD/PoC_Discord_Webhook/PoC_Discord_Webhook.txt	PoC_Discord_Webhook	txt	579
BruceBAD/MacTalk/mactalk.txt	MacTalk	txt	566
BruceBAD/Browser-History-to-Discord/main.ps1	Browser-History-to-Discord	ps1	2064
BruceBAD/Exfiltrate-to-Discord/main.ps1	Exfiltrate-to-Discord	ps1	2090
BruceBAD/Exfiltrate-to-Discord/Exfiltrate-to-Discord.txt	Exfiltrate-to-Discord	txt	547
BruceBAD/calculator-spam/calculator-spam.txt	calculator-spam	txt	147
BruceBAD/RickRoll Max Vol (Basic)/RickRoll Max Vol (Basic).txt	RickRoll Max Vol (Basic)	txt	379
BruceBAD/Brave_Breacher/Brave_Breacher.txt	Brave_Breacher	txt	1787
BruceBAD/FalsePhilosopher/ransom/Unix-like/Linux/dransome.txt	FalsePhilosopher	txt	6347
BruceBAD/FalsePhilosopher/general/jiggler.txt	FalsePhilosopher	txt	22665
BruceBAD/FalsePhilosopher/general/GitHub-Star.txt	FalsePhilosopher	txt	173
BruceBAD/FalsePhilosopher/general/Unix-like/Osx/Open4Gmail/payload.txt	FalsePhilosopher	txt	470
BruceBAD/FalsePhilosopher/general/Win/Flip-PineApple/PineApple-KeyInjection.txt	FalsePhilosopher	txt	1874
BruceBAD/FalsePhilosopher/general/Win/Flip-PineApple/PineApple.txt	FalsePhilosopher	txt	864
BruceBAD/FalsePhilosopher/general/Win/Flip-PineApple/PineApple.ps1	FalsePhilosopher	ps1	1276
BruceBAD/FalsePhilosopher/general/Win/Win_HID_MonaLisa/MonaLisa.txt	FalsePhilosopher	txt	8589
BruceBAD/FalsePhilosopher/general/Win/Flip-Subscribe/IWR-Subscribe.txt	FalsePhilosopher	txt	551
BruceBAD/FalsePhilosopher/general/Win/Flip-Subscribe/Subscribe.txt	FalsePhilosopher	txt	809
BruceBAD/FalsePhilosopher/general/Win/Flip-Subscribe/Subscribe.ps1	FalsePhilosopher	ps1	3807
BruceBAD/FalsePhilosopher/general/Win/Canary_Duck/payload.txt	FalsePhilosopher	txt	735
BruceBAD/FalsePhilosopher/general/Win/Water-UnMark/payload.txt	FalsePhilosopher	txt	517
BruceBAD/FalsePhilosopher/general/Win/Hotfix_Warning/payload.txt	FalsePhilosopher	txt	560
BruceBAD/FalsePhilosopher/prank/Unix-like/OSx/Hacker_Typer/Apple.txt	FalsePhilosopher	txt	3208
BruceBAD/FalsePhilosopher/prank/Unix-like/OSx/SayPoop/quack.txt	FalsePhilosopher	txt	567
BruceBAD/FalsePhilosopher/prank/Unix-like/OSx/Anti-Browser/Fuck_your_tabs.txt	FalsePhilosopher	txt	207
BruceBAD/FalsePhilosopher/prank/Unix-like/OSx/Anti-Browser/Efftabsbasic.txt	FalsePhilosopher	txt	321
BruceBAD/FalsePhilosopher/prank/Unix-like/OSx/Anti-Browser/Fuck_your_tabs+startup.txt	FalsePhilosopher	txt	216
BruceBAD/FalsePhilosopher/prank/Unix-like/OSx/Anti-Browser/Fuck_your_tabs+ALTF4+Startup.txt	FalsePhilosopher	txt	226
BruceBAD/FalsePhilosopher/prank/Unix-like/OSx/Anti-Browser/Fuck_your_tabs+ALTF4.txt	FalsePhilosopher	txt	219
BruceBAD/FalsePhilosopher/prank/Unix-like/OSx/Key-mapper/remap.dvorak.txt	FalsePhilosopher	txt	3829
BruceBAD/FalsePhilosopher/prank/Unix-like/OSx/Key-mapper/remap.ass.txt	FalsePhilosopher	txt	3678
BruceBAD/FalsePhilosopher/prank/Unix-like/OSx/Key-mapper/remap.dvorak-revert.txt	FalsePhilosopher	txt	487
BruceBAD/FalsePhilosopher/prank/Unix-like/OSx/Key-mapper/remap.txt	FalsePhilosopher	txt	646
BruceBAD/FalsePhilosopher/prank/Unix-like/OSx/macOS_rickroll/RickRollMac.txt	FalsePhilosopher	txt	538
BruceBAD/FalsePhilosopher/prank/Unix-like/OSx/Digital_Rain/payload.txt	FalsePhilosopher	txt	577
BruceBAD/FalsePhilosopher/prank/Unix-like/OSx/TerminalRickRoll/Quack.txt	FalsePhilosopher	txt	234
BruceBAD/FalsePhilosopher/prank/Unix-like/OSx/TerminalRickRoll/Quackmean.txt	FalsePhilosopher	txt	237
BruceBAD/FalsePhilosopher/prank/Unix-like/OSx/mac-deactivation/MacOS-Deactivate.txt	FalsePhilosopher	txt	729
BruceBAD/FalsePhilosopher/prank/Unix-like/OSx/Fake_Update/Apple.txt	FalsePhilosopher	txt	230
BruceBAD/FalsePhilosopher/prank/Unix-like/Chromebook/ChromeCrash.txt	FalsePhilosopher	txt	195
BruceBAD/FalsePhilosopher/prank/Unix-like/Chromebook/Logout.txt	FalsePhilosopher	txt	49
BruceBAD/FalsePhilosopher/prank/Unix-like/Chromebook/ChromeOS_forkbomb.txt	FalsePhilosopher	txt	194
BruceBAD/FalsePhilosopher/prank/Unix-like/Chromebook/Chromebook-Language-Changer/Learn_Arabic_the_hard_way.txt	FalsePhilosopher	txt	501
BruceBAD/FalsePhilosopher/prank/Unix-like/Chromebook/Chromebook-Language-Changer/English_Please.txt	FalsePhilosopher	txt	502
BruceBAD/FalsePhilosopher/prank/Unix-like/iOS/RickRoll_Apple/payload.txt	FalsePhilosopher	txt	462
BruceBAD/FalsePhilosopher/prank/Unix-like/Linux/Hacker_Typer/payloadTUX.txt	FalsePhilosopher	txt	2988
BruceBAD/FalsePhilosopher/prank/Unix-like/Linux/Inverted_desktop_troll/Rick/quackpic.txt	FalsePhilosopher	txt	930
BruceBAD/FalsePhilosopher/prank/Unix-like/Linux/Inverted_desktop_troll/Rick/quackmeanVLC.txt	FalsePhilosopher	txt	675
BruceBAD/FalsePhilosopher/prank/Unix-like/Linux/Inverted_desktop_troll/Rick/quackstock.txt	FalsePhilosopher	txt	693
BruceBAD/FalsePhilosopher/prank/Unix-like/Linux/Inverted_desktop_troll/Rick/quackmeanaudio.txt	FalsePhilosopher	txt	741
BruceBAD/FalsePhilosopher/prank/Unix-like/Linux/Inverted_desktop_troll/Rick/quackYT.txt	FalsePhilosopher	txt	574
BruceBAD/FalsePhilosopher/prank/Unix-like/Linux/Inverted_desktop_troll/Rick/quackvlc.txt	FalsePhilosopher	txt	803
BruceBAD/FalsePhilosopher/prank/Unix-like/Linux/Inverted_desktop_troll/milos/quackstock.txt	FalsePhilosopher	txt	743
BruceBAD/FalsePhilosopher/prank/Unix-like/Linux/Inverted_desktop_troll/milos/quackYT.txt	FalsePhilosopher	txt	620
BruceBAD/FalsePhilosopher/prank/Unix-like/Linux/Inverted_desktop_troll/milos/quackvlc.txt	FalsePhilosopher	txt	851
BruceBAD/FalsePhilosopher/prank/Unix-like/Linux/Inverted_desktop_troll/milos/quackmean.txt	FalsePhilosopher	txt	719
BruceBAD/FalsePhilosopher/prank/Unix-like/Linux/RickRoll/Rick_Roll_linux/RickRollLinuxVLC.txt	FalsePhilosopher	txt	574
BruceBAD/FalsePhilosopher/prank/Unix-like/Linux/RickRoll/Rick_Roll_linux/RickRollLinuxYT.txt	FalsePhilosopher	txt	628
BruceBAD/FalsePhilosopher/prank/Unix-like/Linux/RickRoll/TerminalRickRoll/QuackTUXalt.txt	FalsePhilosopher	txt	849
BruceBAD/FalsePhilosopher/prank/Unix-like/Linux/RickRoll/TerminalRickRoll/QuackTUX.txt	FalsePhilosopher	txt	620
BruceBAD/FalsePhilosopher/prank/Unix-like/Linux/RickRoll/TerminalRickRoll/QuackTUXmeanalt.txt	FalsePhilosopher	txt	1183
BruceBAD/FalsePhilosopher/prank/Unix-like/Linux/RickRoll/TerminalRickRoll/QuackTUXmean.txt	FalsePhilosopher	txt	741
BruceBAD/FalsePhilosopher/prank/Unix-like/Linux/Activate_linux/quack.txt	FalsePhilosopher	txt	1135
BruceBAD/FalsePhilosopher/prank/Unix-like/Linux/Terminal_Parrot/cacaw.txt	FalsePhilosopher	txt	425
BruceBAD/FalsePhilosopher/prank/Unix-like/Linux/Anti-Browser/Fuck_your_tabs.txt	FalsePhilosopher	txt	132
BruceBAD/FalsePhilosopher/prank/Unix-like/Linux/Anti-Browser/Efftabsbasic.txt	FalsePhilosopher	txt	293
BruceBAD/FalsePhilosopher/prank/Unix-like/Linux/Anti-Browser/Fuck_your_tabs+startup.txt	FalsePhilosopher	txt	141
BruceBAD/FalsePhilosopher/prank/Unix-like/Linux/Anti-Browser/Fuck_your_tabs+ALTF4+Startup.txt	FalsePhilosopher	txt	151
BruceBAD/FalsePhilosopher/prank/Unix-like/Linux/Anti-Browser/Fuck_your_tabs+ALTF4.txt	FalsePhilosopher	txt	144
BruceBAD/FalsePhilosopher/prank/Unix-like/Linux/Zacky4Ever/quackTux.txt	FalsePhilosopher	txt	535
BruceBAD/FalsePhilosopher/prank/Unix-like/Linux/xeyes/quackYT.txt	FalsePhilosopher	txt	547
BruceBAD/FalsePhilosopher/prank/Unix-like/Linux/xeyes/quackVLC.txt	FalsePhilosopher	txt	624
BruceBAD/FalsePhilosopher/prank/Unix-like/Linux/Linux_power/reboot.txt	FalsePhilosopher	txt	52
BruceBAD/FalsePhilosopher/prank/Unix-like/Linux/Linux_power/shutdown.txt	FalsePhilosopher	txt	61
BruceBAD/FalsePhilosopher/prank/Unix-like/Linux/Say_the_magic_word/quack.txt	FalsePhilosopher	txt	514
BruceBAD/FalsePhilosopher/prank/Unix-like/Linux/Say_the_magic_word/quack_mean.txt	FalsePhilosopher	txt	683
BruceBAD/FalsePhilosopher/prank/Unix-like/Android/RickRoll/android_rickroll.txt	FalsePhilosopher	txt	86
BruceBAD/FalsePhilosopher/prank/Win/Hacker_Typer/payload.txt	FalsePhilosopher	txt	2988
BruceBAD/FalsePhilosopher/prank/Win/SUS/SUS.txt	FalsePhilosopher	txt	540
BruceBAD/FalsePhilosopher/prank/Win/SUS/SUS-INVASIVE.txt	FalsePhilosopher	txt	714
BruceBAD/FalsePhilosopher/prank/Win/CartmanSpam/CartmanSpam.txt	FalsePhilosopher	txt	745
BruceBAD/FalsePhilosopher/prank/Win/RickRoll/Quack_Rolled/payload.txt	FalsePhilosopher	txt	1402
BruceBAD/FalsePhilosopher/prank/Win/RickRoll/ADV-Rickware/ADV-Rickware.txt	FalsePhilosopher	txt	625
BruceBAD/FalsePhilosopher/prank/Win/RickRoll/rickroll/payload.txt	FalsePhilosopher	txt	5004
BruceBAD/FalsePhilosopher/prank/Win/RickRoll/Physical_Rick_Roll/payload.txt	FalsePhilosopher	txt	1099
BruceBAD/FalsePhilosopher/prank/Win/RickRoll/Rick_Rolling_Forever/payload.txt	FalsePhilosopher	txt	872
BruceBAD/FalsePhilosopher/prank/Win/RickRoll/RickRoll_ASCII/payload.txt	FalsePhilosopher	txt	7475
BruceBAD/FalsePhilosopher/prank/Win/RickRoll/QuacKed_Again/payload.txt	FalsePhilosopher	txt	874
BruceBAD/FalsePhilosopher/prank/Win/RickRoll/RickUpdater/payload.txt	FalsePhilosopher	txt	1589
BruceBAD/FalsePhilosopher/prank/Win/RickRoll/silent_rickroll/payload.txt	FalsePhilosopher	txt	2551
BruceBAD/FalsePhilosopher/prank/Win/RickRoll/ADV-RickRoll/ADV-RickRoll.txt	FalsePhilosopher	txt	858
BruceBAD/FalsePhilosopher/prank/Win/RickRoll/Terminal_RickRoll/quack.txt	FalsePhilosopher	txt	808
BruceBAD/FalsePhilosopher/prank/Win/Automailer/payload.txt	FalsePhilosopher	txt	1007
BruceBAD/FalsePhilosopher/prank/Win/Talking_Duck/payload.txt	FalsePhilosopher	txt	1047
BruceBAD/FalsePhilosopher/prank/Win/AUTOinCORRECT/payload.txt	FalsePhilosopher	txt	763
BruceBAD/FalsePhilosopher/prank/Win/Play-WAV/payload.txt	FalsePhilosopher	txt	547
BruceBAD/FalsePhilosopher/prank/Win/Rage-PopUps/payload.txt	FalsePhilosopher	txt	577
BruceBAD/FalsePhilosopher/prank/Win/The_Matrix-Wake_Up/payload.txt	FalsePhilosopher	txt	1680
BruceBAD/FalsePhilosopher/prank/Win/Win_matrix_rain/Make_it_rain.txt	FalsePhilosopher	txt	1285
BruceBAD/FalsePhilosopher/prank/Win/Terminal_Parrot/cacaw.txt	FalsePhilosopher	txt	836
BruceBAD/FalsePhilosopher/prank/Win/Anti-Browser/Fuck_your_tabs.txt	FalsePhilosopher	txt	338
BruceBAD/FalsePhilosopher/prank/Win/Anti-Browser/Fuck_your_tabs+startup.txt	FalsePhilosopher	txt	374
BruceBAD/FalsePhilosopher/prank/Win/Anti-Browser/Fuck_your_tabs+ALTF4+Startup.txt	FalsePhilosopher	txt	403
BruceBAD/FalsePhilosopher/prank/Win/Anti-Browser/Fuck_your_tabs+ALTF4.txt	FalsePhilosopher	txt	374
BruceBAD/FalsePhilosopher/prank/Win/No_Escape/NOEscape.txt	FalsePhilosopher	txt	481
BruceBAD/FalsePhilosopher/prank/Win/Ratlocker/payload.txt	FalsePhilosopher	txt	3129
BruceBAD/FalsePhilosopher/prank/Win/Win_power/reboot.txt	FalsePhilosopher	txt	84
BruceBAD/FalsePhilosopher/prank/Win/Win_power/bootloop.txt	FalsePhilosopher	txt	595
BruceBAD/FalsePhilosopher/prank/Win/Win_power/shutdown.txt	FalsePhilosopher	txt	89
BruceBAD/FalsePhilosopher/prank/Win/AcidBurn/payload.txt	FalsePhilosopher	txt	736
BruceBAD/FalsePhilosopher/prank/Win/Wallpaper-Troll/payload.txt	FalsePhilosopher	txt	978
BruceBAD/FalsePhilosopher/prank/Win/Broken_capslock/quack.txt	FalsePhilosopher	txt	245
BruceBAD/FalsePhilosopher/prank/Win/Broken_capslock/quackmean.txt	FalsePhilosopher	txt	286
BruceBAD/FalsePhilosopher/prank/Win/Silly_Mouse/quack.txt	FalsePhilosopher	txt	971
BruceBAD/FalsePhilosopher/prank/Win/Silly_Mouse/quack2.txt	FalsePhilosopher	txt	1514
BruceBAD/FalsePhilosopher/prank/Win/YouHaveBeenQuacked2.0/payload.txt	FalsePhilosopher	txt	1096
BruceBAD/FalsePhilosopher/prank/Win/Lol_killer/payload.txt	FalsePhilosopher	txt	460
BruceBAD/FalsePhilosopher/prank/Win/We-Found-You/FoundYou.txt	FalsePhilosopher	txt	708
BruceBAD/FalsePhilosopher/prank/Win/Always-Minimize/payload.txt	FalsePhilosopher	txt	961
BruceBAD/FalsePhilosopher/prank/Win/Fake_Update/browser/Win7.txt	FalsePhilosopher	txt	148
BruceBAD/FalsePhilosopher/prank/Win/Fake_Update/browser/Win10.txt	FalsePhilosopher	txt	154
BruceBAD/FalsePhilosopher/prank/Win/Fake_Update/exe/Fake Update.txt	FalsePhilosopher	txt	1117
BruceBAD/FalsePhilosopher/prank/Win/JumpScare/payload.txt	FalsePhilosopher	txt	1047
BruceBAD/FalsePhilosopher/prank/Win/ProcessTerminator/payload.txt	FalsePhilosopher	txt	406
BruceBAD/FalsePhilosopher/prank/Win/A_Cagey_Takeover/payload.txt	FalsePhilosopher	txt	1787
BruceBAD/FalsePhilosopher/prank/Win/SoundChangeDuck/payload.txt	FalsePhilosopher	txt	586
BruceBAD/FalsePhilosopher/incident_response/Win/ET-Phone-Home/payload.txt	FalsePhilosopher	txt	853
BruceBAD/FalsePhilosopher/incident_response/Win/GoodUSB/payload.txt	FalsePhilosopher	txt	1698
BruceBAD/FalsePhilosopher/mobile/Android/Android_HID_Forward-Email/Payload_Gmail.txt	FalsePhilosopher	txt	492
BruceBAD/FalsePhilosopher/mobile/Android/Android_HID_Forward-Email/Payload_Samsung.txt	FalsePhilosopher	txt	417
BruceBAD/FalsePhilosopher/execution/Unix-like/Linux/DawnKit/payloadonline.txt	FalsePhilosopher	txt	542
BruceBAD/FalsePhilosopher/execution/Unix-like/Linux/DawnKit/payload.txt	FalsePhilosopher	txt	2168
BruceBAD/FalsePhilosopher/execution/Win/Defeat_Defender/Defeat_Defender.txt	FalsePhilosopher	txt	942
BruceBAD/FalsePhilosopher/execution/Win/Admin_Who_Never_Sleeps/payload.txt	FalsePhilosopher	txt	1577
BruceBAD/FalsePhilosopher/execution/Win/SafeHaven/SafeHaven.txt	FalsePhilosopher	txt	1266
BruceBAD/FalsePhilosopher/execution/Win/UrAttaControl/UrAttaControl-Execute.txt	FalsePhilosopher	txt	1481
BruceBAD/FalsePhilosopher/execution/Win/Disable_Windows_Defender/Disable_Windows10_DefenderOLD.txt	FalsePhilosopher	txt	747
BruceBAD/FalsePhilosopher/execution/Win/Disable_Windows_Defender/Disable_Windows_Defender22H2.txt	FalsePhilosopher	txt	674
BruceBAD/FalsePhilosopher/execution/Win/Login_CMD/quack.txt	FalsePhilosopher	txt	289
BruceBAD/FalsePhilosopher/execution/Win/Kiosk-evasion/kiosk-evasion-payload.txt	FalsePhilosopher	txt	5211
BruceBAD/FalsePhilosopher/execution/Win/DuckyHelper/DuckyHelper.txt	FalsePhilosopher	txt	1619
BruceBAD/FalsePhilosopher/execution/Win/Add_Local_Admin/payload.txt	FalsePhilosopher	txt	1374
BruceBAD/FalsePhilosopher/execution/Win/adminAccountCreator/BadUSB_adminAccountCreator.txt	FalsePhilosopher	txt	1279
BruceBAD/FalsePhilosopher/execution/Win/Disable-Windows-Defender-Permanently/Disable-Windows-Defender-Permanently.txt	FalsePhilosopher	txt	1533
BruceBAD/FalsePhilosopher/execution/Win/Add_admin_Win/ADD_ADMIN.txt	FalsePhilosopher	txt	951
BruceBAD/FalsePhilosopher/exfiltration/Unix-like/OSX/iMessage-Data-Grabber/payload.txt	FalsePhilosopher	txt	802
BruceBAD/FalsePhilosopher/exfiltration/Unix-like/OSX/Mail-Grabber/payload.txt	FalsePhilosopher	txt	798
BruceBAD/FalsePhilosopher/exfiltration/Win/Copy-And-Waste/c.ps1	FalsePhilosopher	ps1	932
BruceBAD/FalsePhilosopher/exfiltration/Win/Copy-And-Waste/I.bat	FalsePhilosopher	bat	133
BruceBAD/FalsePhilosopher/exfiltration/Win/Copy-And-Waste/payload.txt	FalsePhilosopher	txt	793
BruceBAD/FalsePhilosopher/exfiltration/Win/History-Pig/HP.ps1	FalsePhilosopher	ps1	2446
BruceBAD/FalsePhilosopher/exfiltration/Win/History-Pig/payload.txt	FalsePhilosopher	txt	542
BruceBAD/FalsePhilosopher/exfiltration/Win/Pwn-Drive/c.ps1	FalsePhilosopher	ps1	607
BruceBAD/FalsePhilosopher/exfiltration/Win/Pwn-Drive/payload.txt	FalsePhilosopher	txt	577
BruceBAD/FalsePhilosopher/exfiltration/Win/Gather_Network_Info/payload.txt	FalsePhilosopher	txt	787
BruceBAD/FalsePhilosopher/exfiltration/Win/RDwindowspasswordgrabber/duckyscript.txt	FalsePhilosopher	txt	2917
BruceBAD/FalsePhilosopher/exfiltration/Win/Snaffler/snaffler.txt	FalsePhilosopher	txt	201
BruceBAD/FalsePhilosopher/exfiltration/Win/Bookmark-Hog/BH.ps1	FalsePhilosopher	ps1	2415
BruceBAD/FalsePhilosopher/exfiltration/Win/Bookmark-Hog/payload.txt	FalsePhilosopher	txt	316
BruceBAD/FalsePhilosopher/exfiltration/Win/chrome-exfil/payload.txt	FalsePhilosopher	txt	2069
BruceBAD/FalsePhilosopher/exfiltration/Win/chrome-exfil/Rubber-Ducky/duckyscript.txt	FalsePhilosopher	txt	1128
BruceBAD/FalsePhilosopher/exfiltration/Win/DUCKY-WIFI_GRABER/payload.txt	FalsePhilosopher	txt	2210
BruceBAD/FalsePhilosopher/exfiltration/Win/Ducky_Crab/payload.txt	FalsePhilosopher	txt	3949
BruceBAD/FalsePhilosopher/exfiltration/Win/Discord_Windows_Wifi_IP-Info/payload.txt	FalsePhilosopher	txt	1676
BruceBAD/FalsePhilosopher/exfiltration/Win/passStealer/passStealer.txt	FalsePhilosopher	txt	955
BruceBAD/FalsePhilosopher/exfiltration/Win/SMB_share/open_smb_share_to_steal_creds.txt	FalsePhilosopher	txt	430
BruceBAD/FalsePhilosopher/exfiltration/Win/Poor_Mans_Nmap/Poor_Mans_Nmap.txt	FalsePhilosopher	txt	5393
BruceBAD/FalsePhilosopher/phishing/Win/DNSpoisoning.txt	FalsePhilosopher	txt	221
BruceBAD/FalsePhilosopher/phishing/Win/ducky-phisher.txt	FalsePhilosopher	txt	1296
BruceBAD/FalsePhilosopher/phishing/Win/duckyphish/duckyphish.txt	FalsePhilosopher	txt	629
BruceBAD/FalsePhilosopher/remote_access/Unix-like/OSX/netcatbackdoor3.txt	FalsePhilosopher	txt	693
BruceBAD/FalsePhilosopher/remote_access/Unix-like/OSX/passlessSSH.txt	FalsePhilosopher	txt	494
BruceBAD/FalsePhilosopher/remote_access/Unix-like/OSX/Root_backdoor.txt	FalsePhilosopher	txt	1467
BruceBAD/FalsePhilosopher/remote_access/Unix-like/OSX/Basic_shell.txt	FalsePhilosopher	txt	168
BruceBAD/FalsePhilosopher/remote_access/Unix-like/OSX/basic_script.txt	FalsePhilosopher	txt	336
BruceBAD/FalsePhilosopher/remote_access/Unix-like/OSX/Bella_Ducky/bella-ducky.txt	FalsePhilosopher	txt	854
BruceBAD/FalsePhilosopher/remote_access/Unix-like/Linux/persistentReverseDucky/payload.txt	FalsePhilosopher	txt	1846
BruceBAD/FalsePhilosopher/remote_access/Unix-like/Linux/Gnomed/gnomed.txt	FalsePhilosopher	txt	410
BruceBAD/FalsePhilosopher/remote_access/Unix-like/Linux/DuckNet/install.sh	FalsePhilosopher	sh	173
BruceBAD/FalsePhilosopher/remote_access/Win/win10lockpick.txt	FalsePhilosopher	txt	650
BruceBAD/FalsePhilosopher/remote_access/Win/LESiO's Ducky - French Reverse Shell.txt	FalsePhilosopher	txt	2874
BruceBAD/FalsePhilosopher/remote_access/Win/WINSHELL.txt	FalsePhilosopher	txt	1262
BruceBAD/FalsePhilosopher/remote_access/Win/RegDoor/payload.txt	FalsePhilosopher	txt	262
BruceBAD/FalsePhilosopher/remote_access/Win/NSHELL/Payload.txt	FalsePhilosopher	txt	1024
BruceBAD/FalsePhilosopher/remote_access/Win/win_winrm-backdoor/payload.txt	FalsePhilosopher	txt	2022
BruceBAD/FalsePhilosopher/remote_access/Win/BadUSB_reverseShellInjector/BadUSB_reverseShellInjector.txt	FalsePhilosopher	txt	955
BruceBAD/FalsePhilosopher/remote_access/Win/Quick-Reverse-Powershell-Rubber-Ducky/duckycode.txt	FalsePhilosopher	txt	936
BruceBAD/FalsePhilosopher/remote_access/Win/Netcat-Reverseshell-On-Log-In/payload.txt	FalsePhilosopher	txt	1307
BruceBAD/FalsePhilosopher/remote_access/Win/Mimikatz/mimikatz.txt	FalsePhilosopher	txt	680
BruceBAD/FalsePhilosopher/remote_access/Win/Mimikatz/V3.txt	FalsePhilosopher	txt	1804
BruceBAD/FalsePhilosopher/remote_access/Win/Mimikatz/mimikatzV2.txt	FalsePhilosopher	txt	1201
BruceBAD/FalsePhilosopher/remote_access/Win/ReverseDucky/ReverseDucky.txt	FalsePhilosopher	txt	917
BruceBAD/FalsePhilosopher/remote_access/Win/ReverseDucky/ReverseDuckyII.txt	FalsePhilosopher	txt	801
BruceBAD/FalsePhilosopher/remote_access/Win/ReverseDucky/payload.txt	FalsePhilosopher	txt	1024
BruceBAD/FalsePhilosopher/remote_access/Win/Hidden_access/payload.txt	FalsePhilosopher	txt	1508
BruceBAD/FalsePhilosopher/destructive/Unix-like/Osx/OSX_no_more_hardrive_oldOSx.txt	FalsePhilosopher	txt	376
BruceBAD/FalsePhilosopher/destructive/Unix-like/Osx/OSX_no_more_hardrive_nyan.txt	FalsePhilosopher	txt	558
BruceBAD/FalsePhilosopher/destructive/Unix-like/Osx/OSX_no_more_hardrive_nyan_oldOSx.txt	FalsePhilosopher	txt	568
BruceBAD/FalsePhilosopher/destructive/Unix-like/Osx/OSX_no_more_hardrive.txt	FalsePhilosopher	txt	366
BruceBAD/FalsePhilosopher/destructive/Unix-like/Osx/DUCKY_REAPER/duckyreaperMAC.txt	FalsePhilosopher	txt	532
BruceBAD/FalsePhilosopher/destructive/Unix-like/Osx/Bombs/zipbomb/quack.txt	FalsePhilosopher	txt	325
BruceBAD/FalsePhilosopher/destructive/Unix-like/Osx/Bombs/termBomb/payload.txt	FalsePhilosopher	txt	1952
BruceBAD/FalsePhilosopher/destructive/Unix-like/Linux/linux_no_more_hardriveZSH.txt	FalsePhilosopher	txt	288
BruceBAD/FalsePhilosopher/destructive/Unix-like/Linux/linux_no_more_hardrive.txt	FalsePhilosopher	txt	268
BruceBAD/FalsePhilosopher/destructive/Unix-like/Linux/linux_no_more_hardrive_nyanZSH.txt	FalsePhilosopher	txt	463
BruceBAD/FalsePhilosopher/destructive/Unix-like/Linux/linux_no_more_hardrive_nyan.txt	FalsePhilosopher	txt	464
BruceBAD/FalsePhilosopher/destructive/Unix-like/Linux/DUCKY_REAPER/duckyreaperTUX.txt	FalsePhilosopher	txt	445
BruceBAD/FalsePhilosopher/destructive/Unix-like/Linux/Bombs/zip_bomb/quack.txt	FalsePhilosopher	txt	799
BruceBAD/FalsePhilosopher/destructive/Unix-like/Linux/Bombs/zip_bomb/quackbase64.txt	FalsePhilosopher	txt	1537
BruceBAD/FalsePhilosopher/destructive/Unix-like/Linux/Bombs/zip_bomb/quackmeanBF.txt	FalsePhilosopher	txt	18605
BruceBAD/FalsePhilosopher/destructive/Unix-like/Linux/Bombs/zip_bomb/quackBF.txt	FalsePhilosopher	txt	14021
BruceBAD/FalsePhilosopher/destructive/Unix-like/Linux/Bombs/zip_bomb/quackmean.txt	FalsePhilosopher	txt	1117
BruceBAD/FalsePhilosopher/destructive/Unix-like/Linux/Bombs/zip_bomb/quackloop.txt	FalsePhilosopher	txt	808
BruceBAD/FalsePhilosopher/destructive/Unix-like/Linux/Bombs/zip_bomb/quackmeanloop.txt	FalsePhilosopher	txt	1168
BruceBAD/FalsePhilosopher/destructive/Unix-like/Linux/Bombs/HTML_Forker/quack.txt	FalsePhilosopher	txt	494
BruceBAD/FalsePhilosopher/destructive/Unix-like/Linux/Bombs/Parrot_bomb/polly_wanna_cracker.txt	FalsePhilosopher	txt	557
BruceBAD/FalsePhilosopher/destructive/Unix-like/Linux/Bombs/Folder_Bomb/quackTUXpyBF.txt	FalsePhilosopher	txt	13474
BruceBAD/FalsePhilosopher/destructive/Unix-like/Linux/Bombs/Folder_Bomb/quackTUXbash.txt	FalsePhilosopher	txt	858
BruceBAD/FalsePhilosopher/destructive/Unix-like/Linux/Bombs/Folder_Bomb/quackTUXpy.txt	FalsePhilosopher	txt	720
BruceBAD/FalsePhilosopher/destructive/Unix-like/Linux/Bombs/Sys_Forker/ForkBombTux.txt	FalsePhilosopher	txt	779
BruceBAD/FalsePhilosopher/destructive/Unix-like/Linux/Bombs/Sys_Forker/quackpersist.txt	FalsePhilosopher	txt	767
BruceBAD/FalsePhilosopher/destructive/Unix-like/Linux/Bombs/Sys_Forker/payload.txt	FalsePhilosopher	txt	2032
BruceBAD/FalsePhilosopher/destructive/Unix-like/Linux/Bombs/Sys_Forker/quickfix.txt	FalsePhilosopher	txt	259
BruceBAD/FalsePhilosopher/destructive/Unix-like/Linux/Bombs/File_bomb/quackTUXpyBF.txt	FalsePhilosopher	txt	13299
BruceBAD/FalsePhilosopher/destructive/Unix-like/Linux/Bombs/File_bomb/quackWLevil.txt	FalsePhilosopher	txt	300411
BruceBAD/FalsePhilosopher/destructive/Unix-like/Linux/Bombs/File_bomb/quackWLmean.txt	FalsePhilosopher	txt	3759
BruceBAD/FalsePhilosopher/destructive/Unix-like/Linux/Bombs/File_bomb/quackbash.txt	FalsePhilosopher	txt	862
BruceBAD/FalsePhilosopher/destructive/Unix-like/Linux/Bombs/File_bomb/quackWL.txt	FalsePhilosopher	txt	1874
BruceBAD/FalsePhilosopher/destructive/Unix-like/Linux/Bombs/File_bomb/quackWLmean_bluepill.txt	FalsePhilosopher	txt	3511
BruceBAD/FalsePhilosopher/destructive/Unix-like/Linux/Bombs/File_bomb/quackTUXpy.txt	FalsePhilosopher	txt	650
BruceBAD/FalsePhilosopher/destructive/Win/$MFT-Duck-Crasher/$MFT-Duck-Crasher.txt	FalsePhilosopher	txt	879
BruceBAD/FalsePhilosopher/destructive/Win/Delete32/32_wants_the_D.txt	FalsePhilosopher	txt	388
BruceBAD/FalsePhilosopher/destructive/Win/BSOD/BQOD/BQODV1.txt	FalsePhilosopher	txt	202
BruceBAD/FalsePhilosopher/destructive/Win/BSOD/BQOD/BQODV2.txt	FalsePhilosopher	txt	233
BruceBAD/FalsePhilosopher/destructive/Win/BSOD/Rick-Roll/Rick-Roll-BSOD.txt	FalsePhilosopher	txt	997
BruceBAD/FalsePhilosopher/destructive/Win/BSOD/Mario-Head/quack.txt	FalsePhilosopher	txt	923
BruceBAD/FalsePhilosopher/destructive/Win/DUCKY_REAPER/payloadWIN10+11.txt	FalsePhilosopher	txt	561
BruceBAD/FalsePhilosopher/destructive/Win/DUCKY_REAPER/payloadWIN.txt	FalsePhilosopher	txt	619
BruceBAD/FalsePhilosopher/destructive/Win/Bombs/Zip_Bomb/quack.txt	FalsePhilosopher	txt	590
BruceBAD/FalsePhilosopher/destructive/Win/Bombs/Zip_Bomb/quackparaloop10.txt	FalsePhilosopher	txt	938
BruceBAD/FalsePhilosopher/destructive/Win/Bombs/Zip_Bomb/quackparaloop11.txt	FalsePhilosopher	txt	958
BruceBAD/FalsePhilosopher/destructive/Win/Bombs/Zip_Bomb/quackpara.txt	FalsePhilosopher	txt	923
BruceBAD/FalsePhilosopher/destructive/Win/Bombs/Zip_Bomb/quackloop.txt	FalsePhilosopher	txt	648
BruceBAD/FalsePhilosopher/destructive/Win/Bombs/HTML_Forker/payload11.txt	FalsePhilosopher	txt	286
BruceBAD/FalsePhilosopher/destructive/Win/Bombs/HTML_Forker/payload7.txt	FalsePhilosopher	txt	260
BruceBAD/FalsePhilosopher/destructive/Win/Bombs/Folder_Bomb/quackWIN.txt	FalsePhilosopher	txt	481
BruceBAD/FalsePhilosopher/destructive/Win/Bombs/tab_bomb/quack.txt	FalsePhilosopher	txt	1199
BruceBAD/FalsePhilosopher/destructive/Win/Bombs/Sys_Forker/ForkBomb-Win.txt	FalsePhilosopher	txt	504
BruceBAD/FalsePhilosopher/destructive/Win/Bombs/Sys_Forker/quack10-11.txt	FalsePhilosopher	txt	1063
BruceBAD/FalsePhilosopher/recon/Unix-Like/Linux/linpeas/quackpostexfil.txt	FalsePhilosopher	txt	1161
BruceBAD/FalsePhilosopher/recon/Unix-Like/Linux/linpeas/quackgitexfil.txt	FalsePhilosopher	txt	1718
BruceBAD/FalsePhilosopher/recon/Unix-Like/Linux/linpeas/quackncexfil.txt	FalsePhilosopher	txt	1157
BruceBAD/FalsePhilosopher/recon/Unix-Like/Linux/linpeas/quackwget.txt	FalsePhilosopher	txt	527
BruceBAD/FalsePhilosopher/recon/Win/Misc/Show_WiFi_Passwords.txt	FalsePhilosopher	txt	223
BruceBAD/FalsePhilosopher/recon/Win/Misc/Show_Saved_Passwords.txt	FalsePhilosopher	txt	746
BruceBAD/FalsePhilosopher/recon/Win/Tree_of_Knowledge/payload.txt	FalsePhilosopher	txt	486
BruceBAD/FalsePhilosopher/recon/Win/Tree_of_Knowledge/show.bat	FalsePhilosopher	bat	32
BruceBAD/FalsePhilosopher/quackberry/exfil_documents.txt	FalsePhilosopher	txt	652
BruceBAD/FalsePhilosopher/quackberry/bash_reverse_shell_profile_persistence.txt	FalsePhilosopher	txt	579
BruceBAD/FalsePhilosopher/quackberry/python_reverse_shell_cron_persistence.txt	FalsePhilosopher	txt	1411
BruceBAD/FalsePhilosopher/quackberry/bash_reverse_shell_bashrc_persistence.txt	FalsePhilosopher	txt	579
BruceBAD/FalsePhilosopher/quackberry/bash_reverse_shell.txt	FalsePhilosopher	txt	348
BruceBAD/FalsePhilosopher/quackberry/ssh_backdoor.txt	FalsePhilosopher	txt	551
BruceBAD/FalsePhilosopher/quackberry/wifi_stealer_to_web.txt	FalsePhilosopher	txt	631
BruceBAD/FalsePhilosopher/quackberry/local_web_server_backdoor/local_web_server_backdoor.txt	FalsePhilosopher	txt	538
BruceBAD/FalsePhilosopher/credentials/Unix-like/Osx/Sudograbber/sudograbber.txt	FalsePhilosopher	txt	1210
BruceBAD/FalsePhilosopher/credentials/Unix-like/Osx/Sudograbber/sudograbber.sh	FalsePhilosopher	sh	67
BruceBAD/FalsePhilosopher/credentials/Unix-like/Linux/Sudograbber/sudograbber.txt	FalsePhilosopher	txt	1119
BruceBAD/FalsePhilosopher/credentials/Unix-like/Linux/Sudograbber/sudograbber.sh	FalsePhilosopher	sh	67
BruceBAD/FalsePhilosopher/credentials/Unix-like/Linux/DuckyLogger/payload.txt	FalsePhilosopher	txt	3329
BruceBAD/FalsePhilosopher/credentials/Unix-like/Linux/sudoSnatch/payload.txt	FalsePhilosopher	txt	3732
BruceBAD/FalsePhilosopher/credentials/Win/open_smb_share_to_steal_creds.txt	FalsePhilosopher	txt	430
BruceBAD/FalsePhilosopher/credentials/Win/-RD-Credz-Plz/Credz-Plz-Execute.txt	FalsePhilosopher	txt	610
BruceBAD/FalsePhilosopher/credentials/Win/keyloggerInjector/BadUSB_keyloggerInjector.txt	FalsePhilosopher	txt	965
BruceBAD/FalsePhilosopher/credentials/Win/pykeylog/quack.txt	FalsePhilosopher	txt	13
BruceBAD/FalsePhilosopher/credentials/Win/Funni_Stick_V3/README.txt	FalsePhilosopher	txt	1308
BruceBAD/FalsePhilosopher/credentials/Win/windowsPassDisabler/BadUSB_windowsPassDisabler.txt	FalsePhilosopher	txt	639
BruceBAD/FalsePhilosopher/credentials/Win/Simple_User_Password_Grabber/Simple_User_Password_Grabber.txt	FalsePhilosopher	txt	2691
BruceBAD/FalsePhilosopher/credentials/Win/datacopier/datacopier.txt	FalsePhilosopher	txt	1158
BruceBAD/Discord-C2/Discord C2 Client.txt	Discord-C2	txt	683
BruceBAD/Change_the_password_of_the_windows_user/payload.txt	Change_the_password_of_the_windows_user	txt	886
BruceBAD/Grabber-Discord_Webhook/Grabber-Discord_Webhook.txt	Grabber-Discord_Webhook	txt	1135
BruceBAD/RickRoll_YT_OSX/RickRoll_YT_OSX.txt	RickRoll_YT_OSX	txt	281
BruceBAD/Tree_structure_of_the_operating_system/payload.txt	Tree_structure_of_the_operating_system	txt	2150
BruceBAD/windows_repair/payload.txt	windows_repair	txt	288
BruceBAD/Send-WhatsApp-Messages-MacOS/payload.txt	Send-WhatsApp-Messages-MacOS	txt	1705
BruceBAD/Poor_Mans_Nmap/payload.txt	Poor_Mans_Nmap	txt	5393
BruceBAD/lol_killer/payload.txt	lol_killer	txt	460
BruceBAD/Change_The_App_That_Will_Be_Runned/payload.txt	Change_The_App_That_Will_Be_Runned	txt	1500
BruceBAD/Flip-We-Found-You/We-Found-You.txt	Flip-We-Found-You	txt	724
BruceBAD/Flip-We-Found-You/found-you.ps1	Flip-We-Found-You	ps1	7634
BruceBAD/Windows_MacOS_ascii-live_CMD_Rickroll/Windows CMD Rickroll.txt	Windows_MacOS_ascii-live_CMD_Rickroll	txt	314
BruceBAD/Windows_MacOS_ascii-live_CMD_Rickroll/MacOS Terminal Rickroll.txt	Windows_MacOS_ascii-live_CMD_Rickroll	txt	555
BruceBAD/LAN-Tools/LAN-Tools.txt	LAN-Tools	txt	494
BruceBAD/ProtonVPN-config/ProtonVPN-config.ps1	ProtonVPN-config	ps1	867
BruceBAD/ProtonVPN-config/payload.txt	ProtonVPN-config	txt	1924
BruceBAD/Exports_all_the_links_of_the_downloads/payload.txt	Exports_all_the_links_of_the_downloads	txt	1888
BruceBAD/HTML_Fork-Bomb/payload-ie.txt	HTML_Fork-Bomb	txt	385
BruceBAD/HTML_Fork-Bomb/payload.txt	HTML_Fork-Bomb	txt	398
BruceBAD/Cookie-Stealer/Cookie-Stealer.txt	Cookie-Stealer	txt	122
BruceBAD/SendTelegramMessages_Linux/payload.txt	SendTelegramMessages_Linux	txt	932
BruceBAD/destructive/Unix-like/Osx/OSX_no_more_hardrive_oldOSx.txt	destructive	txt	376
BruceBAD/destructive/Unix-like/Osx/OSX_no_more_hardrive_nyan.txt	destructive	txt	558
BruceBAD/destructive/Unix-like/Osx/OSX_no_more_hardrive_nyan_oldOSx.txt	destructive	txt	568
BruceBAD/destructive/Unix-like/Osx/OSX_no_more_hardrive.txt	destructive	txt	366
BruceBAD/destructive/Unix-like/Osx/DUCKY_REAPER/duckyreaperMAC.txt	destructive	txt	532
BruceBAD/destructive/Unix-like/Osx/Bombs/zipbomb/quack.txt	destructive	txt	325
BruceBAD/destructive/Unix-like/Osx/Bombs/termBomb/payload.txt	destructive	txt	1952
BruceBAD/destructive/Unix-like/Linux/linux_no_more_hardriveZSH.txt	destructive	txt	288
BruceBAD/destructive/Unix-like/Linux/linux_no_more_hardrive.txt	destructive	txt	268
BruceBAD/destructive/Unix-like/Linux/linux_no_more_hardrive_nyanZSH.txt	destructive	txt	463
BruceBAD/destructive/Unix-like/Linux/linux_no_more_hardrive_nyan.txt	destructive	txt	464
BruceBAD/destructive/Unix-like/Linux/DUCKY_REAPER/duckyreaperTUX.txt	destructive	txt	445
BruceBAD/destructive/Unix-like/Linux/Bombs/zip_bomb/quack.txt	destructive	txt	799
BruceBAD/destructive/Unix-like/Linux/Bombs/zip_bomb/quackbase64.txt	destructive	txt	1537
BruceBAD/destructive/Unix-like/Linux/Bombs/zip_bomb/quackmeanBF.txt	destructive	txt	18605
BruceBAD/destructive/Unix-like/Linux/Bombs/zip_bomb/quackBF.txt	destructive	txt	14021
BruceBAD/destructive/Unix-like/Linux/Bombs/zip_bomb/quackmean.txt	destructive	txt	1117
BruceBAD/destructive/Unix-like/Linux/Bombs/zip_bomb/quackloop.txt	destructive	txt	808
BruceBAD/destructive/Unix-like/Linux/Bombs/zip_bomb/quackmeanloop.txt	destructive	txt	1168
BruceBAD/destructive/Unix-like/Linux/Bombs/HTML_Forker/quack.txt	destructive	txt	494
BruceBAD/destructive/Unix-like/Linux/Bombs/Parrot_bomb/polly_wanna_cracker.txt	destructive	txt	557
BruceBAD/destructive/Unix-like/Linux/Bombs/Folder_Bomb/quackTUXpyBF.txt	destructive	txt	13474
BruceBAD/destructive/Unix-like/Linux/Bombs/Folder_Bomb/quackTUXbash.txt	destructive	txt	858
BruceBAD/destructive/Unix-like/Linux/Bombs/Folder_Bomb/quackTUXpy.txt	destructive	txt	720
BruceBAD/destructive/Unix-like/Linux/Bombs/Sys_Forker/ForkBombTux.txt	destructive	txt	779
BruceBAD/destructive/Unix-like/Linux/Bombs/Sys_Forker/quackpersist.txt	destructive	txt	767
BruceBAD/destructive/Unix-like/Linux/Bombs/Sys_Forker/payload.txt	destructive	txt	2032
BruceBAD/destructive/Unix-like/Linux/Bombs/Sys_Forker/quickfix.txt	destructive	txt	259
BruceBAD/destructive/Unix-like/Linux/Bombs/File_bomb/quackTUXpyBF.txt	destructive	txt	13299
BruceBAD/destructive/Unix-like/Linux/Bombs/File_bomb/quackWLevil.txt	destructive	txt	300411
BruceBAD/destructive/Unix-like/Linux/Bombs/File_bomb/quackWLmean.txt	destructive	txt	3759
BruceBAD/destructive/Unix-like/Linux/Bombs/File_bomb/quackbash.txt	destructive	txt	862
BruceBAD/destructive/Unix-like/Linux/Bombs/File_bomb/quackWL.txt	destructive	txt	1874
BruceBAD/destructive/Unix-like/Linux/Bombs/File_bomb/quackWLmean_bluepill.txt	destructive	txt	3511
BruceBAD/destructive/Unix-like/Linux/Bombs/File_bomb/quackTUXpy.txt	destructive	txt	650
BruceBAD/destructive/Win/$MFT-Duck-Crasher/$MFT-Duck-Crasher.txt	destructive	txt	879
BruceBAD/destructive/Win/Delete32/32_wants_the_D.txt	destructive	txt	388
BruceBAD/destructive/Win/BSOD/BQOD/BQODV1.txt	destructive	txt	202
BruceBAD/destructive/Win/BSOD/BQOD/BQODV2.txt	destructive	txt	233
BruceBAD/destructive/Win/BSOD/Rickroll+BSOD/payload.txt	destructive	txt	390
BruceBAD/destructive/Win/DUCKY_REAPER/payloadWIN10+11.txt	destructive	txt	561
BruceBAD/destructive/Win/DUCKY_REAPER/payloadWIN.txt	destructive	txt	619
BruceBAD/destructive/Win/Bombs/Zip_Bomb/quack.txt	destructive	txt	590
BruceBAD/destructive/Win/Bombs/Zip_Bomb/quackparaloop10.txt	destructive	txt	938
BruceBAD/destructive/Win/Bombs/Zip_Bomb/quackparaloop11.txt	destructive	txt	958
BruceBAD/destructive/Win/Bombs/Zip_Bomb/quackpara.txt	destructive	txt	923
BruceBAD/destructive/Win/Bombs/Zip_Bomb/quackloop.txt	destructive	txt	648
BruceBAD/destructive/Win/Bombs/HTML_Forker/payload11.txt	destructive	txt	286
BruceBAD/destructive/Win/Bombs/HTML_Forker/payload7.txt	destructive	txt	260
BruceBAD/destructive/Win/Bombs/Folder_Bomb/quackWIN.txt	destructive	txt	481
BruceBAD/destructive/Win/Bombs/tab_bomb/quack.txt	destructive	txt	1199
BruceBAD/destructive/Win/Bombs/Sys_Forker/ForkBomb-Win.txt	destructive	txt	504
BruceBAD/destructive/Win/Bombs/Sys_Forker/quack10-11.txt	destructive	txt	1063
BruceBAD/EmailAndTextMessage/wifi2Message.txt	EmailAndTextMessage	txt	771
BruceBAD/ExfiltrateWindowsCredentials/PhysicalMedium/payload.txt	ExfiltrateWindowsCredentials	txt	2953
BruceBAD/ExfiltrateWindowsCredentials/KeystrokeReflection/payload.txt	ExfiltrateWindowsCredentials	txt	3347
BruceBAD/ExfiltrateWindowsCredentials/NetworkMedium/server.py	ExfiltrateWindowsCredentials	py	874
BruceBAD/ExfiltrateWindowsCredentials/NetworkMedium/payload.txt	ExfiltrateWindowsCredentials	txt	3143
BruceBAD/Hey_Everybody/Hey_Everybody.txt	Hey_Everybody	txt	510
BruceBAD/WifiProfileExtractor/payload.txt	WifiProfileExtractor	txt	7393
BruceBAD/-RD-YT-Tripwire/YouTube-TripWire.txt	-RD-YT-Tripwire	txt	537
BruceBAD/Always-Minimize/payload.txt	Always-Minimize	txt	961
BruceBAD/MEMZ-In-Powershell/MEMZ-In-Powershell.txt	MEMZ-In-Powershell	txt	461
BruceBAD/MEMZ-In-Powershell/memz.vbs	MEMZ-In-Powershell	vbs	242
BruceBAD/MEMZ-In-Powershell/main.ps1	MEMZ-In-Powershell	ps1	11878
BruceBAD/Kill-Explorer/Kill-Explorer.txt	Kill-Explorer	txt	1489
BruceBAD/recon/Unix-Like/Linux/linpeas/quackpostexfil.txt	recon	txt	1161
BruceBAD/recon/Unix-Like/Linux/linpeas/quackgitexfil.txt	recon	txt	1718
BruceBAD/recon/Unix-Like/Linux/linpeas/quackncexfil.txt	recon	txt	1157
BruceBAD/recon/Unix-Like/Linux/linpeas/quackwget.txt	recon	txt	527
BruceBAD/recon/Win/Misc/Show_WiFi_Passwords.txt	recon	txt	223
BruceBAD/recon/Win/Misc/Show_Saved_Passwords.txt	recon	txt	746
BruceBAD/recon/Win/Tree_of_Knowledge/payload.txt	recon	txt	486
BruceBAD/recon/Win/Tree_of_Knowledge/show.bat	recon	bat	32
BruceBAD/recon/Tree_of_Knowledge/payload.txt	recon	txt	486
BruceBAD/recon/Tree_of_Knowledge/show.bat	recon	bat	32
BruceBAD/recon/Tree_of_Knowledge/-RD-ADV-Recon/ADV-Recon.ps1	recon	ps1	20474
BruceBAD/recon/Tree_of_Knowledge/-RD-ADV-Recon/payload.txt	recon	txt	573
BruceBAD/Camouflage_Your_Backdoor/script.sh	Camouflage_Your_Backdoor	sh	121
BruceBAD/Camouflage_Your_Backdoor/payload.txt	Camouflage_Your_Backdoor	txt	1671
BruceBAD/Edit_The_Default_Real_App_With_An_Arbitrary/payload.txt	Edit_The_Default_Real_App_With_An_Arbitrary	txt	2063
BruceBAD/Disable-Windows-Defender-Permanently/payload.txt	Disable-Windows-Defender-Permanently	txt	1533
BruceBAD/win_smb-backdoor/payload.txt	win_smb-backdoor	txt	2015
BruceBAD/Install_And_Run_Any_Arbitrary_Executable-No_Internet_And_Root_Needed/payload.txt	Install_And_Run_Any_Arbitrary_Executable-No_Internet_And_Root_Needed	txt	1427
BruceBAD/Install_And_Run_Any_Arbitrary_Executable-No_Internet_And_Root_Needed/assets/example.py	Install_And_Run_Any_Arbitrary_Executable-No_Internet_And_Root_Needed	py	88
BruceBAD/Install_And_Run_Any_Arbitrary_Executable-No_Internet_And_Root_Needed/assets/convert_to_hex.py	Install_And_Run_Any_Arbitrary_Executable-No_Internet_And_Root_Needed	py	614
BruceBAD/Bombs/GooseCrasher.txt	Bombs	txt	1004
BruceBAD/Bombs/32_wants_the_D.txt	Bombs	txt	899
BruceBAD/Bombs/Zip_Bomb/Win/quack.txt	Bombs	txt	594
BruceBAD/Bombs/Zip_Bomb/Win/quackparaloop10.txt	Bombs	txt	942
BruceBAD/Bombs/Zip_Bomb/Win/quackparaloop11.txt	Bombs	txt	962
BruceBAD/Bombs/Zip_Bomb/Win/quackpara.txt	Bombs	txt	923
BruceBAD/Bombs/Zip_Bomb/Win/quackloop.txt	Bombs	txt	652
BruceBAD/Bombs/Zip_Bomb/Linux/quack.txt	Bombs	txt	803
BruceBAD/Bombs/Zip_Bomb/Linux/quackmeanBF.txt	Bombs	txt	18605
BruceBAD/Bombs/Zip_Bomb/Linux/quackBF.txt	Bombs	txt	14021
BruceBAD/Bombs/Zip_Bomb/Linux/quackmean.txt	Bombs	txt	953
BruceBAD/Bombs/Folder_Bomb/LinuxpyBF.txt	Bombs	txt	13474
BruceBAD/Bombs/Folder_Bomb/Linuxbash.txt	Bombs	txt	862
BruceBAD/Bombs/Folder_Bomb/Linuxpy.txt	Bombs	txt	724
BruceBAD/Bombs/Rick_Roll/RR-fileBomb-chorus-Win.txt	Bombs	txt	997
BruceBAD/Bombs/Rick_Roll/RR-fileBomb-Win.txt	Bombs	txt	1667
BruceBAD/Bombs/Sys_Forker/ForkBomb-Linuxmean.txt	Bombs	txt	771
BruceBAD/Bombs/Sys_Forker/ForkBomb-Linux.txt	Bombs	txt	904
BruceBAD/Bombs/Sys_Forker/ForkBomb-Win.txt	Bombs	txt	360
BruceBAD/Bombs/Sys_Forker/ForkBomb-Win2.txt	Bombs	txt	541
BruceBAD/Bombs/Sys_Forker/Forkbomb-Win_10-11.txt	Bombs	txt	1067
BruceBAD/Bombs/File_Bomb/LinuxshWLmean_bluepill.txt	Bombs	txt	3511
BruceBAD/Bombs/File_Bomb/LinuxpyBF.txt	Bombs	txt	13299
BruceBAD/Bombs/File_Bomb/Linuxsh.txt	Bombs	txt	866
BruceBAD/Bombs/File_Bomb/LinuxshWLmean.txt	Bombs	txt	3763
BruceBAD/Bombs/File_Bomb/LinuxshWL.txt	Bombs	txt	1878
BruceBAD/Bombs/File_Bomb/LinuxshWLevil.txt	Bombs	txt	300415
BruceBAD/Bombs/File_Bomb/Linuxpy.txt	Bombs	txt	654
BruceBAD/Tree_of_Knowledge/payload.txt	Tree_of_Knowledge	txt	486
BruceBAD/Tree_of_Knowledge/show.bat	Tree_of_Knowledge	bat	32
BruceBAD/Tree_of_Knowledge/-RD-ADV-Recon/ADV-Recon.ps1	Tree_of_Knowledge	ps1	20474
BruceBAD/Tree_of_Knowledge/-RD-ADV-Recon/payload.txt	Tree_of_Knowledge	txt	573
BruceBAD/UNC0V3R3D-BadUSB/language.ps1	UNC0V3R3D-BadUSB	ps1	68
BruceBAD/UNC0V3R3D-BadUSB/BadUsb-Collection/Windows_Badusb/MoreSeriousFUN/DeleteMicrosoftStore/DeleteMicrosoftStore.txt	UNC0V3R3D-BadUSB	txt	407
BruceBAD/UNC0V3R3D-BadUSB/BadUsb-Collection/Windows_Badusb/MoreSeriousFUN/DeleteWindowsMail/DeleteWindowsMail.txt	UNC0V3R3D-BadUSB	txt	426
BruceBAD/UNC0V3R3D-BadUSB/BadUsb-Collection/Windows_Badusb/ASCII/Selfwriting/RickRoll.txt	UNC0V3R3D-BadUSB	txt	5926
BruceBAD/UNC0V3R3D-BadUSB/BadUsb-Collection/Windows_Badusb/ASCII/Selfwriting/MonaLisa.txt	UNC0V3R3D-BadUSB	txt	8707
BruceBAD/UNC0V3R3D-BadUSB/BadUsb-Collection/Windows_Badusb/ASCII/Selfwriting/PepeWowASCII.txt	UNC0V3R3D-BadUSB	txt	4814
BruceBAD/UNC0V3R3D-BadUSB/BadUsb-Collection/Windows_Badusb/ASCII/Selfwriting/PepeThonkASCII.txt	UNC0V3R3D-BadUSB	txt	5922
BruceBAD/UNC0V3R3D-BadUSB/BadUsb-Collection/Windows_Badusb/ASCII/Selfwriting/AnonymousASCII.txt	UNC0V3R3D-BadUSB	txt	8132
BruceBAD/UNC0V3R3D-BadUSB/BadUsb-Collection/Windows_Badusb/ASCII/Selfwriting/Hacked.txt	UNC0V3R3D-BadUSB	txt	9330
BruceBAD/UNC0V3R3D-BadUSB/BadUsb-Collection/Windows_Badusb/ASCII/Selfwriting/SimpleTroll.txt	UNC0V3R3D-BadUSB	txt	1078
BruceBAD/UNC0V3R3D-BadUSB/BadUsb-Collection/Windows_Badusb/ASCII/DownLoadAscii/happyBday.txt	UNC0V3R3D-BadUSB	txt	518
BruceBAD/UNC0V3R3D-BadUSB/BadUsb-Collection/Windows_Badusb/ASCII/DownLoadAscii/pepefat.txt	UNC0V3R3D-BadUSB	txt	516
BruceBAD/UNC0V3R3D-BadUSB/BadUsb-Collection/Windows_Badusb/ASCII/DownLoadAscii/stormtrooper.txt	UNC0V3R3D-BadUSB	txt	521
BruceBAD/UNC0V3R3D-BadUSB/BadUsb-Collection/Windows_Badusb/ASCII/DownLoadAscii/memelaugh.txt	UNC0V3R3D-BadUSB	txt	518
BruceBAD/UNC0V3R3D-BadUSB/BadUsb-Collection/Windows_Badusb/ASCII/DownLoadAscii/ok.txt	UNC0V3R3D-BadUSB	txt	511
BruceBAD/UNC0V3R3D-BadUSB/BadUsb-Collection/Windows_Badusb/ASCII/DownLoadAscii/koolaid.txt	UNC0V3R3D-BadUSB	txt	516
BruceBAD/UNC0V3R3D-BadUSB/BadUsb-Collection/Windows_Badusb/ASCII/DownLoadAscii/trollface.txt	UNC0V3R3D-BadUSB	txt	518
BruceBAD/UNC0V3R3D-BadUSB/BadUsb-Collection/Windows_Badusb/ASCII/DownLoadAscii/ghostbuster.txt	UNC0V3R3D-BadUSB	txt	521
BruceBAD/UNC0V3R3D-BadUSB/BadUsb-Collection/Windows_Badusb/ASCII/DownLoadAscii/riddle.txt	UNC0V3R3D-BadUSB	txt	515
BruceBAD/UNC0V3R3D-BadUSB/BadUsb-Collection/Windows_Badusb/ASCII/DownLoadAscii/trollface2.txt	UNC0V3R3D-BadUSB	txt	519
BruceBAD/UNC0V3R3D-BadUSB/BadUsb-Collection/Windows_Badusb/ASCII/DownLoadAscii/trollface3.txt	UNC0V3R3D-BadUSB	txt	519
BruceBAD/UNC0V3R3D-BadUSB/BadUsb-Collection/Windows_Badusb/ASCII/DownLoadAscii/mrbeanagain.txt	UNC0V3R3D-BadUSB	txt	520
BruceBAD/UNC0V3R3D-BadUSB/BadUsb-Collection/Windows_Badusb/ASCII/DownLoadAscii/pepefrog.txt	UNC0V3R3D-BadUSB	txt	517
BruceBAD/UNC0V3R3D-BadUSB/BadUsb-Collection/Windows_Badusb/ASCII/DownLoadAscii/mrbean.txt	UNC0V3R3D-BadUSB	txt	515
BruceBAD/UNC0V3R3D-BadUSB/BadUsb-Collection/Windows_Badusb/ASCII/DownLoadAscii/indian-tech-support.txt	UNC0V3R3D-BadUSB	txt	528
BruceBAD/UNC0V3R3D-BadUSB/BadUsb-Collection/Windows_Badusb/ASCII/DownLoadAscii/trollfaceDANCE.txt	UNC0V3R3D-BadUSB	txt	523
BruceBAD/UNC0V3R3D-BadUSB/BadUsb-Collection/Windows_Badusb/GoodUSB/Clear_Explorer/clear_explorer.txt	UNC0V3R3D-BadUSB	txt	581
BruceBAD/UNC0V3R3D-BadUSB/BadUsb-Collection/Windows_Badusb/GoodUSB/Activate_Windows/activate_windows.txt	UNC0V3R3D-BadUSB	txt	367
BruceBAD/UNC0V3R3D-BadUSB/BadUsb-Collection/Windows_Badusb/GoodUSB/Privacy_Windows/privacy.txt	UNC0V3R3D-BadUSB	txt	561
BruceBAD/UNC0V3R3D-BadUSB/BadUsb-Collection/Windows_Badusb/GoodUSB/Bloatware_removal/bloatware_remover.txt	UNC0V3R3D-BadUSB	txt	586
BruceBAD/UNC0V3R3D-BadUSB/BadUsb-Collection/Windows_Badusb/GoodUSB/OneDrive_Removal/uninstall_onedrive.txt	UNC0V3R3D-BadUSB	txt	556
BruceBAD/UNC0V3R3D-BadUSB/BadUsb-Collection/Windows_Badusb/GoodUSB/Win_Debloater/win_debloat.txt	UNC0V3R3D-BadUSB	txt	549
BruceBAD/UNC0V3R3D-BadUSB/BadUsb-Collection/Windows_Badusb/GoodUSB/Enable_Cortana/enable_cortana.txt	UNC0V3R3D-BadUSB	txt	578
BruceBAD/UNC0V3R3D-BadUSB/BadUsb-Collection/Windows_Badusb/GoodUSB/Disable_Cortana/disable_cortana.txt	UNC0V3R3D-BadUSB	txt	579
BruceBAD/UNC0V3R3D-BadUSB/BadUsb-Collection/Windows_Badusb/FUN/ComputerTalks/ComputerTalks.txt	UNC0V3R3D-BadUSB	txt	354
BruceBAD/UNC0V3R3D-BadUSB/BadUsb-Collection/Windows_Badusb/FUN/FakeBluescreen/FakeBluescreen.txt	UNC0V3R3D-BadUSB	txt	330
BruceBAD/UNC0V3R3D-BadUSB/BadUsb-Collection/Windows_Badusb/FUN/WordPrank/WordPrank.txt	UNC0V3R3D-BadUSB	txt	519
BruceBAD/UNC0V3R3D-BadUSB/BadUsb-Collection/Windows_Badusb/FUN/justdance/justdance.txt	UNC0V3R3D-BadUSB	txt	1220
BruceBAD/UNC0V3R3D-BadUSB/BadUsb-Collection/Windows_Badusb/FUN/NoMoreSound/NoMoreSound.txt	UNC0V3R3D-BadUSB	txt	315
BruceBAD/UNC0V3R3D-BadUSB/BadUsb-Collection/Windows_Badusb/FUN/FakeVirus/FakeVirus.txt	UNC0V3R3D-BadUSB	txt	312
BruceBAD/UNC0V3R3D-BadUSB/BadUsb-Collection/Windows_Badusb/FUN/CarefulWithThis/RickRoll_IntoBSOD/RickRoll_IntoBSOD.txt	UNC0V3R3D-BadUSB	txt	974
BruceBAD/UNC0V3R3D-BadUSB/BadUsb-Collection/Windows_Badusb/FUN/CarefulWithThis/JustAmongUs/JustAmongUs.txt	UNC0V3R3D-BadUSB	txt	573
BruceBAD/UNC0V3R3D-BadUSB/BadUsb-Collection/Windows_Badusb/FUN/Cartman/Cartman.txt	UNC0V3R3D-BadUSB	txt	405
BruceBAD/UNC0V3R3D-BadUSB/BadUsb-Collection/Windows_Badusb/FUN/Destroy_Pc_with_tabs/Destroy_Pc_with_tabs.txt	UNC0V3R3D-BadUSB	txt	820
BruceBAD/UNC0V3R3D-BadUSB/BadUsb-Collection/Windows_Badusb/FUN/Matrix_Rain_CMD/Matrix_Rain_CMD.txt	UNC0V3R3D-BadUSB	txt	1426
BruceBAD/UNC0V3R3D-BadUSB/BadUsb-Collection/Windows_Badusb/FUN/Delete_Discord/delete_discord.txt	UNC0V3R3D-BadUSB	txt	599
BruceBAD/UNC0V3R3D-BadUSB/BadUsb-Collection/Windows_Badusb/FUN/FakeUpdateWindows/FakeUpdateWindows.txt	UNC0V3R3D-BadUSB	txt	317
BruceBAD/UNC0V3R3D-BadUSB/BadUsb-Collection/Windows_Badusb/Remote-Access/ReversePowershell/ReversePowershell.txt	UNC0V3R3D-BadUSB	txt	1534
BruceBAD/UNC0V3R3D-BadUSB/BadUsb-Collection/Windows_Badusb/Remote-Access/CommandLineBackdoor/CommandLineBackdoor.txt	UNC0V3R3D-BadUSB	txt	2717
BruceBAD/UNC0V3R3D-BadUSB/BadUsb-Collection/Windows_Badusb/PasswordStuff/StealWifiKeys_onUSB/StealWifiKeys_onUSB.txt	UNC0V3R3D-BadUSB	txt	746
BruceBAD/UNC0V3R3D-BadUSB/BadUsb-Collection/Windows_Badusb/PasswordStuff/StealWifiKeys/StealWifiKeys.txt	UNC0V3R3D-BadUSB	txt	743
BruceBAD/UNC0V3R3D-BadUSB/BadUsb-Collection/Windows_Badusb/PasswordStuff/StealWifiKeys_Email/StealWifiKeys_Email.txt	UNC0V3R3D-BadUSB	txt	1652
BruceBAD/UNC0V3R3D-BadUSB/BadUsb-Collection/Windows_Badusb/PasswordStuff/ChromePasswords/chrome_passwords_discord.txt	UNC0V3R3D-BadUSB	txt	1333
BruceBAD/UNC0V3R3D-BadUSB/BadUsb-Collection/Windows_Badusb/PasswordStuff/Simple_User_Password_Grabber/Simple_User_Password_Grabber.txt	UNC0V3R3D-BadUSB	txt	1819
BruceBAD/UNC0V3R3D-BadUSB/BadUsb-Collection/Windows_Badusb/PasswordStuff/Show_Saved_Password/Show_Saved_Passwords.txt	UNC0V3R3D-BadUSB	txt	1845
BruceBAD/UNC0V3R3D-BadUSB/BadUsb-Collection/Windows_Badusb/Execution/StickyKeysSWAP/StickyKeysSWAP.txt	UNC0V3R3D-BadUSB	txt	966
BruceBAD/UNC0V3R3D-BadUSB/BadUsb-Collection/Windows_Badusb/Execution/OpenAnyPort/OpenAnyPort.txt	UNC0V3R3D-BadUSB	txt	456
BruceBAD/UNC0V3R3D-BadUSB/BadUsb-Collection/Windows_Badusb/Execution/Create_New_Windows_Admin/Create_New_Windows_Admin.txt	UNC0V3R3D-BadUSB	txt	620
BruceBAD/UNC0V3R3D-BadUSB/BadUsb-Collection/Windows_Badusb/Execution/DNS_Cache_Poison/DNS_Cache_Poison.txt	UNC0V3R3D-BadUSB	txt	688
BruceBAD/UNC0V3R3D-BadUSB/BadUsb-Collection/Windows_Badusb/Execution/Disable_WinDefender/Disable_WinDefender.txt	UNC0V3R3D-BadUSB	txt	517
BruceBAD/UNC0V3R3D-BadUSB/BadUsb-Collection/Windows_Badusb/Execution/RemoveWindowsUpdate/RemoveWindowsUpdate.txt	UNC0V3R3D-BadUSB	txt	566
BruceBAD/UNC0V3R3D-BadUSB/BadUsb-Collection/Windows_Badusb/Execution/DownloadAnyEXE/DownloadAnyEXE.txt	UNC0V3R3D-BadUSB	txt	510
BruceBAD/UNC0V3R3D-BadUSB/BadUsb-Collection/Windows_Badusb/Execution/setWinPass/setWinPass.txt	UNC0V3R3D-BadUSB	txt	574
BruceBAD/UNC0V3R3D-BadUSB/BadUsb-Collection/Windows_Badusb/Execution/Delete_System_32/Delete_System_32.txt	UNC0V3R3D-BadUSB	txt	298
BruceBAD/UNC0V3R3D-BadUSB/BadUsb-Collection/Windows_Badusb/Execution/DisableFirewall/DisableFirewall.txt	UNC0V3R3D-BadUSB	txt	364
BruceBAD/UNC0V3R3D-BadUSB/BadUsb-Collection/Windows_Badusb/Execution/Invisible_DownExec_Zip_Extract/Invisible_DownExec_Zip_Extract.txt	UNC0V3R3D-BadUSB	txt	552
BruceBAD/UNC0V3R3D-BadUSB/BadUsb-Collection/Windows_Badusb/Execution/ChangeWinUsername/ChangeWinUsername.txt	UNC0V3R3D-BadUSB	txt	487
BruceBAD/UNC0V3R3D-BadUSB/BadUsb-Collection/Windows_Badusb/Execution/ActivateRDP/ActivateRDP.txt	UNC0V3R3D-BadUSB	txt	745
BruceBAD/UNC0V3R3D-BadUSB/BadUsb-Collection/Windows_Badusb/Execution/Invisible_DownExec/Invisible_DownExec.txt	UNC0V3R3D-BadUSB	txt	523
BruceBAD/UNC0V3R3D-BadUSB/BadUsb-Collection/Windows_Badusb/Execution/StartWifiAccessPoint/StartWifiAccessPoint.txt	UNC0V3R3D-BadUSB	txt	478
BruceBAD/UNC0V3R3D-BadUSB/BadUsb-Collection/Windows_Badusb/Exfiltration/GetAllComputerInfo/GetAllComputerInfo.txt	UNC0V3R3D-BadUSB	txt	807
BruceBAD/UNC0V3R3D-BadUSB/BadUsb-Collection/Windows_Badusb/Exfiltration/ExfilFirefox/ExfilFirefox.txt	UNC0V3R3D-BadUSB	txt	1875
BruceBAD/UNC0V3R3D-BadUSB/BadUsb-Collection/Windows_Badusb/Exfiltration/ListWindowsUpdates/ListWindowsUpdates.txt	UNC0V3R3D-BadUSB	txt	1881
BruceBAD/UNC0V3R3D-BadUSB/BadUsb-Collection/Windows_Badusb/Exfiltration/Win_User_Info/Win_User_Info.txt	UNC0V3R3D-BadUSB	txt	2403
BruceBAD/UNC0V3R3D-BadUSB/BadUsb-Collection/Windows_Badusb/Exfiltration/USB_And_Harddrive_Information/USB_And_Harddrive_Information.txt	UNC0V3R3D-BadUSB	txt	2203
BruceBAD/UNC0V3R3D-BadUSB/BadUsb-Collection/Windows_Badusb/Exfiltration/IP_To_Discord/SaveIP_ToDiscordWebhook.txt	UNC0V3R3D-BadUSB	txt	987
BruceBAD/UNC0V3R3D-BadUSB/BadUsb-Collection/Windows_Badusb/Exfiltration/SAMexfil/SAMexfil.txt	UNC0V3R3D-BadUSB	txt	1743
BruceBAD/UNC0V3R3D-BadUSB/BadUsb-Collection/Windows_Badusb/Exfiltration/Keylogger/Keylogger.txt	UNC0V3R3D-BadUSB	txt	795
BruceBAD/UNC0V3R3D-BadUSB/BadUsb-Collection/Windows_Badusb/Exfiltration/General_PC_Information/General_PC_Information.txt	UNC0V3R3D-BadUSB	txt	3979
BruceBAD/UNC0V3R3D-BadUSB/BadUsb-Collection/iPhone_Badusb/open-website/iPhone_open_website.txt	UNC0V3R3D-BadUSB	txt	284
BruceBAD/Show_Saved_Passwords/Show_Saved_Passwords.txt	Show_Saved_Passwords	txt	746
BruceBAD/Full-ScreenBannerJoke/payload.txt	Full-ScreenBannerJoke	txt	894
BruceBAD/Full-ScreenBannerJoke/script.py	Full-ScreenBannerJoke	py	867
BruceBAD/Kiosk-Evasion-Bruteforce/Kiosk-Evasion-Bruteforce.txt	Kiosk-Evasion-Bruteforce	txt	5281
BruceBAD/HashDumpDucky/payload.txt	HashDumpDucky	txt	7732
BruceBAD/BadUSB-FalsePhilosopher/Misc/Scripting/py/kick.py	BadUSB-FalsePhilosopher	py	846
BruceBAD/BadUSB-FalsePhilosopher/Misc/Scripting/py/seashark.py	BadUSB-FalsePhilosopher	py	1738
BruceBAD/BadUSB-FalsePhilosopher/Misc/Scripting/Bash/bashfuck/bashfuck.sh	BadUSB-FalsePhilosopher	sh	2680
BruceBAD/BadUSB-FalsePhilosopher/Misc/Scripting/PS/PSBits/Misc/WordleHelper.ps1	BadUSB-FalsePhilosopher	ps1	3944
BruceBAD/BadUSB-FalsePhilosopher/Misc/Scripting/PS/PSBits/Misc/MyrtusMetadataExtractor.ps1	BadUSB-FalsePhilosopher	ps1	3079
BruceBAD/BadUSB-FalsePhilosopher/Misc/Scripting/PS/PSBits/Misc/StopAndDisableDefaultSpoolers.ps1	BadUSB-FalsePhilosopher	ps1	2013
BruceBAD/BadUSB-FalsePhilosopher/Misc/Scripting/PS/PSBits/Misc/SpoofSQLBrowser.ps1	BadUSB-FalsePhilosopher	ps1	1100
BruceBAD/BadUSB-FalsePhilosopher/Misc/Scripting/PS/PSBits/Misc/Get-IdleTime.ps1	BadUSB-FalsePhilosopher	ps1	488
BruceBAD/BadUSB-FalsePhilosopher/Misc/Scripting/PS/PSBits/Misc/EnableSeRestorePrivilege.ps1	BadUSB-FalsePhilosopher	ps1	3213
BruceBAD/BadUSB-FalsePhilosopher/Misc/Scripting/PS/PSBits/Misc/PoisonRDPCache.ps1	BadUSB-FalsePhilosopher	ps1	3738
BruceBAD/BadUSB-FalsePhilosopher/Misc/Scripting/PS/PSBits/Misc/Disable-ActiveX.ps1	BadUSB-FalsePhilosopher	ps1	1878
BruceBAD/BadUSB-FalsePhilosopher/Misc/Scripting/PS/PSBits/Misc/RDGDecrypt.ps1	BadUSB-FalsePhilosopher	ps1	386
BruceBAD/BadUSB-FalsePhilosopher/Misc/Scripting/PS/PSBits/Misc/OpenVPNDecrypt.ps1	BadUSB-FalsePhilosopher	ps1	708
BruceBAD/BadUSB-FalsePhilosopher/Misc/Scripting/PS/PSBits/Misc/ExtractFVEPasswordsFromNTDS.ps1	BadUSB-FalsePhilosopher	ps1	6955
BruceBAD/BadUSB-FalsePhilosopher/Misc/Scripting/PS/PSBits/Misc/FveGetRecoveryPasswordBackupInformation.c	BadUSB-FalsePhilosopher	c	3263
BruceBAD/BadUSB-FalsePhilosopher/Misc/Scripting/PS/PSBits/Misc/Get-ProductPolicy.ps1	BadUSB-FalsePhilosopher	ps1	2797
BruceBAD/BadUSB-FalsePhilosopher/Misc/Scripting/PS/PSBits/Misc/DumpChromePasswords.ps1	BadUSB-FalsePhilosopher	ps1	2321
BruceBAD/BadUSB-FalsePhilosopher/Misc/Scripting/PS/PSBits/Misc/EnableSeBackupPrivilege.ps1	BadUSB-FalsePhilosopher	ps1	3073
BruceBAD/BadUSB-FalsePhilosopher/Misc/Scripting/PS/PSBits/Misc/Make-Fake.ps1	BadUSB-FalsePhilosopher	ps1	1975
BruceBAD/BadUSB-FalsePhilosopher/Misc/Scripting/PS/PSBits/Misc/CreateHardlink.c	BadUSB-FalsePhilosopher	c	3221
BruceBAD/BadUSB-FalsePhilosopher/Misc/Scripting/PS/PSBits/Misc/Find-CurveballSignedFiles.ps1	BadUSB-FalsePhilosopher	ps1	1051
BruceBAD/BadUSB-FalsePhilosopher/Misc/Scripting/PS/PSBits/Misc/Write-CveEvent.ps1	BadUSB-FalsePhilosopher	ps1	1154
BruceBAD/BadUSB-FalsePhilosopher/Misc/Scripting/PS/PSBits/Misc/Read-ETWSD.ps1	BadUSB-FalsePhilosopher	ps1	3907
BruceBAD/BadUSB-FalsePhilosopher/Misc/Scripting/PS/PSBits/Misc/DumpKeePassDB.ps1	BadUSB-FalsePhilosopher	ps1	1679
BruceBAD/BadUSB-FalsePhilosopher/Misc/Scripting/PS/PSBits/Misc/Set-ProcessCritical.ps1	BadUSB-FalsePhilosopher	ps1	2089
BruceBAD/BadUSB-FalsePhilosopher/Misc/Scripting/PS/PSBits/Misc/AskWERforDump.c	BadUSB-FalsePhilosopher	c	4802
BruceBAD/BadUSB-FalsePhilosopher/Misc/Scripting/PS/PSBits/Misc/BringMyWindowsBack.ps1	BadUSB-FalsePhilosopher	ps1	2836
BruceBAD/BadUSB-FalsePhilosopher/Misc/Scripting/PS/PSBits/Misc/IOCTL_UNPROTECT.c	BadUSB-FalsePhilosopher	c	3208
BruceBAD/BadUSB-FalsePhilosopher/Misc/Scripting/PS/PSBits/Misc/beep.c	BadUSB-FalsePhilosopher	c	2172
BruceBAD/BadUSB-FalsePhilosopher/Misc/Scripting/PS/PSBits/Misc/SysWOW64.c	BadUSB-FalsePhilosopher	c	2116
BruceBAD/BadUSB-FalsePhilosopher/Misc/Scripting/PS/PSBits/Misc/FakeTask.ps1	BadUSB-FalsePhilosopher	ps1	875
BruceBAD/BadUSB-FalsePhilosopher/Misc/Scripting/PS/PSBits/Misc/idi.ps1	BadUSB-FalsePhilosopher	ps1	787
BruceBAD/BadUSB-FalsePhilosopher/Misc/Scripting/PS/PSBits/Misc/SamOfflineConnect.c	BadUSB-FalsePhilosopher	c	1806
BruceBAD/BadUSB-FalsePhilosopher/Misc/Scripting/PS/PSBits/Misc/CrashWithCriticalThread.ps1	BadUSB-FalsePhilosopher	ps1	1044
BruceBAD/BadUSB-FalsePhilosopher/Misc/Scripting/PS/PSBits/Misc/Unload-FilterDriver.ps1	BadUSB-FalsePhilosopher	ps1	4193
BruceBAD/BadUSB-FalsePhilosopher/Misc/Scripting/PS/PSBits/Misc/Remove-AuthenticodeSignature.ps1	BadUSB-FalsePhilosopher	ps1	5184
BruceBAD/BadUSB-FalsePhilosopher/Misc/Scripting/PS/PSBits/Misc/Block-PowerShell_ISE.ps1	BadUSB-FalsePhilosopher	ps1	412
BruceBAD/BadUSB-FalsePhilosopher/Misc/Scripting/PS/PSBits/Misc/DisableEVTXCRC.ps1	BadUSB-FalsePhilosopher	ps1	1280
BruceBAD/BadUSB-FalsePhilosopher/Misc/Scripting/PS/PSBits/Misc/CloseAll.ps1	BadUSB-FalsePhilosopher	ps1	2207
BruceBAD/BadUSB-FalsePhilosopher/Misc/Scripting/PS/PSBits/Misc/LookForLsassDumpInJournal.c	BadUSB-FalsePhilosopher	c	6302
BruceBAD/BadUSB-FalsePhilosopher/Misc/Scripting/PS/PSBits/Misc/FSCTL_SD_GLOBAL_CHANGE.c	BadUSB-FalsePhilosopher	c	4902
BruceBAD/BadUSB-FalsePhilosopher/Misc/Scripting/PS/PSBits/Misc/PreshutdownMsg.c	BadUSB-FalsePhilosopher	c	1272
BruceBAD/BadUSB-FalsePhilosopher/Misc/Scripting/PS/PSBits/Misc/New-KernelDump.ps1	BadUSB-FalsePhilosopher	ps1	2045
BruceBAD/BadUSB-FalsePhilosopher/Misc/Scripting/PS/PSBits/Misc/get-servicesignature.ps1	BadUSB-FalsePhilosopher	ps1	525
BruceBAD/BadUSB-FalsePhilosopher/Misc/Scripting/PS/PSBits/Misc/Get-AppLockerEvents.ps1	BadUSB-FalsePhilosopher	ps1	3484
BruceBAD/BadUSB-FalsePhilosopher/Misc/Scripting/PS/PSBits/Misc/Block-RDPOffenders.ps1	BadUSB-FalsePhilosopher	ps1	3509
BruceBAD/BadUSB-FalsePhilosopher/Misc/Scripting/PS/PSBits/Misc/Get-BitLockerPassword.ps1	BadUSB-FalsePhilosopher	ps1	1118
BruceBAD/BadUSB-FalsePhilosopher/Misc/Scripting/PS/PSBits/Misc/Get-OldestEvents.ps1	BadUSB-FalsePhilosopher	ps1	1693
BruceBAD/BadUSB-FalsePhilosopher/Misc/Scripting/PS/PSBits/Misc/Get-COMDLLs.ps1	BadUSB-FalsePhilosopher	ps1	2623
BruceBAD/BadUSB-FalsePhilosopher/Misc/Scripting/PS/PSBits/Misc/Install-PSBackdoor.ps1	BadUSB-FalsePhilosopher	ps1	4016
BruceBAD/BadUSB-FalsePhilosopher/Misc/Scripting/PS/PSBits/LoLBIN/somebinarystuff.txt	BadUSB-FalsePhilosopher	txt	310204
BruceBAD/BadUSB-FalsePhilosopher/Misc/Scripting/PS/PSBits/LoLBIN/pirate.txt	BadUSB-FalsePhilosopher	txt	67646
BruceBAD/BadUSB-FalsePhilosopher/Misc/Scripting/PS/PSBits/NTFSObjectID/StealthOpen.c	BadUSB-FalsePhilosopher	c	1581
BruceBAD/BadUSB-FalsePhilosopher/Misc/Scripting/PS/PSBits/NTFSObjectID/GetNTFSObjectID.c	BadUSB-FalsePhilosopher	c	826
BruceBAD/BadUSB-FalsePhilosopher/Misc/Scripting/PS/PSBits/IOCTL_VOLSNAP_SET_MAX_DIFF_AREA_SIZE/IOCTL_VOLSNAP_SET_MAX_DIFF_AREA_SIZE.c	BadUSB-FalsePhilosopher	c	1445
BruceBAD/BadUSB-FalsePhilosopher/Misc/Scripting/PS/PSBits/LSASecretDumper/LSASecretDumper.c	BadUSB-FalsePhilosopher	c	9551
BruceBAD/BadUSB-FalsePhilosopher/Misc/Scripting/PS/PSBits/HashSrv/CreateIIS.ps1	BadUSB-FalsePhilosopher	ps1	13110
BruceBAD/BadUSB-FalsePhilosopher/Misc/Scripting/PS/PSBits/DFIR/DateTimeRegFinder.ps1	BadUSB-FalsePhilosopher	ps1	2005
BruceBAD/BadUSB-FalsePhilosopher/Misc/Scripting/PS/PSBits/DFIR/Extract-OfficeMacroV2.ps1	BadUSB-FalsePhilosopher	ps1	41252
BruceBAD/BadUSB-FalsePhilosopher/Misc/Scripting/PS/PSBits/DFIR/Analyze_SystemIndex_GthrPth.ps1	BadUSB-FalsePhilosopher	ps1	10447
BruceBAD/BadUSB-FalsePhilosopher/Misc/Scripting/PS/PSBits/DFIR/GetSysmonTree.ps1	BadUSB-FalsePhilosopher	ps1	4742
BruceBAD/BadUSB-FalsePhilosopher/Misc/Scripting/PS/PSBits/DFIR/DecodeRDPCache.ps1	BadUSB-FalsePhilosopher	ps1	2462
BruceBAD/BadUSB-FalsePhilosopher/Misc/Scripting/PS/PSBits/DFIR/CompareParentChild.ps1	BadUSB-FalsePhilosopher	ps1	480
BruceBAD/BadUSB-FalsePhilosopher/Misc/Scripting/PS/PSBits/DFIR/Extract-OfficeMacro.ps1	BadUSB-FalsePhilosopher	ps1	41871
BruceBAD/BadUSB-FalsePhilosopher/Misc/Scripting/PS/PSBits/DFIR/Analyze_EntClientDb.ps1	BadUSB-FalsePhilosopher	ps1	6255
BruceBAD/BadUSB-FalsePhilosopher/Misc/Scripting/PS/PSBits/DFIR/GetParentChild.ps1	BadUSB-FalsePhilosopher	ps1	978
BruceBAD/BadUSB-FalsePhilosopher/Misc/Scripting/PS/PSBits/DFIR/GetDynamicTaskInfo.ps1	BadUSB-FalsePhilosopher	ps1	2942
BruceBAD/BadUSB-FalsePhilosopher/Misc/Scripting/PS/PSBits/DFIR/AmCacheDrivers.ps1	BadUSB-FalsePhilosopher	ps1	4647
BruceBAD/BadUSB-FalsePhilosopher/Misc/Scripting/PS/PSBits/DFIR/ExtractFilenamesFromWindowsEDB.ps1	BadUSB-FalsePhilosopher	ps1	13667
BruceBAD/BadUSB-FalsePhilosopher/Misc/Scripting/PS/PSBits/DFIR/CheckOldestJournalEntry.c	BadUSB-FalsePhilosopher	c	6448
BruceBAD/BadUSB-FalsePhilosopher/Misc/Scripting/PS/PSBits/DFIR/NTFSJournal/NTFSJournal2CSV.c	BadUSB-FalsePhilosopher	c	7930
BruceBAD/BadUSB-FalsePhilosopher/Misc/Scripting/PS/PSBits/OfflineSAM/OfflineAddAdmin.c	BadUSB-FalsePhilosopher	c	10308
BruceBAD/BadUSB-FalsePhilosopher/Misc/Scripting/PS/PSBits/EnableAllParentPrivileges/EnableAllParentPrivileges.c	BadUSB-FalsePhilosopher	c	3863
BruceBAD/BadUSB-FalsePhilosopher/Misc/Scripting/PS/PSBits/GPO/Parse-GPO.ps1	BadUSB-FalsePhilosopher	ps1	30241
BruceBAD/BadUSB-FalsePhilosopher/Misc/Scripting/PS/PSBits/GPO/flatten-gpo.ps1	BadUSB-FalsePhilosopher	ps1	1487
BruceBAD/BadUSB-FalsePhilosopher/Misc/Scripting/PS/PSBits/GPO/Parse-PolicyFile.ps1	BadUSB-FalsePhilosopher	ps1	9401
BruceBAD/BadUSB-FalsePhilosopher/Misc/Scripting/PS/PSBits/GPO/GPOPermissionsCollector.ps1	BadUSB-FalsePhilosopher	ps1	1098
BruceBAD/BadUSB-FalsePhilosopher/Misc/Scripting/PS/PSBits/PasswordStealing/PSPY.c	BadUSB-FalsePhilosopher	c	1809
BruceBAD/BadUSB-FalsePhilosopher/Misc/Scripting/PS/PSBits/PasswordStealing/NPPSpy/Get-NetworkProviders.ps1	BadUSB-FalsePhilosopher	ps1	1461
BruceBAD/BadUSB-FalsePhilosopher/Misc/Scripting/PS/PSBits/PasswordStealing/NPPSpy/ConfigureRegistrySettings.ps1	BadUSB-FalsePhilosopher	ps1	964
BruceBAD/BadUSB-FalsePhilosopher/Misc/Scripting/PS/PSBits/PasswordStealing/NPPSpy/NPPSPy.c	BadUSB-FalsePhilosopher	c	2299
BruceBAD/BadUSB-FalsePhilosopher/Misc/Scripting/PS/PSBits/ThreadDescription/ListDescribedThreads.c	BadUSB-FalsePhilosopher	c	1034
BruceBAD/BadUSB-FalsePhilosopher/Misc/Scripting/PS/PSBits/ThreadDescription/WinDBGListDescribedThreads.txt	BadUSB-FalsePhilosopher	txt	180
BruceBAD/BadUSB-FalsePhilosopher/Misc/Scripting/PS/PSBits/ThreadDescription/AbuseThreadDescription.c	BadUSB-FalsePhilosopher	c	1022
BruceBAD/BadUSB-FalsePhilosopher/Misc/Scripting/PS/PSBits/SuspendProcess/BetterSuspend.c	BadUSB-FalsePhilosopher	c	2017
BruceBAD/BadUSB-FalsePhilosopher/Misc/Scripting/PS/PSBits/SuspendProcess/SuspendMeIfYouCan.c	BadUSB-FalsePhilosopher	c	992
BruceBAD/BadUSB-FalsePhilosopher/Misc/Scripting/PS/PSBits/NoRebootSvc/NoReboot.c	BadUSB-FalsePhilosopher	c	6764
BruceBAD/BadUSB-FalsePhilosopher/Misc/Scripting/PS/PSBits/WerSvc/WER2DDE.tmp.txt	BadUSB-FalsePhilosopher	txt	13340
BruceBAD/BadUSB-FalsePhilosopher/Misc/Scripting/PS/PSBits/FakeCmdLine/FakeCmdLine.c	BadUSB-FalsePhilosopher	c	788
BruceBAD/BadUSB-FalsePhilosopher/Misc/Scripting/PS/PSBits/NetstatWithTimestamps/NetstatWithTimestamps.c	BadUSB-FalsePhilosopher	c	17149
BruceBAD/BadUSB-FalsePhilosopher/Misc/Scripting/PS/PSBits/HideSnapshot/IOCTL_VOLSNAP_QUERY_NAMES_OF_SNAPSHOTS.c	BadUSB-FalsePhilosopher	c	2513
BruceBAD/BadUSB-FalsePhilosopher/Misc/Scripting/PS/PSBits/HideSnapshot/UnHideSnapshot.c	BadUSB-FalsePhilosopher	c	2837
BruceBAD/BadUSB-FalsePhilosopher/Misc/Scripting/PS/PSBits/HideSnapshot/HideSnapshot.c	BadUSB-FalsePhilosopher	c	2833
BruceBAD/BadUSB-FalsePhilosopher/Misc/Scripting/PS/PSBits/ServerLevelPluginDll/DNSMon.c	BadUSB-FalsePhilosopher	c	568
BruceBAD/BadUSB-FalsePhilosopher/Misc/Scripting/PS/PSBits/CopyEAs/SetAppLockerHashCache.c	BadUSB-FalsePhilosopher	c	6349
BruceBAD/BadUSB-FalsePhilosopher/Misc/Scripting/PS/PSBits/CopyEAs/CopyEAs.c	BadUSB-FalsePhilosopher	c	5416
BruceBAD/BadUSB-FalsePhilosopher/Misc/Scripting/PS/PSBits/VirtualAccounts/RunAsVA.c	BadUSB-FalsePhilosopher	c	9722
BruceBAD/BadUSB-FalsePhilosopher/Misc/Scripting/PS/PSBits/VirtualAccounts/TrustedInstallerCmd2.c	BadUSB-FalsePhilosopher	c	17698
BruceBAD/BadUSB-FalsePhilosopher/Misc/Scripting/PS/PSBits/VirtualAccounts/TrustedInstallerCmd.c	BadUSB-FalsePhilosopher	c	12906
BruceBAD/BadUSB-FalsePhilosopher/Misc/Scripting/PS/PSBits/FakeAMSI/FakeAMSI.c	BadUSB-FalsePhilosopher	c	5065
BruceBAD/BadUSB-FalsePhilosopher/Misc/Scripting/PS/PSBits/RegExport/BetterRegExport.c	BadUSB-FalsePhilosopher	c	7387
BruceBAD/BadUSB-FalsePhilosopher/Misc/Scripting/PS/PSBits/NoDLP/bin2word.ps1	BadUSB-FalsePhilosopher	ps1	1334
BruceBAD/BadUSB-FalsePhilosopher/Misc/Scripting/PS/PSBits/NoDLP/word2bin.ps1	BadUSB-FalsePhilosopher	ps1	1121
BruceBAD/BadUSB-FalsePhilosopher/Misc/Scripting/PS/PSBits/NTDSdiff/ntdsdiff.ps1	BadUSB-FalsePhilosopher	ps1	28188
BruceBAD/BadUSB-FalsePhilosopher/Misc/Scripting/PS/PSBits/NTDSdiff/resultJSON.txt	BadUSB-FalsePhilosopher	txt	509774
BruceBAD/BadUSB-FalsePhilosopher/Misc/Scripting/PS/PSBits/FMAPI/ScanRestorableFiles.c	BadUSB-FalsePhilosopher	c	6460
BruceBAD/BadUSB-FalsePhilosopher/Misc/Scripting/PS/PSBits/SIP/GTSIPProvider.c	BadUSB-FalsePhilosopher	c	3151
BruceBAD/BadUSB-FalsePhilosopher/Misc/Scripting/PS/PSBits/CERTPL2Hosts/Install-CERTHosts.ps1	BadUSB-FalsePhilosopher	ps1	3895
BruceBAD/BadUSB-FalsePhilosopher/Misc/Scripting/PS/PSBits/CERTPL2Hosts/Update-CERTHosts.ps1	BadUSB-FalsePhilosopher	ps1	3069
BruceBAD/BadUSB-FalsePhilosopher/Misc/Scripting/PS/PSBits/TarpitFS/TarpitFS.c	BadUSB-FalsePhilosopher	c	14743
BruceBAD/BadUSB-FalsePhilosopher/Misc/Scripting/PS/PSBits/AppLockerBypass/IgnoreAppLocker.c	BadUSB-FalsePhilosopher	c	11886
BruceBAD/BadUSB-FalsePhilosopher/Misc/Scripting/PS/PSBits/GetWindowFlag/GetWindowFlags.c	BadUSB-FalsePhilosopher	c	7463
BruceBAD/BadUSB-FalsePhilosopher/Misc/Scripting/PS/PSBits/RDPHoneyPot/react.ps1	BadUSB-FalsePhilosopher	ps1	4516
BruceBAD/BadUSB-FalsePhilosopher/Misc/Scripting/PS/PSBits/RDPHoneyPot/fwkeeper.ps1	BadUSB-FalsePhilosopher	ps1	2320
BruceBAD/BadUSB-FalsePhilosopher/Misc/Scripting/PS/PSBits/RDPHoneyPot/install.ps1	BadUSB-FalsePhilosopher	ps1	4852
BruceBAD/BadUSB-FalsePhilosopher/Misc/Scripting/PS/PSBits/DNS/exfil_server.ps1	BadUSB-FalsePhilosopher	ps1	2141
BruceBAD/BadUSB-FalsePhilosopher/Misc/Scripting/PS/PSBits/DNS/LoggingDNSServer.ps1	BadUSB-FalsePhilosopher	ps1	1515
BruceBAD/BadUSB-FalsePhilosopher/Misc/Scripting/PS/PSBits/DNS/infil_client.ps1	BadUSB-FalsePhilosopher	ps1	534
BruceBAD/BadUSB-FalsePhilosopher/Misc/Scripting/PS/PSBits/DNS/exfil_client.ps1	BadUSB-FalsePhilosopher	ps1	547
BruceBAD/BadUSB-FalsePhilosopher/Misc/Scripting/PS/PSBits/DNS/v2/CreateDNSRecords.ps1	BadUSB-FalsePhilosopher	ps1	1259
BruceBAD/BadUSB-FalsePhilosopher/Misc/Scripting/PS/PSBits/Sysmon/GetSysmonCommandLines.ps1	BadUSB-FalsePhilosopher	ps1	1238
BruceBAD/BadUSB-FalsePhilosopher/Misc/Scripting/PS/PSBits/Sysmon/GetSysmonNoisyEvents.ps1	BadUSB-FalsePhilosopher	ps1	986
BruceBAD/BadUSB-FalsePhilosopher/Misc/Scripting/PS/PSBits/ShutdownPriority/ShutdownParamDLL.c	BadUSB-FalsePhilosopher	c	1616
BruceBAD/BadUSB-FalsePhilosopher/Misc/Scripting/PS/PSBits/Services/StartByEtw.c	BadUSB-FalsePhilosopher	c	1553
BruceBAD/BadUSB-FalsePhilosopher/Misc/Scripting/PS/PSBits/Services/Get-SuspiciousServiceACLs.ps1	BadUSB-FalsePhilosopher	ps1	2827
BruceBAD/BadUSB-FalsePhilosopher/Misc/Scripting/PS/PSBits/Services/Get-ServiceDlls.ps1	BadUSB-FalsePhilosopher	ps1	1007
BruceBAD/BadUSB-FalsePhilosopher/Misc/Scripting/PS/PSBits/Services/StartByWNF.c	BadUSB-FalsePhilosopher	c	479
BruceBAD/BadUSB-FalsePhilosopher/Misc/Scripting/PS/PSBits/Services/SpoilService.c	BadUSB-FalsePhilosopher	c	1734
BruceBAD/BadUSB-FalsePhilosopher/Misc/Scripting/PS/PSBits/NoRunDll/PowerShell.ps1	BadUSB-FalsePhilosopher	ps1	207
BruceBAD/BadUSB-FalsePhilosopher/Misc/Scripting/PS/PSBits/NoRunDll/NoRunDll.c	BadUSB-FalsePhilosopher	c	444
BruceBAD/BadUSB-FalsePhilosopher/Misc/Scripting/PS/PowerShell-for-Hackers/Functions/123.ps1	BadUSB-FalsePhilosopher	ps1	2538
BruceBAD/BadUSB-FalsePhilosopher/Misc/Scripting/PS/PowerShell-for-Hackers/Assets/Scripts/P-2-Ducky.ps1	BadUSB-FalsePhilosopher	ps1	6542
BruceBAD/BadUSB-FalsePhilosopher/Misc/Scripting/PS/PowerShell-for-Hackers/Assets/Scripts/v.txt	BadUSB-FalsePhilosopher	txt	4
BruceBAD/BadUSB-FalsePhilosopher/Misc/Scripting/PS/PowerShell-for-Hackers/Assets/Scripts/ov.txt	BadUSB-FalsePhilosopher	txt	4
BruceBAD/BadUSB-FalsePhilosopher/Misc/Scripting/PS/PowerShell-for-Hackers/Assets/Scripts/p2d-gui.ps1	BadUSB-FalsePhilosopher	ps1	215456
BruceBAD/BadUSB-FalsePhilosopher/Misc/Scripting/PS/PowerShell-for-Hackers/Assets/Scripts/Powershell-2-Ducky/v.txt	BadUSB-FalsePhilosopher	txt	4
BruceBAD/BadUSB-FalsePhilosopher/Misc/Scripting/PS/PowerShell-for-Hackers/Assets/Scripts/Powershell-2-Ducky/p2d-gui.ps1	BadUSB-FalsePhilosopher	ps1	215456
BruceBAD/BadUSB-FalsePhilosopher/Misc/Scripting/PS/PowerShell-for-Hackers/Assets/Scripts/Powershell-2-Ducky/p2d-cli.ps1	BadUSB-FalsePhilosopher	ps1	6542
BruceBAD/BadUSB-FalsePhilosopher/Misc/Scripting/PS/InvokePS-Obfuscation/Out-ObfuscatedAst.ps1	BadUSB-FalsePhilosopher	ps1	258616
BruceBAD/BadUSB-FalsePhilosopher/Misc/Scripting/PS/InvokePS-Obfuscation/Invoke-Obfuscation.ps1	BadUSB-FalsePhilosopher	ps1	129606
BruceBAD/BadUSB-FalsePhilosopher/Misc/Scripting/PS/InvokePS-Obfuscation/Out-PowerShellLauncher.ps1	BadUSB-FalsePhilosopher	ps1	195774
BruceBAD/BadUSB-FalsePhilosopher/Misc/Scripting/PS/InvokePS-Obfuscation/Out-EncodedAsciiCommand.ps1	BadUSB-FalsePhilosopher	ps1	46942
BruceBAD/BadUSB-FalsePhilosopher/Misc/Scripting/PS/InvokePS-Obfuscation/Out-EncodedHexCommand.ps1	BadUSB-FalsePhilosopher	ps1	49340
BruceBAD/BadUSB-FalsePhilosopher/Misc/Scripting/PS/InvokePS-Obfuscation/Out-EncodedBXORCommand.ps1	BadUSB-FalsePhilosopher	ps1	49484
BruceBAD/BadUSB-FalsePhilosopher/Misc/Scripting/PS/InvokePS-Obfuscation/Out-EncodedWhitespaceCommand.ps1	BadUSB-FalsePhilosopher	ps1	62620
BruceBAD/BadUSB-FalsePhilosopher/Misc/Scripting/PS/InvokePS-Obfuscation/Out-EncodedBinaryCommand.ps1	BadUSB-FalsePhilosopher	ps1	51028
BruceBAD/BadUSB-FalsePhilosopher/Misc/Scripting/PS/InvokePS-Obfuscation/Out-EncodedOctalCommand.ps1	BadUSB-FalsePhilosopher	ps1	48866
BruceBAD/BadUSB-FalsePhilosopher/Misc/Scripting/PS/InvokePS-Obfuscation/Out-EncodedSpecialCharOnlyCommand.ps1	BadUSB-FalsePhilosopher	ps1	51672
BruceBAD/BadUSB-FalsePhilosopher/Misc/Scripting/PS/InvokePS-Obfuscation/Out-SecureStringCommand.ps1	BadUSB-FalsePhilosopher	ps1	50590
BruceBAD/BadUSB-FalsePhilosopher/Misc/Scripting/PS/InvokePS-Obfuscation/Out-ObfuscatedStringCommand.ps1	BadUSB-FalsePhilosopher	ps1	100300
BruceBAD/BadUSB-FalsePhilosopher/Misc/Scripting/PS/InvokePS-Obfuscation/Out-ObfuscatedTokenCommand.ps1	BadUSB-FalsePhilosopher	ps1	213452
BruceBAD/BadUSB-FalsePhilosopher/Misc/Scripting/PS/InvokePS-Obfuscation/Out-CompressedCommand.ps1	BadUSB-FalsePhilosopher	ps1	40532
BruceBAD/BadUSB-FalsePhilosopher/Misc/Scripting/C/lock.c	BadUSB-FalsePhilosopher	c	1972
BruceBAD/BadUSB-FalsePhilosopher/Misc/Web/Public-apis/scripts/requirements.txt	BadUSB-FalsePhilosopher	txt	89
BruceBAD/BadUSB-FalsePhilosopher/Misc/Web/Public-apis/scripts/github_pull_request.sh	BadUSB-FalsePhilosopher	sh	1352
BruceBAD/BadUSB-FalsePhilosopher/Misc/Web/Public-apis/scripts/validate/__init__.py	BadUSB-FalsePhilosopher	py	80
BruceBAD/BadUSB-FalsePhilosopher/Misc/Web/Public-apis/scripts/validate/format.py	BadUSB-FalsePhilosopher	py	8464
BruceBAD/BadUSB-FalsePhilosopher/Misc/Web/Public-apis/scripts/validate/links.py	BadUSB-FalsePhilosopher	py	8032
BruceBAD/BadUSB-FalsePhilosopher/Misc/Web/Public-apis/scripts/tests/test_validate_format.py	BadUSB-FalsePhilosopher	py	18154
BruceBAD/BadUSB-FalsePhilosopher/Misc/Web/Public-apis/scripts/tests/__init__.py	BadUSB-FalsePhilosopher	py	24
BruceBAD/BadUSB-FalsePhilosopher/Misc/Web/Public-apis/scripts/tests/test_validate_links.py	BadUSB-FalsePhilosopher	py	5725
BruceBAD/BadUSB-FalsePhilosopher/Misc/Web/Demiguise/demiguise.py	BadUSB-FalsePhilosopher	py	5155
BruceBAD/BadUSB-FalsePhilosopher/Misc/Web/Demiguise/LICENSE.txt	BadUSB-FalsePhilosopher	txt	34500
BruceBAD/BadUSB-FalsePhilosopher/Misc/Web/Demiguise/examples/externalip.js	BadUSB-FalsePhilosopher	js	244
BruceBAD/BadUSB-FalsePhilosopher/Misc/Web/Demiguise/examples/virginkey.js	BadUSB-FalsePhilosopher	js	401
BruceBAD/BadUSB-FalsePhilosopher/Misc/Web/Demiguise/templates/hta_template.txt	BadUSB-FalsePhilosopher	txt	934
BruceBAD/BadUSB-FalsePhilosopher/Misc/Web/Demiguise/templates/xll_hta.txt	BadUSB-FalsePhilosopher	txt	1333751
BruceBAD/BadUSB-FalsePhilosopher/Misc/Web/Pasta/requirements.txt	BadUSB-FalsePhilosopher	txt	30
BruceBAD/BadUSB-FalsePhilosopher/Misc/Web/Pasta/pasta.py	BadUSB-FalsePhilosopher	py	29778
BruceBAD/BadUSB-FalsePhilosopher/Misc/Web/Pasta/misc/art/art9.txt	BadUSB-FalsePhilosopher	txt	457
BruceBAD/BadUSB-FalsePhilosopher/Misc/Web/Pasta/misc/art/art8.txt	BadUSB-FalsePhilosopher	txt	287
BruceBAD/BadUSB-FalsePhilosopher/Misc/Web/Pasta/misc/art/art10.txt	BadUSB-FalsePhilosopher	txt	504
BruceBAD/BadUSB-FalsePhilosopher/Misc/Web/Pasta/misc/art/art5.txt	BadUSB-FalsePhilosopher	txt	336
BruceBAD/BadUSB-FalsePhilosopher/Misc/Web/Pasta/misc/art/art4.txt	BadUSB-FalsePhilosopher	txt	727
BruceBAD/BadUSB-FalsePhilosopher/Misc/Web/Pasta/misc/art/art6.txt	BadUSB-FalsePhilosopher	txt	266
BruceBAD/BadUSB-FalsePhilosopher/Misc/Web/Pasta/misc/art/art7.txt	BadUSB-FalsePhilosopher	txt	282
BruceBAD/BadUSB-FalsePhilosopher/Misc/Web/Pasta/misc/art/art3.txt	BadUSB-FalsePhilosopher	txt	473
BruceBAD/BadUSB-FalsePhilosopher/Misc/Web/Pasta/misc/art/art2.txt	BadUSB-FalsePhilosopher	txt	406
BruceBAD/BadUSB-FalsePhilosopher/Misc/Web/Pasta/misc/art/art1.txt	BadUSB-FalsePhilosopher	txt	301
BruceBAD/BadUSB-FalsePhilosopher/Misc/Web/Pasta/output/users/Madmouse/Pastebin-xexFMGME.txt	BadUSB-FalsePhilosopher	txt	8997
BruceBAD/BadUSB-FalsePhilosopher/Misc/Web/Pasta/output/users/Madmouse/Pastebin-ysbXzvRZ.txt	BadUSB-FalsePhilosopher	txt	3186
BruceBAD/BadUSB-FalsePhilosopher/Misc/Web/Pasta/output/users/Madmouse/Pastebin-1qeChaf1.txt	BadUSB-FalsePhilosopher	txt	1657
BruceBAD/BadUSB-FalsePhilosopher/Misc/Web/Pasta/output/users/Madmouse/Pastebin-uhjq9yNi.txt	BadUSB-FalsePhilosopher	txt	1253
BruceBAD/BadUSB-FalsePhilosopher/Misc/Web/Pasta/output/users/Madmouse/Pastebin-B3JDHTzW.txt	BadUSB-FalsePhilosopher	txt	1142
BruceBAD/BadUSB-FalsePhilosopher/Misc/Web/Pasta/output/users/Madmouse/Pastebin-ec4Hizdk.txt	BadUSB-FalsePhilosopher	txt	2958
BruceBAD/BadUSB-FalsePhilosopher/Misc/Web/Pasta/output/users/Madmouse/Pastebin-SJ23mzqR.txt	BadUSB-FalsePhilosopher	txt	1670
BruceBAD/BadUSB-FalsePhilosopher/Misc/Web/Pasta/output/users/Madmouse/Pastebin-VpPEv6re.txt	BadUSB-FalsePhilosopher	txt	6140
BruceBAD/BadUSB-FalsePhilosopher/Misc/Web/Pasta/output/users/Madmouse/Pastebin-LsDPbi7r.txt	BadUSB-FalsePhilosopher	txt	1043
BruceBAD/BadUSB-FalsePhilosopher/Misc/Web/Pasta/output/users/Madmouse/Pastebin-d6nzQCyC.txt	BadUSB-FalsePhilosopher	txt	2969
BruceBAD/BadUSB-FalsePhilosopher/Misc/Web/Pasta/output/users/Madmouse/Pastebin-sfN5M2Ms.txt	BadUSB-FalsePhilosopher	txt	876
BruceBAD/BadUSB-FalsePhilosopher/Misc/Web/Pasta/output/users/Madmouse/Pastebin-pHgEdHyw.txt	BadUSB-FalsePhilosopher	txt	686
BruceBAD/BadUSB-FalsePhilosopher/Misc/Web/Pasta/output/users/Madmouse/Pastebin-1PxSuSLP.txt	BadUSB-FalsePhilosopher	txt	2191
BruceBAD/BadUSB-FalsePhilosopher/Misc/Web/Pasta/output/users/Madmouse/Pastebin-atQcKxtj.txt	BadUSB-FalsePhilosopher	txt	1330
BruceBAD/BadUSB-FalsePhilosopher/Misc/Web/Pasta/output/users/Madmouse/Pastebin-9J6ExCB9.txt	BadUSB-FalsePhilosopher	txt	1700
BruceBAD/BadUSB-FalsePhilosopher/Misc/Web/Pasta/output/users/Madmouse/Pastebin-cm7Jn5AZ.txt	BadUSB-FalsePhilosopher	txt	973
BruceBAD/BadUSB-FalsePhilosopher/Misc/Web/Pasta/output/users/Madmouse/Pastebin-dq4Bp9x0.txt	BadUSB-FalsePhilosopher	txt	1006
BruceBAD/BadUSB-FalsePhilosopher/Misc/Web/Pasta/output/users/Madmouse/Pastebin-VM0EhZ7Q.txt	BadUSB-FalsePhilosopher	txt	874
BruceBAD/BadUSB-FalsePhilosopher/Misc/Web/Pasta/output/users/Madmouse/Pastebin-CRkQzzWX.txt	BadUSB-FalsePhilosopher	txt	120
BruceBAD/BadUSB-FalsePhilosopher/Misc/Web/Pasta/output/users/Madmouse/Pastebin-8grTWEME.txt	BadUSB-FalsePhilosopher	txt	1900
BruceBAD/BadUSB-FalsePhilosopher/Misc/Web/Pasta/output/users/Madmouse/Pastebin-bH34W6mT.txt	BadUSB-FalsePhilosopher	txt	774
BruceBAD/BadUSB-FalsePhilosopher/Misc/Web/Pasta/output/users/Madmouse/Pastebin-xmZsCA3n.txt	BadUSB-FalsePhilosopher	txt	3736
BruceBAD/BadUSB-FalsePhilosopher/Misc/Web/Pasta/output/users/Madmouse/Pastebin-LarumJZa.txt	BadUSB-FalsePhilosopher	txt	1873
BruceBAD/BadUSB-FalsePhilosopher/Misc/Web/Pasta/output/users/Madmouse/Pastebin-K9ZBveYM.txt	BadUSB-FalsePhilosopher	txt	4218
BruceBAD/BadUSB-FalsePhilosopher/Misc/Web/Pasta/output/users/Madmouse/Pastebin-ZY4dQmsA.txt	BadUSB-FalsePhilosopher	txt	2386
BruceBAD/BadUSB-FalsePhilosopher/Misc/Web/Pasta/output/users/Madmouse/Pastebin-BTSTa5Vi.txt	BadUSB-FalsePhilosopher	txt	2138
BruceBAD/BadUSB-FalsePhilosopher/Misc/Web/Pasta/output/users/Madmouse/Pastebin-Kpg97w1v.txt	BadUSB-FalsePhilosopher	txt	106
BruceBAD/BadUSB-FalsePhilosopher/Misc/Web/Pasta/output/users/Madmouse/Pastebin-seYMaSL3.txt	BadUSB-FalsePhilosopher	txt	1060
BruceBAD/BadUSB-FalsePhilosopher/Misc/Web/Pasta/output/users/Madmouse/Pastebin-9VbCtkcP.txt	BadUSB-FalsePhilosopher	txt	991
BruceBAD/BadUSB-FalsePhilosopher/Misc/Web/Pasta/output/users/Madmouse/Pastebin-UNhgHPb7.txt	BadUSB-FalsePhilosopher	txt	684
BruceBAD/BadUSB-FalsePhilosopher/Misc/Web/Pasta/output/users/Madmouse/Pastebin-Fhv8kU0i.txt	BadUSB-FalsePhilosopher	txt	444
BruceBAD/BadUSB-FalsePhilosopher/Misc/Web/Pasta/output/users/Madmouse/Pastebin-u22JujKW.txt	BadUSB-FalsePhilosopher	txt	1926
BruceBAD/BadUSB-FalsePhilosopher/Misc/Web/Pasta/output/users/Madmouse/Pastebin-Cr1aM64M.txt	BadUSB-FalsePhilosopher	txt	671
BruceBAD/BadUSB-FalsePhilosopher/Misc/Web/Pasta/output/users/Madmouse/Pastebin-Z1XZZzKw.txt	BadUSB-FalsePhilosopher	txt	942
BruceBAD/BadUSB-FalsePhilosopher/Misc/Web/Pasta/output/users/Madmouse/Pastebin-vbA6JNx8.txt	BadUSB-FalsePhilosopher	txt	126
BruceBAD/BadUSB-FalsePhilosopher/Misc/Web/Pasta/output/users/Madmouse/Pastebin-Y2t6K6Td.txt	BadUSB-FalsePhilosopher	txt	488
BruceBAD/BadUSB-FalsePhilosopher/Misc/Web/Pasta/output/users/Madmouse/Pastebin-YpQVkF25.txt	BadUSB-FalsePhilosopher	txt	2217
BruceBAD/BadUSB-FalsePhilosopher/Misc/Web/Pasta/output/users/Madmouse/Pastebin-pdXMXiYp.txt	BadUSB-FalsePhilosopher	txt	1723
BruceBAD/BadUSB-FalsePhilosopher/Misc/Web/Pasta/output/users/Madmouse/Pastebin-gQrWVYPA.txt	BadUSB-FalsePhilosopher	txt	497
BruceBAD/BadUSB-FalsePhilosopher/Misc/Web/Pasta/output/users/Madmouse/Pastebin-Hds5f8s3.txt	BadUSB-FalsePhilosopher	txt	2689
BruceBAD/BadUSB-FalsePhilosopher/Misc/Web/Pasta/output/users/Madmouse/Pastebin-Y8eiNLPW.txt	BadUSB-FalsePhilosopher	txt	1214
BruceBAD/BadUSB-FalsePhilosopher/Misc/Web/Pasta/output/users/Madmouse/Pastebin-rqKPijQS.txt	BadUSB-FalsePhilosopher	txt	10787
BruceBAD/BadUSB-FalsePhilosopher/Misc/Web/Pasta/output/users/Madmouse/Pastebin-U8s4CWB6.txt	BadUSB-FalsePhilosopher	txt	2813
BruceBAD/BadUSB-FalsePhilosopher/Misc/Web/Pasta/output/users/Madmouse/Pastebin-AxYHqY0S.txt	BadUSB-FalsePhilosopher	txt	401
BruceBAD/BadUSB-FalsePhilosopher/Misc/Web/Pasta/output/users/Madmouse/Pastebin-C86TBcBt.txt	BadUSB-FalsePhilosopher	txt	658
BruceBAD/BadUSB-FalsePhilosopher/Misc/Web/Pasta/output/users/Madmouse/Pastebin-9ynCmFJq.txt	BadUSB-FalsePhilosopher	txt	4959
BruceBAD/BadUSB-FalsePhilosopher/Misc/Web/Pasta/output/users/Madmouse/Pastebin-PASGHn0z.txt	BadUSB-FalsePhilosopher	txt	18284
BruceBAD/BadUSB-FalsePhilosopher/Misc/Web/Pasta/output/users/Madmouse/Pastebin-D9uMHvtt.txt	BadUSB-FalsePhilosopher	txt	433
BruceBAD/BadUSB-FalsePhilosopher/Misc/Web/Pasta/output/users/Madmouse/Pastebin-AA0GYHFH.txt	BadUSB-FalsePhilosopher	txt	1162
BruceBAD/BadUSB-FalsePhilosopher/Misc/Web/Pasta/output/users/Madmouse/Pastebin-2CtUepPn.txt	BadUSB-FalsePhilosopher	txt	578
BruceBAD/BadUSB-FalsePhilosopher/Misc/Web/Pasta/output/users/Madmouse/Pastebin-WNqXdmtn.txt	BadUSB-FalsePhilosopher	txt	378
BruceBAD/BadUSB-FalsePhilosopher/Misc/Web/Pasta/output/users/Madmouse/Pastebin-7Hmvn3WE.txt	BadUSB-FalsePhilosopher	txt	667
BruceBAD/BadUSB-FalsePhilosopher/Misc/Web/Pasta/output/users/Madmouse/Pastebin-Pjpg3K3W.txt	BadUSB-FalsePhilosopher	txt	1247
BruceBAD/BadUSB-FalsePhilosopher/Misc/Web/Pasta/output/users/Madmouse/Pastebin-jiam8sbU.txt	BadUSB-FalsePhilosopher	txt	128
BruceBAD/BadUSB-FalsePhilosopher/Misc/Web/Pasta/output/users/Madmouse/Pastebin-p9cc6QyB.txt	BadUSB-FalsePhilosopher	txt	259
BruceBAD/BadUSB-FalsePhilosopher/Misc/Web/Pasta/output/users/Madmouse/Pastebin-cyauduG6.txt	BadUSB-FalsePhilosopher	txt	702
BruceBAD/BadUSB-FalsePhilosopher/Misc/Web/Pasta/output/users/Madmouse/Pastebin-uVdKbVdL.txt	BadUSB-FalsePhilosopher	txt	106748
BruceBAD/BadUSB-FalsePhilosopher/Misc/Web/Pasta/output/users/Madmouse/Pastebin-BhKakpPg.txt	BadUSB-FalsePhilosopher	txt	1723
BruceBAD/BadUSB-FalsePhilosopher/Misc/Web/Pasta/output/users/Madmouse/Pastebin-snkru3PJ.txt	BadUSB-FalsePhilosopher	txt	1727
BruceBAD/BadUSB-FalsePhilosopher/Misc/Web/Pasta/output/users/Madmouse/Pastebin-W9hwkYx6.txt	BadUSB-FalsePhilosopher	txt	1649
BruceBAD/BadUSB-FalsePhilosopher/Misc/Web/Pasta/output/users/Madmouse/Pastebin-3AX7pp72.txt	BadUSB-FalsePhilosopher	txt	724
BruceBAD/BadUSB-FalsePhilosopher/Misc/Web/Pasta/output/users/Madmouse/Pastebin-DsJDiCpq.txt	BadUSB-FalsePhilosopher	txt	4712
BruceBAD/BadUSB-FalsePhilosopher/Misc/Web/Pasta/output/users/Madmouse/Pastebin-3Kdp1aRK.txt	BadUSB-FalsePhilosopher	txt	987
BruceBAD/BadUSB-FalsePhilosopher/Misc/Web/Pasta/output/users/Madmouse/Pastebin-arJbLuy5.txt	BadUSB-FalsePhilosopher	txt	979
BruceBAD/BadUSB-FalsePhilosopher/Misc/Web/Pasta/output/users/Madmouse/Pastebin-Nuq4SmXj.txt	BadUSB-FalsePhilosopher	txt	1375
BruceBAD/BadUSB-FalsePhilosopher/Misc/Web/Pasta/output/users/Madmouse/Pastebin-QZuwXWwZ.txt	BadUSB-FalsePhilosopher	txt	4408
BruceBAD/BadUSB-FalsePhilosopher/Misc/Web/Pasta/output/users/Madmouse/Pastebin-KuzPBTMD.txt	BadUSB-FalsePhilosopher	txt	988
BruceBAD/BadUSB-FalsePhilosopher/Misc/Web/Pasta/output/users/Madmouse/Pastebin-rWHgMDWf.txt	BadUSB-FalsePhilosopher	txt	675
BruceBAD/BadUSB-FalsePhilosopher/Misc/Web/Pasta/output/users/Madmouse/Pastebin-DQ4G8TUU.txt	BadUSB-FalsePhilosopher	txt	1486
BruceBAD/BadUSB-FalsePhilosopher/Misc/Web/Pasta/output/users/Madmouse/Pastebin-pBtdT5tE.txt	BadUSB-FalsePhilosopher	txt	992
BruceBAD/BadUSB-FalsePhilosopher/Misc/Web/Pasta/output/users/Madmouse/Pastebin-WFHMH2f6.txt	BadUSB-FalsePhilosopher	txt	6722
BruceBAD/BadUSB-FalsePhilosopher/Misc/Web/Pasta/output/users/Madmouse/Pastebin-dUTprv4B.txt	BadUSB-FalsePhilosopher	txt	2159
BruceBAD/BadUSB-FalsePhilosopher/Misc/Web/Pasta/output/users/Madmouse/Pastebin-mKFNRTra.txt	BadUSB-FalsePhilosopher	txt	2157
BruceBAD/BadUSB-FalsePhilosopher/Misc/Web/Pasta/output/users/Madmouse/Pastebin-41NtA9kV.txt	BadUSB-FalsePhilosopher	txt	2763
BruceBAD/BadUSB-FalsePhilosopher/Misc/Web/Pasta/output/users/Madmouse/Pastebin-gDfeFmZT.txt	BadUSB-FalsePhilosopher	txt	3690
BruceBAD/BadUSB-FalsePhilosopher/Misc/Web/Pasta/output/users/Madmouse/Pastebin-9NLHYzgy.txt	BadUSB-FalsePhilosopher	txt	3081
BruceBAD/BadUSB-FalsePhilosopher/Misc/Web/Pasta/output/users/Madmouse/Pastebin-zKuh3nd9.txt	BadUSB-FalsePhilosopher	txt	6096
BruceBAD/BadUSB-FalsePhilosopher/Misc/Web/Pasta/output/users/Madmouse/Pastebin-iAYxjNdj.txt	BadUSB-FalsePhilosopher	txt	3723
BruceBAD/BadUSB-FalsePhilosopher/Misc/Web/Pasta/output/users/Madmouse/Pastebin-B6D659yu.txt	BadUSB-FalsePhilosopher	txt	1482
BruceBAD/BadUSB-FalsePhilosopher/Misc/Web/Pasta/output/users/Madmouse/Pastebin-5GvUdbTi.txt	BadUSB-FalsePhilosopher	txt	1771
BruceBAD/BadUSB-FalsePhilosopher/Misc/Web/Pasta/output/users/Madmouse/Pastebin-fc6vcLub.txt	BadUSB-FalsePhilosopher	txt	2448
BruceBAD/BadUSB-FalsePhilosopher/Misc/Web/Pasta/output/users/Madmouse/Pastebin-T6rvctev.txt	BadUSB-FalsePhilosopher	txt	857
BruceBAD/BadUSB-FalsePhilosopher/Misc/Web/Pasta/output/users/Madmouse/Pastebin-XF6nZnp6.txt	BadUSB-FalsePhilosopher	txt	661
BruceBAD/BadUSB-FalsePhilosopher/Misc/Web/Pasta/output/users/Madmouse/Pastebin-hDTNX9rJ.txt	BadUSB-FalsePhilosopher	txt	278
BruceBAD/BadUSB-FalsePhilosopher/Misc/Web/Pasta/output/users/Madmouse/Pastebin-0RPxfRYj.txt	BadUSB-FalsePhilosopher	txt	5364
BruceBAD/BadUSB-FalsePhilosopher/Misc/Web/Pasta/output/users/Madmouse/Pastebin-sjZyUkmn.txt	BadUSB-FalsePhilosopher	txt	9268
BruceBAD/BadUSB-FalsePhilosopher/Misc/Web/Pasta/output/users/Madmouse/Pastebin-1FJyjffU.txt	BadUSB-FalsePhilosopher	txt	1294
BruceBAD/BadUSB-FalsePhilosopher/Misc/Web/Pasta/output/users/Madmouse/Pastebin-UQry1K2z.txt	BadUSB-FalsePhilosopher	txt	18
BruceBAD/BadUSB-FalsePhilosopher/Misc/Web/Pasta/output/users/Madmouse/Pastebin-ncESc0np.txt	BadUSB-FalsePhilosopher	txt	879
BruceBAD/BadUSB-FalsePhilosopher/Misc/Web/Pasta/output/users/Madmouse/Pastebin-QKAYpZBk.txt	BadUSB-FalsePhilosopher	txt	922
BruceBAD/BadUSB-FalsePhilosopher/Misc/Web/Pasta/output/users/Madmouse/Pastebin-Yt1aD3zA.txt	BadUSB-FalsePhilosopher	txt	643
BruceBAD/BadUSB-FalsePhilosopher/Misc/Web/Pasta/output/users/Madmouse/Pastebin-U0Db1HUZ.txt	BadUSB-FalsePhilosopher	txt	629
BruceBAD/BadUSB-FalsePhilosopher/Misc/Web/Pasta/output/users/Madmouse/Pastebin-LaZpgeZ7.txt	BadUSB-FalsePhilosopher	txt	1224
BruceBAD/BadUSB-FalsePhilosopher/Misc/Web/Pasta/output/users/Madmouse/Pastebin-Ux5mnhG2.txt	BadUSB-FalsePhilosopher	txt	5915
BruceBAD/BadUSB-FalsePhilosopher/Misc/Web/Pasta/output/users/Madmouse/Pastebin-F5qpBC2w.txt	BadUSB-FalsePhilosopher	txt	465685
BruceBAD/BadUSB-FalsePhilosopher/Misc/Web/Pasta/output/users/Madmouse/Pastebin-E9DZ5Pk7.txt	BadUSB-FalsePhilosopher	txt	1801
BruceBAD/BadUSB-FalsePhilosopher/Misc/Web/Pasta/output/users/Madmouse/Pastebin-1BdiW81T.txt	BadUSB-FalsePhilosopher	txt	417
BruceBAD/BadUSB-FalsePhilosopher/Misc/Web/Pasta/output/users/Madmouse/Pastebin-s3Y9weQ6.txt	BadUSB-FalsePhilosopher	txt	1586
BruceBAD/BadUSB-FalsePhilosopher/Misc/Web/Pasta/output/users/Madmouse/Pastebin-kNE8X5qS.txt	BadUSB-FalsePhilosopher	txt	312
BruceBAD/BadUSB-FalsePhilosopher/Misc/Web/Pasta/output/users/Madmouse/Pastebin-VzfAZeUf.txt	BadUSB-FalsePhilosopher	txt	475
BruceBAD/BadUSB-FalsePhilosopher/Misc/Web/Pasta/output/users/Madmouse/Pastebin-3HcHCZV9.txt	BadUSB-FalsePhilosopher	txt	20194
BruceBAD/BadUSB-FalsePhilosopher/Misc/Web/Pasta/output/users/Madmouse/Pastebin-QU44cCTJ.txt	BadUSB-FalsePhilosopher	txt	9838
BruceBAD/BadUSB-FalsePhilosopher/Misc/Web/Pasta/output/users/Madmouse/Pastebin-4MQuRc4y.txt	BadUSB-FalsePhilosopher	txt	812
BruceBAD/BadUSB-FalsePhilosopher/Misc/Web/Pasta/output/users/Madmouse/Pastebin-5vZDbv98.txt	BadUSB-FalsePhilosopher	txt	5435
BruceBAD/BadUSB-FalsePhilosopher/Misc/Web/Pasta/output/users/Madmouse/Pastebin-T3jNhHge.txt	BadUSB-FalsePhilosopher	txt	538
BruceBAD/BadUSB-FalsePhilosopher/Misc/Web/Pasta/output/users/Madmouse/Pastebin-AMK2GbSj.txt	BadUSB-FalsePhilosopher	txt	1152
BruceBAD/BadUSB-FalsePhilosopher/Misc/Web/Pasta/output/users/Madmouse/Pastebin-tGMW0Anq.txt	BadUSB-FalsePhilosopher	txt	1931
BruceBAD/BadUSB-FalsePhilosopher/Misc/Web/Pasta/output/users/Madmouse/Pastebin-GjEtr7WP.txt	BadUSB-FalsePhilosopher	txt	435
BruceBAD/BadUSB-FalsePhilosopher/Misc/Web/Pasta/output/users/Madmouse/Pastebin-Gf0qxC1i.txt	BadUSB-FalsePhilosopher	txt	885
BruceBAD/BadUSB-FalsePhilosopher/Misc/Web/Pasta/output/users/Madmouse/Pastebin-5nUWJzCF.txt	BadUSB-FalsePhilosopher	txt	2963
BruceBAD/BadUSB-FalsePhilosopher/Misc/Web/Pasta/output/users/Madmouse/Pastebin-ZvxWpZBU.txt	BadUSB-FalsePhilosopher	txt	1639
BruceBAD/BadUSB-FalsePhilosopher/Misc/Web/Pasta/output/users/Madmouse/Pastebin-QuywAhqG.txt	BadUSB-FalsePhilosopher	txt	3410
BruceBAD/BadUSB-FalsePhilosopher/Misc/Web/Pasta/output/users/Madmouse/Pastebin-a7hA9c4M.txt	BadUSB-FalsePhilosopher	txt	3529
BruceBAD/BadUSB-FalsePhilosopher/Misc/Web/Pasta/output/users/Madmouse/Pastebin-8SnNf29W.txt	BadUSB-FalsePhilosopher	txt	2717
BruceBAD/BadUSB-FalsePhilosopher/Misc/Web/Pasta/output/users/Madmouse/Pastebin-43kHkHn9.txt	BadUSB-FalsePhilosopher	txt	2256
BruceBAD/BadUSB-FalsePhilosopher/Misc/Web/Pasta/output/users/Madmouse/Pastebin-msG4zxuU.txt	BadUSB-FalsePhilosopher	txt	949
BruceBAD/BadUSB-FalsePhilosopher/Misc/Web/Pasta/output/users/Madmouse/Pastebin-5t8x0LMP.txt	BadUSB-FalsePhilosopher	txt	679
BruceBAD/BadUSB-FalsePhilosopher/Misc/Web/Pasta/output/users/Madmouse/Pastebin-mUQ02AHk.txt	BadUSB-FalsePhilosopher	txt	4045
BruceBAD/BadUSB-FalsePhilosopher/Misc/Web/Pasta/output/users/Madmouse/Pastebin-72fhxDvF.txt	BadUSB-FalsePhilosopher	txt	589
BruceBAD/BadUSB-FalsePhilosopher/Misc/Web/Pasta/output/users/Madmouse/Pastebin-eWW7qf0x.txt	BadUSB-FalsePhilosopher	txt	6620
BruceBAD/BadUSB-FalsePhilosopher/Misc/Web/Pasta/output/users/Madmouse/Pastebin-7q4yExp0.txt	BadUSB-FalsePhilosopher	txt	2201
BruceBAD/BadUSB-FalsePhilosopher/Misc/Web/Pasta/output/users/Madmouse/Pastebin-RH1egwi6.txt	BadUSB-FalsePhilosopher	txt	960
BruceBAD/BadUSB-FalsePhilosopher/Misc/Web/Pasta/output/users/Madmouse/Pastebin-CAFYWexg.txt	BadUSB-FalsePhilosopher	txt	1295
BruceBAD/BadUSB-FalsePhilosopher/Misc/Web/Pasta/output/users/Madmouse/Pastebin-pmG65m0h.txt	BadUSB-FalsePhilosopher	txt	1102
BruceBAD/BadUSB-FalsePhilosopher/Misc/Web/Pasta/output/users/Madmouse/Pastebin-wHANy4Ts.txt	BadUSB-FalsePhilosopher	txt	5373
BruceBAD/BadUSB-FalsePhilosopher/Misc/Web/Pasta/output/users/Madmouse/Pastebin-HVBbbzhd.txt	BadUSB-FalsePhilosopher	txt	881
BruceBAD/BadUSB-FalsePhilosopher/Misc/Web/Pasta/output/users/Madmouse/Pastebin-iNR6mJXD.txt	BadUSB-FalsePhilosopher	txt	8801
BruceBAD/BadUSB-FalsePhilosopher/Misc/Web/Pasta/output/users/Madmouse/Pastebin-pa0rdX5x.txt	BadUSB-FalsePhilosopher	txt	586
BruceBAD/BadUSB-FalsePhilosopher/Misc/Web/Pasta/output/users/Madmouse/Pastebin-7KGPsNZr.txt	BadUSB-FalsePhilosopher	txt	673
BruceBAD/BadUSB-FalsePhilosopher/Misc/Web/Pasta/output/users/Madmouse/Pastebin-8nf0eHdb.txt	BadUSB-FalsePhilosopher	txt	685
BruceBAD/BadUSB-FalsePhilosopher/Misc/Web/Pasta/output/users/Madmouse/Pastebin-2wSpNjFx.txt	BadUSB-FalsePhilosopher	txt	6187
BruceBAD/BadUSB-FalsePhilosopher/Misc/Web/Pasta/output/users/Madmouse/Pastebin-gWmHVExW.txt	BadUSB-FalsePhilosopher	txt	13832
BruceBAD/BadUSB-FalsePhilosopher/Misc/Web/Pasta/output/users/Madmouse/Pastebin-mP7uSZm1.txt	BadUSB-FalsePhilosopher	txt	9107
BruceBAD/BadUSB-FalsePhilosopher/Misc/Web/Pasta/output/users/Madmouse/Pastebin-B0bBdyjr.txt	BadUSB-FalsePhilosopher	txt	50
BruceBAD/BadUSB-FalsePhilosopher/Misc/Web/Pasta/output/users/Madmouse/Pastebin-yn9SCU8W.txt	BadUSB-FalsePhilosopher	txt	1732
BruceBAD/BadUSB-FalsePhilosopher/Misc/Web/Pasta/output/users/Madmouse/Pastebin-fwPsVxJm.txt	BadUSB-FalsePhilosopher	txt	386
BruceBAD/BadUSB-FalsePhilosopher/Misc/Web/Pasta/output/users/Madmouse/Pastebin-eQBDAAvt.txt	BadUSB-FalsePhilosopher	txt	2056
BruceBAD/BadUSB-FalsePhilosopher/Misc/Web/Pasta/output/users/Madmouse/Pastebin-LND3i41U.txt	BadUSB-FalsePhilosopher	txt	1562
BruceBAD/BadUSB-FalsePhilosopher/Misc/Web/Pasta/output/users/Madmouse/Pastebin-5ips64A0.txt	BadUSB-FalsePhilosopher	txt	319
BruceBAD/BadUSB-FalsePhilosopher/Misc/Web/Pasta/output/users/Madmouse/Pastebin-nW17GWcr.txt	BadUSB-FalsePhilosopher	txt	3373
BruceBAD/BadUSB-FalsePhilosopher/Misc/Web/Pasta/output/users/Madmouse/Pastebin-DhbvWd4E.txt	BadUSB-FalsePhilosopher	txt	2538
BruceBAD/BadUSB-FalsePhilosopher/Misc/Web/Pasta/output/users/Madmouse/Pastebin-pqnVEhzK.txt	BadUSB-FalsePhilosopher	txt	557
BruceBAD/BadUSB-FalsePhilosopher/Misc/Web/Toolbox/requirements.txt	BadUSB-FalsePhilosopher	txt	1286
BruceBAD/BadUSB-FalsePhilosopher/Misc/Web/Toolbox/toolbox.py	BadUSB-FalsePhilosopher	py	90
BruceBAD/BadUSB-FalsePhilosopher/Misc/Web/Toolbox/setup.py	BadUSB-FalsePhilosopher	py	2780
BruceBAD/BadUSB-FalsePhilosopher/Misc/Web/Toolbox/tests/conftest.py	BadUSB-FalsePhilosopher	py	1566
BruceBAD/BadUSB-FalsePhilosopher/Misc/Web/Toolbox/tests/__init__.py	BadUSB-FalsePhilosopher	py	0
BruceBAD/BadUSB-FalsePhilosopher/Misc/Web/Toolbox/tests/test_file_server.py	BadUSB-FalsePhilosopher	py	8135
BruceBAD/BadUSB-FalsePhilosopher/Misc/Web/Toolbox/tests/test_uploads.py	BadUSB-FalsePhilosopher	py	5003
BruceBAD/BadUSB-FalsePhilosopher/Misc/Web/Toolbox/tests/test_formatters.py	BadUSB-FalsePhilosopher	py	859
BruceBAD/BadUSB-FalsePhilosopher/Misc/Web/Toolbox/tests/harnesses/simple/toolbox/arbitrary_file_read.txt	BadUSB-FalsePhilosopher	txt	0
BruceBAD/BadUSB-FalsePhilosopher/Misc/Web/Toolbox/tests/harnesses/simple/toolbox/third_party/arbitrary_file_read_test.txt	BadUSB-FalsePhilosopher	txt	43
BruceBAD/BadUSB-FalsePhilosopher/Misc/Web/Toolbox/tests/harnesses/simple/toolbox/third_party/enum_scripts/linux/enum.sh	BadUSB-FalsePhilosopher	sh	16
BruceBAD/BadUSB-FalsePhilosopher/Misc/Web/Toolbox/tests/harnesses/simple/serve/simple.txt	BadUSB-FalsePhilosopher	txt	19
BruceBAD/BadUSB-FalsePhilosopher/Misc/Web/Toolbox/tests/harnesses/simple/serve/folder/child.txt	BadUSB-FalsePhilosopher	txt	18
BruceBAD/BadUSB-FalsePhilosopher/Misc/Web/Toolbox/tests/harnesses/simple/serve/folder/nested_folder/nested_child.txt	BadUSB-FalsePhilosopher	txt	25
BruceBAD/BadUSB-FalsePhilosopher/Misc/Web/Toolbox/toolbox/__init__.py	BadUSB-FalsePhilosopher	py	67
BruceBAD/BadUSB-FalsePhilosopher/Misc/Web/Toolbox/toolbox/cli.py	BadUSB-FalsePhilosopher	py	2344
BruceBAD/BadUSB-FalsePhilosopher/Misc/Web/Toolbox/toolbox/server/interfaces.py	BadUSB-FalsePhilosopher	py	1324
BruceBAD/BadUSB-FalsePhilosopher/Misc/Web/Toolbox/toolbox/server/server.py	BadUSB-FalsePhilosopher	py	1322
BruceBAD/BadUSB-FalsePhilosopher/Misc/Web/Toolbox/toolbox/server/color.py	BadUSB-FalsePhilosopher	py	103
BruceBAD/BadUSB-FalsePhilosopher/Misc/Web/Toolbox/toolbox/server/formatters.py	BadUSB-FalsePhilosopher	py	495
BruceBAD/BadUSB-FalsePhilosopher/Misc/Web/Toolbox/toolbox/server/make_app.py	BadUSB-FalsePhilosopher	py	9301
BruceBAD/BadUSB-FalsePhilosopher/Misc/Web/Toolbox/toolbox/server/__init__.py	BadUSB-FalsePhilosopher	py	0
BruceBAD/BadUSB-FalsePhilosopher/Misc/Web/Toolbox/toolbox/server/payload_generator.py	BadUSB-FalsePhilosopher	py	2792
BruceBAD/BadUSB-FalsePhilosopher/Misc/Web/Toolbox/toolbox/server/file_server.py	BadUSB-FalsePhilosopher	py	11663
BruceBAD/BadUSB-FalsePhilosopher/Misc/Web/Toolbox/toolbox/server/file_manager.py	BadUSB-FalsePhilosopher	py	1554
BruceBAD/BadUSB-FalsePhilosopher/Misc/Web/Toolbox/toolbox/server/templates/modules/shell.js	BadUSB-FalsePhilosopher	js	113
BruceBAD/BadUSB-FalsePhilosopher/Misc/Web/Toolbox/toolbox/server/templates/modules/privileged_docker_escape.sh	BadUSB-FalsePhilosopher	sh	441
BruceBAD/BadUSB-FalsePhilosopher/Misc/Web/Toolbox/toolbox/server/templates/modules/fetch_file.ps1	BadUSB-FalsePhilosopher	ps1	136
BruceBAD/BadUSB-FalsePhilosopher/Misc/Web/Toolbox/toolbox/server/templates/modules/fetch_file.js	BadUSB-FalsePhilosopher	js	462
BruceBAD/BadUSB-FalsePhilosopher/Misc/Web/Toolbox/toolbox/server/templates/modules/shell.py	BadUSB-FalsePhilosopher	py	279
BruceBAD/BadUSB-FalsePhilosopher/Misc/Web/Toolbox/toolbox/server/templates/modules/shell_fifo_nc.sh	BadUSB-FalsePhilosopher	sh	102
BruceBAD/BadUSB-FalsePhilosopher/Misc/Web/Toolbox/toolbox/server/templates/modules/recon.sh	BadUSB-FalsePhilosopher	sh	2258
BruceBAD/BadUSB-FalsePhilosopher/Misc/Web/Toolbox/toolbox/server/templates/modules/setuid.c	BadUSB-FalsePhilosopher	c	207
BruceBAD/BadUSB-FalsePhilosopher/Misc/Web/Toolbox/toolbox/server/templates/modules/shell_bash.sh	BadUSB-FalsePhilosopher	sh	85
BruceBAD/BadUSB-FalsePhilosopher/Misc/Web/Toolbox/toolbox/server/templates/modules/writable_docker_socket.sh	BadUSB-FalsePhilosopher	sh	1347
BruceBAD/BadUSB-FalsePhilosopher/Misc/Web/Toolbox/toolbox/server/templates/modules/one_line_python.py	BadUSB-FalsePhilosopher	py	252
BruceBAD/BadUSB-FalsePhilosopher/Misc/Web/Toolbox/toolbox/server/templates/modules/read_file.py	BadUSB-FalsePhilosopher	py	192
BruceBAD/BadUSB-FalsePhilosopher/Misc/Web/Toolbox/toolbox/server/templates/modules/shell.sh	BadUSB-FalsePhilosopher	sh	102
BruceBAD/BadUSB-FalsePhilosopher/Misc/Web/Toolbox/toolbox/server/assets/bootstrap-4.5.3.min.js	BadUSB-FalsePhilosopher	js	63240
BruceBAD/BadUSB-FalsePhilosopher/Misc/Web/Toolbox/toolbox/server/assets/popper-1.16.1.min.js	BadUSB-FalsePhilosopher	js	21233
BruceBAD/BadUSB-FalsePhilosopher/Misc/Web/Toolbox/toolbox/server/assets/jquery-3.5.1.slim.min.js	BadUSB-FalsePhilosopher	js	72380
BruceBAD/BadUSB-FalsePhilosopher/Misc/Web/API/dora/requirements.txt	BadUSB-FalsePhilosopher	txt	9
BruceBAD/BadUSB-FalsePhilosopher/Misc/Web/API/dora/setup.py	BadUSB-FalsePhilosopher	py	704
BruceBAD/BadUSB-FalsePhilosopher/Misc/Web/API/dora/dora/__init__.py	BadUSB-FalsePhilosopher	py	0
BruceBAD/BadUSB-FalsePhilosopher/Misc/Web/API/dora/dora/printer.py	BadUSB-FalsePhilosopher	py	1379
BruceBAD/BadUSB-FalsePhilosopher/Misc/Web/API/dora/dora/__main__.py	BadUSB-FalsePhilosopher	py	5764
BruceBAD/BadUSB-FalsePhilosopher/Misc/Web/API/dora/dev/escaper.py	BadUSB-FalsePhilosopher	py	1085
BruceBAD/BadUSB-FalsePhilosopher/Misc/Web/CloudFlair/dns_utils.py	BadUSB-FalsePhilosopher	py	199
BruceBAD/BadUSB-FalsePhilosopher/Misc/Web/CloudFlair/requirements.txt	BadUSB-FalsePhilosopher	txt	106
BruceBAD/BadUSB-FalsePhilosopher/Misc/Web/CloudFlair/cli.py	BadUSB-FalsePhilosopher	py	654
BruceBAD/BadUSB-FalsePhilosopher/Misc/Web/CloudFlair/censys_search.py	BadUSB-FalsePhilosopher	py	1950
BruceBAD/BadUSB-FalsePhilosopher/Misc/Web/CloudFlair/cloudflare_utils.py	BadUSB-FalsePhilosopher	py	1774
BruceBAD/BadUSB-FalsePhilosopher/Misc/Web/CloudFlair/cloudflair.py	BadUSB-FalsePhilosopher	py	6603
BruceBAD/BadUSB-FalsePhilosopher/Misc/Win/InlineExecute-Assembly/src/inlineExecute-Assembly.c	BadUSB-FalsePhilosopher	c	21024
BruceBAD/BadUSB-FalsePhilosopher/Misc/Win/PR0CESS/UACBypassJF_RpcALPC/src/aic.c	BadUSB-FalsePhilosopher	c	6270
BruceBAD/BadUSB-FalsePhilosopher/Misc/Win/PR0CESS/UACBypassJF_RpcALPC/src/appinfo/x64/appinfo64.c	BadUSB-FalsePhilosopher	c	10492
BruceBAD/BadUSB-FalsePhilosopher/Misc/Win/PR0CESS/UACBypassJF_RpcALPC/src/appinfo/x86-32/appinfo32.c	BadUSB-FalsePhilosopher	c	10532
BruceBAD/BadUSB-FalsePhilosopher/Misc/Win/BSOD/BSOD.py	BadUSB-FalsePhilosopher	py	421
BruceBAD/BadUSB-FalsePhilosopher/Misc/Win/BSOD/bsodder.py	BadUSB-FalsePhilosopher	py	206
BruceBAD/BadUSB-FalsePhilosopher/Misc/Win/BSOD/BruteBSOD.txt	BadUSB-FalsePhilosopher	txt	268
BruceBAD/BadUSB-FalsePhilosopher/Misc/Win/BSOD/InvokeBSOD.txt	BadUSB-FalsePhilosopher	txt	266
BruceBAD/BadUSB-FalsePhilosopher/Misc/Win/BSOD/main.py	BadUSB-FalsePhilosopher	py	337
BruceBAD/BadUSB-FalsePhilosopher/Misc/Win/BSOD/BSODTrigger/MainCode.c	BadUSB-FalsePhilosopher	c	284
BruceBAD/BadUSB-FalsePhilosopher/Misc/Win/BSOD/bsod_trigger/net_joy.py	BadUSB-FalsePhilosopher	py	5316
BruceBAD/BadUSB-FalsePhilosopher/Misc/Win/BSOD/bsod_trigger/net_bsod.py	BadUSB-FalsePhilosopher	py	3586
BruceBAD/BadUSB-FalsePhilosopher/Misc/Win/BSOD/bsod_trigger/bsod.py	BadUSB-FalsePhilosopher	py	2305
BruceBAD/BadUSB-FalsePhilosopher/Misc/Win/BSOD/bsod_trigger/joy.py	BadUSB-FalsePhilosopher	py	3608
BruceBAD/BadUSB-FalsePhilosopher/Misc/Win/BSOD/bsod_trigger/net_client.py	BadUSB-FalsePhilosopher	py	1217
BruceBAD/BadUSB-FalsePhilosopher/Misc/Win/BSOD/mario-head/compile.bat	BadUSB-FalsePhilosopher	bat	85
BruceBAD/BadUSB-FalsePhilosopher/Misc/Win/BSOD/GDRLauncher/GDRLauncher/minidumpcount.txt	BadUSB-FalsePhilosopher	txt	1
BruceBAD/BadUSB-FalsePhilosopher/Misc/Win/Defeat-Defender-V1.2/run.bat	BadUSB-FalsePhilosopher	bat	775
BruceBAD/BadUSB-FalsePhilosopher/Misc/Win/Defeat-Defender-V1.2/Defeat-Defender.bat	BadUSB-FalsePhilosopher	bat	3528
BruceBAD/BadUSB-FalsePhilosopher/Misc/Win/Defeat-Defender-V1.2/banner.txt	BadUSB-FalsePhilosopher	txt	1680
BruceBAD/BadUSB-FalsePhilosopher/Misc/Win/Defeat-Defender-V1.2/Enable Smart Screen.bat	BadUSB-FalsePhilosopher	bat	927
BruceBAD/BadUSB-FalsePhilosopher/Misc/Other/Negative_word_list.txt	BadUSB-FalsePhilosopher	txt	42555
BruceBAD/BadUSB-FalsePhilosopher/Misc/Cheat_Sheets/Awesome-guidelines/test.js	BadUSB-FalsePhilosopher	js	68
BruceBAD/BadUSB-FalsePhilosopher/Misc/Cheat_Sheets/PayloadsAllTheThings/Server Side Request Forgery/Files/ip.py	BadUSB-FalsePhilosopher	py	56631
BruceBAD/BadUSB-FalsePhilosopher/Misc/Cheat_Sheets/PayloadsAllTheThings/CVE Exploits/Apache Struts 2 CVE-2018-11776.py	BadUSB-FalsePhilosopher	py	7236
BruceBAD/BadUSB-FalsePhilosopher/Misc/Cheat_Sheets/PayloadsAllTheThings/CVE Exploits/Jenkins CVE-2016-0792.py	BadUSB-FalsePhilosopher	py	2681
BruceBAD/BadUSB-FalsePhilosopher/Misc/Cheat_Sheets/PayloadsAllTheThings/CVE Exploits/Apache Struts 2 CVE-2017-9805.py	BadUSB-FalsePhilosopher	py	13777
BruceBAD/BadUSB-FalsePhilosopher/Misc/Cheat_Sheets/PayloadsAllTheThings/CVE Exploits/Jenkins CVE-2015-8103.py	BadUSB-FalsePhilosopher	py	20542
BruceBAD/BadUSB-FalsePhilosopher/Misc/Cheat_Sheets/PayloadsAllTheThings/CVE Exploits/Citrix CVE-2019-19781.py	BadUSB-FalsePhilosopher	py	1870
BruceBAD/BadUSB-FalsePhilosopher/Misc/Cheat_Sheets/PayloadsAllTheThings/CVE Exploits/Jenkins Groovy Console.py	BadUSB-FalsePhilosopher	py	845
BruceBAD/BadUSB-FalsePhilosopher/Misc/Cheat_Sheets/PayloadsAllTheThings/CVE Exploits/Telerik CVE-2019-18935.py	BadUSB-FalsePhilosopher	py	5394
BruceBAD/BadUSB-FalsePhilosopher/Misc/Cheat_Sheets/PayloadsAllTheThings/CVE Exploits/WebSphere CVE-2015-7450.py	BadUSB-FalsePhilosopher	py	12108
BruceBAD/BadUSB-FalsePhilosopher/Misc/Cheat_Sheets/PayloadsAllTheThings/CVE Exploits/Docker API RCE.py	BadUSB-FalsePhilosopher	py	1626
BruceBAD/BadUSB-FalsePhilosopher/Misc/Cheat_Sheets/PayloadsAllTheThings/CVE Exploits/Tomcat CVE-2017-12617.py	BadUSB-FalsePhilosopher	py	6392
BruceBAD/BadUSB-FalsePhilosopher/Misc/Cheat_Sheets/PayloadsAllTheThings/CVE Exploits/Telerik CVE-2017-9248.py	BadUSB-FalsePhilosopher	py	16099
BruceBAD/BadUSB-FalsePhilosopher/Misc/Cheat_Sheets/PayloadsAllTheThings/CVE Exploits/vBulletin RCE 5.0.0 - 5.5.4.sh	BadUSB-FalsePhilosopher	sh	163
BruceBAD/BadUSB-FalsePhilosopher/Misc/Cheat_Sheets/PayloadsAllTheThings/CVE Exploits/Heartbleed CVE-2014-0160.py	BadUSB-FalsePhilosopher	py	6212
BruceBAD/BadUSB-FalsePhilosopher/Misc/Cheat_Sheets/PayloadsAllTheThings/CVE Exploits/WebLogic CVE-2017-10271.py	BadUSB-FalsePhilosopher	py	2750
BruceBAD/BadUSB-FalsePhilosopher/Misc/Cheat_Sheets/PayloadsAllTheThings/CVE Exploits/JBoss CVE-2015-7501.py	BadUSB-FalsePhilosopher	py	1949
BruceBAD/BadUSB-FalsePhilosopher/Misc/Cheat_Sheets/PayloadsAllTheThings/CVE Exploits/WebLogic CVE-2016-3510.py	BadUSB-FalsePhilosopher	py	6495
BruceBAD/BadUSB-FalsePhilosopher/Misc/Cheat_Sheets/PayloadsAllTheThings/CVE Exploits/WebLogic CVE-2018-2894.py	BadUSB-FalsePhilosopher	py	4704
BruceBAD/BadUSB-FalsePhilosopher/Misc/Cheat_Sheets/PayloadsAllTheThings/CVE Exploits/Shellshock CVE-2014-6271.py	BadUSB-FalsePhilosopher	py	954
BruceBAD/BadUSB-FalsePhilosopher/Misc/Cheat_Sheets/PayloadsAllTheThings/CVE Exploits/Apache Struts 2 CVE-2013-2251 CVE-2017-5638 CVE-2018-11776_.py	BadUSB-FalsePhilosopher	py	11071
BruceBAD/BadUSB-FalsePhilosopher/Misc/Cheat_Sheets/PayloadsAllTheThings/Open Redirect/Intruder/open_redirect_wordlist.txt	BadUSB-FalsePhilosopher	txt	864
BruceBAD/BadUSB-FalsePhilosopher/Misc/Cheat_Sheets/PayloadsAllTheThings/Open Redirect/Intruder/openredirects.txt	BadUSB-FalsePhilosopher	txt	2197
BruceBAD/BadUSB-FalsePhilosopher/Misc/Cheat_Sheets/PayloadsAllTheThings/Open Redirect/Intruder/Open-Redirect-payloads.txt	BadUSB-FalsePhilosopher	txt	8504
BruceBAD/BadUSB-FalsePhilosopher/Misc/Cheat_Sheets/PayloadsAllTheThings/NoSQL Injection/Intruder/NoSQL.txt	BadUSB-FalsePhilosopher	txt	677
BruceBAD/BadUSB-FalsePhilosopher/Misc/Cheat_Sheets/PayloadsAllTheThings/XXE Injection/Intruders/XXE_Fuzzing.txt	BadUSB-FalsePhilosopher	txt	4493
BruceBAD/BadUSB-FalsePhilosopher/Misc/Cheat_Sheets/PayloadsAllTheThings/XXE Injection/Intruders/xml-attacks.txt	BadUSB-FalsePhilosopher	txt	7959
BruceBAD/BadUSB-FalsePhilosopher/Misc/Cheat_Sheets/PayloadsAllTheThings/XSS Injection/Intruders/XSS_Polyglots.txt	BadUSB-FalsePhilosopher	txt	1721
BruceBAD/BadUSB-FalsePhilosopher/Misc/Cheat_Sheets/PayloadsAllTheThings/XSS Injection/Intruders/0xcela_event_handlers.txt	BadUSB-FalsePhilosopher	txt	1192
BruceBAD/BadUSB-FalsePhilosopher/Misc/Cheat_Sheets/PayloadsAllTheThings/XSS Injection/Intruders/xss_swf_fuzz.txt	BadUSB-FalsePhilosopher	txt	813
BruceBAD/BadUSB-FalsePhilosopher/Misc/Cheat_Sheets/PayloadsAllTheThings/XSS Injection/Intruders/BRUTELOGIC-XSS-JS.txt	BadUSB-FalsePhilosopher	txt	378
BruceBAD/BadUSB-FalsePhilosopher/Misc/Cheat_Sheets/PayloadsAllTheThings/XSS Injection/Intruders/IntrudersXSS.txt	BadUSB-FalsePhilosopher	txt	11751
BruceBAD/BadUSB-FalsePhilosopher/Misc/Cheat_Sheets/PayloadsAllTheThings/XSS Injection/Intruders/RSNAKE_XSS.txt	BadUSB-FalsePhilosopher	txt	4185
BruceBAD/BadUSB-FalsePhilosopher/Misc/Cheat_Sheets/PayloadsAllTheThings/XSS Injection/Intruders/BRUTELOGIC-XSS-STRINGS.txt	BadUSB-FalsePhilosopher	txt	4006
BruceBAD/BadUSB-FalsePhilosopher/Misc/Cheat_Sheets/PayloadsAllTheThings/XSS Injection/Intruders/xss_alert.txt	BadUSB-FalsePhilosopher	txt	46043
BruceBAD/BadUSB-FalsePhilosopher/Misc/Cheat_Sheets/PayloadsAllTheThings/XSS Injection/Intruders/xss_payloads_quick.txt	BadUSB-FalsePhilosopher	txt	1512
BruceBAD/BadUSB-FalsePhilosopher/Misc/Cheat_Sheets/PayloadsAllTheThings/XSS Injection/Intruders/jsonp_endpoint.txt	BadUSB-FalsePhilosopher	txt	5818
BruceBAD/BadUSB-FalsePhilosopher/Misc/Cheat_Sheets/PayloadsAllTheThings/XSS Injection/Intruders/MarioXSSVectors.txt	BadUSB-FalsePhilosopher	txt	22876
BruceBAD/BadUSB-FalsePhilosopher/Misc/Cheat_Sheets/PayloadsAllTheThings/XSS Injection/Intruders/JHADDIX_XSS.txt	BadUSB-FalsePhilosopher	txt	19076
BruceBAD/BadUSB-FalsePhilosopher/Misc/Cheat_Sheets/PayloadsAllTheThings/XSS Injection/Intruders/XSSDetection.txt	BadUSB-FalsePhilosopher	txt	8119
BruceBAD/BadUSB-FalsePhilosopher/Misc/Cheat_Sheets/PayloadsAllTheThings/Insecure Source Code Management/Files/github-dorks.txt	BadUSB-FalsePhilosopher	txt	29685
BruceBAD/BadUSB-FalsePhilosopher/Misc/Cheat_Sheets/PayloadsAllTheThings/SQL Injection/Intruder/Generic_TimeBased.txt	BadUSB-FalsePhilosopher	txt	2351
BruceBAD/BadUSB-FalsePhilosopher/Misc/Cheat_Sheets/PayloadsAllTheThings/SQL Injection/Intruder/Auth_Bypass2.txt	BadUSB-FalsePhilosopher	txt	1873
BruceBAD/BadUSB-FalsePhilosopher/Misc/Cheat_Sheets/PayloadsAllTheThings/SQL Injection/Intruder/FUZZDB_MSSQL.txt	BadUSB-FalsePhilosopher	txt	1059
BruceBAD/BadUSB-FalsePhilosopher/Misc/Cheat_Sheets/PayloadsAllTheThings/SQL Injection/Intruder/FUZZDB_MSSQL-WHERE_Time.txt	BadUSB-FalsePhilosopher	txt	1241
BruceBAD/BadUSB-FalsePhilosopher/Misc/Cheat_Sheets/PayloadsAllTheThings/SQL Injection/Intruder/Generic_ErrorBased.txt	BadUSB-FalsePhilosopher	txt	2928
BruceBAD/BadUSB-FalsePhilosopher/Misc/Cheat_Sheets/PayloadsAllTheThings/SQL Injection/Intruder/FUZZDB_MYSQL.txt	BadUSB-FalsePhilosopher	txt	108
BruceBAD/BadUSB-FalsePhilosopher/Misc/Cheat_Sheets/PayloadsAllTheThings/SQL Injection/Intruder/SQLi_Polyglots.txt	BadUSB-FalsePhilosopher	txt	348
BruceBAD/BadUSB-FalsePhilosopher/Misc/Cheat_Sheets/PayloadsAllTheThings/SQL Injection/Intruder/FUZZDB_Oracle.txt	BadUSB-FalsePhilosopher	txt	7874
BruceBAD/BadUSB-FalsePhilosopher/Misc/Cheat_Sheets/PayloadsAllTheThings/SQL Injection/Intruder/FUZZDB_MSSQL_Enumeration.txt	BadUSB-FalsePhilosopher	txt	716
BruceBAD/BadUSB-FalsePhilosopher/Misc/Cheat_Sheets/PayloadsAllTheThings/SQL Injection/Intruder/FUZZDB_MySQL-WHERE_Time.txt	BadUSB-FalsePhilosopher	txt	1844
BruceBAD/BadUSB-FalsePhilosopher/Misc/Cheat_Sheets/PayloadsAllTheThings/SQL Injection/Intruder/FUZZDB_MySQL_ReadLocalFiles.txt	BadUSB-FalsePhilosopher	txt	210
BruceBAD/BadUSB-FalsePhilosopher/Misc/Cheat_Sheets/PayloadsAllTheThings/SQL Injection/Intruder/Auth_Bypass.txt	BadUSB-FalsePhilosopher	txt	1179
BruceBAD/BadUSB-FalsePhilosopher/Misc/Cheat_Sheets/PayloadsAllTheThings/SQL Injection/Intruder/FUZZDB_Postgres_Enumeration.txt	BadUSB-FalsePhilosopher	txt	694
BruceBAD/BadUSB-FalsePhilosopher/Misc/Cheat_Sheets/PayloadsAllTheThings/SQL Injection/Intruder/Generic_UnionSelect.txt	BadUSB-FalsePhilosopher	txt	37386
BruceBAD/BadUSB-FalsePhilosopher/Misc/Cheat_Sheets/PayloadsAllTheThings/SQL Injection/Intruder/Generic_Fuzz.txt	BadUSB-FalsePhilosopher	txt	79
BruceBAD/BadUSB-FalsePhilosopher/Misc/Cheat_Sheets/PayloadsAllTheThings/Insecure Management Interface/Intruder/springboot_actuator.txt	BadUSB-FalsePhilosopher	txt	703
BruceBAD/BadUSB-FalsePhilosopher/Misc/Cheat_Sheets/PayloadsAllTheThings/Web Cache Deception/Intruders/param_miner_lowercase_headers.txt	BadUSB-FalsePhilosopher	txt	17088
BruceBAD/BadUSB-FalsePhilosopher/Misc/Cheat_Sheets/PayloadsAllTheThings/CRLF Injection/crlfinjection.txt	BadUSB-FalsePhilosopher	txt	588
BruceBAD/BadUSB-FalsePhilosopher/Misc/Cheat_Sheets/PayloadsAllTheThings/Command Injection/Intruder/command_exec.txt	BadUSB-FalsePhilosopher	txt	20289
BruceBAD/BadUSB-FalsePhilosopher/Misc/Cheat_Sheets/PayloadsAllTheThings/Command Injection/Intruder/command-execution-unix.txt	BadUSB-FalsePhilosopher	txt	1210
BruceBAD/BadUSB-FalsePhilosopher/Misc/Cheat_Sheets/PayloadsAllTheThings/Upload Insecure Files/EICAR/eicar.txt	BadUSB-FalsePhilosopher	txt	69
BruceBAD/BadUSB-FalsePhilosopher/Misc/Cheat_Sheets/PayloadsAllTheThings/Upload Insecure Files/CVE Ffmpeg HLS/gen_xbin_avi.py	BadUSB-FalsePhilosopher	py	5051
BruceBAD/BadUSB-FalsePhilosopher/Misc/Cheat_Sheets/PayloadsAllTheThings/Upload Insecure Files/CVE Ffmpeg HLS/gen_avi_bypass.py	BadUSB-FalsePhilosopher	py	2025
BruceBAD/BadUSB-FalsePhilosopher/Misc/Cheat_Sheets/PayloadsAllTheThings/Upload Insecure Files/Picture Metadata/Build_image_to_LFI.py	BadUSB-FalsePhilosopher	py	982
BruceBAD/BadUSB-FalsePhilosopher/Misc/Cheat_Sheets/PayloadsAllTheThings/Upload Insecure Files/Configuration Python __init__.py/python-generate-init.py	BadUSB-FalsePhilosopher	py	921
BruceBAD/BadUSB-FalsePhilosopher/Misc/Cheat_Sheets/PayloadsAllTheThings/Upload Insecure Files/Extension PDF JS/poc.py	BadUSB-FalsePhilosopher	py	3002
BruceBAD/BadUSB-FalsePhilosopher/Misc/Cheat_Sheets/PayloadsAllTheThings/Upload Insecure Files/Extension PDF JS/poc.js	BadUSB-FalsePhilosopher	js	16
BruceBAD/BadUSB-FalsePhilosopher/Misc/Cheat_Sheets/PayloadsAllTheThings/Upload Insecure Files/Configuration Busybox httpd.conf/shellymcshellface.sh	BadUSB-FalsePhilosopher	sh	49
BruceBAD/BadUSB-FalsePhilosopher/Misc/Cheat_Sheets/PayloadsAllTheThings/Upload Insecure Files/Picture Compression/createBulletproofJPG.py	BadUSB-FalsePhilosopher	py	4046
BruceBAD/BadUSB-FalsePhilosopher/Misc/Cheat_Sheets/PayloadsAllTheThings/Upload Insecure Files/CVE ZIP Symbolic Link/generate.sh	BadUSB-FalsePhilosopher	sh	52
BruceBAD/BadUSB-FalsePhilosopher/Misc/Cheat_Sheets/PayloadsAllTheThings/File Inclusion/LFI2RCE.py	BadUSB-FalsePhilosopher	py	3207
BruceBAD/BadUSB-FalsePhilosopher/Misc/Cheat_Sheets/PayloadsAllTheThings/File Inclusion/uploadlfi.py	BadUSB-FalsePhilosopher	py	683
BruceBAD/BadUSB-FalsePhilosopher/Misc/Cheat_Sheets/PayloadsAllTheThings/File Inclusion/phpinfolfi.py	BadUSB-FalsePhilosopher	py	5255
BruceBAD/BadUSB-FalsePhilosopher/Misc/Cheat_Sheets/PayloadsAllTheThings/File Inclusion/Intruders/List_Of_File_To_Include_NullByteAdded.txt	BadUSB-FalsePhilosopher	txt	9233
BruceBAD/BadUSB-FalsePhilosopher/Misc/Cheat_Sheets/PayloadsAllTheThings/File Inclusion/Intruders/Traversal.txt	BadUSB-FalsePhilosopher	txt	373785
BruceBAD/BadUSB-FalsePhilosopher/Misc/Cheat_Sheets/PayloadsAllTheThings/File Inclusion/Intruders/BSD-files.txt	BadUSB-FalsePhilosopher	txt	356
BruceBAD/BadUSB-FalsePhilosopher/Misc/Cheat_Sheets/PayloadsAllTheThings/File Inclusion/Intruders/Linux-files.txt	BadUSB-FalsePhilosopher	txt	1554
BruceBAD/BadUSB-FalsePhilosopher/Misc/Cheat_Sheets/PayloadsAllTheThings/File Inclusion/Intruders/LFI-FD-check.txt	BadUSB-FalsePhilosopher	txt	654
BruceBAD/BadUSB-FalsePhilosopher/Misc/Cheat_Sheets/PayloadsAllTheThings/File Inclusion/Intruders/LFI-WindowsFileCheck.txt	BadUSB-FalsePhilosopher	txt	1968
BruceBAD/BadUSB-FalsePhilosopher/Misc/Cheat_Sheets/PayloadsAllTheThings/File Inclusion/Intruders/Web-files.txt	BadUSB-FalsePhilosopher	txt	235
BruceBAD/BadUSB-FalsePhilosopher/Misc/Cheat_Sheets/PayloadsAllTheThings/File Inclusion/Intruders/List_Of_File_To_Include.txt	BadUSB-FalsePhilosopher	txt	24355
BruceBAD/BadUSB-FalsePhilosopher/Misc/Cheat_Sheets/PayloadsAllTheThings/File Inclusion/Intruders/Windows-files.txt	BadUSB-FalsePhilosopher	txt	7065
BruceBAD/BadUSB-FalsePhilosopher/Misc/Cheat_Sheets/PayloadsAllTheThings/File Inclusion/Intruders/Mac-files.txt	BadUSB-FalsePhilosopher	txt	232
BruceBAD/BadUSB-FalsePhilosopher/Misc/Cheat_Sheets/PayloadsAllTheThings/File Inclusion/Intruders/JHADDIX_LFI.txt	BadUSB-FalsePhilosopher	txt	28366
BruceBAD/BadUSB-FalsePhilosopher/Misc/Cheat_Sheets/PayloadsAllTheThings/File Inclusion/Intruders/simple-check.txt	BadUSB-FalsePhilosopher	txt	148
BruceBAD/BadUSB-FalsePhilosopher/Misc/Cheat_Sheets/PayloadsAllTheThings/File Inclusion/Intruders/dot-slash-PathTraversal_and_LFI_pairing.txt	BadUSB-FalsePhilosopher	txt	64539
BruceBAD/BadUSB-FalsePhilosopher/Misc/Cheat_Sheets/PayloadsAllTheThings/Directory Traversal/Intruder/traversals-8-deep-exotic-encoding.txt	BadUSB-FalsePhilosopher	txt	69801
BruceBAD/BadUSB-FalsePhilosopher/Misc/Cheat_Sheets/PayloadsAllTheThings/Directory Traversal/Intruder/deep_traversal.txt	BadUSB-FalsePhilosopher	txt	68683
BruceBAD/BadUSB-FalsePhilosopher/Misc/Cheat_Sheets/PayloadsAllTheThings/Directory Traversal/Intruder/directory_traversal.txt	BadUSB-FalsePhilosopher	txt	8767
BruceBAD/BadUSB-FalsePhilosopher/Misc/Cheat_Sheets/PayloadsAllTheThings/Directory Traversal/Intruder/dotdotpwn.txt	BadUSB-FalsePhilosopher	txt	1872006
BruceBAD/BadUSB-FalsePhilosopher/Misc/Cheat_Sheets/PayloadsAllTheThings/API Key Leaks/Files/MachineKeys.txt	BadUSB-FalsePhilosopher	txt	619008
BruceBAD/BadUSB-FalsePhilosopher/Misc/Cheat_Sheets/PayloadsAllTheThings/Web Sockets/Files/ws-harness.py	BadUSB-FalsePhilosopher	py	2068
BruceBAD/BadUSB-FalsePhilosopher/Misc/Cheat_Sheets/PayloadsAllTheThings/LDAP Injection/Intruder/LDAP_FUZZ.txt	BadUSB-FalsePhilosopher	txt	455
BruceBAD/BadUSB-FalsePhilosopher/Misc/Cheat_Sheets/PayloadsAllTheThings/LDAP Injection/Intruder/LDAP_attributes.txt	BadUSB-FalsePhilosopher	txt	180
BruceBAD/BadUSB-FalsePhilosopher/Misc/Cheat_Sheets/Awesome-cheatsheets/commitlint.config.js	BadUSB-FalsePhilosopher	js	64
BruceBAD/BadUSB-FalsePhilosopher/Misc/Cheat_Sheets/Awesome-cheatsheets/databases/redis.sh	BadUSB-FalsePhilosopher	sh	8918
BruceBAD/BadUSB-FalsePhilosopher/Misc/Cheat_Sheets/Awesome-cheatsheets/databases/mysql.sh	BadUSB-FalsePhilosopher	sh	1038
BruceBAD/BadUSB-FalsePhilosopher/Misc/Cheat_Sheets/Awesome-cheatsheets/databases/mongodb.sh	BadUSB-FalsePhilosopher	sh	3595
BruceBAD/BadUSB-FalsePhilosopher/Misc/Cheat_Sheets/Awesome-cheatsheets/tools/nginx.sh	BadUSB-FalsePhilosopher	sh	5076
BruceBAD/BadUSB-FalsePhilosopher/Misc/Cheat_Sheets/Awesome-cheatsheets/tools/heroku.sh	BadUSB-FalsePhilosopher	sh	4956
BruceBAD/BadUSB-FalsePhilosopher/Misc/Cheat_Sheets/Awesome-cheatsheets/tools/elasticsearch.js	BadUSB-FalsePhilosopher	js	787
BruceBAD/BadUSB-FalsePhilosopher/Misc/Cheat_Sheets/Awesome-cheatsheets/tools/drush.sh	BadUSB-FalsePhilosopher	sh	2769
BruceBAD/BadUSB-FalsePhilosopher/Misc/Cheat_Sheets/Awesome-cheatsheets/tools/xcode.txt	BadUSB-FalsePhilosopher	txt	3652
BruceBAD/BadUSB-FalsePhilosopher/Misc/Cheat_Sheets/Awesome-cheatsheets/tools/vim.txt	BadUSB-FalsePhilosopher	txt	24456
BruceBAD/BadUSB-FalsePhilosopher/Misc/Cheat_Sheets/Awesome-cheatsheets/tools/ubuntu.sh	BadUSB-FalsePhilosopher	sh	1057
BruceBAD/BadUSB-FalsePhilosopher/Misc/Cheat_Sheets/Awesome-cheatsheets/tools/git.sh	BadUSB-FalsePhilosopher	sh	9447
BruceBAD/BadUSB-FalsePhilosopher/Misc/Cheat_Sheets/Awesome-cheatsheets/tools/puppeteer.js	BadUSB-FalsePhilosopher	js	38942
BruceBAD/BadUSB-FalsePhilosopher/Misc/Cheat_Sheets/Awesome-cheatsheets/tools/curl.sh	BadUSB-FalsePhilosopher	sh	6341
BruceBAD/BadUSB-FalsePhilosopher/Misc/Cheat_Sheets/Awesome-cheatsheets/tools/macos.sh	BadUSB-FalsePhilosopher	sh	78
BruceBAD/BadUSB-FalsePhilosopher/Misc/Cheat_Sheets/Awesome-cheatsheets/tools/pm2.sh	BadUSB-FalsePhilosopher	sh	1289
BruceBAD/BadUSB-FalsePhilosopher/Misc/Cheat_Sheets/Awesome-cheatsheets/tools/docker.sh	BadUSB-FalsePhilosopher	sh	6310
BruceBAD/BadUSB-FalsePhilosopher/Misc/Cheat_Sheets/Awesome-cheatsheets/tools/aws.sh	BadUSB-FalsePhilosopher	sh	2596
BruceBAD/BadUSB-FalsePhilosopher/Misc/Cheat_Sheets/Awesome-cheatsheets/tools/nanobox_cli.sh	BadUSB-FalsePhilosopher	sh	5493
BruceBAD/BadUSB-FalsePhilosopher/Misc/Cheat_Sheets/Awesome-cheatsheets/frontend/ember.js	BadUSB-FalsePhilosopher	js	24477
BruceBAD/BadUSB-FalsePhilosopher/Misc/Cheat_Sheets/Awesome-cheatsheets/frontend/react.js	BadUSB-FalsePhilosopher	js	16107
BruceBAD/BadUSB-FalsePhilosopher/Misc/Cheat_Sheets/Awesome-cheatsheets/frontend/angularjs.js	BadUSB-FalsePhilosopher	js	17189
BruceBAD/BadUSB-FalsePhilosopher/Misc/Cheat_Sheets/Awesome-cheatsheets/frontend/angular.js	BadUSB-FalsePhilosopher	js	16681
BruceBAD/BadUSB-FalsePhilosopher/Misc/Cheat_Sheets/Awesome-cheatsheets/frontend/vue.js	BadUSB-FalsePhilosopher	js	35058
BruceBAD/BadUSB-FalsePhilosopher/Misc/Cheat_Sheets/Awesome-cheatsheets/backend/django.py	BadUSB-FalsePhilosopher	py	7482
BruceBAD/BadUSB-FalsePhilosopher/Misc/Cheat_Sheets/Awesome-cheatsheets/backend/sails.js	BadUSB-FalsePhilosopher	js	28164
BruceBAD/BadUSB-FalsePhilosopher/Misc/Cheat_Sheets/Awesome-cheatsheets/backend/adonis.js	BadUSB-FalsePhilosopher	js	30950
BruceBAD/BadUSB-FalsePhilosopher/Misc/Cheat_Sheets/Awesome-cheatsheets/backend/node.js	BadUSB-FalsePhilosopher	js	46166
BruceBAD/BadUSB-FalsePhilosopher/Misc/Cheat_Sheets/Awesome-cheatsheets/backend/express.js	BadUSB-FalsePhilosopher	js	7626
BruceBAD/BadUSB-FalsePhilosopher/Misc/Cheat_Sheets/Awesome-cheatsheets/backend/moleculer.js	BadUSB-FalsePhilosopher	js	22385
BruceBAD/BadUSB-FalsePhilosopher/Misc/Cheat_Sheets/Awesome-cheatsheets/backend/feathers.js	BadUSB-FalsePhilosopher	js	28345
BruceBAD/BadUSB-FalsePhilosopher/Misc/Cheat_Sheets/Awesome-cheatsheets/languages/C.txt	BadUSB-FalsePhilosopher	txt	8756
BruceBAD/BadUSB-FalsePhilosopher/Misc/Cheat_Sheets/Awesome-cheatsheets/languages/javascript.js	BadUSB-FalsePhilosopher	js	10537
BruceBAD/BadUSB-FalsePhilosopher/Misc/Cheat_Sheets/Awesome-cheatsheets/languages/C#.txt	BadUSB-FalsePhilosopher	txt	16683
BruceBAD/BadUSB-FalsePhilosopher/Misc/Cheat_Sheets/Awesome-cheatsheets/languages/bash.sh	BadUSB-FalsePhilosopher	sh	27213
BruceBAD/BadUSB-FalsePhilosopher/Misc/Cheat_Sheets/Dorks-collections-list/aws.txt	BadUSB-FalsePhilosopher	txt	780
BruceBAD/BadUSB-FalsePhilosopher/Misc/Cheat_Sheets/Dorks-collections-list/onion.txt	BadUSB-FalsePhilosopher	txt	145
BruceBAD/BadUSB-FalsePhilosopher/Misc/Cheat_Sheets/Dorks-collections-list/cctv.txt	BadUSB-FalsePhilosopher	txt	1807
BruceBAD/BadUSB-FalsePhilosopher/Misc/Cheat_Sheets/Dorks-collections-list/azure.txt	BadUSB-FalsePhilosopher	txt	684
BruceBAD/BadUSB-FalsePhilosopher/Misc/Cheat_Sheets/Dorks-collections-list/googslecloud.txt	BadUSB-FalsePhilosopher	txt	393
BruceBAD/BadUSB-FalsePhilosopher/Misc/Cheat_Sheets/Awesome-RedTeam-Cheatsheet/Code Snippet/evasion/Bring Your Own Interpreter/main.ps1	BadUSB-FalsePhilosopher	ps1	3454
BruceBAD/BadUSB-FalsePhilosopher/Misc/Cheat_Sheets/Big-list-of-naughty-strings/blns.base64.txt	BadUSB-FalsePhilosopher	txt	37469
BruceBAD/BadUSB-FalsePhilosopher/Misc/Cheat_Sheets/Big-list-of-naughty-strings/blns.txt	BadUSB-FalsePhilosopher	txt	30079
BruceBAD/BadUSB-FalsePhilosopher/Misc/Cheat_Sheets/Big-list-of-naughty-strings/scripts/txt_to_json.py	BadUSB-FalsePhilosopher	py	826
BruceBAD/BadUSB-FalsePhilosopher/Misc/Cheat_Sheets/Big-list-of-naughty-strings/scripts/texttobase64.sh	BadUSB-FalsePhilosopher	sh	271
BruceBAD/BadUSB-FalsePhilosopher/Misc/Cheat_Sheets/Big-list-of-naughty-strings/naughtystrings/__init__.py	BadUSB-FalsePhilosopher	py	982
BruceBAD/BadUSB-FalsePhilosopher/Misc/Cheat_Sheets/Offensive-Reverse-Shell-Cheat-Sheet/Invoke-ConPtyShell.ps1	BadUSB-FalsePhilosopher	ps1	66252
BruceBAD/BadUSB-FalsePhilosopher/Misc/Cheat_Sheets/Offensive-Reverse-Shell-Cheat-Sheet/reverse-shell.bat	BadUSB-FalsePhilosopher	bat	67
BruceBAD/BadUSB-FalsePhilosopher/Misc/Cheat_Sheets/Offensive-Reverse-Shell-Cheat-Sheet/Invoke-PowerShellTcp.ps1	BadUSB-FalsePhilosopher	ps1	4402
BruceBAD/BadUSB-FalsePhilosopher/Misc/Cheat_Sheets/Offensive-Reverse-Shell-Cheat-Sheet/mini-reverse.ps1	BadUSB-FalsePhilosopher	ps1	731
BruceBAD/BadUSB-FalsePhilosopher/OMG/Library/general/Defeat_Defender/payload.txt	BadUSB-FalsePhilosopher	txt	942
BruceBAD/BadUSB-FalsePhilosopher/OMG/Library/general/The_Matrix-Wake_Up/payload.txt	BadUSB-FalsePhilosopher	txt	1680
BruceBAD/BadUSB-FalsePhilosopher/OMG/Library/general/-OMG-Subscribe/Subscribe.txt	BadUSB-FalsePhilosopher	txt	794
BruceBAD/BadUSB-FalsePhilosopher/OMG/Library/general/-OMG-Subscribe/Subscribe.ps1	BadUSB-FalsePhilosopher	ps1	3807
BruceBAD/BadUSB-FalsePhilosopher/OMG/Library/general/-OMG-Subscribe/Subscribe-Execute.txt	BadUSB-FalsePhilosopher	txt	533
BruceBAD/BadUSB-FalsePhilosopher/OMG/Library/general/-OMG-PineApple/PineApple-KeyInjection.txt	BadUSB-FalsePhilosopher	txt	1874
BruceBAD/BadUSB-FalsePhilosopher/OMG/Library/general/-OMG-PineApple/PineApple-Execute.txt	BadUSB-FalsePhilosopher	txt	853
BruceBAD/BadUSB-FalsePhilosopher/OMG/Library/general/-OMG-PineApple/PineApple.ps1	BadUSB-FalsePhilosopher	ps1	1276
BruceBAD/BadUSB-FalsePhilosopher/OMG/Library/prank/OMG-TTS-Windows.txt	BadUSB-FalsePhilosopher	txt	959
BruceBAD/BadUSB-FalsePhilosopher/OMG/Library/prank/BartLock.txt	BadUSB-FalsePhilosopher	txt	2
BruceBAD/BadUSB-FalsePhilosopher/OMG/Library/prank/OMG-TTS-MacOS.txt	BadUSB-FalsePhilosopher	txt	832
BruceBAD/BadUSB-FalsePhilosopher/OMG/Library/prank/Hacker_Typer/payload.txt	BadUSB-FalsePhilosopher	txt	2984
BruceBAD/BadUSB-FalsePhilosopher/OMG/Library/prank/-OMG-Rage-PopUps/Rage-PopUps-Execute.txt	BadUSB-FalsePhilosopher	txt	585
BruceBAD/BadUSB-FalsePhilosopher/OMG/Library/prank/-OMG-Rage-PopUps/Rage-PopUps.ps1	BadUSB-FalsePhilosopher	ps1	4658
BruceBAD/BadUSB-FalsePhilosopher/OMG/Library/prank/-OMG-AcidBurn/AcidBurn.ps1	BadUSB-FalsePhilosopher	ps1	25218
BruceBAD/BadUSB-FalsePhilosopher/OMG/Library/prank/-OMG-AcidBurn/AcidBurn-Execute.txt	BadUSB-FalsePhilosopher	txt	736
BruceBAD/BadUSB-FalsePhilosopher/OMG/Library/prank/Rick_Rolling_Forever/payload.txt	BadUSB-FalsePhilosopher	txt	815
BruceBAD/BadUSB-FalsePhilosopher/OMG/Library/prank/-OMG-Wallpaper-Troll/Wallpaper-Troll.ps1	BadUSB-FalsePhilosopher	ps1	15111
BruceBAD/BadUSB-FalsePhilosopher/OMG/Library/prank/-OMG-PS-Draw/PS-Draw-Execute.txt	BadUSB-FalsePhilosopher	txt	641
BruceBAD/BadUSB-FalsePhilosopher/OMG/Library/prank/-OMG-PS-Draw/PS-Custom-Draw.ps1	BadUSB-FalsePhilosopher	ps1	11892
BruceBAD/BadUSB-FalsePhilosopher/OMG/Library/prank/-OMG-PS-Draw/PS-Draw.ps1	BadUSB-FalsePhilosopher	ps1	8945
BruceBAD/BadUSB-FalsePhilosopher/OMG/Library/prank/BlueScreenOfDeath/payload.txt	BadUSB-FalsePhilosopher	txt	1012
BruceBAD/BadUSB-FalsePhilosopher/OMG/Library/prank/-OMG-We-Found-You/We-Found-You-Execute.txt	BadUSB-FalsePhilosopher	txt	708
BruceBAD/BadUSB-FalsePhilosopher/OMG/Library/prank/-OMG-We-Found-You/found-you.ps1	BadUSB-FalsePhilosopher	ps1	7634
BruceBAD/BadUSB-FalsePhilosopher/OMG/Library/prank/Webcam_Fun/payload.txt	BadUSB-FalsePhilosopher	txt	770
BruceBAD/BadUSB-FalsePhilosopher/OMG/Library/prank/-OMG-JumpScare/JumpScare.ps1	BadUSB-FalsePhilosopher	ps1	9032
BruceBAD/BadUSB-FalsePhilosopher/OMG/Library/prank/-OMG-JumpScare/JumpScare-Execute.txt	BadUSB-FalsePhilosopher	txt	1047
BruceBAD/BadUSB-FalsePhilosopher/OMG/Library/prank/Win_Hid_HideIcons/payload.txt	BadUSB-FalsePhilosopher	txt	95
BruceBAD/BadUSB-FalsePhilosopher/OMG/Library/incident_response/-OMG-ET-Phone-Home/ET-Phone-Home.ps1	BadUSB-FalsePhilosopher	ps1	7536
BruceBAD/BadUSB-FalsePhilosopher/OMG/Library/incident_response/-OMG-ET-Phone-Home/ET-Phone-Home-Execute.txt	BadUSB-FalsePhilosopher	txt	880
BruceBAD/BadUSB-FalsePhilosopher/OMG/Library/mobile/android/Gmail_Forwarding_Persistence/gmail_forward_script.txt	BadUSB-FalsePhilosopher	txt	1712
BruceBAD/BadUSB-FalsePhilosopher/OMG/Library/mobile/android/meterpreter/payload.txt	BadUSB-FalsePhilosopher	txt	2218
BruceBAD/BadUSB-FalsePhilosopher/OMG/Library/mobile/android/meterpreter/payload-alt-MG-Android10.txt	BadUSB-FalsePhilosopher	txt	2377
BruceBAD/BadUSB-FalsePhilosopher/OMG/Library/mobile/android/meterpreter/payload-alt-MG-Android11.txt	BadUSB-FalsePhilosopher	txt	2462
BruceBAD/BadUSB-FalsePhilosopher/OMG/Library/execution/-OMG-UrAttaControl/UrAttaControl-Execute.txt	BadUSB-FalsePhilosopher	txt	1481
BruceBAD/BadUSB-FalsePhilosopher/OMG/Library/execution/Admin_Who_Never_Sleeps/payload.txt	BadUSB-FalsePhilosopher	txt	1584
BruceBAD/BadUSB-FalsePhilosopher/OMG/Library/execution/-OMG-SafeHaven/SafeHaven.txt	BadUSB-FalsePhilosopher	txt	1266
BruceBAD/BadUSB-FalsePhilosopher/OMG/Library/execution/FodCable2 - UAC Bypass/payload.txt	BadUSB-FalsePhilosopher	txt	1219
BruceBAD/BadUSB-FalsePhilosopher/OMG/Library/execution/FodCable - UAC Bypass/payload.txt	BadUSB-FalsePhilosopher	txt	2473
BruceBAD/BadUSB-FalsePhilosopher/OMG/Library/execution/DNS-TXT-Run/payload.txt	BadUSB-FalsePhilosopher	txt	3014
BruceBAD/BadUSB-FalsePhilosopher/OMG/Library/execution/-OMG-Play-WAV/Play-WAV.ps1	BadUSB-FalsePhilosopher	ps1	5791
BruceBAD/BadUSB-FalsePhilosopher/OMG/Library/exfiltration/WiFi2DNS_AES256/payload.txt	BadUSB-FalsePhilosopher	txt	3919
BruceBAD/BadUSB-FalsePhilosopher/OMG/Library/exfiltration/WiFi2DNS_AES256/README.txt	BadUSB-FalsePhilosopher	txt	15333
BruceBAD/BadUSB-FalsePhilosopher/OMG/Library/exfiltration/WiFi2DNS/WiFi2DNS.txt	BadUSB-FalsePhilosopher	txt	1727
BruceBAD/BadUSB-FalsePhilosopher/OMG/Library/remote_access/revshell_windows/payload.txt	BadUSB-FalsePhilosopher	txt	1393
BruceBAD/BadUSB-FalsePhilosopher/OMG/Library/remote_access/persistentReverseOMG/payload.txt	BadUSB-FalsePhilosopher	txt	1891
BruceBAD/BadUSB-FalsePhilosopher/OMG/Library/remote_access/RemoteDeskCable/payload.txt	BadUSB-FalsePhilosopher	txt	2626
BruceBAD/BadUSB-FalsePhilosopher/OMG/Library/remote_access/ReverseCable II/payload.txt	BadUSB-FalsePhilosopher	txt	1069
BruceBAD/BadUSB-FalsePhilosopher/OMG/Library/remote_access/ReverseCableSSL/payload.txt	BadUSB-FalsePhilosopher	txt	3221
BruceBAD/BadUSB-FalsePhilosopher/OMG/Library/remote_access/ReverseCable/payload.txt	BadUSB-FalsePhilosopher	txt	852
BruceBAD/BadUSB-FalsePhilosopher/OMG/Library/remote_access/win_smb-backdoor/payload.txt	BadUSB-FalsePhilosopher	txt	2052
BruceBAD/BadUSB-FalsePhilosopher/OMG/Library/recon/-OMG-ADV-Recon/ADV-Recon.ps1	BadUSB-FalsePhilosopher	ps1	20754
BruceBAD/BadUSB-FalsePhilosopher/OMG/Library/recon/-OMG-ADV-Recon/ADV-Recon-Execute.txt	BadUSB-FalsePhilosopher	txt	573
BruceBAD/BadUSB-FalsePhilosopher/OMG/Library/credentials/OMGLogger/payload.txt	BadUSB-FalsePhilosopher	txt	3340
BruceBAD/BadUSB-FalsePhilosopher/OMG/Library/credentials/wifigrabber/payload.txt	BadUSB-FalsePhilosopher	txt	771
BruceBAD/BadUSB-FalsePhilosopher/OMG/Library/credentials/-OMG-Credz-Plz/Credz-Plz.ps1	BadUSB-FalsePhilosopher	ps1	7999
BruceBAD/BadUSB-FalsePhilosopher/OMG/Library/credentials/-OMG-Credz-Plz/Credz-Plz-Execute.txt	BadUSB-FalsePhilosopher	txt	610
BruceBAD/BadUSB-FalsePhilosopher/OMG/Library/credentials/Harvester_OF_SORROW/payload.txt	BadUSB-FalsePhilosopher	txt	3606
BruceBAD/BadUSB-FalsePhilosopher/OMG/Library/credentials/SudoSnatch/payload.txt	BadUSB-FalsePhilosopher	txt	3563
BruceBAD/BadUSB-FalsePhilosopher/Malduino/Library/Win/Winlazagne.txt	BadUSB-FalsePhilosopher	txt	554
BruceBAD/BadUSB-FalsePhilosopher/Malduino/Library/Win/Winmeterpreter.txt	BadUSB-FalsePhilosopher	txt	4948
BruceBAD/BadUSB-FalsePhilosopher/Malduino/Library/Win/baronet/passviewer.py	BadUSB-FalsePhilosopher	py	1438
BruceBAD/BadUSB-FalsePhilosopher/Malduino/Library/MACos_Malduino/Library/0010.txt	BadUSB-FalsePhilosopher	txt	429
BruceBAD/BadUSB-FalsePhilosopher/Malduino/Library/MACos_Malduino/Library/0011.txt	BadUSB-FalsePhilosopher	txt	1196
BruceBAD/BadUSB-FalsePhilosopher/Malduino/Library/MACos_Malduino/Library/0001.txt	BadUSB-FalsePhilosopher	txt	214
BruceBAD/BadUSB-FalsePhilosopher/Malduino/Library/MACos_Malduino/Library/0000.txt	BadUSB-FalsePhilosopher	txt	636
BruceBAD/BadUSB-FalsePhilosopher/Malduino/Library/MACos_Malduino/Library/0110.txt	BadUSB-FalsePhilosopher	txt	910
BruceBAD/BadUSB-FalsePhilosopher/Malduino/Library/MACos_Malduino/Library/0111.txt	BadUSB-FalsePhilosopher	txt	391
BruceBAD/BadUSB-FalsePhilosopher/Malduino/Library/MACos_Malduino/Library/windowsJoke.txt	BadUSB-FalsePhilosopher	txt	374
BruceBAD/BadUSB-FalsePhilosopher/Malduino/Library/MACos_Malduino/Library/0101.txt	BadUSB-FalsePhilosopher	txt	1948
BruceBAD/BadUSB-FalsePhilosopher/Malduino/Library/MACos_Malduino/Library/0100.txt	BadUSB-FalsePhilosopher	txt	377
BruceBAD/BadUSB-FalsePhilosopher/Malduino/Library/MACos_Malduino/Library/1011.txt	BadUSB-FalsePhilosopher	txt	786
BruceBAD/BadUSB-FalsePhilosopher/Malduino/Library/MACos_Malduino/Library/1010.txt	BadUSB-FalsePhilosopher	txt	125
BruceBAD/BadUSB-FalsePhilosopher/Malduino/Library/MACos_Malduino/Library/1000.txt	BadUSB-FalsePhilosopher	txt	1168
BruceBAD/BadUSB-FalsePhilosopher/Malduino/Library/MACos_Malduino/Library/1001.txt	BadUSB-FalsePhilosopher	txt	466
BruceBAD/BadUSB-FalsePhilosopher/Malduino/Library/MACos_Malduino/Library/1111.txt	BadUSB-FalsePhilosopher	txt	262
BruceBAD/BadUSB-FalsePhilosopher/Malduino/Library/MACos_Malduino/Library/1110.txt	BadUSB-FalsePhilosopher	txt	574
BruceBAD/BadUSB-FalsePhilosopher/Malduino/Library/MACos_Malduino/Library/1100.txt	BadUSB-FalsePhilosopher	txt	705
BruceBAD/BadUSB-FalsePhilosopher/Malduino/Library/MACos_Malduino/Library/1101.txt	BadUSB-FalsePhilosopher	txt	286
BruceBAD/BadUSB-FalsePhilosopher/BashBunny/config.txt	BadUSB-FalsePhilosopher	txt	84
BruceBAD/BadUSB-FalsePhilosopher/BashBunny/payloads/switch2/payload.txt	BadUSB-FalsePhilosopher	txt	61
BruceBAD/BadUSB-FalsePhilosopher/BashBunny/payloads/library/poc/MacOS_EICAR/payload.txt	BadUSB-FalsePhilosopher	txt	487
BruceBAD/BadUSB-FalsePhilosopher/BashBunny/payloads/library/poc/MacOS_EICAR/eicar.sh	BadUSB-FalsePhilosopher	sh	109
BruceBAD/BadUSB-FalsePhilosopher/BashBunny/payloads/library/general/poc/WIN_PoSH_MorseCode/MorseCodeFileExfiltration.ps1	BadUSB-FalsePhilosopher	ps1	1255
BruceBAD/BadUSB-FalsePhilosopher/BashBunny/payloads/library/general/poc/WIN_PoSH_MorseCode/b.txt	BadUSB-FalsePhilosopher	txt	3240
BruceBAD/BadUSB-FalsePhilosopher/BashBunny/payloads/library/general/poc/WIN_PoSH_MorseCode/payload.txt	BadUSB-FalsePhilosopher	txt	658
BruceBAD/BadUSB-FalsePhilosopher/BashBunny/payloads/library/general/poc/LINUX_HID/payload.txt	BadUSB-FalsePhilosopher	txt	633
BruceBAD/BadUSB-FalsePhilosopher/BashBunny/payloads/library/general/dryClean/payload.txt	BadUSB-FalsePhilosopher	txt	737
BruceBAD/BadUSB-FalsePhilosopher/BashBunny/payloads/library/general/-BB-PineApple/PineApple.txt	BadUSB-FalsePhilosopher	txt	1857
BruceBAD/BadUSB-FalsePhilosopher/BashBunny/payloads/library/general/-BB-PineApple/payload.txt	BadUSB-FalsePhilosopher	txt	444
BruceBAD/BadUSB-FalsePhilosopher/BashBunny/payloads/library/general/ChromeOSDeployment/payload.txt	BadUSB-FalsePhilosopher	txt	3713
BruceBAD/BadUSB-FalsePhilosopher/BashBunny/payloads/library/general/FICBunny/UIBEX.py	BadUSB-FalsePhilosopher	py	4329
BruceBAD/BadUSB-FalsePhilosopher/BashBunny/payloads/library/general/FICBunny/payload.txt	BadUSB-FalsePhilosopher	txt	6804
BruceBAD/BadUSB-FalsePhilosopher/BashBunny/payloads/library/general/bluetooth-geofence-profiler/payload.txt	BadUSB-FalsePhilosopher	txt	771
BruceBAD/BadUSB-FalsePhilosopher/BashBunny/payloads/library/general/Revolver_BLE-Controlled-Attacks/payload.txt	BadUSB-FalsePhilosopher	txt	6368
BruceBAD/BadUSB-FalsePhilosopher/BashBunny/payloads/library/general/Single-Character-Quacker/payload.txt	BadUSB-FalsePhilosopher	txt	426
BruceBAD/BadUSB-FalsePhilosopher/BashBunny/payloads/library/general/-BB-Subscribe/Subscribe.ps1	BadUSB-FalsePhilosopher	ps1	3807
BruceBAD/BadUSB-FalsePhilosopher/BashBunny/payloads/library/general/-BB-Subscribe/payload.txt	BadUSB-FalsePhilosopher	txt	537
BruceBAD/BadUSB-FalsePhilosopher/BashBunny/payloads/library/general/BashBunny_Manager/payload.txt	BadUSB-FalsePhilosopher	txt	752
BruceBAD/BadUSB-FalsePhilosopher/BashBunny/payloads/library/general/BashBunny_Manager/panel/main.py	BadUSB-FalsePhilosopher	py	4653
BruceBAD/BadUSB-FalsePhilosopher/BashBunny/payloads/library/general/BashBunny_Manager/panel/shutdown.sh	BadUSB-FalsePhilosopher	sh	28
BruceBAD/BadUSB-FalsePhilosopher/BashBunny/payloads/library/general/BashBunny_Manager/panel/sites/index.py	BadUSB-FalsePhilosopher	py	8588
BruceBAD/BadUSB-FalsePhilosopher/BashBunny/payloads/library/general/BashBunny_Manager/panel/sites/users.py	BadUSB-FalsePhilosopher	py	4424
BruceBAD/BadUSB-FalsePhilosopher/BashBunny/payloads/library/general/BashBunny_Manager/panel/sites/shutdown.py	BadUSB-FalsePhilosopher	py	351
BruceBAD/BadUSB-FalsePhilosopher/BashBunny/payloads/library/general/BashBunny_Manager/panel/sites/__init__.py	BadUSB-FalsePhilosopher	py	0
BruceBAD/BadUSB-FalsePhilosopher/BashBunny/payloads/library/general/BashBunny_Manager/panel/sites/languages.py	BadUSB-FalsePhilosopher	py	4930
BruceBAD/BadUSB-FalsePhilosopher/BashBunny/payloads/library/general/BashBunny_Manager/panel/assets/js/feather.min.js	BadUSB-FalsePhilosopher	js	73050
BruceBAD/BadUSB-FalsePhilosopher/BashBunny/payloads/library/general/BashBunny_Manager/panel/assets/js/jquery.dataTables.min.js	BadUSB-FalsePhilosopher	js	84321
BruceBAD/BadUSB-FalsePhilosopher/BashBunny/payloads/library/general/BashBunny_Manager/panel/assets/js/bootstrap.min.js	BadUSB-FalsePhilosopher	js	48944
BruceBAD/BadUSB-FalsePhilosopher/BashBunny/payloads/library/general/BashBunny_Manager/panel/assets/js/popper.min.js	BadUSB-FalsePhilosopher	js	19188
BruceBAD/BadUSB-FalsePhilosopher/BashBunny/payloads/library/general/BashBunny_Manager/panel/assets/js/jquery-slim.min.js	BadUSB-FalsePhilosopher	js	69597
BruceBAD/BadUSB-FalsePhilosopher/BashBunny/payloads/library/general/ALTCODE-DEMO/payload.txt	BadUSB-FalsePhilosopher	txt	13166
BruceBAD/BadUSB-FalsePhilosopher/BashBunny/payloads/library/general/Proxy_Interceptor/SetProxy.ps1	BadUSB-FalsePhilosopher	ps1	662
BruceBAD/BadUSB-FalsePhilosopher/BashBunny/payloads/library/general/Proxy_Interceptor/vars.ps1	BadUSB-FalsePhilosopher	ps1	85
BruceBAD/BadUSB-FalsePhilosopher/BashBunny/payloads/library/general/Proxy_Interceptor/ImportCert.ps1	BadUSB-FalsePhilosopher	ps1	211
BruceBAD/BadUSB-FalsePhilosopher/BashBunny/payloads/library/general/Proxy_Interceptor/payload.txt	BadUSB-FalsePhilosopher	txt	1865
BruceBAD/BadUSB-FalsePhilosopher/BashBunny/payloads/library/general/Pineapple-Connect-Windows/payload.txt	BadUSB-FalsePhilosopher	txt	1202
BruceBAD/BadUSB-FalsePhilosopher/BashBunny/payloads/library/general/Pineapple-Connect-Windows/pconnect.ps1	BadUSB-FalsePhilosopher	ps1	1506
BruceBAD/BadUSB-FalsePhilosopher/BashBunny/payloads/library/general/InfiniteControl/payload.txt	BadUSB-FalsePhilosopher	txt	1418
BruceBAD/BadUSB-FalsePhilosopher/BashBunny/payloads/library/general/Bluetooth2/payload.txt	BadUSB-FalsePhilosopher	txt	1252
BruceBAD/BadUSB-FalsePhilosopher/BashBunny/payloads/library/general/ALTCODE-TRANSCODER/img.txt	BadUSB-FalsePhilosopher	txt	2139
BruceBAD/BadUSB-FalsePhilosopher/BashBunny/payloads/library/general/ALTCODE-TRANSCODER/payload.txt	BadUSB-FalsePhilosopher	txt	1601
BruceBAD/BadUSB-FalsePhilosopher/BashBunny/payloads/library/general/ALTCODE-TRANSCODER/art2bunny.py	BadUSB-FalsePhilosopher	py	1316
BruceBAD/BadUSB-FalsePhilosopher/BashBunny/payloads/library/general/ALTCODE-TRANSCODER/ansiDict.txt	BadUSB-FalsePhilosopher	txt	766
BruceBAD/BadUSB-FalsePhilosopher/BashBunny/payloads/library/general/GitBunnyGit/payload.txt	BadUSB-FalsePhilosopher	txt	2703
BruceBAD/BadUSB-FalsePhilosopher/BashBunny/payloads/library/general/Windows_NIC_Sharing/server.py	BadUSB-FalsePhilosopher	py	1810
BruceBAD/BadUSB-FalsePhilosopher/BashBunny/payloads/library/general/Windows_NIC_Sharing/p.ps1	BadUSB-FalsePhilosopher	ps1	2958
BruceBAD/BadUSB-FalsePhilosopher/BashBunny/payloads/library/general/Windows_NIC_Sharing/payload.txt	BadUSB-FalsePhilosopher	txt	1936
BruceBAD/BadUSB-FalsePhilosopher/BashBunny/payloads/library/general/ExecutableInstaller/i.vbs	BadUSB-FalsePhilosopher	vbs	78
BruceBAD/BadUSB-FalsePhilosopher/BashBunny/payloads/library/general/ExecutableInstaller/payload.txt	BadUSB-FalsePhilosopher	txt	658
BruceBAD/BadUSB-FalsePhilosopher/BashBunny/payloads/library/general/key-code-spammer/payload.txt	BadUSB-FalsePhilosopher	txt	198
BruceBAD/BadUSB-FalsePhilosopher/BashBunny/payloads/library/general/DuckyTemplate/payload.txt	BadUSB-FalsePhilosopher	txt	367
BruceBAD/BadUSB-FalsePhilosopher/BashBunny/payloads/library/general/DuckyTemplate/ducky_script.txt	BadUSB-FalsePhilosopher	txt	148
BruceBAD/BadUSB-FalsePhilosopher/BashBunny/payloads/library/general/BlueTeamPCAudit/1.ps1	BadUSB-FalsePhilosopher	ps1	2459
BruceBAD/BadUSB-FalsePhilosopher/BashBunny/payloads/library/general/BlueTeamPCAudit/payload.txt	BadUSB-FalsePhilosopher	txt	758
BruceBAD/BadUSB-FalsePhilosopher/BashBunny/payloads/library/general/Win_PoSH_RandomVid/payload.txt	BadUSB-FalsePhilosopher	txt	813
BruceBAD/BadUSB-FalsePhilosopher/BashBunny/payloads/library/prank/ncage/win.txt	BadUSB-FalsePhilosopher	txt	533
BruceBAD/BadUSB-FalsePhilosopher/BashBunny/payloads/library/prank/ncage/osx.txt	BadUSB-FalsePhilosopher	txt	828
BruceBAD/BadUSB-FalsePhilosopher/BashBunny/payloads/library/prank/ncage/payload.txt	BadUSB-FalsePhilosopher	txt	829
BruceBAD/BadUSB-FalsePhilosopher/BashBunny/payloads/library/prank/NiceShutdown/payload.txt	BadUSB-FalsePhilosopher	txt	990
BruceBAD/BadUSB-FalsePhilosopher/BashBunny/payloads/library/prank/-BB-Rage-PopUps/Rage-PopUps.ps1	BadUSB-FalsePhilosopher	ps1	4658
BruceBAD/BadUSB-FalsePhilosopher/BashBunny/payloads/library/prank/-BB-Rage-PopUps/payload.txt	BadUSB-FalsePhilosopher	txt	573
BruceBAD/BadUSB-FalsePhilosopher/BashBunny/payloads/library/prank/cross_platform_lockout/payload.txt	BadUSB-FalsePhilosopher	txt	439
BruceBAD/BadUSB-FalsePhilosopher/BashBunny/payloads/library/prank/-BB-JumpScare/JumpScare.ps1	BadUSB-FalsePhilosopher	ps1	9156
BruceBAD/BadUSB-FalsePhilosopher/BashBunny/payloads/library/prank/-BB-JumpScare/payload.txt	BadUSB-FalsePhilosopher	txt	864
BruceBAD/BadUSB-FalsePhilosopher/BashBunny/payloads/library/prank/WallpaperChanger/s.ps1	BadUSB-FalsePhilosopher	ps1	371
BruceBAD/BadUSB-FalsePhilosopher/BashBunny/payloads/library/prank/WallpaperChanger/payload.txt	BadUSB-FalsePhilosopher	txt	1502
BruceBAD/BadUSB-FalsePhilosopher/BashBunny/payloads/library/prank/-BB-Wallpaper-Troll/Wallpaper-Troll.ps1	BadUSB-FalsePhilosopher	ps1	15111
BruceBAD/BadUSB-FalsePhilosopher/BashBunny/payloads/library/prank/-BB-Wallpaper-Troll/payload.txt	BadUSB-FalsePhilosopher	txt	853
BruceBAD/BadUSB-FalsePhilosopher/BashBunny/payloads/library/prank/-BB-We-Found-You/payload.txt	BadUSB-FalsePhilosopher	txt	834
BruceBAD/BadUSB-FalsePhilosopher/BashBunny/payloads/library/prank/-BB-We-Found-You/found-you.ps1	BadUSB-FalsePhilosopher	ps1	7634
BruceBAD/BadUSB-FalsePhilosopher/BashBunny/payloads/library/prank/Ascii-Prank/payload.txt	BadUSB-FalsePhilosopher	txt	231
BruceBAD/BadUSB-FalsePhilosopher/BashBunny/payloads/library/prank/DesktopFlood/payload.txt	BadUSB-FalsePhilosopher	txt	806
BruceBAD/BadUSB-FalsePhilosopher/BashBunny/payloads/library/prank/Bunny-Flip/payload.txt	BadUSB-FalsePhilosopher	txt	636
BruceBAD/BadUSB-FalsePhilosopher/BashBunny/payloads/library/prank/Win_PoSh_HiThere/payload.txt	BadUSB-FalsePhilosopher	txt	1010
BruceBAD/BadUSB-FalsePhilosopher/BashBunny/payloads/library/prank/ScreenSaver_FuNNN_b-b/payload.txt	BadUSB-FalsePhilosopher	txt	2297
BruceBAD/BadUSB-FalsePhilosopher/BashBunny/payloads/library/prank/Photo-Booth-Ugly-Prank/payload.txt	BadUSB-FalsePhilosopher	txt	725
BruceBAD/BadUSB-FalsePhilosopher/BashBunny/payloads/library/prank/wallpaper-changer-of-doom/payload.txt	BadUSB-FalsePhilosopher	txt	437
BruceBAD/BadUSB-FalsePhilosopher/BashBunny/payloads/library/prank/Win_PoSH_ExcelQRRickroll/QRcode.ps1	BadUSB-FalsePhilosopher	ps1	12336
BruceBAD/BadUSB-FalsePhilosopher/BashBunny/payloads/library/prank/Win_PoSH_ExcelQRRickroll/payload.txt	BadUSB-FalsePhilosopher	txt	521
BruceBAD/BadUSB-FalsePhilosopher/BashBunny/payloads/library/prank/hide-startbar/payload.txt	BadUSB-FalsePhilosopher	txt	889
BruceBAD/BadUSB-FalsePhilosopher/BashBunny/payloads/library/prank/Win_PoSH_ReplaceCursor/ps.ps1	BadUSB-FalsePhilosopher	ps1	563
BruceBAD/BadUSB-FalsePhilosopher/BashBunny/payloads/library/prank/Win_PoSH_ReplaceCursor/payload.txt	BadUSB-FalsePhilosopher	txt	478
BruceBAD/BadUSB-FalsePhilosopher/BashBunny/payloads/library/prank/Startup-Message/payload.txt	BadUSB-FalsePhilosopher	txt	607
BruceBAD/BadUSB-FalsePhilosopher/BashBunny/payloads/library/prank/UnifiedRickRoll/payload.txt	BadUSB-FalsePhilosopher	txt	485
BruceBAD/BadUSB-FalsePhilosopher/BashBunny/payloads/library/prank/lockpc/payload.txt	BadUSB-FalsePhilosopher	txt	1487
BruceBAD/BadUSB-FalsePhilosopher/BashBunny/payloads/library/prank/-BB-PS-Draw/PS-Custom-Draw.ps1	BadUSB-FalsePhilosopher	ps1	11892
BruceBAD/BadUSB-FalsePhilosopher/BashBunny/payloads/library/prank/-BB-PS-Draw/PS-Draw.ps1	BadUSB-FalsePhilosopher	ps1	8945
BruceBAD/BadUSB-FalsePhilosopher/BashBunny/payloads/library/prank/-BB-PS-Draw/payload.txt	BadUSB-FalsePhilosopher	txt	916
BruceBAD/BadUSB-FalsePhilosopher/BashBunny/payloads/library/prank/UnifiedRickRollWindows/payload.txt	BadUSB-FalsePhilosopher	txt	924
BruceBAD/BadUSB-FalsePhilosopher/BashBunny/payloads/library/prank/macDesktop/macWallpaper.sh	BadUSB-FalsePhilosopher	sh	999
BruceBAD/BadUSB-FalsePhilosopher/BashBunny/payloads/library/prank/macDesktop/payload.txt	BadUSB-FalsePhilosopher	txt	298
BruceBAD/BadUSB-FalsePhilosopher/BashBunny/payloads/library/prank/cross-platform_continuous_locker/payload.txt	BadUSB-FalsePhilosopher	txt	181
BruceBAD/BadUSB-FalsePhilosopher/BashBunny/payloads/library/prank/-BB-AcidBurn/AcidBurn.ps1	BadUSB-FalsePhilosopher	ps1	25220
BruceBAD/BadUSB-FalsePhilosopher/BashBunny/payloads/library/prank/-BB-AcidBurn/payload.txt	BadUSB-FalsePhilosopher	txt	865
BruceBAD/BadUSB-FalsePhilosopher/BashBunny/payloads/library/prank/Win_HID_BeAPest/payload.txt	BadUSB-FalsePhilosopher	txt	1015
BruceBAD/BadUSB-FalsePhilosopher/BashBunny/payloads/library/prank/Win_PoSH_AnsiSebsCow/payload.txt	BadUSB-FalsePhilosopher	txt	900
BruceBAD/BadUSB-FalsePhilosopher/BashBunny/payloads/library/prank/win93/payload.txt	BadUSB-FalsePhilosopher	txt	2275
BruceBAD/BadUSB-FalsePhilosopher/BashBunny/payloads/library/prank/Win_PoSH_SpinningAround/payload.txt	BadUSB-FalsePhilosopher	txt	994
BruceBAD/BadUSB-FalsePhilosopher/BashBunny/payloads/library/prank/WIN_powershell_ProgressBar-and-Popup/payload.txt	BadUSB-FalsePhilosopher	txt	1743
BruceBAD/BadUSB-FalsePhilosopher/BashBunny/payloads/library/prank/RAZ_ThemeChanger/payload.txt	BadUSB-FalsePhilosopher	txt	1563
BruceBAD/BadUSB-FalsePhilosopher/BashBunny/payloads/library/prank/Win_PoSH_MyPictures2AsciiArt/payload.txt	BadUSB-FalsePhilosopher	txt	843
BruceBAD/BadUSB-FalsePhilosopher/BashBunny/payloads/library/prank/Notepad_fun/payload.txt	BadUSB-FalsePhilosopher	txt	640
BruceBAD/BadUSB-FalsePhilosopher/BashBunny/payloads/library/prank/90sMode/r.ps1	BadUSB-FalsePhilosopher	ps1	4810
BruceBAD/BadUSB-FalsePhilosopher/BashBunny/payloads/library/prank/90sMode/payload.txt	BadUSB-FalsePhilosopher	txt	552
BruceBAD/BadUSB-FalsePhilosopher/BashBunny/payloads/library/Incident_Response/Link_File_analysis/run.ps1	BadUSB-FalsePhilosopher	ps1	1646
BruceBAD/BadUSB-FalsePhilosopher/BashBunny/payloads/library/Incident_Response/Link_File_analysis/payload.txt	BadUSB-FalsePhilosopher	txt	212
BruceBAD/BadUSB-FalsePhilosopher/BashBunny/payloads/library/Incident_Response/Hidden_Images/run.ps1	BadUSB-FalsePhilosopher	ps1	2399
BruceBAD/BadUSB-FalsePhilosopher/BashBunny/payloads/library/Incident_Response/Hidden_Images/payload.txt	BadUSB-FalsePhilosopher	txt	212
BruceBAD/BadUSB-FalsePhilosopher/BashBunny/payloads/library/Incident_Response/-BB-ET-Phone-Home/ET-Phone-Home.ps1	BadUSB-FalsePhilosopher	ps1	7595
BruceBAD/BadUSB-FalsePhilosopher/BashBunny/payloads/library/Incident_Response/-BB-ET-Phone-Home/payload.txt	BadUSB-FalsePhilosopher	txt	579
BruceBAD/BadUSB-FalsePhilosopher/BashBunny/payloads/library/mobile/android/open_url/payload.txt	BadUSB-FalsePhilosopher	txt	439
BruceBAD/BadUSB-FalsePhilosopher/BashBunny/payloads/library/mobile/android/fireytv/payload.txt	BadUSB-FalsePhilosopher	txt	1402
BruceBAD/BadUSB-FalsePhilosopher/BashBunny/payloads/library/execution/Metasploit-Autopwn/payload.txt	BadUSB-FalsePhilosopher	txt	1365
BruceBAD/BadUSB-FalsePhilosopher/BashBunny/payloads/library/execution/mine4me/payload.txt	BadUSB-FalsePhilosopher	txt	1100
BruceBAD/BadUSB-FalsePhilosopher/BashBunny/payloads/library/execution/mine4me/mine4me/payload.sh	BadUSB-FalsePhilosopher	sh	427
BruceBAD/BadUSB-FalsePhilosopher/BashBunny/payloads/library/execution/FileRipper/payload.sh	BadUSB-FalsePhilosopher	sh	938
BruceBAD/BadUSB-FalsePhilosopher/BashBunny/payloads/library/execution/FileRipper/payload.txt	BadUSB-FalsePhilosopher	txt	2036
BruceBAD/BadUSB-FalsePhilosopher/BashBunny/payloads/library/execution/bunnyDOS/payload.txt	BadUSB-FalsePhilosopher	txt	1106
BruceBAD/BadUSB-FalsePhilosopher/BashBunny/payloads/library/execution/bunnyDOS/bunnyDOS/payload.sh	BadUSB-FalsePhilosopher	sh	1282
BruceBAD/BadUSB-FalsePhilosopher/BashBunny/payloads/library/execution/PwnKit_LPE_Compiled/payload.txt	BadUSB-FalsePhilosopher	txt	2229
BruceBAD/BadUSB-FalsePhilosopher/BashBunny/payloads/library/execution/PwnKit_LPE_Compiled/CVE-2021-4034_files/library.c	BadUSB-FalsePhilosopher	c	369
BruceBAD/BadUSB-FalsePhilosopher/BashBunny/payloads/library/execution/PwnKit_LPE_Compiled/CVE-2021-4034_files/exploit.c	BadUSB-FalsePhilosopher	c	320
BruceBAD/BadUSB-FalsePhilosopher/BashBunny/payloads/library/execution/RazerSystemShell/payload.txt	BadUSB-FalsePhilosopher	txt	1269
BruceBAD/BadUSB-FalsePhilosopher/BashBunny/payloads/library/execution/Win_PoSH_SSHServer/payload.txt	BadUSB-FalsePhilosopher	txt	798
BruceBAD/BadUSB-FalsePhilosopher/BashBunny/payloads/library/execution/ATNT/final_stage.ps1	BadUSB-FalsePhilosopher	ps1	121
BruceBAD/BadUSB-FalsePhilosopher/BashBunny/payloads/library/execution/ATNT/stage2.ps1	BadUSB-FalsePhilosopher	ps1	3039
BruceBAD/BadUSB-FalsePhilosopher/BashBunny/payloads/library/execution/ATNT/payload.txt	BadUSB-FalsePhilosopher	txt	2591
BruceBAD/BadUSB-FalsePhilosopher/BashBunny/payloads/library/execution/psh_DownloadExec/p.txt	BadUSB-FalsePhilosopher	txt	190
BruceBAD/BadUSB-FalsePhilosopher/BashBunny/payloads/library/execution/psh_DownloadExec/payload.txt	BadUSB-FalsePhilosopher	txt	1688
BruceBAD/BadUSB-FalsePhilosopher/BashBunny/payloads/library/execution/RAZ_VBScript/listener_ip.txt	BadUSB-FalsePhilosopher	txt	13
BruceBAD/BadUSB-FalsePhilosopher/BashBunny/payloads/library/execution/RAZ_VBScript/listener_port.txt	BadUSB-FalsePhilosopher	txt	4
BruceBAD/BadUSB-FalsePhilosopher/BashBunny/payloads/library/execution/RAZ_VBScript/payload.txt	BadUSB-FalsePhilosopher	txt	1457
BruceBAD/BadUSB-FalsePhilosopher/BashBunny/payloads/library/execution/RAZ_VBScript/a.vbs	BadUSB-FalsePhilosopher	vbs	5427
BruceBAD/BadUSB-FalsePhilosopher/BashBunny/payloads/library/execution/PrintNightmare/juicybit.txt	BadUSB-FalsePhilosopher	txt	168306
BruceBAD/BadUSB-FalsePhilosopher/BashBunny/payloads/library/execution/PrintNightmare/payload.txt	BadUSB-FalsePhilosopher	txt	2478
BruceBAD/BadUSB-FalsePhilosopher/BashBunny/payloads/library/execution/Get-System/payload.ps1	BadUSB-FalsePhilosopher	ps1	1630
BruceBAD/BadUSB-FalsePhilosopher/BashBunny/payloads/library/execution/Get-System/psgetsys.ps1	BadUSB-FalsePhilosopher	ps1	5649
BruceBAD/BadUSB-FalsePhilosopher/BashBunny/payloads/library/execution/Get-System/payload.txt	BadUSB-FalsePhilosopher	txt	1729
BruceBAD/BadUSB-FalsePhilosopher/BashBunny/payloads/library/execution/-BB-Play-WAV/Play-WAV.ps1	BadUSB-FalsePhilosopher	ps1	5791
BruceBAD/BadUSB-FalsePhilosopher/BashBunny/payloads/library/execution/-BB-Play-WAV/payload.txt	BadUSB-FalsePhilosopher	txt	572
BruceBAD/BadUSB-FalsePhilosopher/BashBunny/payloads/library/execution/RevShellBack/payload.txt	BadUSB-FalsePhilosopher	txt	2349
BruceBAD/BadUSB-FalsePhilosopher/BashBunny/payloads/library/execution/DirtyPipe/payload.txt	BadUSB-FalsePhilosopher	txt	1617
BruceBAD/BadUSB-FalsePhilosopher/BashBunny/payloads/library/execution/DirtyPipe/dirtypipe.c	BadUSB-FalsePhilosopher	c	5997
BruceBAD/BadUSB-FalsePhilosopher/BashBunny/payloads/library/execution/PwnKit_LPE/payload.txt	BadUSB-FalsePhilosopher	txt	2206
BruceBAD/BadUSB-FalsePhilosopher/BashBunny/payloads/library/execution/PwnKit_LPE/CVE-2021-4034_files/library.c	BadUSB-FalsePhilosopher	c	369
BruceBAD/BadUSB-FalsePhilosopher/BashBunny/payloads/library/execution/PwnKit_LPE/CVE-2021-4034_files/exploit.c	BadUSB-FalsePhilosopher	c	320
BruceBAD/BadUSB-FalsePhilosopher/BashBunny/payloads/library/execution/-BB-SafeHaven/SafeHaven.txt	BadUSB-FalsePhilosopher	txt	1269
BruceBAD/BadUSB-FalsePhilosopher/BashBunny/payloads/library/execution/-BB-SafeHaven/payload.txt	BadUSB-FalsePhilosopher	txt	460
BruceBAD/BadUSB-FalsePhilosopher/BashBunny/payloads/library/execution/FollinaBunny/payload.txt	BadUSB-FalsePhilosopher	txt	1307
BruceBAD/BadUSB-FalsePhilosopher/BashBunny/payloads/library/execution/exe_UACBypassD&E/payload.txt	BadUSB-FalsePhilosopher	txt	1186
BruceBAD/BadUSB-FalsePhilosopher/BashBunny/payloads/library/execution/exe_UACBypassD&E/a.vbs	BadUSB-FalsePhilosopher	vbs	1079
BruceBAD/BadUSB-FalsePhilosopher/BashBunny/payloads/library/execution/camPeek/switch2/payload.txt	BadUSB-FalsePhilosopher	txt	951
BruceBAD/BadUSB-FalsePhilosopher/BashBunny/payloads/library/execution/camPeek/camPeek/payload.sh	BadUSB-FalsePhilosopher	sh	979
BruceBAD/BadUSB-FalsePhilosopher/BashBunny/payloads/library/execution/camPeek/switch1/payload.txt	BadUSB-FalsePhilosopher	txt	1131
BruceBAD/BadUSB-FalsePhilosopher/BashBunny/payloads/library/execution/ScreenGrab/switch2/payload.txt	BadUSB-FalsePhilosopher	txt	966
BruceBAD/BadUSB-FalsePhilosopher/BashBunny/payloads/library/execution/ScreenGrab/screenGrab/payload.sh	BadUSB-FalsePhilosopher	sh	988
BruceBAD/BadUSB-FalsePhilosopher/BashBunny/payloads/library/execution/ScreenGrab/switch1/payload.txt	BadUSB-FalsePhilosopher	txt	1144
BruceBAD/BadUSB-FalsePhilosopher/BashBunny/payloads/library/execution/-BB-UrAttaControl/UrAttaControl.txt	BadUSB-FalsePhilosopher	txt	1481
BruceBAD/BadUSB-FalsePhilosopher/BashBunny/payloads/library/execution/-BB-UrAttaControl/payload.txt	BadUSB-FalsePhilosopher	txt	464
BruceBAD/BadUSB-FalsePhilosopher/BashBunny/payloads/library/execution/ShellExec/hook.js	BadUSB-FalsePhilosopher	js	58
BruceBAD/BadUSB-FalsePhilosopher/BashBunny/payloads/library/execution/ShellExec/evil.sh	BadUSB-FalsePhilosopher	sh	177
BruceBAD/BadUSB-FalsePhilosopher/BashBunny/payloads/library/execution/ShellExec/payload.txt	BadUSB-FalsePhilosopher	txt	1127
BruceBAD/BadUSB-FalsePhilosopher/BashBunny/payloads/library/execution/psh_DownloadExecSMB/p.txt	BadUSB-FalsePhilosopher	txt	189
BruceBAD/BadUSB-FalsePhilosopher/BashBunny/payloads/library/execution/psh_DownloadExecSMB/payload.txt	BadUSB-FalsePhilosopher	txt	2495
BruceBAD/BadUSB-FalsePhilosopher/BashBunny/payloads/library/execution/StickyBunny/payload.txt	BadUSB-FalsePhilosopher	txt	1145
BruceBAD/BadUSB-FalsePhilosopher/BashBunny/payloads/library/exfiltration/Win_PoSH_ReadItOut/payload.txt	BadUSB-FalsePhilosopher	txt	573
BruceBAD/BadUSB-FalsePhilosopher/BashBunny/payloads/library/exfiltration/intel/intel.sh	BadUSB-FalsePhilosopher	sh	3442
BruceBAD/BadUSB-FalsePhilosopher/BashBunny/payloads/library/exfiltration/intel/payload.txt	BadUSB-FalsePhilosopher	txt	1107
BruceBAD/BadUSB-FalsePhilosopher/BashBunny/payloads/library/exfiltration/FileInfoExfil/p.ps1	BadUSB-FalsePhilosopher	ps1	1332
BruceBAD/BadUSB-FalsePhilosopher/BashBunny/payloads/library/exfiltration/FileInfoExfil/payload.txt	BadUSB-FalsePhilosopher	txt	1140
BruceBAD/BadUSB-FalsePhilosopher/BashBunny/payloads/library/exfiltration/FileInfoExfil/ducky_script.txt	BadUSB-FalsePhilosopher	txt	265
BruceBAD/BadUSB-FalsePhilosopher/BashBunny/payloads/library/exfiltration/simple-usb-extractor/i.vbs	BadUSB-FalsePhilosopher	vbs	79
BruceBAD/BadUSB-FalsePhilosopher/BashBunny/payloads/library/exfiltration/simple-usb-extractor/payload.txt	BadUSB-FalsePhilosopher	txt	268
BruceBAD/BadUSB-FalsePhilosopher/BashBunny/payloads/library/exfiltration/Powershell_TCP_Extractor/copyMoveData.ps1	BadUSB-FalsePhilosopher	ps1	1526
BruceBAD/BadUSB-FalsePhilosopher/BashBunny/payloads/library/exfiltration/Powershell_TCP_Extractor/payload.txt	BadUSB-FalsePhilosopher	txt	519
BruceBAD/BadUSB-FalsePhilosopher/BashBunny/payloads/library/exfiltration/optical-exfiltration/payload.txt	BadUSB-FalsePhilosopher	txt	1582
BruceBAD/BadUSB-FalsePhilosopher/BashBunny/payloads/library/exfiltration/dropbox-exfiltrator/exfil.ps1	BadUSB-FalsePhilosopher	ps1	1692
BruceBAD/BadUSB-FalsePhilosopher/BashBunny/payloads/library/exfiltration/dropbox-exfiltrator/payload.txt	BadUSB-FalsePhilosopher	txt	406
BruceBAD/BadUSB-FalsePhilosopher/BashBunny/payloads/library/exfiltration/WIN_PoSH_HKU_RegBackUp/payload.txt	BadUSB-FalsePhilosopher	txt	739
BruceBAD/BadUSB-FalsePhilosopher/BashBunny/payloads/library/exfiltration/browserData/Get-BrowserData.ps1	BadUSB-FalsePhilosopher	ps1	8467
BruceBAD/BadUSB-FalsePhilosopher/BashBunny/payloads/library/exfiltration/browserData/payload.txt	BadUSB-FalsePhilosopher	txt	1137
BruceBAD/BadUSB-FalsePhilosopher/BashBunny/payloads/library/exfiltration/WIN_PoSH_SaveSecurityHive/payload.txt	BadUSB-FalsePhilosopher	txt	569
BruceBAD/BadUSB-FalsePhilosopher/BashBunny/payloads/library/exfiltration/smb_exfiltrator/s.ps1	BadUSB-FalsePhilosopher	ps1	443
BruceBAD/BadUSB-FalsePhilosopher/BashBunny/payloads/library/exfiltration/smb_exfiltrator/payload.txt	BadUSB-FalsePhilosopher	txt	2987
BruceBAD/BadUSB-FalsePhilosopher/BashBunny/payloads/library/exfiltration/SmacAndGrab/payload.txt	BadUSB-FalsePhilosopher	txt	2387
BruceBAD/BadUSB-FalsePhilosopher/BashBunny/payloads/library/exfiltration/BlackBackup/payload.txt	BadUSB-FalsePhilosopher	txt	1345
BruceBAD/BadUSB-FalsePhilosopher/BashBunny/payloads/library/exfiltration/BlackBackup/credentials.ps1	BadUSB-FalsePhilosopher	ps1	20925
BruceBAD/BadUSB-FalsePhilosopher/BashBunny/payloads/library/exfiltration/WifiSnatch/exfil.txt	BadUSB-FalsePhilosopher	txt	437
BruceBAD/BadUSB-FalsePhilosopher/BashBunny/payloads/library/exfiltration/WifiSnatch/payload.txt	BadUSB-FalsePhilosopher	txt	824
BruceBAD/BadUSB-FalsePhilosopher/BashBunny/payloads/library/exfiltration/keecopy/payload.txt	BadUSB-FalsePhilosopher	txt	2385
BruceBAD/BadUSB-FalsePhilosopher/BashBunny/payloads/library/exfiltration/USB_Exfil_with_Fake_Update _and_force-reboot/i.vbs	BadUSB-FalsePhilosopher	vbs	79
BruceBAD/BadUSB-FalsePhilosopher/BashBunny/payloads/library/exfiltration/USB_Exfil_with_Fake_Update _and_force-reboot/payload.txt	BadUSB-FalsePhilosopher	txt	401
BruceBAD/BadUSB-FalsePhilosopher/BashBunny/payloads/library/exfiltration/TwoStageMac/payload.txt	BadUSB-FalsePhilosopher	txt	1074
BruceBAD/BadUSB-FalsePhilosopher/BashBunny/payloads/library/exfiltration/TwoStageMac/second-stage.sh	BadUSB-FalsePhilosopher	sh	1280
BruceBAD/BadUSB-FalsePhilosopher/BashBunny/payloads/library/exfiltration/SmartFileExtract_Exfiltrator/i.vbs	BadUSB-FalsePhilosopher	vbs	78
BruceBAD/BadUSB-FalsePhilosopher/BashBunny/payloads/library/exfiltration/SmartFileExtract_Exfiltrator/payload.txt	BadUSB-FalsePhilosopher	txt	943
BruceBAD/BadUSB-FalsePhilosopher/BashBunny/payloads/library/exfiltration/SmartFileExtract_Exfiltrator/setup.txt	BadUSB-FalsePhilosopher	txt	1159
BruceBAD/BadUSB-FalsePhilosopher/BashBunny/payloads/library/exfiltration/usb_exfiltrator/i.vbs	BadUSB-FalsePhilosopher	vbs	79
BruceBAD/BadUSB-FalsePhilosopher/BashBunny/payloads/library/exfiltration/usb_exfiltrator/payload.txt	BadUSB-FalsePhilosopher	txt	582
BruceBAD/BadUSB-FalsePhilosopher/BashBunny/payloads/library/exfiltration/MacPDFExfil/payload.txt	BadUSB-FalsePhilosopher	txt	700
BruceBAD/BadUSB-FalsePhilosopher/BashBunny/payloads/library/exfiltration/imagesOfYore/payload.txt	BadUSB-FalsePhilosopher	txt	999
BruceBAD/BadUSB-FalsePhilosopher/BashBunny/payloads/library/exfiltration/imagesOfYore/imagesOfYore/payload.sh	BadUSB-FalsePhilosopher	sh	340
BruceBAD/BadUSB-FalsePhilosopher/BashBunny/payloads/library/exfiltration/SanDisk-Wireless-Stick_Exfiltration/payload.ps1	BadUSB-FalsePhilosopher	ps1	5091
BruceBAD/BadUSB-FalsePhilosopher/BashBunny/payloads/library/exfiltration/SanDisk-Wireless-Stick_Exfiltration/payload.txt	BadUSB-FalsePhilosopher	txt	1802
BruceBAD/BadUSB-FalsePhilosopher/BashBunny/payloads/library/exfiltration/HiveNightmare/stage2.ps1	BadUSB-FalsePhilosopher	ps1	1105
BruceBAD/BadUSB-FalsePhilosopher/BashBunny/payloads/library/exfiltration/HiveNightmare/payload.txt	BadUSB-FalsePhilosopher	txt	1449
BruceBAD/BadUSB-FalsePhilosopher/BashBunny/payloads/library/exfiltration/ftp_exfiltrator/1.ps1	BadUSB-FalsePhilosopher	ps1	3005
BruceBAD/BadUSB-FalsePhilosopher/BashBunny/payloads/library/exfiltration/ftp_exfiltrator/payload.txt	BadUSB-FalsePhilosopher	txt	725
BruceBAD/BadUSB-FalsePhilosopher/BashBunny/payloads/library/exfiltration/BLE_EXFIL_DEMO/payload.txt	BadUSB-FalsePhilosopher	txt	915
BruceBAD/BadUSB-FalsePhilosopher/BashBunny/payloads/library/exfiltration/SmartDataThief_Exfiltrator/verify.bat	BadUSB-FalsePhilosopher	bat	549
BruceBAD/BadUSB-FalsePhilosopher/BashBunny/payloads/library/exfiltration/SmartDataThief_Exfiltrator/payload.txt	BadUSB-FalsePhilosopher	txt	3565
BruceBAD/BadUSB-FalsePhilosopher/BashBunny/payloads/library/exfiltration/Win_HID_BackupKeyManager/payload.txt	BadUSB-FalsePhilosopher	txt	1279
BruceBAD/BadUSB-FalsePhilosopher/BashBunny/payloads/library/phishing/Captiveportal/payload.txt	BadUSB-FalsePhilosopher	txt	1234
BruceBAD/BadUSB-FalsePhilosopher/BashBunny/payloads/library/phishing/fake-sudo/sudo-phishing.sh	BadUSB-FalsePhilosopher	sh	1198
BruceBAD/BadUSB-FalsePhilosopher/BashBunny/payloads/library/phishing/fake-sudo/payload.txt	BadUSB-FalsePhilosopher	txt	1593
BruceBAD/BadUSB-FalsePhilosopher/BashBunny/payloads/library/phishing/windows10_fakelogonscreen/payload.txt	BadUSB-FalsePhilosopher	txt	3322
BruceBAD/BadUSB-FalsePhilosopher/BashBunny/payloads/library/phishing/windows10_fakelogonscreen/phishing_files/assets/js/dispatch.js	BadUSB-FalsePhilosopher	js	255
BruceBAD/BadUSB-FalsePhilosopher/BashBunny/payloads/library/phishing/windows10_fakelogonscreen/phishing_files/assets/js/rightclick.js	BadUSB-FalsePhilosopher	js	111
BruceBAD/BadUSB-FalsePhilosopher/BashBunny/payloads/library/phishing/windows10_fakelogonscreen/phishing_files/assets/js/randomwall.js	BadUSB-FalsePhilosopher	js	314
BruceBAD/BadUSB-FalsePhilosopher/BashBunny/payloads/library/phishing/windows10_fakelogonscreen/phishing_files/assets/js/fullscreen.js	BadUSB-FalsePhilosopher	js	317
BruceBAD/BadUSB-FalsePhilosopher/BashBunny/payloads/library/phishing/windows_browser-in-the-browser/payload.ps1	BadUSB-FalsePhilosopher	ps1	2355
BruceBAD/BadUSB-FalsePhilosopher/BashBunny/payloads/library/phishing/windows_browser-in-the-browser/payload.txt	BadUSB-FalsePhilosopher	txt	2776
BruceBAD/BadUSB-FalsePhilosopher/BashBunny/payloads/library/phishing/windows_browser-in-the-browser/phishing_files/assets/js/dispatch.js	BadUSB-FalsePhilosopher	js	509
BruceBAD/BadUSB-FalsePhilosopher/BashBunny/payloads/library/phishing/windows_browser-in-the-browser/phishing_files/assets/js/actions.js	BadUSB-FalsePhilosopher	js	555
BruceBAD/BadUSB-FalsePhilosopher/BashBunny/payloads/library/phishing/windows_browser-in-the-browser/phishing_files/assets/libraries/jquery-ui.min.js	BadUSB-FalsePhilosopher	js	254921
BruceBAD/BadUSB-FalsePhilosopher/BashBunny/payloads/library/phishing/windows_browser-in-the-browser/phishing_files/assets/libraries/jquery-3.6.0.min.js	BadUSB-FalsePhilosopher	js	89501
BruceBAD/BadUSB-FalsePhilosopher/BashBunny/payloads/library/phishing/MacPhish/payload.txt	BadUSB-FalsePhilosopher	txt	1200
BruceBAD/BadUSB-FalsePhilosopher/BashBunny/payloads/library/phishing/Powershell_Local_DNS_Poisoning/payload.txt	BadUSB-FalsePhilosopher	txt	1678
BruceBAD/BadUSB-FalsePhilosopher/BashBunny/payloads/library/phishing/Local_DNS_Poisoning/payload.txt	BadUSB-FalsePhilosopher	txt	507
BruceBAD/BadUSB-FalsePhilosopher/BashBunny/payloads/library/phishing/dns_poisoning_mac/payload.txt	BadUSB-FalsePhilosopher	txt	379
BruceBAD/BadUSB-FalsePhilosopher/BashBunny/payloads/library/remote_access/NothingLess/payload.txt	BadUSB-FalsePhilosopher	txt	884
BruceBAD/BadUSB-FalsePhilosopher/BashBunny/payloads/library/remote_access/Win_x64_JS_Rev_Meter/payload.txt	BadUSB-FalsePhilosopher	txt	26877
BruceBAD/BadUSB-FalsePhilosopher/BashBunny/payloads/library/remote_access/WindowsPersistentReverseShell/run.ps1	BadUSB-FalsePhilosopher	ps1	879
BruceBAD/BadUSB-FalsePhilosopher/BashBunny/payloads/library/remote_access/WindowsPersistentReverseShell/persistence.vbs	BadUSB-FalsePhilosopher	vbs	191
BruceBAD/BadUSB-FalsePhilosopher/BashBunny/payloads/library/remote_access/WindowsPersistentReverseShell/payload.txt	BadUSB-FalsePhilosopher	txt	656
BruceBAD/BadUSB-FalsePhilosopher/BashBunny/payloads/library/remote_access/ReverseBunny/payload.txt	BadUSB-FalsePhilosopher	txt	1757
BruceBAD/BadUSB-FalsePhilosopher/BashBunny/payloads/library/remote_access/Unicorn_PowerShell_Injection/payload.txt	BadUSB-FalsePhilosopher	txt	255
BruceBAD/BadUSB-FalsePhilosopher/BashBunny/payloads/library/remote_access/win_winrm-backdoor/payload.txt	BadUSB-FalsePhilosopher	txt	3430
BruceBAD/BadUSB-FalsePhilosopher/BashBunny/payloads/library/remote_access/Hershell_MacLinuxWindows_ReverseShell/payload.txt	BadUSB-FalsePhilosopher	txt	3668
BruceBAD/BadUSB-FalsePhilosopher/BashBunny/payloads/library/remote_access/LinuxPreter/payload.sh	BadUSB-FalsePhilosopher	sh	914
BruceBAD/BadUSB-FalsePhilosopher/BashBunny/payloads/library/remote_access/LinuxPreter/payload.txt	BadUSB-FalsePhilosopher	txt	1108
BruceBAD/BadUSB-FalsePhilosopher/BashBunny/payloads/library/remote_access/RAZ_ReverseShell/listener_ip.txt	BadUSB-FalsePhilosopher	txt	13
BruceBAD/BadUSB-FalsePhilosopher/BashBunny/payloads/library/remote_access/RAZ_ReverseShell/listener_port.txt	BadUSB-FalsePhilosopher	txt	4
BruceBAD/BadUSB-FalsePhilosopher/BashBunny/payloads/library/remote_access/RAZ_ReverseShell/payload.ps1	BadUSB-FalsePhilosopher	ps1	744
BruceBAD/BadUSB-FalsePhilosopher/BashBunny/payloads/library/remote_access/RAZ_ReverseShell/payload.txt	BadUSB-FalsePhilosopher	txt	4359
BruceBAD/BadUSB-FalsePhilosopher/BashBunny/payloads/library/remote_access/RDP-Enable/p.ps1	BadUSB-FalsePhilosopher	ps1	2660
BruceBAD/BadUSB-FalsePhilosopher/BashBunny/payloads/library/remote_access/RDP-Enable/payload.txt	BadUSB-FalsePhilosopher	txt	948
BruceBAD/BadUSB-FalsePhilosopher/BashBunny/payloads/library/remote_access/ReverseBunnySSL/RBSSL.ps1	BadUSB-FalsePhilosopher	ps1	48426
BruceBAD/BadUSB-FalsePhilosopher/BashBunny/payloads/library/remote_access/ReverseBunnySSL/payload.txt	BadUSB-FalsePhilosopher	txt	967
BruceBAD/BadUSB-FalsePhilosopher/BashBunny/payloads/library/remote_access/MacReverseShell/payload.txt	BadUSB-FalsePhilosopher	txt	1042
BruceBAD/BadUSB-FalsePhilosopher/BashBunny/payloads/library/remote_access/WindowsMeterpreterStaged/sc.txt	BadUSB-FalsePhilosopher	txt	1199
BruceBAD/BadUSB-FalsePhilosopher/BashBunny/payloads/library/remote_access/WindowsMeterpreterStaged/windows-staged-meterpreter.txt	BadUSB-FalsePhilosopher	txt	263
BruceBAD/BadUSB-FalsePhilosopher/BashBunny/payloads/library/remote_access/WindowsMeterpreterStaged/payload.txt	BadUSB-FalsePhilosopher	txt	1642
BruceBAD/BadUSB-FalsePhilosopher/BashBunny/payloads/library/remote_access/USB_Intruder/undo.bat	BadUSB-FalsePhilosopher	bat	76
BruceBAD/BadUSB-FalsePhilosopher/BashBunny/payloads/library/remote_access/USB_Intruder/payload.txt	BadUSB-FalsePhilosopher	txt	1712
BruceBAD/BadUSB-FalsePhilosopher/BashBunny/payloads/library/remote_access/USB_Intruder/USB_Intruder/seq1.ps1	BadUSB-FalsePhilosopher	ps1	98
BruceBAD/BadUSB-FalsePhilosopher/BashBunny/payloads/library/remote_access/USB_Intruder/USB_Intruder/hide.ps1	BadUSB-FalsePhilosopher	ps1	183
BruceBAD/BadUSB-FalsePhilosopher/BashBunny/payloads/library/remote_access/USB_Intruder/USB_Intruder/UAC.bat	BadUSB-FalsePhilosopher	bat	123
BruceBAD/BadUSB-FalsePhilosopher/BashBunny/payloads/library/remote_access/USB_Intruder/USB_Intruder/shell.bat	BadUSB-FalsePhilosopher	bat	3028
BruceBAD/BadUSB-FalsePhilosopher/BashBunny/payloads/library/remote_access/USB_Intruder/USB_Intruder/eject.ps1	BadUSB-FalsePhilosopher	ps1	235
BruceBAD/BadUSB-FalsePhilosopher/BashBunny/payloads/library/remote_access/PingZhellBunny/payload.txt	BadUSB-FalsePhilosopher	txt	703
BruceBAD/BadUSB-FalsePhilosopher/BashBunny/payloads/library/remote_access/PingZhellBunny/PingZhell.ps1	BadUSB-FalsePhilosopher	ps1	3755
BruceBAD/BadUSB-FalsePhilosopher/BashBunny/payloads/library/remote_access/UndercoverBunny/payload.txt	BadUSB-FalsePhilosopher	txt	1644
BruceBAD/BadUSB-FalsePhilosopher/BashBunny/payloads/library/remote_access/MacPersistentReverseShell/payload.txt	BadUSB-FalsePhilosopher	txt	832
BruceBAD/BadUSB-FalsePhilosopher/BashBunny/payloads/library/remote_access/LinuxReverseShell/payload.txt	BadUSB-FalsePhilosopher	txt	950
BruceBAD/BadUSB-FalsePhilosopher/BashBunny/payloads/library/remote_access/LinuxReverseShell/a.sh	BadUSB-FalsePhilosopher	sh	105
BruceBAD/BadUSB-FalsePhilosopher/BashBunny/payloads/library/remote_access/win_smb-backdoor/payload.txt	BadUSB-FalsePhilosopher	txt	3385
BruceBAD/BadUSB-FalsePhilosopher/BashBunny/payloads/library/remote_access/persistentReverseBunny/payload.txt	BadUSB-FalsePhilosopher	txt	1112
BruceBAD/BadUSB-FalsePhilosopher/BashBunny/payloads/library/remote_access/persistentReverseBunny/persistentReverseBunny/payload.sh	BadUSB-FalsePhilosopher	sh	1392
BruceBAD/BadUSB-FalsePhilosopher/BashBunny/payloads/library/remote_access/RAZ_MacReverseShell/payload.txt	BadUSB-FalsePhilosopher	txt	2569
BruceBAD/BadUSB-FalsePhilosopher/BashBunny/payloads/library/remote_access/SingleSecondShell/payload.txt	BadUSB-FalsePhilosopher	txt	351
BruceBAD/BadUSB-FalsePhilosopher/BashBunny/payloads/library/remote_access/SingleSecondShell/ducky_script.txt	BadUSB-FalsePhilosopher	txt	154
BruceBAD/BadUSB-FalsePhilosopher/BashBunny/payloads/library/recon/sFTP_Directory_Grabber/i.vbs	BadUSB-FalsePhilosopher	vbs	78
BruceBAD/BadUSB-FalsePhilosopher/BashBunny/payloads/library/recon/sFTP_Directory_Grabber/payload.txt	BadUSB-FalsePhilosopher	txt	1281
BruceBAD/BadUSB-FalsePhilosopher/BashBunny/payloads/library/recon/rdp_checker/install.sh	BadUSB-FalsePhilosopher	sh	727
BruceBAD/BadUSB-FalsePhilosopher/BashBunny/payloads/library/recon/rdp_checker/payload.txt	BadUSB-FalsePhilosopher	txt	1403
BruceBAD/BadUSB-FalsePhilosopher/BashBunny/payloads/library/recon/InfoGrabber/run.ps1	BadUSB-FalsePhilosopher	ps1	1238
BruceBAD/BadUSB-FalsePhilosopher/BashBunny/payloads/library/recon/InfoGrabber/info.ps1	BadUSB-FalsePhilosopher	ps1	9703
BruceBAD/BadUSB-FalsePhilosopher/BashBunny/payloads/library/recon/InfoGrabber/payload.txt	BadUSB-FalsePhilosopher	txt	626
BruceBAD/BadUSB-FalsePhilosopher/BashBunny/payloads/library/recon/ProcessInfo/payload.txt	BadUSB-FalsePhilosopher	txt	1030
BruceBAD/BadUSB-FalsePhilosopher/BashBunny/payloads/library/recon/LinuxInfoGrabber/recon.sh	BadUSB-FalsePhilosopher	sh	1233
BruceBAD/BadUSB-FalsePhilosopher/BashBunny/payloads/library/recon/LinuxInfoGrabber/payload.txt	BadUSB-FalsePhilosopher	txt	841
BruceBAD/BadUSB-FalsePhilosopher/BashBunny/payloads/library/recon/Link_File_analysis/run.ps1	BadUSB-FalsePhilosopher	ps1	1646
BruceBAD/BadUSB-FalsePhilosopher/BashBunny/payloads/library/recon/Link_File_analysis/payload.txt	BadUSB-FalsePhilosopher	txt	211
BruceBAD/BadUSB-FalsePhilosopher/BashBunny/payloads/library/recon/MacProfiler/payload.txt	BadUSB-FalsePhilosopher	txt	1370
BruceBAD/BadUSB-FalsePhilosopher/BashBunny/payloads/library/recon/nmapper/payload.txt	BadUSB-FalsePhilosopher	txt	1263
BruceBAD/BadUSB-FalsePhilosopher/BashBunny/payloads/library/recon/Win_PoSH_WordReport/payload.txt	BadUSB-FalsePhilosopher	txt	896
BruceBAD/BadUSB-FalsePhilosopher/BashBunny/payloads/library/recon/Win_PoSH_WordReport/Recon.ps1	BadUSB-FalsePhilosopher	ps1	11243
BruceBAD/BadUSB-FalsePhilosopher/BashBunny/payloads/library/recon/-BB-ADV-Recon/ADV-Recon.ps1	BadUSB-FalsePhilosopher	ps1	20289
BruceBAD/BadUSB-FalsePhilosopher/BashBunny/payloads/library/recon/-BB-ADV-Recon/payload.txt	BadUSB-FalsePhilosopher	txt	561
BruceBAD/BadUSB-FalsePhilosopher/BashBunny/payloads/library/recon/MacGetUsers/payload.txt	BadUSB-FalsePhilosopher	txt	740
BruceBAD/BadUSB-FalsePhilosopher/BashBunny/payloads/library/recon/GetServicePerm/GetServicePerm.ps1	BadUSB-FalsePhilosopher	ps1	366
BruceBAD/BadUSB-FalsePhilosopher/BashBunny/payloads/library/recon/GetServicePerm/payload.txt	BadUSB-FalsePhilosopher	txt	948
BruceBAD/BadUSB-FalsePhilosopher/BashBunny/payloads/library/credentials/WindowsCookies/server.py	BadUSB-FalsePhilosopher	py	879
BruceBAD/BadUSB-FalsePhilosopher/BashBunny/payloads/library/credentials/WindowsCookies/get_facebook_cookies.ps1	BadUSB-FalsePhilosopher	ps1	5342
BruceBAD/BadUSB-FalsePhilosopher/BashBunny/payloads/library/credentials/WindowsCookies/payload.txt	BadUSB-FalsePhilosopher	txt	1001
BruceBAD/BadUSB-FalsePhilosopher/BashBunny/payloads/library/credentials/MacPass/get-pip.py	BadUSB-FalsePhilosopher	py	1886796
BruceBAD/BadUSB-FalsePhilosopher/BashBunny/payloads/library/credentials/MacPass/requirements.txt	BadUSB-FalsePhilosopher	txt	454
BruceBAD/BadUSB-FalsePhilosopher/BashBunny/payloads/library/credentials/MacPass/laZagne.py	BadUSB-FalsePhilosopher	py	9319
BruceBAD/BadUSB-FalsePhilosopher/BashBunny/payloads/library/credentials/MacPass/payload.txt	BadUSB-FalsePhilosopher	txt	916
BruceBAD/BadUSB-FalsePhilosopher/BashBunny/payloads/library/credentials/WifiGrabber/payload.txt	BadUSB-FalsePhilosopher	txt	937
BruceBAD/BadUSB-FalsePhilosopher/BashBunny/payloads/library/credentials/WifiGrabber/ducky_script.txt	BadUSB-FalsePhilosopher	txt	2080
BruceBAD/BadUSB-FalsePhilosopher/BashBunny/payloads/library/credentials/SudoBackdoor/cleaner/payload.txt	BadUSB-FalsePhilosopher	txt	1292
BruceBAD/BadUSB-FalsePhilosopher/BashBunny/payloads/library/credentials/SudoBackdoor/injector/back.sh	BadUSB-FalsePhilosopher	sh	843
BruceBAD/BadUSB-FalsePhilosopher/BashBunny/payloads/library/credentials/SudoBackdoor/injector/payload.txt	BadUSB-FalsePhilosopher	txt	1190
BruceBAD/BadUSB-FalsePhilosopher/BashBunny/payloads/library/credentials/HashDumpBunny/BunnyDump.bat	BadUSB-FalsePhilosopher	bat	8150
BruceBAD/BadUSB-FalsePhilosopher/BashBunny/payloads/library/credentials/HashDumpBunny/payload.txt	BadUSB-FalsePhilosopher	txt	1098
BruceBAD/BadUSB-FalsePhilosopher/BashBunny/payloads/library/credentials/Quickdraw/payload.txt	BadUSB-FalsePhilosopher	txt	1043
BruceBAD/BadUSB-FalsePhilosopher/BashBunny/payloads/library/credentials/Roaster/invoke-kerberoast.ps1	BadUSB-FalsePhilosopher	ps1	25728
BruceBAD/BadUSB-FalsePhilosopher/BashBunny/payloads/library/credentials/Roaster/s.ps1	BadUSB-FalsePhilosopher	ps1	409
BruceBAD/BadUSB-FalsePhilosopher/BashBunny/payloads/library/credentials/Roaster/payload.txt	BadUSB-FalsePhilosopher	txt	1308
BruceBAD/BadUSB-FalsePhilosopher/BashBunny/payloads/library/credentials/DumpCreds/main.ps1	BadUSB-FalsePhilosopher	ps1	4143
BruceBAD/BadUSB-FalsePhilosopher/BashBunny/payloads/library/credentials/DumpCreds/payload.txt	BadUSB-FalsePhilosopher	txt	4856
BruceBAD/BadUSB-FalsePhilosopher/BashBunny/payloads/library/credentials/DumpCreds/PS/Get-FoxDump.ps1	BadUSB-FalsePhilosopher	ps1	32790
BruceBAD/BadUSB-FalsePhilosopher/BashBunny/payloads/library/credentials/DumpCreds/PS/Get-IECreds.ps1	BadUSB-FalsePhilosopher	ps1	836
BruceBAD/BadUSB-FalsePhilosopher/BashBunny/payloads/library/credentials/DumpCreds/PS/Get-Inventory.ps1	BadUSB-FalsePhilosopher	ps1	15202
BruceBAD/BadUSB-FalsePhilosopher/BashBunny/payloads/library/credentials/DumpCreds/PS/Get-ChromeCreds.ps1	BadUSB-FalsePhilosopher	ps1	4076526
BruceBAD/BadUSB-FalsePhilosopher/BashBunny/payloads/library/credentials/DumpCreds/PS/Get-WiFiCreds.ps1	BadUSB-FalsePhilosopher	ps1	1071
BruceBAD/BadUSB-FalsePhilosopher/BashBunny/payloads/library/credentials/DumpCreds/PS/invoke-m1m1k@tz.ps1	BadUSB-FalsePhilosopher	ps1	2190086
BruceBAD/BadUSB-FalsePhilosopher/BashBunny/payloads/library/credentials/DumpCreds/PS/Invoke-PowerDump.ps1	BadUSB-FalsePhilosopher	ps1	22275
BruceBAD/BadUSB-FalsePhilosopher/BashBunny/payloads/library/credentials/SamDumpBunny/payload.txt	BadUSB-FalsePhilosopher	txt	1733
BruceBAD/BadUSB-FalsePhilosopher/BashBunny/payloads/library/credentials/BunnyTap/install.sh	BadUSB-FalsePhilosopher	sh	694
BruceBAD/BadUSB-FalsePhilosopher/BashBunny/payloads/library/credentials/BunnyTap/bunnytap.js	BadUSB-FalsePhilosopher	js	3561
BruceBAD/BadUSB-FalsePhilosopher/BashBunny/payloads/library/credentials/BunnyTap/target_backdoor.js	BadUSB-FalsePhilosopher	js	308
BruceBAD/BadUSB-FalsePhilosopher/BashBunny/payloads/library/credentials/BunnyTap/backend_server.js	BadUSB-FalsePhilosopher	js	2474
BruceBAD/BadUSB-FalsePhilosopher/BashBunny/payloads/library/credentials/BunnyTap/payload.txt	BadUSB-FalsePhilosopher	txt	1044
BruceBAD/BadUSB-FalsePhilosopher/BashBunny/payloads/library/credentials/BunnyTap/alexa1m.sh	BadUSB-FalsePhilosopher	sh	66
BruceBAD/BadUSB-FalsePhilosopher/BashBunny/payloads/library/credentials/BunnyTap/js/ajax.googleapis.com__ajax__libs__dojo__1.7.0__dojo__dojo.js	BadUSB-FalsePhilosopher	js	130741
BruceBAD/BadUSB-FalsePhilosopher/BashBunny/payloads/library/credentials/BunnyTap/js/ajax.googleapis.com__ajax__libs__jqueryui__1.11.2__jquery-ui.min.js	BadUSB-FalsePhilosopher	js	239565
BruceBAD/BadUSB-FalsePhilosopher/BashBunny/payloads/library/credentials/BunnyTap/js/ajax.googleapis.com__ajax__libs__dojo__1.3.1__dojo__dojo.js	BadUSB-FalsePhilosopher	js	81499
BruceBAD/BadUSB-FalsePhilosopher/BashBunny/payloads/library/credentials/BunnyTap/js/ajax.googleapis.com__ajax__libs__jquery__1.6.4__jquery.min.js	BadUSB-FalsePhilosopher	js	91669
BruceBAD/BadUSB-FalsePhilosopher/BashBunny/payloads/library/credentials/BunnyTap/js/ajax.googleapis.com__ajax__libs__mootools__1.4.4__mootools.min.js	BadUSB-FalsePhilosopher	js	1
BruceBAD/BadUSB-FalsePhilosopher/BashBunny/payloads/library/credentials/BunnyTap/js/ajax.googleapis.com__ajax__libs__mootools__1.2.1__mootools.min.js	BadUSB-FalsePhilosopher	js	1
BruceBAD/BadUSB-FalsePhilosopher/BashBunny/payloads/library/credentials/BunnyTap/js/ajax.googleapis.com__ajax__libs__dojo__1.6.3__dojo__dojo.js	BadUSB-FalsePhilosopher	js	91829
BruceBAD/BadUSB-FalsePhilosopher/BashBunny/payloads/library/credentials/BunnyTap/js/ajax.googleapis.com__ajax__libs__webfont__1.5.3__webfont.js	BadUSB-FalsePhilosopher	js	17381
BruceBAD/BadUSB-FalsePhilosopher/BashBunny/payloads/library/credentials/BunnyTap/js/ajax.googleapis.com__ajax__libs__jquery__1.8.1__jquery.min.js	BadUSB-FalsePhilosopher	js	92793
BruceBAD/BadUSB-FalsePhilosopher/BashBunny/payloads/library/credentials/BunnyTap/js/ajax.googleapis.com__ajax__libs__dojo__1.9.5__dojo__dojo.js	BadUSB-FalsePhilosopher	js	118761
BruceBAD/BadUSB-FalsePhilosopher/BashBunny/payloads/library/credentials/BunnyTap/js/ajax.googleapis.com__ajax__libs__angularjs__1.4.2__angular.min.js	BadUSB-FalsePhilosopher	js	145523
BruceBAD/BadUSB-FalsePhilosopher/BashBunny/payloads/library/credentials/BunnyTap/js/ajax.googleapis.com__ajax__libs__dojo__1.8.6__dojo__dojo.js	BadUSB-FalsePhilosopher	js	116445
BruceBAD/BadUSB-FalsePhilosopher/BashBunny/payloads/library/credentials/BunnyTap/js/ajax.googleapis.com__ajax__libs__angularjs__1.2.22__angular.min.js	BadUSB-FalsePhilosopher	js	106898
BruceBAD/BadUSB-FalsePhilosopher/BashBunny/payloads/library/credentials/BunnyTap/js/ajax.googleapis.com__ajax__libs__spf__2.0.1__spf.js	BadUSB-FalsePhilosopher	js	29587
BruceBAD/BadUSB-FalsePhilosopher/BashBunny/payloads/library/credentials/BunnyTap/js/ajax.googleapis.com__ajax__libs__angularjs__1.0.5__angular.min.js	BadUSB-FalsePhilosopher	js	80009
BruceBAD/BadUSB-FalsePhilosopher/BashBunny/payloads/library/credentials/BunnyTap/js/ajax.googleapis.com__ajax__libs__jqueryui__1.10.2__jquery-ui.min.js	BadUSB-FalsePhilosopher	js	228003
BruceBAD/BadUSB-FalsePhilosopher/BashBunny/payloads/library/credentials/BunnyTap/js/ajax.googleapis.com__ajax__libs__angularjs__1.3.15__angular.min.js	BadUSB-FalsePhilosopher	js	125910
BruceBAD/BadUSB-FalsePhilosopher/BashBunny/payloads/library/credentials/BunnyTap/js/ajax.googleapis.com__ajax__libs__angular_material__0.11.2__angular-material.min.js	BadUSB-FalsePhilosopher	js	270770
BruceBAD/BadUSB-FalsePhilosopher/BashBunny/payloads/library/credentials/BunnyTap/js/ajax.googleapis.com__ajax__libs__prototype__1.7.3.0__prototype.js	BadUSB-FalsePhilosopher	js	199804
BruceBAD/BadUSB-FalsePhilosopher/BashBunny/payloads/library/credentials/BunnyTap/js/ajax.googleapis.com__ajax__libs__jquerymobile__1.4.5__jquery.mobile.min.js	BadUSB-FalsePhilosopher	js	200138
BruceBAD/BadUSB-FalsePhilosopher/BashBunny/payloads/library/credentials/BunnyTap/js/ajax.googleapis.com__ajax__libs__angularjs__1.3.4__angular.min.js	BadUSB-FalsePhilosopher	js	124671
BruceBAD/BadUSB-FalsePhilosopher/BashBunny/payloads/library/credentials/BunnyTap/js/ajax.googleapis.com__ajax__libs__dojo__1.7.8__dojo__dojo.js	BadUSB-FalsePhilosopher	js	103761
BruceBAD/BadUSB-FalsePhilosopher/BashBunny/payloads/library/credentials/BunnyTap/js/ajax.googleapis.com__ajax__libs__jquery__1.7.0__jquery.min.js	BadUSB-FalsePhilosopher	js	94021
BruceBAD/BadUSB-FalsePhilosopher/BashBunny/payloads/library/credentials/BunnyTap/js/ajax.googleapis.com__ajax__libs__jquery__1.3.1__jquery.min.js	BadUSB-FalsePhilosopher	js	55273
BruceBAD/BadUSB-FalsePhilosopher/BashBunny/payloads/library/credentials/BunnyTap/js/ajax.googleapis.com__ajax__libs__angularjs__1.2.3__angular.min.js	BadUSB-FalsePhilosopher	js	99721
BruceBAD/BadUSB-FalsePhilosopher/BashBunny/payloads/library/credentials/BunnyTap/js/ajax.googleapis.com__ajax__libs__jquery__1.6.3__jquery.min.js	BadUSB-FalsePhilosopher	js	91627
BruceBAD/BadUSB-FalsePhilosopher/BashBunny/payloads/library/credentials/BunnyTap/js/ajax.googleapis.com__ajax__libs__angularjs__1.2.10__angular.min.js	BadUSB-FalsePhilosopher	js	100086
BruceBAD/BadUSB-FalsePhilosopher/BashBunny/payloads/library/credentials/BunnyTap/js/ajax.googleapis.com__ajax__libs__dojo__1.7.7__dojo__dojo.js	BadUSB-FalsePhilosopher	js	103761
BruceBAD/BadUSB-FalsePhilosopher/BashBunny/payloads/library/credentials/BunnyTap/js/ajax.googleapis.com__ajax__libs__dojo__1.8.1__dojo__dojo.js	BadUSB-FalsePhilosopher	js	114994
BruceBAD/BadUSB-FalsePhilosopher/BashBunny/payloads/library/credentials/BunnyTap/js/ajax.googleapis.com__ajax__libs__jquery__1.11.1__jquery.min.js	BadUSB-FalsePhilosopher	js	95787
BruceBAD/BadUSB-FalsePhilosopher/BashBunny/payloads/library/credentials/BunnyTap/js/ajax.googleapis.com__ajax__libs__dojo__1.10.2__dojo__dojo.js	BadUSB-FalsePhilosopher	js	120796
BruceBAD/BadUSB-FalsePhilosopher/BashBunny/payloads/library/credentials/BunnyTap/js/ajax.googleapis.com__ajax__libs__threejs__r68__three.min.js	BadUSB-FalsePhilosopher	js	424408
BruceBAD/BadUSB-FalsePhilosopher/BashBunny/payloads/library/credentials/BunnyTap/js/ajax.googleapis.com__ajax__libs__dojo__1.9.2__dojo__dojo.js	BadUSB-FalsePhilosopher	js	118080
BruceBAD/BadUSB-FalsePhilosopher/BashBunny/payloads/library/credentials/BunnyTap/js/ajax.googleapis.com__ajax__libs__jquery__1.10.2__jquery.min.js	BadUSB-FalsePhilosopher	js	93101
BruceBAD/BadUSB-FalsePhilosopher/BashBunny/payloads/library/credentials/BunnyTap/js/ajax.googleapis.com__ajax__libs__angularjs__1.3.0-beta.5__angular.min.js	BadUSB-FalsePhilosopher	js	106034
BruceBAD/BadUSB-FalsePhilosopher/BashBunny/payloads/library/credentials/BunnyTap/js/ajax.googleapis.com__ajax__libs__angularjs__1.3.0-beta.12__angular.min.js	BadUSB-FalsePhilosopher	js	109995
BruceBAD/BadUSB-FalsePhilosopher/BashBunny/payloads/library/credentials/BunnyTap/js/ajax.googleapis.com__ajax__libs__spf__2.1.2__spf.js	BadUSB-FalsePhilosopher	js	30021
BruceBAD/BadUSB-FalsePhilosopher/BashBunny/payloads/library/credentials/BunnyTap/js/ajax.googleapis.com__ajax__libs__dojo__1.8.9__dojo__dojo.js	BadUSB-FalsePhilosopher	js	116943
BruceBAD/BadUSB-FalsePhilosopher/BashBunny/payloads/library/credentials/BunnyTap/js/ajax.googleapis.com__ajax__libs__angularjs__1.3.0-rc.5__angular.min.js	BadUSB-FalsePhilosopher	js	122483
BruceBAD/BadUSB-FalsePhilosopher/BashBunny/payloads/library/credentials/BunnyTap/js/ajax.googleapis.com__ajax__libs__dojo__1.8.8__dojo__dojo.js	BadUSB-FalsePhilosopher	js	116943
BruceBAD/BadUSB-FalsePhilosopher/BashBunny/payloads/library/credentials/BunnyTap/js/ajax.googleapis.com__ajax__libs__jqueryui__1.11.3__jquery-ui.min.js	BadUSB-FalsePhilosopher	js	240028
BruceBAD/BadUSB-FalsePhilosopher/BashBunny/payloads/library/credentials/BunnyTap/js/ajax.googleapis.com__ajax__libs__angularjs__1.3.0-rc.2__angular.min.js	BadUSB-FalsePhilosopher	js	119868
BruceBAD/BadUSB-FalsePhilosopher/BashBunny/payloads/library/credentials/BunnyTap/js/ajax.googleapis.com__ajax__libs__dojo__1.7.6__dojo__dojo.js	BadUSB-FalsePhilosopher	js	103458
BruceBAD/BadUSB-FalsePhilosopher/BashBunny/payloads/library/credentials/BunnyTap/js/ajax.googleapis.com__ajax__libs__jquery__1.2.3__jquery.min.js	BadUSB-FalsePhilosopher	js	54042
BruceBAD/BadUSB-FalsePhilosopher/BashBunny/payloads/library/credentials/BunnyTap/js/ajax.googleapis.com__ajax__libs__angularjs__1.3.0-beta.15__angular.min.js	BadUSB-FalsePhilosopher	js	111286
BruceBAD/BadUSB-FalsePhilosopher/BashBunny/payloads/library/credentials/BunnyTap/js/ajax.googleapis.com__ajax__libs__jquery__1.6.2__jquery.min.js	BadUSB-FalsePhilosopher	js	91557
BruceBAD/BadUSB-FalsePhilosopher/BashBunny/payloads/library/credentials/BunnyTap/js/ajax.googleapis.com__ajax__libs__jquery__2.2.2__jquery.min.js	BadUSB-FalsePhilosopher	js	85657
BruceBAD/BadUSB-FalsePhilosopher/BashBunny/payloads/library/credentials/BunnyTap/js/ajax.googleapis.com__ajax__libs__angularjs__1.3.0-beta.2__angular.min.js	BadUSB-FalsePhilosopher	js	104310
BruceBAD/BadUSB-FalsePhilosopher/BashBunny/payloads/library/credentials/BunnyTap/js/ajax.googleapis.com__ajax__libs__jquery__1.3.0__jquery.min.js	BadUSB-FalsePhilosopher	js	55027
BruceBAD/BadUSB-FalsePhilosopher/BashBunny/payloads/library/credentials/BunnyTap/js/ajax.googleapis.com__ajax__libs__jquery__1.7.1__jquery.min.js	BadUSB-FalsePhilosopher	js	93869
BruceBAD/BadUSB-FalsePhilosopher/BashBunny/payloads/library/credentials/BunnyTap/js/ajax.googleapis.com__ajax__libs__jqueryui__1.10.3__jquery-ui.min.js	BadUSB-FalsePhilosopher	js	228078
BruceBAD/BadUSB-FalsePhilosopher/BashBunny/payloads/library/credentials/BunnyTap/js/ajax.googleapis.com__ajax__libs__dojo__1.8.10__dojo__dojo.js	BadUSB-FalsePhilosopher	js	116944
BruceBAD/BadUSB-FalsePhilosopher/BashBunny/payloads/library/credentials/BunnyTap/js/ajax.googleapis.com__ajax__libs__angular_material__0.8.0__angular-material.min.js	BadUSB-FalsePhilosopher	js	139201
BruceBAD/BadUSB-FalsePhilosopher/BashBunny/payloads/library/credentials/BunnyTap/js/ajax.googleapis.com__ajax__libs__angularjs__1.2.17__angular.min.js	BadUSB-FalsePhilosopher	js	105376
BruceBAD/BadUSB-FalsePhilosopher/BashBunny/payloads/library/credentials/BunnyTap/js/ajax.googleapis.com__ajax__libs__dojo__1.9.3__dojo__dojo.js	BadUSB-FalsePhilosopher	js	118327
BruceBAD/BadUSB-FalsePhilosopher/BashBunny/payloads/library/credentials/BunnyTap/js/ajax.googleapis.com__ajax__libs__angularjs__1.2.4__angular.min.js	BadUSB-FalsePhilosopher	js	99831
BruceBAD/BadUSB-FalsePhilosopher/BashBunny/payloads/library/credentials/BunnyTap/js/ajax.googleapis.com__ajax__libs__dojo__1.10.3__dojo__dojo.js	BadUSB-FalsePhilosopher	js	120796
BruceBAD/BadUSB-FalsePhilosopher/BashBunny/payloads/library/credentials/BunnyTap/js/ajax.googleapis.com__ajax__libs__jquery__1.11.0__jquery.min.js	BadUSB-FalsePhilosopher	js	96382
BruceBAD/BadUSB-FalsePhilosopher/BashBunny/payloads/library/credentials/BunnyTap/js/ajax.googleapis.com__ajax__libs__dojo__1.8.0__dojo__dojo.js	BadUSB-FalsePhilosopher	js	156024
BruceBAD/BadUSB-FalsePhilosopher/BashBunny/payloads/library/credentials/BunnyTap/js/ajax.googleapis.com__ajax__libs__angularjs__1.3.3__angular.min.js	BadUSB-FalsePhilosopher	js	124230
BruceBAD/BadUSB-FalsePhilosopher/BashBunny/payloads/library/credentials/BunnyTap/js/ajax.googleapis.com__ajax__libs__angularjs__1.4.0-rc.2__angular.min.js	BadUSB-FalsePhilosopher	js	144629
BruceBAD/BadUSB-FalsePhilosopher/BashBunny/payloads/library/credentials/BunnyTap/js/ajax.googleapis.com__ajax__libs__angularjs__1.3.12__angular.min.js	BadUSB-FalsePhilosopher	js	125527
BruceBAD/BadUSB-FalsePhilosopher/BashBunny/payloads/library/credentials/BunnyTap/js/ajax.googleapis.com__ajax__libs__angular_material__1.0.5__angular-material.min.js	BadUSB-FalsePhilosopher	js	293419
BruceBAD/BadUSB-FalsePhilosopher/BashBunny/payloads/library/credentials/BunnyTap/js/ajax.googleapis.com__ajax__libs__webfont__1.5.6__webfont.js	BadUSB-FalsePhilosopher	js	17481
BruceBAD/BadUSB-FalsePhilosopher/BashBunny/payloads/library/credentials/BunnyTap/js/ajax.googleapis.com__ajax__libs__angularjs__1.0.2__angular.min.js	BadUSB-FalsePhilosopher	js	78281
BruceBAD/BadUSB-FalsePhilosopher/BashBunny/payloads/library/credentials/BunnyTap/js/ajax.googleapis.com__ajax__libs__angularjs__1.5.0-beta.0__angular.min.js	BadUSB-FalsePhilosopher	js	147027
BruceBAD/BadUSB-FalsePhilosopher/BashBunny/payloads/library/credentials/BunnyTap/js/ajax.googleapis.com__ajax__libs__angularjs__1.2.25__angular.min.js	BadUSB-FalsePhilosopher	js	107450
BruceBAD/BadUSB-FalsePhilosopher/BashBunny/payloads/library/credentials/BunnyTap/js/ajax.googleapis.com__ajax__libs__angularjs__1.2.18__angular.min.js	BadUSB-FalsePhilosopher	js	105777
BruceBAD/BadUSB-FalsePhilosopher/BashBunny/payloads/library/credentials/BunnyTap/js/ajax.googleapis.com__ajax__libs__angularjs__1.4.5__angular.min.js	BadUSB-FalsePhilosopher	js	146837
BruceBAD/BadUSB-FalsePhilosopher/BashBunny/payloads/library/credentials/BunnyTap/js/ajax.googleapis.com__ajax__libs__dojo__1.2.3__dojo__dojo.js	BadUSB-FalsePhilosopher	js	78604
BruceBAD/BadUSB-FalsePhilosopher/BashBunny/payloads/library/credentials/BunnyTap/js/ajax.googleapis.com__ajax__libs__dojo__1.6.2__dojo__dojo.js	BadUSB-FalsePhilosopher	js	91817
BruceBAD/BadUSB-FalsePhilosopher/BashBunny/payloads/library/credentials/BunnyTap/js/ajax.googleapis.com__ajax__libs__mootools__1.4.0__mootools.min.js	BadUSB-FalsePhilosopher	js	1
BruceBAD/BadUSB-FalsePhilosopher/BashBunny/payloads/library/credentials/BunnyTap/js/ajax.googleapis.com__ajax__libs__mootools__1.2.5__mootools.min.js	BadUSB-FalsePhilosopher	js	1
BruceBAD/BadUSB-FalsePhilosopher/BashBunny/payloads/library/credentials/BunnyTap/js/ajax.googleapis.com__ajax__libs__spf__2.0.0__spf.js	BadUSB-FalsePhilosopher	js	29568
BruceBAD/BadUSB-FalsePhilosopher/BashBunny/payloads/library/credentials/BunnyTap/js/ajax.googleapis.com__ajax__libs__dojo__1.3.0__dojo__dojo.js	BadUSB-FalsePhilosopher	js	81430
BruceBAD/BadUSB-FalsePhilosopher/BashBunny/payloads/library/credentials/BunnyTap/js/ajax.googleapis.com__ajax__libs__mootools__1.3.2__mootools.min.js	BadUSB-FalsePhilosopher	js	1
BruceBAD/BadUSB-FalsePhilosopher/BashBunny/payloads/library/credentials/BunnyTap/js/ajax.googleapis.com__ajax__libs__mootools__1.1.1__mootools.min.js	BadUSB-FalsePhilosopher	js	1
BruceBAD/BadUSB-FalsePhilosopher/BashBunny/payloads/library/credentials/BunnyTap/js/ajax.googleapis.com__ajax__libs__dojo__1.7.1__dojo__dojo.js	BadUSB-FalsePhilosopher	js	130764
BruceBAD/BadUSB-FalsePhilosopher/BashBunny/payloads/library/credentials/BunnyTap/js/ajax.googleapis.com__ajax__libs__dojo__1.8.7__dojo__dojo.js	BadUSB-FalsePhilosopher	js	116963
BruceBAD/BadUSB-FalsePhilosopher/BashBunny/payloads/library/credentials/BunnyTap/js/ajax.googleapis.com__ajax__libs__dojo__1.10.4__dojo__dojo.js	BadUSB-FalsePhilosopher	js	120796
BruceBAD/BadUSB-FalsePhilosopher/BashBunny/payloads/library/credentials/BunnyTap/js/ajax.googleapis.com__ajax__libs__angular_material__1.0.1__angular-material.min.js	BadUSB-FalsePhilosopher	js	291567
BruceBAD/BadUSB-FalsePhilosopher/BashBunny/payloads/library/credentials/BunnyTap/js/ajax.googleapis.com__ajax__libs__dojo__1.9.4__dojo__dojo.js	BadUSB-FalsePhilosopher	js	118781
BruceBAD/BadUSB-FalsePhilosopher/BashBunny/payloads/library/credentials/BunnyTap/js/ajax.googleapis.com__ajax__libs__jquery__1.8.0__jquery.min.js	BadUSB-FalsePhilosopher	js	92556
BruceBAD/BadUSB-FalsePhilosopher/BashBunny/payloads/library/credentials/BunnyTap/js/ajax.googleapis.com__ajax__libs__angularjs__1.4.0-beta.1__angular.min.js	BadUSB-FalsePhilosopher	js	125923
BruceBAD/BadUSB-FalsePhilosopher/BashBunny/payloads/library/credentials/BunnyTap/js/ajax.googleapis.com__ajax__libs__jqueryui__1.11.0__jquery-ui.min.js	BadUSB-FalsePhilosopher	js	237549
BruceBAD/BadUSB-FalsePhilosopher/BashBunny/payloads/library/credentials/BunnyTap/js/ajax.googleapis.com__ajax__libs__angular_material__0.9.4__angular-material.min.js	BadUSB-FalsePhilosopher	js	178446
BruceBAD/BadUSB-FalsePhilosopher/BashBunny/payloads/library/credentials/BunnyTap/js/ajax.googleapis.com__ajax__libs__angular_material__0.8.1__angular-material.min.js	BadUSB-FalsePhilosopher	js	140827
BruceBAD/BadUSB-FalsePhilosopher/BashBunny/payloads/library/credentials/BunnyTap/js/ajax.googleapis.com__ajax__libs__angularjs__1.3.0-rc.3__angular.min.js	BadUSB-FalsePhilosopher	js	120450
BruceBAD/BadUSB-FalsePhilosopher/BashBunny/payloads/library/credentials/BunnyTap/js/ajax.googleapis.com__ajax__libs__angularjs__1.2.16__angular.min.js	BadUSB-FalsePhilosopher	js	104454
BruceBAD/BadUSB-FalsePhilosopher/BashBunny/payloads/library/credentials/BunnyTap/js/ajax.googleapis.com__ajax__libs__angular_material__0.9.0__angular-material.min.js	BadUSB-FalsePhilosopher	js	183108
BruceBAD/BadUSB-FalsePhilosopher/BashBunny/payloads/library/credentials/BunnyTap/js/ajax.googleapis.com__ajax__libs__dojo__1.9.6__dojo__dojo.js	BadUSB-FalsePhilosopher	js	118761
BruceBAD/BadUSB-FalsePhilosopher/BashBunny/payloads/library/credentials/BunnyTap/js/ajax.googleapis.com__ajax__libs__jquery__1.8.2__jquery.min.js	BadUSB-FalsePhilosopher	js	93436
BruceBAD/BadUSB-FalsePhilosopher/BashBunny/payloads/library/credentials/BunnyTap/js/ajax.googleapis.com__ajax__libs__jqueryui__1.10.0__jquery-ui.min.js	BadUSB-FalsePhilosopher	js	227192
BruceBAD/BadUSB-FalsePhilosopher/BashBunny/payloads/library/credentials/BunnyTap/js/ajax.googleapis.com__ajax__libs__angularjs__1.2.5__angular.min.js	BadUSB-FalsePhilosopher	js	99748
BruceBAD/BadUSB-FalsePhilosopher/BashBunny/payloads/library/credentials/BunnyTap/js/ajax.googleapis.com__ajax__libs__dojo__1.8.5__dojo__dojo.js	BadUSB-FalsePhilosopher	js	115718
BruceBAD/BadUSB-FalsePhilosopher/BashBunny/payloads/library/credentials/BunnyTap/js/ajax.googleapis.com__ajax__libs__jquery__1.9.1__jquery.min.js	BadUSB-FalsePhilosopher	js	92630
BruceBAD/BadUSB-FalsePhilosopher/BashBunny/payloads/library/credentials/BunnyTap/js/ajax.googleapis.com__ajax__libs__dojo__1.3.2__dojo__dojo.js	BadUSB-FalsePhilosopher	js	81521
BruceBAD/BadUSB-FalsePhilosopher/BashBunny/payloads/library/credentials/BunnyTap/js/ajax.googleapis.com__ajax__libs__dojo__1.7.3__dojo__dojo.js	BadUSB-FalsePhilosopher	js	139017
BruceBAD/BadUSB-FalsePhilosopher/BashBunny/payloads/library/credentials/BunnyTap/js/ajax.googleapis.com__ajax__libs__jquery__1.2.6__jquery.min.js	BadUSB-FalsePhilosopher	js	55741
BruceBAD/BadUSB-FalsePhilosopher/BashBunny/payloads/library/credentials/BunnyTap/js/ajax.googleapis.com__ajax__libs__angularjs__1.3.0-beta.14__angular.min.js	BadUSB-FalsePhilosopher	js	110868
BruceBAD/BadUSB-FalsePhilosopher/BashBunny/payloads/library/credentials/BunnyTap/js/ajax.googleapis.com__ajax__libs__spf__2.1.1__spf.js	BadUSB-FalsePhilosopher	js	29974
BruceBAD/BadUSB-FalsePhilosopher/BashBunny/payloads/library/credentials/BunnyTap/js/ajax.googleapis.com__ajax__libs__angularjs__1.3.0-beta.3__angular.min.js	BadUSB-FalsePhilosopher	js	104896
BruceBAD/BadUSB-FalsePhilosopher/BashBunny/payloads/library/credentials/BunnyTap/js/ajax.googleapis.com__ajax__libs__mootools__1.5.2__mootools.min.js	BadUSB-FalsePhilosopher	js	123509
BruceBAD/BadUSB-FalsePhilosopher/BashBunny/payloads/library/credentials/BunnyTap/js/ajax.googleapis.com__ajax__libs__angularjs__1.5.0-rc.2__angular.min.js	BadUSB-FalsePhilosopher	js	154167
BruceBAD/BadUSB-FalsePhilosopher/BashBunny/payloads/library/credentials/BunnyTap/js/ajax.googleapis.com__ajax__libs__dojo__1.6.0__dojo__dojo.js	BadUSB-FalsePhilosopher	js	91639
BruceBAD/BadUSB-FalsePhilosopher/BashBunny/payloads/library/credentials/BunnyTap/js/ajax.googleapis.com__ajax__libs__mootools__1.4.5__mootools.min.js	BadUSB-FalsePhilosopher	js	1
BruceBAD/BadUSB-FalsePhilosopher/BashBunny/payloads/library/credentials/BunnyTap/js/ajax.googleapis.com__ajax__libs__angularjs__1.0.3__angular.min.js	BadUSB-FalsePhilosopher	js	78949
BruceBAD/BadUSB-FalsePhilosopher/BashBunny/payloads/library/credentials/BunnyTap/js/ajax.googleapis.com__ajax__libs__angularjs__1.5.0-beta.1__angular.min.js	BadUSB-FalsePhilosopher	js	148362
BruceBAD/BadUSB-FalsePhilosopher/BashBunny/payloads/library/credentials/BunnyTap/js/ajax.googleapis.com__ajax__libs__angularjs__1.2.24__angular.min.js	BadUSB-FalsePhilosopher	js	107318
BruceBAD/BadUSB-FalsePhilosopher/BashBunny/payloads/library/credentials/BunnyTap/js/ajax.googleapis.com__ajax__libs__angularjs__1.2.19__angular.min.js	BadUSB-FalsePhilosopher	js	106440
BruceBAD/BadUSB-FalsePhilosopher/BashBunny/payloads/library/credentials/BunnyTap/js/ajax.googleapis.com__ajax__libs__angular_material__1.0.0__angular-material.min.js	BadUSB-FalsePhilosopher	js	291438
BruceBAD/BadUSB-FalsePhilosopher/BashBunny/payloads/library/credentials/BunnyTap/js/ajax.googleapis.com__ajax__libs__angularjs__1.3.2__angular.min.js	BadUSB-FalsePhilosopher	js	124224
BruceBAD/BadUSB-FalsePhilosopher/BashBunny/payloads/library/credentials/BunnyTap/js/ajax.googleapis.com__ajax__libs__jqueryui__1.8.9__jquery-ui.min.js	BadUSB-FalsePhilosopher	js	198589
BruceBAD/BadUSB-FalsePhilosopher/BashBunny/payloads/library/credentials/BunnyTap/js/ajax.googleapis.com__ajax__libs__angularjs__1.3.13__angular.min.js	BadUSB-FalsePhilosopher	js	125540
BruceBAD/BadUSB-FalsePhilosopher/BashBunny/payloads/library/credentials/BunnyTap/js/ajax.googleapis.com__ajax__libs__webfont__1.5.18__webfont.js	BadUSB-FalsePhilosopher	js	16588
BruceBAD/BadUSB-FalsePhilosopher/BashBunny/payloads/library/credentials/BunnyTap/js/ajax.googleapis.com__ajax__libs__dojo__1.8.2__dojo__dojo.js	BadUSB-FalsePhilosopher	js	115116
BruceBAD/BadUSB-FalsePhilosopher/BashBunny/payloads/library/credentials/BunnyTap/js/ajax.googleapis.com__ajax__libs__jquery__1.11.2__jquery.min.js	BadUSB-FalsePhilosopher	js	95932
BruceBAD/BadUSB-FalsePhilosopher/BashBunny/payloads/library/credentials/BunnyTap/js/ajax.googleapis.com__ajax__libs__dojo__1.10.1__dojo__dojo.js	BadUSB-FalsePhilosopher	js	120816
BruceBAD/BadUSB-FalsePhilosopher/BashBunny/payloads/library/credentials/BunnyTap/js/ajax.googleapis.com__ajax__libs__angular_material__1.0.4__angular-material.min.js	BadUSB-FalsePhilosopher	js	292861
BruceBAD/BadUSB-FalsePhilosopher/BashBunny/payloads/library/credentials/BunnyTap/js/ajax.googleapis.com__ajax__libs__dojo__1.9.1__dojo__dojo.js	BadUSB-FalsePhilosopher	js	117667
BruceBAD/BadUSB-FalsePhilosopher/BashBunny/payloads/library/credentials/BunnyTap/js/ajax.googleapis.com__ajax__libs__jquery__1.10.1__jquery.min.js	BadUSB-FalsePhilosopher	js	93058
BruceBAD/BadUSB-FalsePhilosopher/BashBunny/payloads/library/credentials/BunnyTap/js/ajax.googleapis.com__ajax__libs__angularjs__1.4.0-beta.0__angular.min.js	BadUSB-FalsePhilosopher	js	125822
BruceBAD/BadUSB-FalsePhilosopher/BashBunny/payloads/library/credentials/BunnyTap/js/ajax.googleapis.com__ajax__libs__prototype__1.6.0.2__prototype.js	BadUSB-FalsePhilosopher	js	126128
BruceBAD/BadUSB-FalsePhilosopher/BashBunny/payloads/library/credentials/BunnyTap/js/ajax.googleapis.com__ajax__libs__jqueryui__1.8.18__jquery-ui.min.js	BadUSB-FalsePhilosopher	js	201843
BruceBAD/BadUSB-FalsePhilosopher/BashBunny/payloads/library/credentials/BunnyTap/js/ajax.googleapis.com__ajax__libs__jquerymobile__1.4.1__jquery.mobile.min.js	BadUSB-FalsePhilosopher	js	194672
BruceBAD/BadUSB-FalsePhilosopher/BashBunny/payloads/library/credentials/BunnyTap/js/ajax.googleapis.com__ajax__libs__jquery__1.3.2__jquery.min.js	BadUSB-FalsePhilosopher	js	57255
BruceBAD/BadUSB-FalsePhilosopher/BashBunny/payloads/library/credentials/BunnyTap/js/ajax.googleapis.com__ajax__libs__angularjs__1.4.4__angular.min.js	BadUSB-FalsePhilosopher	js	147060
BruceBAD/BadUSB-FalsePhilosopher/BashBunny/payloads/library/credentials/BunnyTap/js/ajax.googleapis.com__ajax__libs__jquery__2.2.0__jquery.min.js	BadUSB-FalsePhilosopher	js	85590
BruceBAD/BadUSB-FalsePhilosopher/BashBunny/payloads/library/credentials/BunnyTap/js/ajax.googleapis.com__ajax__libs__dojo__1.7.4__dojo__dojo.js	BadUSB-FalsePhilosopher	js	139029
BruceBAD/BadUSB-FalsePhilosopher/BashBunny/payloads/library/credentials/BunnyTap/js/ajax.googleapis.com__ajax__libs__jquery__1.6.0__jquery.min.js	BadUSB-FalsePhilosopher	js	90519
BruceBAD/BadUSB-FalsePhilosopher/BashBunny/payloads/library/credentials/BunnyTap/js/ajax.googleapis.com__ajax__libs__jquery__1.10.0__jquery.min.js	BadUSB-FalsePhilosopher	js	93020
BruceBAD/BadUSB-FalsePhilosopher/BashBunny/payloads/library/credentials/BunnyTap/js/ajax.googleapis.com__ajax__libs__dojo__1.9.0__dojo__dojo.js	BadUSB-FalsePhilosopher	js	117629
BruceBAD/BadUSB-FalsePhilosopher/BashBunny/payloads/library/credentials/BunnyTap/js/ajax.googleapis.com__ajax__libs__jqueryui__1.11.1__jquery-ui.min.js	BadUSB-FalsePhilosopher	js	238315
BruceBAD/BadUSB-FalsePhilosopher/BashBunny/payloads/library/credentials/BunnyTap/js/ajax.googleapis.com__ajax__libs__dojo__1.10.0__dojo__dojo.js	BadUSB-FalsePhilosopher	js	120085
BruceBAD/BadUSB-FalsePhilosopher/BashBunny/payloads/library/credentials/BunnyTap/js/ajax.googleapis.com__ajax__libs__angularjs__1.4.3__angular.min.js	BadUSB-FalsePhilosopher	js	145359
BruceBAD/BadUSB-FalsePhilosopher/BashBunny/payloads/library/credentials/BunnyTap/js/ajax.googleapis.com__ajax__libs__jquery__1.11.3__jquery.min.js	BadUSB-FalsePhilosopher	js	95993
BruceBAD/BadUSB-FalsePhilosopher/BashBunny/payloads/library/credentials/BunnyTap/js/ajax.googleapis.com__ajax__libs__dojo__1.8.3__dojo__dojo.js	BadUSB-FalsePhilosopher	js	115116
BruceBAD/BadUSB-FalsePhilosopher/BashBunny/payloads/library/credentials/BunnyTap/js/ajax.googleapis.com__ajax__libs__jquery__1.6.1__jquery.min.js	BadUSB-FalsePhilosopher	js	91343
BruceBAD/BadUSB-FalsePhilosopher/BashBunny/payloads/library/credentials/BunnyTap/js/ajax.googleapis.com__ajax__libs__dojo__1.7.5__dojo__dojo.js	BadUSB-FalsePhilosopher	js	103018
BruceBAD/BadUSB-FalsePhilosopher/BashBunny/payloads/library/credentials/BunnyTap/js/ajax.googleapis.com__ajax__libs__jquery__2.2.1__jquery.min.js	BadUSB-FalsePhilosopher	js	85631
BruceBAD/BadUSB-FalsePhilosopher/BashBunny/payloads/library/credentials/BunnyTap/js/ajax.googleapis.com__ajax__libs__jquery__1.7.2__jquery.min.js	BadUSB-FalsePhilosopher	js	94841
BruceBAD/BadUSB-FalsePhilosopher/BashBunny/payloads/library/credentials/BunnyTap/js/ajax.googleapis.com__ajax__libs__angularjs__1.3.14__angular.min.js	BadUSB-FalsePhilosopher	js	125497
BruceBAD/BadUSB-FalsePhilosopher/BashBunny/payloads/library/credentials/BunnyTap/js/ajax.googleapis.com__ajax__libs__prototype__1.7.2.0__prototype.js	BadUSB-FalsePhilosopher	js	197778
BruceBAD/BadUSB-FalsePhilosopher/BashBunny/payloads/library/credentials/BunnyTap/js/ajax.googleapis.com__ajax__libs__angularjs__1.3.5__angular.min.js	BadUSB-FalsePhilosopher	js	124691
BruceBAD/BadUSB-FalsePhilosopher/BashBunny/payloads/library/credentials/BunnyTap/js/ajax.googleapis.com__ajax__libs__jqueryui__1.10.1__jquery-ui.min.js	BadUSB-FalsePhilosopher	js	228080
BruceBAD/BadUSB-FalsePhilosopher/BashBunny/payloads/library/credentials/BunnyTap/js/ajax.googleapis.com__ajax__libs__angularjs__1.2.23__angular.min.js	BadUSB-FalsePhilosopher	js	107099
BruceBAD/BadUSB-FalsePhilosopher/BashBunny/payloads/library/credentials/BunnyTap/js/ajax.googleapis.com__ajax__libs__angularjs__1.0.4__angular.min.js	BadUSB-FalsePhilosopher	js	79015
BruceBAD/BadUSB-FalsePhilosopher/BashBunny/payloads/library/credentials/BunnyTap/js/ajax.googleapis.com__ajax__libs__jquery__1.9.0__jquery.min.js	BadUSB-FalsePhilosopher	js	93069
BruceBAD/BadUSB-FalsePhilosopher/BashBunny/payloads/library/credentials/BunnyTap/js/ajax.googleapis.com__ajax__libs__dojo__1.8.4__dojo__dojo.js	BadUSB-FalsePhilosopher	js	115716
BruceBAD/BadUSB-FalsePhilosopher/BashBunny/payloads/library/credentials/BunnyTap/js/ajax.googleapis.com__ajax__libs__angularjs__1.3.0-beta.4__angular.min.js	BadUSB-FalsePhilosopher	js	104820
BruceBAD/BadUSB-FalsePhilosopher/BashBunny/payloads/library/credentials/BunnyTap/js/ajax.googleapis.com__ajax__libs__jquery__1.8.3__jquery.min.js	BadUSB-FalsePhilosopher	js	93637
BruceBAD/BadUSB-FalsePhilosopher/BashBunny/payloads/library/credentials/BunnyTap/js/ajax.googleapis.com__ajax__libs__dojo__1.9.7__dojo__dojo.js	BadUSB-FalsePhilosopher	js	118761
BruceBAD/BadUSB-FalsePhilosopher/BashBunny/payloads/library/credentials/BunnyTap/js/ajax.googleapis.com__ajax__libs__angularjs__1.3.0-beta.13__angular.min.js	BadUSB-FalsePhilosopher	js	110016
BruceBAD/BadUSB-FalsePhilosopher/BashBunny/payloads/library/credentials/BunnyTap/js/ajax.googleapis.com__ajax__libs__jqueryui__1.11.4__jquery-ui.min.js	BadUSB-FalsePhilosopher	js	240428
BruceBAD/BadUSB-FalsePhilosopher/BashBunny/payloads/library/credentials/BunnyTap/js/ajax.googleapis.com__ajax__libs__mootools__1.2.4__mootools.min.js	BadUSB-FalsePhilosopher	js	1
BruceBAD/BadUSB-FalsePhilosopher/BashBunny/payloads/library/credentials/BunnyTap/js/ajax.googleapis.com__ajax__libs__jquerymobile__1.4.3__jquery.mobile.min.js	BadUSB-FalsePhilosopher	js	198112
BruceBAD/BadUSB-FalsePhilosopher/BashBunny/payloads/library/credentials/BunnyTap/js/ajax.googleapis.com__ajax__libs__mootools__1.4.1__mootools.min.js	BadUSB-FalsePhilosopher	js	1
BruceBAD/BadUSB-FalsePhilosopher/BashBunny/payloads/library/credentials/BunnyTap/js/ajax.googleapis.com__ajax__libs__dojo__1.6.1__dojo__dojo.js	BadUSB-FalsePhilosopher	js	91802
BruceBAD/BadUSB-FalsePhilosopher/BashBunny/payloads/library/credentials/BunnyTap/js/ajax.googleapis.com__ajax__libs__angularjs__1.2.2__angular.min.js	BadUSB-FalsePhilosopher	js	99333
BruceBAD/BadUSB-FalsePhilosopher/BashBunny/payloads/library/credentials/BunnyTap/js/ajax.googleapis.com__ajax__libs__dojo__1.2.0__dojo__dojo.js	BadUSB-FalsePhilosopher	js	78737
BruceBAD/BadUSB-FalsePhilosopher/BashBunny/payloads/library/credentials/BunnyTap/js/ajax.googleapis.com__ajax__libs__jqueryui__1.8.8__jquery-ui.min.js	BadUSB-FalsePhilosopher	js	198424
BruceBAD/BadUSB-FalsePhilosopher/BashBunny/payloads/library/credentials/BunnyTap/js/ajax.googleapis.com__ajax__libs__dojo__1.7.2__dojo__dojo.js	BadUSB-FalsePhilosopher	js	137912
BruceBAD/BadUSB-FalsePhilosopher/BashBunny/payloads/library/credentials/BunnyTap/js/ajax.googleapis.com__ajax__libs__angularjs__1.2.11__angular.min.js	BadUSB-FalsePhilosopher	js	100287
BruceBAD/BadUSB-FalsePhilosopher/BashBunny/payloads/library/credentials/BunnyTap/js/ajax.googleapis.com__ajax__libs__jqueryui__1.10.4__jquery-ui.min.js	BadUSB-FalsePhilosopher	js	228540
BruceBAD/BadUSB-FalsePhilosopher/BashBunny/payloads/library/credentials/BunnyTap/js/ajax.googleapis.com__ajax__libs__angularjs__1.3.0-rc.4__angular.min.js	BadUSB-FalsePhilosopher	js	120925
BruceBAD/BadUSB-FalsePhilosopher/BashBunny/payloads/library/credentials/BunnyTap/js/ajax.googleapis.com__ajax__libs__jqueryui__1.8.19__jquery-ui.min.js	BadUSB-FalsePhilosopher	js	202401
BruceBAD/BadUSB-FalsePhilosopher/BashBunny/payloads/library/credentials/BunnyTap/js/ajax.googleapis.com__ajax__libs__webfont__1.5.0__webfont.js	BadUSB-FalsePhilosopher	js	17293
BruceBAD/BadUSB-FalsePhilosopher/BashBunny/payloads/library/credentials/BunnyTap/js/ajax.googleapis.com__ajax__libs__spf__2.1.0__spf.js	BadUSB-FalsePhilosopher	js	29757
BruceBAD/BadUSB-FalsePhilosopher/BashBunny/payloads/library/credentials/BunnyTap/js/ajax.googleapis.com__ajax__libs__swfobject__2.1__swfobject.js	BadUSB-FalsePhilosopher	js	9760
BruceBAD/BadUSB-FalsePhilosopher/BashBunny/payloads/library/credentials/BunnyTap/js/ajax.googleapis.com__ajax__libs__angularjs__1.2.14__angular.min.js	BadUSB-FalsePhilosopher	js	102446
BruceBAD/BadUSB-FalsePhilosopher/BashBunny/payloads/library/credentials/BunnyTap/js/ajax.googleapis.com__ajax__libs__jqueryui__1.8.24__jquery-ui.min.js	BadUSB-FalsePhilosopher	js	200720
BruceBAD/BadUSB-FalsePhilosopher/BashBunny/payloads/library/credentials/BunnyTap/js/ajax.googleapis.com__ajax__libs__angularjs__1.4.0-beta6__angular.min.js	BadUSB-FalsePhilosopher	js	1
BruceBAD/BadUSB-FalsePhilosopher/BashBunny/payloads/library/credentials/BunnyTap/js/ajax.googleapis.com__ajax__libs__angular_material__0.7.0__angular-material.min.js	BadUSB-FalsePhilosopher	js	100610
BruceBAD/BadUSB-FalsePhilosopher/BashBunny/payloads/library/credentials/BunnyTap/js/ajax.googleapis.com__ajax__libs__jqueryui__1.8.1__jquery-ui.min.js	BadUSB-FalsePhilosopher	js	191705
BruceBAD/BadUSB-FalsePhilosopher/BashBunny/payloads/library/credentials/BunnyTap/js/ajax.googleapis.com__ajax__libs__angularjs__1.2.7__angular.min.js	BadUSB-FalsePhilosopher	js	100376
BruceBAD/BadUSB-FalsePhilosopher/BashBunny/payloads/library/credentials/BunnyTap/js/ajax.googleapis.com__ajax__libs__angularjs__1.3.0-beta.1__angular.min.js	BadUSB-FalsePhilosopher	js	104152
BruceBAD/BadUSB-FalsePhilosopher/BashBunny/payloads/library/credentials/BunnyTap/js/ajax.googleapis.com__ajax__libs__angularjs__1.3.0-beta.16__angular.min.js	BadUSB-FalsePhilosopher	js	111544
BruceBAD/BadUSB-FalsePhilosopher/BashBunny/payloads/library/credentials/BunnyTap/js/ajax.googleapis.com__ajax__libs__angularjs__1.5.0-rc.0__angular.min.js	BadUSB-FalsePhilosopher	js	152492
BruceBAD/BadUSB-FalsePhilosopher/BashBunny/payloads/library/credentials/BunnyTap/js/ajax.googleapis.com__ajax__libs__jqueryui__1.9.1__jquery-ui.min.js	BadUSB-FalsePhilosopher	js	237109
BruceBAD/BadUSB-FalsePhilosopher/BashBunny/payloads/library/credentials/BunnyTap/js/ajax.googleapis.com__ajax__libs__angular_material__0.6.1__angular-material.min.js	BadUSB-FalsePhilosopher	js	55080
BruceBAD/BadUSB-FalsePhilosopher/BashBunny/payloads/library/credentials/BunnyTap/js/ajax.googleapis.com__ajax__libs__jqueryui__1.7.2__jquery-ui.min.js	BadUSB-FalsePhilosopher	js	186174
BruceBAD/BadUSB-FalsePhilosopher/BashBunny/payloads/library/credentials/BunnyTap/js/ajax.googleapis.com__ajax__libs__jqueryui__1.8.10__jquery-ui.min.js	BadUSB-FalsePhilosopher	js	198793
BruceBAD/BadUSB-FalsePhilosopher/BashBunny/payloads/library/credentials/BunnyTap/js/ajax.googleapis.com__ajax__libs__threejs__r67__three.min.js	BadUSB-FalsePhilosopher	js	429775
BruceBAD/BadUSB-FalsePhilosopher/BashBunny/payloads/library/credentials/BunnyTap/js/ajax.googleapis.com__ajax__libs__jquery__1.12.2__jquery.min.js	BadUSB-FalsePhilosopher	js	97245
BruceBAD/BadUSB-FalsePhilosopher/BashBunny/payloads/library/credentials/BunnyTap/js/ajax.googleapis.com__ajax__libs__dojo__1.4.4__dojo__dojo.js	BadUSB-FalsePhilosopher	js	89549
BruceBAD/BadUSB-FalsePhilosopher/BashBunny/payloads/library/credentials/BunnyTap/js/ajax.googleapis.com__ajax__libs__jquery__1.5.0__jquery.min.js	BadUSB-FalsePhilosopher	js	84363
BruceBAD/BadUSB-FalsePhilosopher/BashBunny/payloads/library/credentials/BunnyTap/js/ajax.googleapis.com__ajax__libs__jquery__2.1.0__jquery.min.js	BadUSB-FalsePhilosopher	js	83616
BruceBAD/BadUSB-FalsePhilosopher/BashBunny/payloads/library/credentials/BunnyTap/js/ajax.googleapis.com__ajax__libs__jquery__1.4.3__jquery.min.js	BadUSB-FalsePhilosopher	js	77747
BruceBAD/BadUSB-FalsePhilosopher/BashBunny/payloads/library/credentials/BunnyTap/js/ajax.googleapis.com__ajax__libs__angularjs__1.3.0-rc.1__angular.min.js	BadUSB-FalsePhilosopher	js	117841
BruceBAD/BadUSB-FalsePhilosopher/BashBunny/payloads/library/credentials/BunnyTap/js/ajax.googleapis.com__ajax__libs__jquery__2.0.3__jquery.min.js	BadUSB-FalsePhilosopher	js	83607
BruceBAD/BadUSB-FalsePhilosopher/BashBunny/payloads/library/credentials/BunnyTap/js/ajax.googleapis.com__ajax__libs__angularjs__1.4.9__angular.min.js	BadUSB-FalsePhilosopher	js	150015
BruceBAD/BadUSB-FalsePhilosopher/BashBunny/payloads/library/credentials/BunnyTap/js/ajax.googleapis.com__ajax__libs__angular_material__1.0.2__angular-material.min.js	BadUSB-FalsePhilosopher	js	291925
BruceBAD/BadUSB-FalsePhilosopher/BashBunny/payloads/library/credentials/BunnyTap/js/ajax.googleapis.com__ajax__libs__jqueryui__1.8.4__jquery-ui.min.js	BadUSB-FalsePhilosopher	js	194223
BruceBAD/BadUSB-FalsePhilosopher/BashBunny/payloads/library/credentials/BunnyTap/js/ajax.googleapis.com__ajax__libs__angularjs__1.4.0-beta.2__angular.min.js	BadUSB-FalsePhilosopher	js	126047
BruceBAD/BadUSB-FalsePhilosopher/BashBunny/payloads/library/credentials/BunnyTap/js/ajax.googleapis.com__ajax__libs__spf__2.3.2__spf.js	BadUSB-FalsePhilosopher	js	34434
BruceBAD/BadUSB-FalsePhilosopher/BashBunny/payloads/library/credentials/BunnyTap/js/ajax.googleapis.com__ajax__libs__jqueryui__1.8.21__jquery-ui.min.js	BadUSB-FalsePhilosopher	js	202605
BruceBAD/BadUSB-FalsePhilosopher/BashBunny/payloads/library/credentials/BunnyTap/js/ajax.googleapis.com__ajax__libs__angularjs__1.4.6__angular.min.js	BadUSB-FalsePhilosopher	js	146999
BruceBAD/BadUSB-FalsePhilosopher/BashBunny/payloads/library/credentials/BunnyTap/js/ajax.googleapis.com__ajax__libs__angularjs__1.2.8__angular.min.js	BadUSB-FalsePhilosopher	js	99968
BruceBAD/BadUSB-FalsePhilosopher/BashBunny/payloads/library/credentials/BunnyTap/js/ajax.googleapis.com__ajax__libs__angularjs__1.0.1__angular.min.js	BadUSB-FalsePhilosopher	js	77806
BruceBAD/BadUSB-FalsePhilosopher/BashBunny/payloads/library/credentials/BunnyTap/js/ajax.googleapis.com__ajax__libs__jquerymobile__1.4.4__jquery.mobile.min.js	BadUSB-FalsePhilosopher	js	199428
BruceBAD/BadUSB-FalsePhilosopher/BashBunny/payloads/library/credentials/BunnyTap/js/ajax.googleapis.com__ajax__libs__jqueryui__1.8.15__jquery-ui.min.js	BadUSB-FalsePhilosopher	js	201678
BruceBAD/BadUSB-FalsePhilosopher/BashBunny/payloads/library/credentials/BunnyTap/js/ajax.googleapis.com__ajax__libs__angularjs__1.2.26__angular.min.js	BadUSB-FalsePhilosopher	js	107502
BruceBAD/BadUSB-FalsePhilosopher/BashBunny/payloads/library/credentials/BunnyTap/js/ajax.googleapis.com__ajax__libs__angularjs__1.3.0__angular.min.js	BadUSB-FalsePhilosopher	js	123200
BruceBAD/BadUSB-FalsePhilosopher/BashBunny/payloads/library/credentials/BunnyTap/js/ajax.googleapis.com__ajax__libs__mootools__1.2.3__mootools.min.js	BadUSB-FalsePhilosopher	js	1
BruceBAD/BadUSB-FalsePhilosopher/BashBunny/payloads/library/credentials/BunnyTap/js/ajax.googleapis.com__ajax__libs__mootools__1.5.1__mootools.min.js	BadUSB-FalsePhilosopher	js	1
BruceBAD/BadUSB-FalsePhilosopher/BashBunny/payloads/library/credentials/BunnyTap/js/ajax.googleapis.com__ajax__libs__scriptaculous__1.8.3__scriptaculous.js	BadUSB-FalsePhilosopher	js	2937
BruceBAD/BadUSB-FalsePhilosopher/BashBunny/payloads/library/credentials/BunnyTap/js/ajax.googleapis.com__ajax__libs__dojo__1.1.1__dojo__dojo.js	BadUSB-FalsePhilosopher	js	76756
BruceBAD/BadUSB-FalsePhilosopher/BashBunny/payloads/library/credentials/BunnyTap/js/ajax.googleapis.com__ajax__libs__jquery__1.4.4__jquery.min.js	BadUSB-FalsePhilosopher	js	78602
BruceBAD/BadUSB-FalsePhilosopher/BashBunny/payloads/library/credentials/BunnyTap/js/ajax.googleapis.com__ajax__libs__dojo__1.5.0__dojo__dojo.js	BadUSB-FalsePhilosopher	js	90278
BruceBAD/BadUSB-FalsePhilosopher/BashBunny/payloads/library/credentials/BunnyTap/js/ajax.googleapis.com__ajax__libs__angular_material__0.8.3__angular-material.min.js	BadUSB-FalsePhilosopher	js	142778
BruceBAD/BadUSB-FalsePhilosopher/BashBunny/payloads/library/credentials/BunnyTap/js/ajax.googleapis.com__ajax__libs__angularjs__1.3.11__angular.min.js	BadUSB-FalsePhilosopher	js	125382
BruceBAD/BadUSB-FalsePhilosopher/BashBunny/payloads/library/credentials/BunnyTap/js/ajax.googleapis.com__ajax__libs__angularjs__1.3.0-beta.19__angular.min.js	BadUSB-FalsePhilosopher	js	112709
BruceBAD/BadUSB-FalsePhilosopher/BashBunny/payloads/library/credentials/BunnyTap/js/ajax.googleapis.com__ajax__libs__angularjs__1.4.0-rc.1__angular.min.js	BadUSB-FalsePhilosopher	js	143415
BruceBAD/BadUSB-FalsePhilosopher/BashBunny/payloads/library/credentials/BunnyTap/js/ajax.googleapis.com__ajax__libs__jqueryui__1.5.2__jquery-ui.min.js	BadUSB-FalsePhilosopher	js	182920
BruceBAD/BadUSB-FalsePhilosopher/BashBunny/payloads/library/credentials/BunnyTap/js/ajax.googleapis.com__ajax__libs__dojo__1.4.3__dojo__dojo.js	BadUSB-FalsePhilosopher	js	89270
BruceBAD/BadUSB-FalsePhilosopher/BashBunny/payloads/library/credentials/BunnyTap/js/ajax.googleapis.com__ajax__libs__angularjs__1.3.0-beta.9__angular.min.js	BadUSB-FalsePhilosopher	js	109410
BruceBAD/BadUSB-FalsePhilosopher/BashBunny/payloads/library/credentials/BunnyTap/js/ajax.googleapis.com__ajax__libs__angularjs__1.3.16__angular.min.js	BadUSB-FalsePhilosopher	js	126401
BruceBAD/BadUSB-FalsePhilosopher/BashBunny/payloads/library/credentials/BunnyTap/js/ajax.googleapis.com__ajax__libs__prototype__1.7.0.0__prototype.js	BadUSB-FalsePhilosopher	js	163314
BruceBAD/BadUSB-FalsePhilosopher/BashBunny/payloads/library/credentials/BunnyTap/js/ajax.googleapis.com__ajax__libs__angularjs__1.3.7__angular.min.js	BadUSB-FalsePhilosopher	js	125283
BruceBAD/BadUSB-FalsePhilosopher/BashBunny/payloads/library/credentials/BunnyTap/js/ajax.googleapis.com__ajax__libs__jqueryui__1.8.0__jquery-ui.min.js	BadUSB-FalsePhilosopher	js	207169
BruceBAD/BadUSB-FalsePhilosopher/BashBunny/payloads/library/credentials/BunnyTap/js/ajax.googleapis.com__ajax__libs__angularjs__1.2.21__angular.min.js	BadUSB-FalsePhilosopher	js	106507
BruceBAD/BadUSB-FalsePhilosopher/BashBunny/payloads/library/credentials/BunnyTap/js/ajax.googleapis.com__ajax__libs__mootools__1.3.0__mootools.min.js	BadUSB-FalsePhilosopher	js	1
BruceBAD/BadUSB-FalsePhilosopher/BashBunny/payloads/library/credentials/BunnyTap/js/ajax.googleapis.com__ajax__libs__dojo__1.5.1__dojo__dojo.js	BadUSB-FalsePhilosopher	js	90278
BruceBAD/BadUSB-FalsePhilosopher/BashBunny/payloads/library/credentials/BunnyTap/js/ajax.googleapis.com__ajax__libs__angularjs__1.0.6__angular.min.js	BadUSB-FalsePhilosopher	js	80281
BruceBAD/BadUSB-FalsePhilosopher/BashBunny/payloads/library/credentials/BunnyTap/js/ajax.googleapis.com__ajax__libs__mootools__1.4.2__mootools.min.js	BadUSB-FalsePhilosopher	js	1
BruceBAD/BadUSB-FalsePhilosopher/BashBunny/payloads/library/credentials/BunnyTap/js/ajax.googleapis.com__ajax__libs__jqueryui__1.9.0__jquery-ui.min.js	BadUSB-FalsePhilosopher	js	235778
BruceBAD/BadUSB-FalsePhilosopher/BashBunny/payloads/library/credentials/BunnyTap/js/ajax.googleapis.com__ajax__libs__jqueryui__1.8.11__jquery-ui.min.js	BadUSB-FalsePhilosopher	js	199642
BruceBAD/BadUSB-FalsePhilosopher/BashBunny/payloads/library/credentials/BunnyTap/js/ajax.googleapis.com__ajax__libs__jqueryui__1.7.3__jquery-ui.min.js	BadUSB-FalsePhilosopher	js	186238
BruceBAD/BadUSB-FalsePhilosopher/BashBunny/payloads/library/credentials/BunnyTap/js/ajax.googleapis.com__ajax__libs__angularjs__1.4.1__angular.min.js	BadUSB-FalsePhilosopher	js	145235
BruceBAD/BadUSB-FalsePhilosopher/BashBunny/payloads/library/credentials/BunnyTap/js/ajax.googleapis.com__ajax__libs__angularjs__1.4.0-beta.5__angular.min.js	BadUSB-FalsePhilosopher	js	141132
BruceBAD/BadUSB-FalsePhilosopher/BashBunny/payloads/library/credentials/BunnyTap/js/ajax.googleapis.com__ajax__libs__jqueryui__1.8.5__jquery-ui.min.js	BadUSB-FalsePhilosopher	js	195763
BruceBAD/BadUSB-FalsePhilosopher/BashBunny/payloads/library/credentials/BunnyTap/js/ajax.googleapis.com__ajax__libs__spf__2.2.0__spf.js	BadUSB-FalsePhilosopher	js	32542
BruceBAD/BadUSB-FalsePhilosopher/BashBunny/payloads/library/credentials/BunnyTap/js/ajax.googleapis.com__ajax__libs__prototype__1.6.0.3__prototype.js	BadUSB-FalsePhilosopher	js	129739
BruceBAD/BadUSB-FalsePhilosopher/BashBunny/payloads/library/credentials/BunnyTap/js/ajax.googleapis.com__ajax__libs__jqueryui__1.8.20__jquery-ui.min.js	BadUSB-FalsePhilosopher	js	202413
BruceBAD/BadUSB-FalsePhilosopher/BashBunny/payloads/library/credentials/BunnyTap/js/ajax.googleapis.com__ajax__libs__swfobject__2.2__swfobject.js	BadUSB-FalsePhilosopher	js	10221
BruceBAD/BadUSB-FalsePhilosopher/BashBunny/payloads/library/credentials/BunnyTap/js/ajax.googleapis.com__ajax__libs__angular_material__0.10.0__angular-material.min.js	BadUSB-FalsePhilosopher	js	194131
BruceBAD/BadUSB-FalsePhilosopher/BashBunny/payloads/library/credentials/BunnyTap/js/ajax.googleapis.com__ajax__libs__jquery__2.0.2__jquery.min.js	BadUSB-FalsePhilosopher	js	83496
BruceBAD/BadUSB-FalsePhilosopher/BashBunny/payloads/library/credentials/BunnyTap/js/ajax.googleapis.com__ajax__libs__jquery__1.4.2__jquery.min.js	BadUSB-FalsePhilosopher	js	72175
BruceBAD/BadUSB-FalsePhilosopher/BashBunny/payloads/library/credentials/BunnyTap/js/ajax.googleapis.com__ajax__libs__jquery__2.1.1__jquery.min.js	BadUSB-FalsePhilosopher	js	84246
BruceBAD/BadUSB-FalsePhilosopher/BashBunny/payloads/library/credentials/BunnyTap/js/ajax.googleapis.com__ajax__libs__jquery__1.5.1__jquery.min.js	BadUSB-FalsePhilosopher	js	85261
BruceBAD/BadUSB-FalsePhilosopher/BashBunny/payloads/library/credentials/BunnyTap/js/ajax.googleapis.com__ajax__libs__dojo__1.4.5__dojo__dojo.js	BadUSB-FalsePhilosopher	js	89524
BruceBAD/BadUSB-FalsePhilosopher/BashBunny/payloads/library/credentials/BunnyTap/js/ajax.googleapis.com__ajax__libs__angularjs__1.3.8__angular.min.js	BadUSB-FalsePhilosopher	js	125322
BruceBAD/BadUSB-FalsePhilosopher/BashBunny/payloads/library/credentials/BunnyTap/js/ajax.googleapis.com__ajax__libs__webfont__1.5.2__webfont.js	BadUSB-FalsePhilosopher	js	17353
BruceBAD/BadUSB-FalsePhilosopher/BashBunny/payloads/library/credentials/BunnyTap/js/ajax.googleapis.com__ajax__libs__angularjs__1.3.0-beta.11__angular.min.js	BadUSB-FalsePhilosopher	js	108574
BruceBAD/BadUSB-FalsePhilosopher/BashBunny/payloads/library/credentials/BunnyTap/js/ajax.googleapis.com__ajax__libs__angularjs__1.3.0-beta.6__angular.min.js	BadUSB-FalsePhilosopher	js	108936
BruceBAD/BadUSB-FalsePhilosopher/BashBunny/payloads/library/credentials/BunnyTap/js/ajax.googleapis.com__ajax__libs__jqueryui__1.8.14__jquery-ui.min.js	BadUSB-FalsePhilosopher	js	201659
BruceBAD/BadUSB-FalsePhilosopher/BashBunny/payloads/library/credentials/BunnyTap/js/ajax.googleapis.com__ajax__libs__angularjs__1.2.0__angular.min.js	BadUSB-FalsePhilosopher	js	98983
BruceBAD/BadUSB-FalsePhilosopher/BashBunny/payloads/library/credentials/BunnyTap/js/ajax.googleapis.com__ajax__libs__scriptaculous__1.8.2__scriptaculous.js	BadUSB-FalsePhilosopher	js	2645
BruceBAD/BadUSB-FalsePhilosopher/BashBunny/payloads/library/credentials/BunnyTap/js/ajax.googleapis.com__ajax__libs__angular_material__0.11.1__angular-material.min.js	BadUSB-FalsePhilosopher	js	270461
BruceBAD/BadUSB-FalsePhilosopher/BashBunny/payloads/library/credentials/BunnyTap/js/ajax.googleapis.com__ajax__libs__angularjs__1.2.13__angular.min.js	BadUSB-FalsePhilosopher	js	101117
BruceBAD/BadUSB-FalsePhilosopher/BashBunny/payloads/library/credentials/BunnyTap/js/ajax.googleapis.com__ajax__libs__jqueryui__1.5.3__jquery-ui.min.js	BadUSB-FalsePhilosopher	js	183558
BruceBAD/BadUSB-FalsePhilosopher/BashBunny/payloads/library/credentials/BunnyTap/js/ajax.googleapis.com__ajax__libs__angularjs__1.2.20__angular.min.js	BadUSB-FalsePhilosopher	js	106195
BruceBAD/BadUSB-FalsePhilosopher/BashBunny/payloads/library/credentials/BunnyTap/js/ajax.googleapis.com__ajax__libs__jquery__2.1.3__jquery.min.js	BadUSB-FalsePhilosopher	js	84321
BruceBAD/BadUSB-FalsePhilosopher/BashBunny/payloads/library/credentials/BunnyTap/js/ajax.googleapis.com__ajax__libs__angularjs__1.0.7__angular.min.js	BadUSB-FalsePhilosopher	js	80837
BruceBAD/BadUSB-FalsePhilosopher/BashBunny/payloads/library/credentials/BunnyTap/js/ajax.googleapis.com__ajax__libs__jquery__1.4.0__jquery.min.js	BadUSB-FalsePhilosopher	js	69839
BruceBAD/BadUSB-FalsePhilosopher/BashBunny/payloads/library/credentials/BunnyTap/js/ajax.googleapis.com__ajax__libs__dojo__1.5.4__dojo__dojo.js	BadUSB-FalsePhilosopher	js	90551
BruceBAD/BadUSB-FalsePhilosopher/BashBunny/payloads/library/credentials/BunnyTap/js/ajax.googleapis.com__ajax__libs__jqueryui__1.6.0__jquery-ui.min.js	BadUSB-FalsePhilosopher	js	187680
BruceBAD/BadUSB-FalsePhilosopher/BashBunny/payloads/library/credentials/BunnyTap/js/ajax.googleapis.com__ajax__libs__ext-core__3.0.0__ext-core.js	BadUSB-FalsePhilosopher	js	80789
BruceBAD/BadUSB-FalsePhilosopher/BashBunny/payloads/library/credentials/BunnyTap/js/ajax.googleapis.com__ajax__libs__jquery__2.0.0__jquery.min.js	BadUSB-FalsePhilosopher	js	83096
BruceBAD/BadUSB-FalsePhilosopher/BashBunny/payloads/library/credentials/BunnyTap/js/ajax.googleapis.com__ajax__libs__spf__2.3.1__spf.js	BadUSB-FalsePhilosopher	js	34018
BruceBAD/BadUSB-FalsePhilosopher/BashBunny/payloads/library/credentials/BunnyTap/js/ajax.googleapis.com__ajax__libs__angularjs__1.3.0-beta.8__angular.min.js	BadUSB-FalsePhilosopher	js	109581
BruceBAD/BadUSB-FalsePhilosopher/BashBunny/payloads/library/credentials/BunnyTap/js/ajax.googleapis.com__ajax__libs__angularjs__1.3.17__angular.min.js	BadUSB-FalsePhilosopher	js	126444
BruceBAD/BadUSB-FalsePhilosopher/BashBunny/payloads/library/credentials/BunnyTap/js/ajax.googleapis.com__ajax__libs__prototype__1.7.1.0__prototype.js	BadUSB-FalsePhilosopher	js	180830
BruceBAD/BadUSB-FalsePhilosopher/BashBunny/payloads/library/credentials/BunnyTap/js/ajax.googleapis.com__ajax__libs__jquery__1.12.1__jquery.min.js	BadUSB-FalsePhilosopher	js	97404
BruceBAD/BadUSB-FalsePhilosopher/BashBunny/payloads/library/credentials/BunnyTap/js/ajax.googleapis.com__ajax__libs__angularjs__1.3.6__angular.min.js	BadUSB-FalsePhilosopher	js	124981
BruceBAD/BadUSB-FalsePhilosopher/BashBunny/payloads/library/credentials/BunnyTap/js/ajax.googleapis.com__ajax__libs__jqueryui__1.8.12__jquery-ui.min.js	BadUSB-FalsePhilosopher	js	199941
BruceBAD/BadUSB-FalsePhilosopher/BashBunny/payloads/library/credentials/BunnyTap/js/ajax.googleapis.com__ajax__libs__jqueryui__1.7.0__jquery-ui.min.js	BadUSB-FalsePhilosopher	js	185072
BruceBAD/BadUSB-FalsePhilosopher/BashBunny/payloads/library/credentials/BunnyTap/js/ajax.googleapis.com__ajax__libs__jquerymobile__1.4.0__jquery.mobile.min.js	BadUSB-FalsePhilosopher	js	193260
BruceBAD/BadUSB-FalsePhilosopher/BashBunny/payloads/library/credentials/BunnyTap/js/ajax.googleapis.com__ajax__libs__angularjs__1.4.0-beta.4__angular.min.js	BadUSB-FalsePhilosopher	js	140834
BruceBAD/BadUSB-FalsePhilosopher/BashBunny/payloads/library/credentials/BunnyTap/js/ajax.googleapis.com__ajax__libs__angularjs__1.4.0__angular.min.js	BadUSB-FalsePhilosopher	js	144730
BruceBAD/BadUSB-FalsePhilosopher/BashBunny/payloads/library/credentials/BunnyTap/js/ajax.googleapis.com__ajax__libs__angular_material__0.11.0__angular-material.min.js	BadUSB-FalsePhilosopher	js	264795
BruceBAD/BadUSB-FalsePhilosopher/BashBunny/payloads/library/credentials/BunnyTap/js/ajax.googleapis.com__ajax__libs__jqueryui__1.8.6__jquery-ui.min.js	BadUSB-FalsePhilosopher	js	196579
BruceBAD/BadUSB-FalsePhilosopher/BashBunny/payloads/library/credentials/BunnyTap/js/ajax.googleapis.com__ajax__libs__dojo__1.5.3__dojo__dojo.js	BadUSB-FalsePhilosopher	js	90539
BruceBAD/BadUSB-FalsePhilosopher/BashBunny/payloads/library/credentials/BunnyTap/js/ajax.googleapis.com__ajax__libs__jqueryui__1.8.23__jquery-ui.min.js	BadUSB-FalsePhilosopher	js	200749
BruceBAD/BadUSB-FalsePhilosopher/BashBunny/payloads/library/credentials/BunnyTap/js/ajax.googleapis.com__ajax__libs__mootools__1.2.2__mootools.min.js	BadUSB-FalsePhilosopher	js	1
BruceBAD/BadUSB-FalsePhilosopher/BashBunny/payloads/library/credentials/BunnyTap/js/ajax.googleapis.com__ajax__libs__jquery__2.1.4__jquery.min.js	BadUSB-FalsePhilosopher	js	84381
BruceBAD/BadUSB-FalsePhilosopher/BashBunny/payloads/library/credentials/BunnyTap/js/ajax.googleapis.com__ajax__libs__dojo__1.4.0__dojo__dojo.js	BadUSB-FalsePhilosopher	js	89265
BruceBAD/BadUSB-FalsePhilosopher/BashBunny/payloads/library/credentials/BunnyTap/js/ajax.googleapis.com__ajax__libs__mootools__1.5.0__mootools.min.js	BadUSB-FalsePhilosopher	js	1
BruceBAD/BadUSB-FalsePhilosopher/BashBunny/payloads/library/credentials/BunnyTap/js/ajax.googleapis.com__ajax__libs__angularjs__1.2.1__angular.min.js	BadUSB-FalsePhilosopher	js	99131
BruceBAD/BadUSB-FalsePhilosopher/BashBunny/payloads/library/credentials/BunnyTap/js/ajax.googleapis.com__ajax__libs__angularjs__1.0.8__angular.min.js	BadUSB-FalsePhilosopher	js	81448
BruceBAD/BadUSB-FalsePhilosopher/BashBunny/payloads/library/credentials/BunnyTap/js/ajax.googleapis.com__ajax__libs__angular_material__0.11.4__angular-material.min.js	BadUSB-FalsePhilosopher	js	275438
BruceBAD/BadUSB-FalsePhilosopher/BashBunny/payloads/library/credentials/BunnyTap/js/ajax.googleapis.com__ajax__libs__angular_material__0.10.1__angular-material.min.js	BadUSB-FalsePhilosopher	js	212811
BruceBAD/BadUSB-FalsePhilosopher/BashBunny/payloads/library/credentials/BunnyTap/js/ajax.googleapis.com__ajax__libs__angularjs__1.2.12__angular.min.js	BadUSB-FalsePhilosopher	js	100330
BruceBAD/BadUSB-FalsePhilosopher/BashBunny/payloads/library/credentials/BunnyTap/js/ajax.googleapis.com__ajax__libs__jqueryui__1.8.17__jquery-ui.min.js	BadUSB-FalsePhilosopher	js	202322
BruceBAD/BadUSB-FalsePhilosopher/BashBunny/payloads/library/credentials/BunnyTap/js/ajax.googleapis.com__ajax__libs__scriptaculous__1.8.1__scriptaculous.js	BadUSB-FalsePhilosopher	js	2655
BruceBAD/BadUSB-FalsePhilosopher/BashBunny/payloads/library/credentials/BunnyTap/js/ajax.googleapis.com__ajax__libs__angularjs__1.3.9__angular.min.js	BadUSB-FalsePhilosopher	js	125230
BruceBAD/BadUSB-FalsePhilosopher/BashBunny/payloads/library/credentials/BunnyTap/js/ajax.googleapis.com__ajax__libs__angularjs__1.3.0-beta.10__angular.min.js	BadUSB-FalsePhilosopher	js	108266
BruceBAD/BadUSB-FalsePhilosopher/BashBunny/payloads/library/credentials/BunnyTap/js/ajax.googleapis.com__ajax__libs__angularjs__1.3.0-beta.7__angular.min.js	BadUSB-FalsePhilosopher	js	109069
BruceBAD/BadUSB-FalsePhilosopher/BashBunny/payloads/library/credentials/BunnyTap/js/ajax.googleapis.com__ajax__libs__jquerymobile__1.4.2__jquery.mobile.min.js	BadUSB-FalsePhilosopher	js	195654
BruceBAD/BadUSB-FalsePhilosopher/BashBunny/payloads/library/credentials/BunnyTap/js/ajax.googleapis.com__ajax__libs__angularjs__1.3.0-beta.17__angular.min.js	BadUSB-FalsePhilosopher	js	112122
BruceBAD/BadUSB-FalsePhilosopher/BashBunny/payloads/library/credentials/BunnyTap/js/ajax.googleapis.com__ajax__libs__angular_material__1.0.3__angular-material.min.js	BadUSB-FalsePhilosopher	js	292125
BruceBAD/BadUSB-FalsePhilosopher/BashBunny/payloads/library/credentials/BunnyTap/js/ajax.googleapis.com__ajax__libs__jqueryui__1.8.2__jquery-ui.min.js	BadUSB-FalsePhilosopher	js	192330
BruceBAD/BadUSB-FalsePhilosopher/BashBunny/payloads/library/credentials/BunnyTap/js/ajax.googleapis.com__ajax__libs__angularjs__1.5.0-rc.1__angular.min.js	BadUSB-FalsePhilosopher	js	153436
BruceBAD/BadUSB-FalsePhilosopher/BashBunny/payloads/library/credentials/BunnyTap/js/ajax.googleapis.com__ajax__libs__angularjs__1.2.15__angular.min.js	BadUSB-FalsePhilosopher	js	103156
BruceBAD/BadUSB-FalsePhilosopher/BashBunny/payloads/library/credentials/BunnyTap/js/ajax.googleapis.com__ajax__libs__prototype__1.6.1.0__prototype.js	BadUSB-FalsePhilosopher	js	139855
BruceBAD/BadUSB-FalsePhilosopher/BashBunny/payloads/library/credentials/BunnyTap/js/ajax.googleapis.com__ajax__libs__angularjs__1.2.6__angular.min.js	BadUSB-FalsePhilosopher	js	100024
BruceBAD/BadUSB-FalsePhilosopher/BashBunny/payloads/library/credentials/BunnyTap/js/ajax.googleapis.com__ajax__libs__jqueryui__1.7.1__jquery-ui.min.js	BadUSB-FalsePhilosopher	js	185435
BruceBAD/BadUSB-FalsePhilosopher/BashBunny/payloads/library/credentials/BunnyTap/js/ajax.googleapis.com__ajax__libs__dojo__1.4.1__dojo__dojo.js	BadUSB-FalsePhilosopher	js	89270
BruceBAD/BadUSB-FalsePhilosopher/BashBunny/payloads/library/credentials/BunnyTap/js/ajax.googleapis.com__ajax__libs__mootools__1.3.1__mootools.min.js	BadUSB-FalsePhilosopher	js	1
BruceBAD/BadUSB-FalsePhilosopher/BashBunny/payloads/library/credentials/BunnyTap/js/ajax.googleapis.com__ajax__libs__jqueryui__1.8.13__jquery-ui.min.js	BadUSB-FalsePhilosopher	js	200105
BruceBAD/BadUSB-FalsePhilosopher/BashBunny/payloads/library/credentials/BunnyTap/js/ajax.googleapis.com__ajax__libs__mootools__1.1.2__mootools.min.js	BadUSB-FalsePhilosopher	js	1
BruceBAD/BadUSB-FalsePhilosopher/BashBunny/payloads/library/credentials/BunnyTap/js/ajax.googleapis.com__ajax__libs__mootools__1.6.0__mootools.min.js	BadUSB-FalsePhilosopher	js	127519
BruceBAD/BadUSB-FalsePhilosopher/BashBunny/payloads/library/credentials/BunnyTap/js/ajax.googleapis.com__ajax__libs__mootools__1.4.3__mootools.min.js	BadUSB-FalsePhilosopher	js	1
BruceBAD/BadUSB-FalsePhilosopher/BashBunny/payloads/library/credentials/BunnyTap/js/ajax.googleapis.com__ajax__libs__jqueryui__1.9.2__jquery-ui.min.js	BadUSB-FalsePhilosopher	js	237735
BruceBAD/BadUSB-FalsePhilosopher/BashBunny/payloads/library/credentials/BunnyTap/js/ajax.googleapis.com__ajax__libs__angularjs__1.3.0-rc.0__angular.min.js	BadUSB-FalsePhilosopher	js	117399
BruceBAD/BadUSB-FalsePhilosopher/BashBunny/payloads/library/credentials/BunnyTap/js/ajax.googleapis.com__ajax__libs__dojo__1.5.2__dojo__dojo.js	BadUSB-FalsePhilosopher	js	90556
BruceBAD/BadUSB-FalsePhilosopher/BashBunny/payloads/library/credentials/BunnyTap/js/ajax.googleapis.com__ajax__libs__angularjs__1.4.8__angular.min.js	BadUSB-FalsePhilosopher	js	148200
BruceBAD/BadUSB-FalsePhilosopher/BashBunny/payloads/library/credentials/BunnyTap/js/ajax.googleapis.com__ajax__libs__angular_material__0.6__angular-material.min.js	BadUSB-FalsePhilosopher	js	54294
BruceBAD/BadUSB-FalsePhilosopher/BashBunny/payloads/library/credentials/BunnyTap/js/ajax.googleapis.com__ajax__libs__angular_material__0.7.1__angular-material.min.js	BadUSB-FalsePhilosopher	js	106523
BruceBAD/BadUSB-FalsePhilosopher/BashBunny/payloads/library/credentials/BunnyTap/js/ajax.googleapis.com__ajax__libs__jqueryui__1.8.7__jquery-ui.min.js	BadUSB-FalsePhilosopher	js	198060
BruceBAD/BadUSB-FalsePhilosopher/BashBunny/payloads/library/credentials/BunnyTap/js/ajax.googleapis.com__ajax__libs__angularjs__1.4.7__angular.min.js	BadUSB-FalsePhilosopher	js	147736
BruceBAD/BadUSB-FalsePhilosopher/BashBunny/payloads/library/credentials/BunnyTap/js/ajax.googleapis.com__ajax__libs__angular_material__0.8.2__angular-material.min.js	BadUSB-FalsePhilosopher	js	141723
BruceBAD/BadUSB-FalsePhilosopher/BashBunny/payloads/library/credentials/BunnyTap/js/ajax.googleapis.com__ajax__libs__jqueryui__1.8.22__jquery-ui.min.js	BadUSB-FalsePhilosopher	js	203376
BruceBAD/BadUSB-FalsePhilosopher/BashBunny/payloads/library/credentials/BunnyTap/js/ajax.googleapis.com__ajax__libs__angularjs__1.4.0-beta.3__angular.min.js	BadUSB-FalsePhilosopher	js	140563
BruceBAD/BadUSB-FalsePhilosopher/BashBunny/payloads/library/credentials/BunnyTap/js/ajax.googleapis.com__ajax__libs__spf__2.3.0__spf.js	BadUSB-FalsePhilosopher	js	33949
BruceBAD/BadUSB-FalsePhilosopher/BashBunny/payloads/library/credentials/BunnyTap/js/ajax.googleapis.com__ajax__libs__scriptaculous__1.9.0__scriptaculous.js	BadUSB-FalsePhilosopher	js	2932
BruceBAD/BadUSB-FalsePhilosopher/BashBunny/payloads/library/credentials/BunnyTap/js/ajax.googleapis.com__ajax__libs__webfont__2016.__webfont.js	BadUSB-FalsePhilosopher	js	1
BruceBAD/BadUSB-FalsePhilosopher/BashBunny/payloads/library/credentials/BunnyTap/js/ajax.googleapis.com__ajax__libs__jquery__2.0.1__jquery.min.js	BadUSB-FalsePhilosopher	js	83514
BruceBAD/BadUSB-FalsePhilosopher/BashBunny/payloads/library/credentials/BunnyTap/js/ajax.googleapis.com__ajax__libs__ext-core__3.1.0__ext-core.js	BadUSB-FalsePhilosopher	js	85837
BruceBAD/BadUSB-FalsePhilosopher/BashBunny/payloads/library/credentials/BunnyTap/js/ajax.googleapis.com__ajax__libs__angularjs__1.3.1__angular.min.js	BadUSB-FalsePhilosopher	js	123466
BruceBAD/BadUSB-FalsePhilosopher/BashBunny/payloads/library/credentials/BunnyTap/js/ajax.googleapis.com__ajax__libs__webfont__1.6.16__webfont.js	BadUSB-FalsePhilosopher	js	13314
BruceBAD/BadUSB-FalsePhilosopher/BashBunny/payloads/library/credentials/BunnyTap/js/ajax.googleapis.com__ajax__libs__jquery__1.4.1__jquery.min.js	BadUSB-FalsePhilosopher	js	70844
BruceBAD/BadUSB-FalsePhilosopher/BashBunny/payloads/library/credentials/BunnyTap/js/ajax.googleapis.com__ajax__libs__jquery__2.1.2__jquery.min.js	BadUSB-FalsePhilosopher	js	1
BruceBAD/BadUSB-FalsePhilosopher/BashBunny/payloads/library/credentials/BunnyTap/js/ajax.googleapis.com__ajax__libs__jqueryui__1.8.16__jquery-ui.min.js	BadUSB-FalsePhilosopher	js	201876
BruceBAD/BadUSB-FalsePhilosopher/BashBunny/payloads/library/credentials/BunnyTap/js/ajax.googleapis.com__ajax__libs__angularjs__1.3.0-beta.18__angular.min.js	BadUSB-FalsePhilosopher	js	113364
BruceBAD/BadUSB-FalsePhilosopher/BashBunny/payloads/library/credentials/BunnyTap/js/ajax.googleapis.com__ajax__libs__angularjs__1.4.0-rc.0__angular.min.js	BadUSB-FalsePhilosopher	js	143353
BruceBAD/BadUSB-FalsePhilosopher/BashBunny/payloads/library/credentials/BunnyTap/js/ajax.googleapis.com__ajax__libs__angularjs__1.3.10__angular.min.js	BadUSB-FalsePhilosopher	js	125322
BruceBAD/BadUSB-FalsePhilosopher/BashBunny/payloads/library/credentials/BunnyTap/js/ajax.googleapis.com__ajax__libs__dojo__1.4.6__dojo__dojo.js	BadUSB-FalsePhilosopher	js	89538
BruceBAD/BadUSB-FalsePhilosopher/BashBunny/payloads/library/credentials/BunnyTap/js/ajax.googleapis.com__ajax__libs__threejs__r69__three.min.js	BadUSB-FalsePhilosopher	js	415780
BruceBAD/BadUSB-FalsePhilosopher/BashBunny/payloads/library/credentials/BunnyTap/js/ajax.googleapis.com__ajax__libs__jquery__1.5.2__jquery.min.js	BadUSB-FalsePhilosopher	js	85926
BruceBAD/BadUSB-FalsePhilosopher/BashBunny/payloads/library/credentials/BunnyTap/js/ajax.googleapis.com__ajax__libs__angularjs__1.2.9__angular.min.js	BadUSB-FalsePhilosopher	js	99984
BruceBAD/BadUSB-FalsePhilosopher/BashBunny/payloads/library/credentials/BunnyTap/js/ajax.googleapis.com__ajax__libs__angularjs__1.5.0-beta.2__angular.min.js	BadUSB-FalsePhilosopher	js	150228
BruceBAD/BadUSB-FalsePhilosopher/BashBunny/payloads/library/credentials/BunnyTap/js/ajax.googleapis.com__ajax__libs__jquery__1.12.0__jquery.min.js	BadUSB-FalsePhilosopher	js	97363
BruceBAD/BadUSB-FalsePhilosopher/BashBunny/payloads/library/credentials/BunnyTap/js/ajax.googleapis.com__ajax__libs__webfont__1.5.10__webfont.js	BadUSB-FalsePhilosopher	js	17845
BruceBAD/BadUSB-FalsePhilosopher/BashBunny/payloads/library/credentials/BunnyTap/js/ajax.googleapis.com__ajax__libs__angularjs__1.2.27__angular.min.js	BadUSB-FalsePhilosopher	js	108026
BruceBAD/BadUSB-FalsePhilosopher/BashBunny/payloads/library/credentials/Bunnyhound/s.ps1	BadUSB-FalsePhilosopher	ps1	402
BruceBAD/BadUSB-FalsePhilosopher/BashBunny/payloads/library/credentials/Bunnyhound/SharpHound.ps1	BadUSB-FalsePhilosopher	ps1	642661
BruceBAD/BadUSB-FalsePhilosopher/BashBunny/payloads/library/credentials/Bunnyhound/payload.txt	BadUSB-FalsePhilosopher	txt	1339
BruceBAD/BadUSB-FalsePhilosopher/BashBunny/payloads/library/credentials/ProcDumpBunny/payload.txt	BadUSB-FalsePhilosopher	txt	1183
BruceBAD/BadUSB-FalsePhilosopher/BashBunny/payloads/library/credentials/ducked/run.ps1	BadUSB-FalsePhilosopher	ps1	9715
BruceBAD/BadUSB-FalsePhilosopher/BashBunny/payloads/library/credentials/ducked/procdump.txt	BadUSB-FalsePhilosopher	txt	882136
BruceBAD/BadUSB-FalsePhilosopher/BashBunny/payloads/library/credentials/ducked/duck_code.txt	BadUSB-FalsePhilosopher	txt	870
BruceBAD/BadUSB-FalsePhilosopher/BashBunny/payloads/library/credentials/ducked/payload.txt	BadUSB-FalsePhilosopher	txt	149
BruceBAD/BadUSB-FalsePhilosopher/BashBunny/payloads/library/credentials/FireSnatcher/payload.txt	BadUSB-FalsePhilosopher	txt	2032
BruceBAD/BadUSB-FalsePhilosopher/BashBunny/payloads/library/credentials/FireSnatcher/FireSnatcher.bat	BadUSB-FalsePhilosopher	bat	286
BruceBAD/BadUSB-FalsePhilosopher/BashBunny/payloads/library/credentials/WiPassDump/payload.txt	BadUSB-FalsePhilosopher	txt	1221
BruceBAD/BadUSB-FalsePhilosopher/BashBunny/payloads/library/credentials/LaZassword/bypass.ps1	BadUSB-FalsePhilosopher	ps1	3654
BruceBAD/BadUSB-FalsePhilosopher/BashBunny/payloads/library/credentials/LaZassword/lazassword.ps1	BadUSB-FalsePhilosopher	ps1	1075
BruceBAD/BadUSB-FalsePhilosopher/BashBunny/payloads/library/credentials/LaZassword/payload.txt	BadUSB-FalsePhilosopher	txt	729
BruceBAD/BadUSB-FalsePhilosopher/BashBunny/payloads/library/credentials/PasswordGrabber/payload.ps1	BadUSB-FalsePhilosopher	ps1	605
BruceBAD/BadUSB-FalsePhilosopher/BashBunny/payloads/library/credentials/PasswordGrabber/payload.txt	BadUSB-FalsePhilosopher	txt	1099
BruceBAD/BadUSB-FalsePhilosopher/BashBunny/payloads/library/credentials/WifiPass/payload.txt	BadUSB-FalsePhilosopher	txt	2506
BruceBAD/BadUSB-FalsePhilosopher/BashBunny/payloads/library/credentials/Jackalope/wordlist.txt	BadUSB-FalsePhilosopher	txt	743
BruceBAD/BadUSB-FalsePhilosopher/BashBunny/payloads/library/credentials/Jackalope/userlist.txt	BadUSB-FalsePhilosopher	txt	13
BruceBAD/BadUSB-FalsePhilosopher/BashBunny/payloads/library/credentials/Jackalope/payload.txt	BadUSB-FalsePhilosopher	txt	2447
BruceBAD/BadUSB-FalsePhilosopher/BashBunny/payloads/library/credentials/BunnyLogger/payload.sh	BadUSB-FalsePhilosopher	sh	2096
BruceBAD/BadUSB-FalsePhilosopher/BashBunny/payloads/library/credentials/BunnyLogger/payload.txt	BadUSB-FalsePhilosopher	txt	1130
BruceBAD/BadUSB-FalsePhilosopher/BashBunny/payloads/library/credentials/SMBruteBunny/passlist.txt	BadUSB-FalsePhilosopher	txt	744
BruceBAD/BadUSB-FalsePhilosopher/BashBunny/payloads/library/credentials/SMBruteBunny/userlist.txt	BadUSB-FalsePhilosopher	txt	45
BruceBAD/BadUSB-FalsePhilosopher/BashBunny/payloads/library/credentials/SMBruteBunny/payload.txt	BadUSB-FalsePhilosopher	txt	2384
BruceBAD/BadUSB-FalsePhilosopher/BashBunny/payloads/library/credentials/SMBruteBunny/mmcbrute/mmcbrute.py	BadUSB-FalsePhilosopher	py	7809
BruceBAD/BadUSB-FalsePhilosopher/BashBunny/payloads/library/credentials/-BB-Credz-Plz/Credz-Plz.ps1	BadUSB-FalsePhilosopher	ps1	7641
BruceBAD/BadUSB-FalsePhilosopher/BashBunny/payloads/library/credentials/-BB-Credz-Plz/payload.txt	BadUSB-FalsePhilosopher	txt	557
BruceBAD/BadUSB-FalsePhilosopher/BashBunny/payloads/library/credentials/SessionBunny/SessionBunny.ps1	BadUSB-FalsePhilosopher	ps1	39382
BruceBAD/BadUSB-FalsePhilosopher/BashBunny/payloads/library/credentials/SessionBunny/payload.txt	BadUSB-FalsePhilosopher	txt	726
BruceBAD/BadUSB-FalsePhilosopher/BashBunny/payloads/library/credentials/Win_PoSH_FakeLogin/L.ps1	BadUSB-FalsePhilosopher	ps1	3529159
BruceBAD/BadUSB-FalsePhilosopher/BashBunny/payloads/library/credentials/Win_PoSH_FakeLogin/payload.txt	BadUSB-FalsePhilosopher	txt	460
BruceBAD/BadUSB-FalsePhilosopher/BashBunny/payloads/library/credentials/bushingsBlueTurtle/pre.sh	BadUSB-FalsePhilosopher	sh	142
BruceBAD/BadUSB-FalsePhilosopher/BashBunny/payloads/library/credentials/bushingsBlueTurtle/blueTurtle.py	BadUSB-FalsePhilosopher	py	6886
BruceBAD/BadUSB-FalsePhilosopher/BashBunny/payloads/library/credentials/bushingsBlueTurtle/shell.py	BadUSB-FalsePhilosopher	py	92
BruceBAD/BadUSB-FalsePhilosopher/BashBunny/payloads/library/credentials/bushingsBlueTurtle/post.sh	BadUSB-FalsePhilosopher	sh	309
BruceBAD/BadUSB-FalsePhilosopher/BashBunny/payloads/library/credentials/bushingsBlueTurtle/payload.txt	BadUSB-FalsePhilosopher	txt	3076
BruceBAD/BadUSB-FalsePhilosopher/BashBunny/payloads/library/credentials/bushingsBlueTurtle/shellSmuggler.py	BadUSB-FalsePhilosopher	py	1488
BruceBAD/BadUSB-FalsePhilosopher/BashBunny/payloads/library/credentials/sudoSnatch/payload.sh	BadUSB-FalsePhilosopher	sh	1639
BruceBAD/BadUSB-FalsePhilosopher/BashBunny/payloads/library/credentials/sudoSnatch/payload.txt	BadUSB-FalsePhilosopher	txt	1107
BruceBAD/BadUSB-FalsePhilosopher/BashBunny/payloads/library/credentials/QuickCreds/payload.txt	BadUSB-FalsePhilosopher	txt	1895
BruceBAD/BadUSB-FalsePhilosopher/BashBunny/payloads/library/credentials/win_problemstepsrecorder/payload.ps1	BadUSB-FalsePhilosopher	ps1	1648
BruceBAD/BadUSB-FalsePhilosopher/BashBunny/payloads/library/credentials/win_problemstepsrecorder/payload.txt	BadUSB-FalsePhilosopher	txt	2021
BruceBAD/BadUSB-FalsePhilosopher/BashBunny/payloads/library/credentials/macinfograbber/payload.txt	BadUSB-FalsePhilosopher	txt	1242
BruceBAD/BadUSB-FalsePhilosopher/BashBunny/payloads/library/credentials/sshDump/payload.txt	BadUSB-FalsePhilosopher	txt	958
BruceBAD/BadUSB-FalsePhilosopher/BashBunny/payloads/library/credentials/win_sslkeylog/payload.ps1	BadUSB-FalsePhilosopher	ps1	2135
BruceBAD/BadUSB-FalsePhilosopher/BashBunny/payloads/library/credentials/win_sslkeylog/payload.txt	BadUSB-FalsePhilosopher	txt	2695
BruceBAD/BadUSB-FalsePhilosopher/BashBunny/payloads/library/credentials/BruteBunny/brutebunny.ps1	BadUSB-FalsePhilosopher	ps1	2604
BruceBAD/BadUSB-FalsePhilosopher/BashBunny/payloads/library/credentials/BruteBunny/passwords.txt	BadUSB-FalsePhilosopher	txt	81
BruceBAD/BadUSB-FalsePhilosopher/BashBunny/payloads/library/credentials/BruteBunny/payload.txt	BadUSB-FalsePhilosopher	txt	1099
BruceBAD/BadUSB-FalsePhilosopher/BashBunny/payloads/library/credentials/BruteBunny/usernames.txt	BadUSB-FalsePhilosopher	txt	81
BruceBAD/BadUSB-FalsePhilosopher/BashBunny/payloads/library/credentials/MiniDumpBunny/MiniBunny.bat	BadUSB-FalsePhilosopher	bat	3355
BruceBAD/BadUSB-FalsePhilosopher/BashBunny/payloads/library/credentials/MiniDumpBunny/payload.txt	BadUSB-FalsePhilosopher	txt	1022
BruceBAD/BadUSB-FalsePhilosopher/BashBunny/payloads/extensions/wait_for_notpresent.sh	BadUSB-FalsePhilosopher	sh	703
BruceBAD/BadUSB-FalsePhilosopher/BashBunny/payloads/extensions/runpayload.sh	BadUSB-FalsePhilosopher	sh	1648
BruceBAD/BadUSB-FalsePhilosopher/BashBunny/payloads/extensions/debug.sh	BadUSB-FalsePhilosopher	sh	820
BruceBAD/BadUSB-FalsePhilosopher/BashBunny/payloads/extensions/waiteject.sh	BadUSB-FalsePhilosopher	sh	305
BruceBAD/BadUSB-FalsePhilosopher/BashBunny/payloads/extensions/get.sh	BadUSB-FalsePhilosopher	sh	1461
BruceBAD/BadUSB-FalsePhilosopher/BashBunny/payloads/extensions/run.sh	BadUSB-FalsePhilosopher	sh	1116
BruceBAD/BadUSB-FalsePhilosopher/BashBunny/payloads/extensions/setkb.sh	BadUSB-FalsePhilosopher	sh	1363
BruceBAD/BadUSB-FalsePhilosopher/BashBunny/payloads/extensions/wait.sh	BadUSB-FalsePhilosopher	sh	1430
BruceBAD/BadUSB-FalsePhilosopher/BashBunny/payloads/extensions/cucumber.sh	BadUSB-FalsePhilosopher	sh	725
BruceBAD/BadUSB-FalsePhilosopher/BashBunny/payloads/extensions/ducky_lang.sh	BadUSB-FalsePhilosopher	sh	136
BruceBAD/BadUSB-FalsePhilosopher/BashBunny/payloads/extensions/get2_dhclient.sh	BadUSB-FalsePhilosopher	sh	1980
BruceBAD/BadUSB-FalsePhilosopher/BashBunny/payloads/extensions/mac_happy.sh	BadUSB-FalsePhilosopher	sh	593
BruceBAD/BadUSB-FalsePhilosopher/BashBunny/payloads/extensions/ble_exfil.sh	BadUSB-FalsePhilosopher	sh	473
BruceBAD/BadUSB-FalsePhilosopher/BashBunny/payloads/extensions/wait_for_present.sh	BadUSB-FalsePhilosopher	sh	691
BruceBAD/BadUSB-FalsePhilosopher/BashBunny/payloads/extensions/requiretool.sh	BadUSB-FalsePhilosopher	sh	352
BruceBAD/BadUSB-FalsePhilosopher/BashBunny/payloads/switch1/payload.txt	BadUSB-FalsePhilosopher	txt	61
BruceBAD/BadUSB-FalsePhilosopher/BashBunny/docs/readme.txt	BadUSB-FalsePhilosopher	txt	16171
BruceBAD/BadUSB-FalsePhilosopher/Ducky/DTK_Downloader1.ps1	BadUSB-FalsePhilosopher	ps1	576
BruceBAD/BadUSB-FalsePhilosopher/Ducky/Ducky-Framework/setup.py	BadUSB-FalsePhilosopher	py	907
BruceBAD/BadUSB-FalsePhilosopher/Ducky/Ducky-Framework/prompt.py	BadUSB-FalsePhilosopher	py	1607
BruceBAD/BadUSB-FalsePhilosopher/Ducky/Ducky-Framework/duckyFuzz.sh	BadUSB-FalsePhilosopher	sh	195
BruceBAD/BadUSB-FalsePhilosopher/Ducky/Ducky-Framework/payloads/lin/sshKeyAccss/sshKeyAccss.txt	BadUSB-FalsePhilosopher	txt	442
BruceBAD/BadUSB-FalsePhilosopher/Ducky/Ducky-Framework/payloads/lin/sudoAllNopass/sudoAllNopass.txt	BadUSB-FalsePhilosopher	txt	613
BruceBAD/BadUSB-FalsePhilosopher/Ducky/Ducky-Framework/payloads/lin/ubuntuBasedDefacer/ubuntuBasedDefacer.txt	BadUSB-FalsePhilosopher	txt	705
BruceBAD/BadUSB-FalsePhilosopher/Ducky/Ducky-Framework/payloads/lin/openWebPage/openWebPage.txt	BadUSB-FalsePhilosopher	txt	750
BruceBAD/BadUSB-FalsePhilosopher/Ducky/Ducky-Framework/payloads/lin/sudoPassGrabber/sudoPassGrabber.txt	BadUSB-FalsePhilosopher	txt	1513
BruceBAD/BadUSB-FalsePhilosopher/Ducky/Ducky-Framework/payloads/osx/sshKeyAccss/sshKeyAccss.txt	BadUSB-FalsePhilosopher	txt	468
BruceBAD/BadUSB-FalsePhilosopher/Ducky/Ducky-Framework/payloads/osx/wgetExec/wgetExec.txt	BadUSB-FalsePhilosopher	txt	831
BruceBAD/BadUSB-FalsePhilosopher/Ducky/Ducky-Framework/payloads/osx/localDnsPoison/localDnsPoison.txt	BadUSB-FalsePhilosopher	txt	791
BruceBAD/BadUSB-FalsePhilosopher/Ducky/Ducky-Framework/payloads/osx/IPslurp/IPslurp.txt	BadUSB-FalsePhilosopher	txt	320
BruceBAD/BadUSB-FalsePhilosopher/Ducky/Ducky-Framework/payloads/osx/youLookUgly/youLookUgly.txt	BadUSB-FalsePhilosopher	txt	637
BruceBAD/BadUSB-FalsePhilosopher/Ducky/Ducky-Framework/payloads/osx/sudoAllNopass/sudoAllNopass.txt	BadUSB-FalsePhilosopher	txt	751
BruceBAD/BadUSB-FalsePhilosopher/Ducky/Ducky-Framework/payloads/osx/ImessageCapture/ImessageCapture.txt	BadUSB-FalsePhilosopher	txt	475
BruceBAD/BadUSB-FalsePhilosopher/Ducky/Ducky-Framework/payloads/osx/rootBackdoor/rootBackdoor.txt	BadUSB-FalsePhilosopher	txt	1783
BruceBAD/BadUSB-FalsePhilosopher/Ducky/Ducky-Framework/payloads/osx/userBackdoor/userBackdoor.txt	BadUSB-FalsePhilosopher	txt	1788
BruceBAD/BadUSB-FalsePhilosopher/Ducky/Ducky-Framework/payloads/osx/openWebPage/openWebPage.txt	BadUSB-FalsePhilosopher	txt	750
BruceBAD/BadUSB-FalsePhilosopher/Ducky/Ducky-Framework/payloads/osx/sudoPassGrabber/sudoPassGrabber.txt	BadUSB-FalsePhilosopher	txt	1414
BruceBAD/BadUSB-FalsePhilosopher/Ducky/Ducky-Framework/payloads/win/sillyMouseWin7/sillyMouseWin7.txt	BadUSB-FalsePhilosopher	txt	1421
BruceBAD/BadUSB-FalsePhilosopher/Ducky/Ducky-Framework/payloads/win/firefoxPassStealer/firefoxPassStealer.txt	BadUSB-FalsePhilosopher	txt	1948
BruceBAD/BadUSB-FalsePhilosopher/Ducky/Ducky-Framework/payloads/win/powershWgetWin7/powershWgetWin7.txt	BadUSB-FalsePhilosopher	txt	849
BruceBAD/BadUSB-FalsePhilosopher/Ducky/Ducky-Framework/payloads/win/duckyPhisherWin7/duckyPhisherWin7.txt	BadUSB-FalsePhilosopher	txt	1295
BruceBAD/BadUSB-FalsePhilosopher/Ducky/Ducky-Framework/payloads/win/fakeUpdate/fakeUpdate.txt	BadUSB-FalsePhilosopher	txt	339
BruceBAD/BadUSB-FalsePhilosopher/Ducky/Ducky-Framework/payloads/win/fileDownloaderWin7/fileDownloaderWin7.txt	BadUSB-FalsePhilosopher	txt	1217
BruceBAD/BadUSB-FalsePhilosopher/Ducky/Ducky-Framework/payloads/win/localDnsPoison/localDnsPoison.txt	BadUSB-FalsePhilosopher	txt	613
BruceBAD/BadUSB-FalsePhilosopher/Ducky/Ducky-Framework/payloads/win/missDiscretion/missDiscretion.txt	BadUSB-FalsePhilosopher	txt	444
BruceBAD/BadUSB-FalsePhilosopher/Ducky/Ducky-Framework/payloads/win/runJavaFromSD/runJavaFromSD.txt	BadUSB-FalsePhilosopher	txt	2005
BruceBAD/BadUSB-FalsePhilosopher/Ducky/Ducky-Framework/payloads/win/disableDefender/disableDefender.txt	BadUSB-FalsePhilosopher	txt	634
BruceBAD/BadUSB-FalsePhilosopher/Ducky/Ducky-Framework/payloads/win/wifigrab/wifigrab.ps1	BadUSB-FalsePhilosopher	ps1	1456
BruceBAD/BadUSB-FalsePhilosopher/Ducky/Ducky-Framework/payloads/win/wifigrab/wifigrab.txt	BadUSB-FalsePhilosopher	txt	927
BruceBAD/BadUSB-FalsePhilosopher/Ducky/Ducky-Framework/payloads/win/daraExfiltrationBackdoor/daraExfiltrationBackdoor.txt	BadUSB-FalsePhilosopher	txt	2721
BruceBAD/BadUSB-FalsePhilosopher/Ducky/Ducky-Framework/payloads/win/SAMandSYSTEMretriver/SAMandSYSTEMretriver.txt	BadUSB-FalsePhilosopher	txt	1802
BruceBAD/BadUSB-FalsePhilosopher/Ducky/Ducky-Framework/payloads/win/genericBatch/genericBatch.txt	BadUSB-FalsePhilosopher	txt	1385
BruceBAD/BadUSB-FalsePhilosopher/Ducky/Ducky-Framework/payloads/win/winPassGrabber/winPassGrabber.txt	BadUSB-FalsePhilosopher	txt	2966
BruceBAD/BadUSB-FalsePhilosopher/Ducky/Ducky-Framework/payloads/win/fastMeterpreter/fastMeterpreter.txt	BadUSB-FalsePhilosopher	txt	2154
BruceBAD/BadUSB-FalsePhilosopher/Ducky/Ducky-Framework/payloads/win/restartPrankWin7/restartPrankWin7.txt	BadUSB-FalsePhilosopher	txt	1632
BruceBAD/BadUSB-FalsePhilosopher/Ducky/Ducky-Framework/payloads/win/ncShell/ncShell.txt	BadUSB-FalsePhilosopher	txt	685
BruceBAD/BadUSB-FalsePhilosopher/Ducky/Ducky-Framework/payloads/win/disableDefender2/disableDefender2.txt	BadUSB-FalsePhilosopher	txt	895
BruceBAD/BadUSB-FalsePhilosopher/Ducky/Ducky-Framework/payloads/win/downLoadAndExecPowersh/downLoadAndExecPowersh.txt	BadUSB-FalsePhilosopher	txt	865
BruceBAD/BadUSB-FalsePhilosopher/Ducky/Ducky-Framework/payloads/win/mimikatzPay/mimikatzPay.txt	BadUSB-FalsePhilosopher	txt	747
BruceBAD/BadUSB-FalsePhilosopher/Ducky/Ducky-Framework/payloads/win/websiteLockWin7/websiteLockWin7.txt	BadUSB-FalsePhilosopher	txt	2004
BruceBAD/BadUSB-FalsePhilosopher/Ducky/Ducky-Framework/payloads/win/SAMandSYSTEMretriverTWINfirmware/SAMandSYSTEMretriverTWINfirmware.txt	BadUSB-FalsePhilosopher	txt	1795
BruceBAD/BadUSB-FalsePhilosopher/Ducky/Ducky-Framework/payloads/win/wiFunWin7/wiFunWin7.txt	BadUSB-FalsePhilosopher	txt	993
BruceBAD/BadUSB-FalsePhilosopher/Ducky/Ducky-Framework/payloads/win/runExeFromSD/runExeFromSD.txt	BadUSB-FalsePhilosopher	txt	1836
BruceBAD/BadUSB-FalsePhilosopher/Ducky/Ducky-Framework/payloads/win/chromeStealer/chrome.ps1	BadUSB-FalsePhilosopher	ps1	463
BruceBAD/BadUSB-FalsePhilosopher/Ducky/Ducky-Framework/payloads/win/chromeStealer/chromeStealer.txt	BadUSB-FalsePhilosopher	txt	1333
BruceBAD/BadUSB-FalsePhilosopher/Ducky/Ducky-Framework/payloads/win/dumpWifiAndChrome/dumpWifiAndChrome.txt	BadUSB-FalsePhilosopher	txt	2278
BruceBAD/BadUSB-FalsePhilosopher/Ducky/Ducky-Framework/payloads/win/dumpWifiAndChrome/email.ps1	BadUSB-FalsePhilosopher	ps1	748
BruceBAD/BadUSB-FalsePhilosopher/Ducky/Ducky-Framework/payloads/win/driveEraserWin7/driveEraserWin7.txt	BadUSB-FalsePhilosopher	txt	1517
BruceBAD/BadUSB-FalsePhilosopher/Ducky/Ducky-Framework/payloads/win/denyNetAccess/denyNetAccess.txt	BadUSB-FalsePhilosopher	txt	1376
BruceBAD/BadUSB-FalsePhilosopher/Ducky/Ducky-Framework/payloads/win/chromeStealPassWin7/chromeStealPassWin7.txt	BadUSB-FalsePhilosopher	txt	2104
BruceBAD/BadUSB-FalsePhilosopher/Ducky/Ducky-Framework/payloads/win/downloadAndExecMimikatz/downloadAndExecMimikatz.txt	BadUSB-FalsePhilosopher	txt	2144
BruceBAD/BadUSB-FalsePhilosopher/Ducky/Ducky-Framework/payloads/win/remotelyPossibleWin7/remotelyPossibleWin7.txt	BadUSB-FalsePhilosopher	txt	1335
BruceBAD/BadUSB-FalsePhilosopher/Ducky/Ducky-Framework/payloads/win/FTPDownloaderWin7/FTPDownloaderWin7.txt	BadUSB-FalsePhilosopher	txt	608
BruceBAD/BadUSB-FalsePhilosopher/Ducky/Ducky-Framework/payloads/win/screenRoteWin7/screenRoteWin7.txt	BadUSB-FalsePhilosopher	txt	361
BruceBAD/BadUSB-FalsePhilosopher/Ducky/Ducky-Framework/payloads/win/openWebPage/openWebPage.txt	BadUSB-FalsePhilosopher	txt	750
BruceBAD/BadUSB-FalsePhilosopher/Ducky/Ducky-Framework/payloads/win/ncReverseSh/ncReverseSh.txt	BadUSB-FalsePhilosopher	txt	2240
BruceBAD/BadUSB-FalsePhilosopher/Ducky/Ducky-Framework/payloads/win/disableDefenderWithPowersh/disableDefenderWithPowersh.txt	BadUSB-FalsePhilosopher	txt	396
BruceBAD/BadUSB-FalsePhilosopher/Ducky/USBRubberducky/ransom/Unix-like/Linux/Dransome.txt	BadUSB-FalsePhilosopher	txt	6347
BruceBAD/BadUSB-FalsePhilosopher/Ducky/USBRubberducky/ransom/Unix-like/Linux/Crybaby/crybaby.py	BadUSB-FalsePhilosopher	py	826
BruceBAD/BadUSB-FalsePhilosopher/Ducky/USBRubberducky/general/jiggler.txt	BadUSB-FalsePhilosopher	txt	22665
BruceBAD/BadUSB-FalsePhilosopher/Ducky/USBRubberducky/general/GitHub-Star.txt	BadUSB-FalsePhilosopher	txt	173
BruceBAD/BadUSB-FalsePhilosopher/Ducky/USBRubberducky/general/Unix-like/Osx/Open4Gmail/payload.txt	BadUSB-FalsePhilosopher	txt	470
BruceBAD/BadUSB-FalsePhilosopher/Ducky/USBRubberducky/general/Win/Win_HID_MonaLisa/MonaLisa.txt	BadUSB-FalsePhilosopher	txt	8589
BruceBAD/BadUSB-FalsePhilosopher/Ducky/USBRubberducky/general/Win/Subscribe/Subscribe.txt	BadUSB-FalsePhilosopher	txt	794
BruceBAD/BadUSB-FalsePhilosopher/Ducky/USBRubberducky/general/Win/Subscribe/Subscribe.ps1	BadUSB-FalsePhilosopher	ps1	3807
BruceBAD/BadUSB-FalsePhilosopher/Ducky/USBRubberducky/general/Win/Subscribe/payload.txt	BadUSB-FalsePhilosopher	txt	533
BruceBAD/BadUSB-FalsePhilosopher/Ducky/USBRubberducky/general/Win/Canary_Duck/payload.txt	BadUSB-FalsePhilosopher	txt	735
BruceBAD/BadUSB-FalsePhilosopher/Ducky/USBRubberducky/general/Win/Hotfix_Warning/payload.txt	BadUSB-FalsePhilosopher	txt	560
BruceBAD/BadUSB-FalsePhilosopher/Ducky/USBRubberducky/general/Win/PineApple/PineApple-KeyInjection.txt	BadUSB-FalsePhilosopher	txt	1857
BruceBAD/BadUSB-FalsePhilosopher/Ducky/USBRubberducky/general/Win/PineApple/payload.txt	BadUSB-FalsePhilosopher	txt	853
BruceBAD/BadUSB-FalsePhilosopher/Ducky/USBRubberducky/general/Win/PineApple/PineApple.ps1	BadUSB-FalsePhilosopher	ps1	1276
BruceBAD/BadUSB-FalsePhilosopher/Ducky/USBRubberducky/library/general/jiggler.txt	BadUSB-FalsePhilosopher	txt	22665
BruceBAD/BadUSB-FalsePhilosopher/Ducky/USBRubberducky/library/general/Unix-like/Osx/Open4Gmail/payload.txt	BadUSB-FalsePhilosopher	txt	470
BruceBAD/BadUSB-FalsePhilosopher/Ducky/USBRubberducky/library/general/Win/Win_HID_MonaLisa/MonaLisa.txt	BadUSB-FalsePhilosopher	txt	8589
BruceBAD/BadUSB-FalsePhilosopher/Ducky/USBRubberducky/library/general/Win/Subscribe/Subscribe.txt	BadUSB-FalsePhilosopher	txt	794
BruceBAD/BadUSB-FalsePhilosopher/Ducky/USBRubberducky/library/general/Win/Subscribe/Subscribe.ps1	BadUSB-FalsePhilosopher	ps1	3807
BruceBAD/BadUSB-FalsePhilosopher/Ducky/USBRubberducky/library/general/Win/Subscribe/payload.txt	BadUSB-FalsePhilosopher	txt	533
BruceBAD/BadUSB-FalsePhilosopher/Ducky/USBRubberducky/library/general/Win/Canary_Duck/payload.txt	BadUSB-FalsePhilosopher	txt	735
BruceBAD/BadUSB-FalsePhilosopher/Ducky/USBRubberducky/library/general/Win/Hotfix_Warning/payload.txt	BadUSB-FalsePhilosopher	txt	560
BruceBAD/BadUSB-FalsePhilosopher/Ducky/USBRubberducky/library/general/Win/PineApple/PineApple-KeyInjection.txt	BadUSB-FalsePhilosopher	txt	1857
BruceBAD/BadUSB-FalsePhilosopher/Ducky/USBRubberducky/library/general/Win/PineApple/payload.txt	BadUSB-FalsePhilosopher	txt	853
BruceBAD/BadUSB-FalsePhilosopher/Ducky/USBRubberducky/library/general/Win/PineApple/PineApple.ps1	BadUSB-FalsePhilosopher	ps1	1276
BruceBAD/BadUSB-FalsePhilosopher/Ducky/USBRubberducky/library/prank/Unix-like/Osx/Hacker_Typer/Apple.txt	BadUSB-FalsePhilosopher	txt	3208
BruceBAD/BadUSB-FalsePhilosopher/Ducky/USBRubberducky/library/prank/Unix-like/Osx/zipbomb/quack.txt	BadUSB-FalsePhilosopher	txt	325
BruceBAD/BadUSB-FalsePhilosopher/Ducky/USBRubberducky/library/prank/Unix-like/Osx/termBomb/payload.txt	BadUSB-FalsePhilosopher	txt	1952
BruceBAD/BadUSB-FalsePhilosopher/Ducky/USBRubberducky/library/prank/Unix-like/Osx/SayPoop/quack.txt	BadUSB-FalsePhilosopher	txt	567
BruceBAD/BadUSB-FalsePhilosopher/Ducky/USBRubberducky/library/prank/Unix-like/Osx/SayPoop/install_cron.py	BadUSB-FalsePhilosopher	py	674
BruceBAD/BadUSB-FalsePhilosopher/Ducky/USBRubberducky/library/prank/Unix-like/Osx/SayPoop/crontab.py	BadUSB-FalsePhilosopher	py	31768
BruceBAD/BadUSB-FalsePhilosopher/Ducky/USBRubberducky/library/prank/Unix-like/Osx/Anti-Browser/Fuck_your_tabs.txt	BadUSB-FalsePhilosopher	txt	207
BruceBAD/BadUSB-FalsePhilosopher/Ducky/USBRubberducky/library/prank/Unix-like/Osx/Anti-Browser/Efftabsbasic.txt	BadUSB-FalsePhilosopher	txt	321
BruceBAD/BadUSB-FalsePhilosopher/Ducky/USBRubberducky/library/prank/Unix-like/Osx/Anti-Browser/Fuck_your_tabs+startup.txt	BadUSB-FalsePhilosopher	txt	216
BruceBAD/BadUSB-FalsePhilosopher/Ducky/USBRubberducky/library/prank/Unix-like/Osx/Anti-Browser/Fuck_your_tabs+ALTF4+Startup.txt	BadUSB-FalsePhilosopher	txt	226
BruceBAD/BadUSB-FalsePhilosopher/Ducky/USBRubberducky/library/prank/Unix-like/Osx/Anti-Browser/Fuck_your_tabs+ALTF4.txt	BadUSB-FalsePhilosopher	txt	219
BruceBAD/BadUSB-FalsePhilosopher/Ducky/USBRubberducky/library/prank/Unix-like/Osx/macOS_rickroll/RickRollMac.txt	BadUSB-FalsePhilosopher	txt	538
BruceBAD/BadUSB-FalsePhilosopher/Ducky/USBRubberducky/library/prank/Unix-like/Osx/Digital_Rain/payload.txt	BadUSB-FalsePhilosopher	txt	577
BruceBAD/BadUSB-FalsePhilosopher/Ducky/USBRubberducky/library/prank/Unix-like/Osx/TerminalRickRoll/Quack.txt	BadUSB-FalsePhilosopher	txt	234
BruceBAD/BadUSB-FalsePhilosopher/Ducky/USBRubberducky/library/prank/Unix-like/Osx/TerminalRickRoll/Quackmean.txt	BadUSB-FalsePhilosopher	txt	237
BruceBAD/BadUSB-FalsePhilosopher/Ducky/USBRubberducky/library/prank/Unix-like/Osx/Activate_mac/quack.txt	BadUSB-FalsePhilosopher	txt	88
BruceBAD/BadUSB-FalsePhilosopher/Ducky/USBRubberducky/library/prank/Unix-like/Osx/DUCKY_REAPER/duckyreaperMAC.txt	BadUSB-FalsePhilosopher	txt	532
BruceBAD/BadUSB-FalsePhilosopher/Ducky/USBRubberducky/library/prank/Unix-like/Osx/Fake_Update/Apple.txt	BadUSB-FalsePhilosopher	txt	230
BruceBAD/BadUSB-FalsePhilosopher/Ducky/USBRubberducky/library/prank/Unix-like/Chromebook/ChromeCrash.txt	BadUSB-FalsePhilosopher	txt	195
BruceBAD/BadUSB-FalsePhilosopher/Ducky/USBRubberducky/library/prank/Unix-like/Chromebook/Logout.txt	BadUSB-FalsePhilosopher	txt	49
BruceBAD/BadUSB-FalsePhilosopher/Ducky/USBRubberducky/library/prank/Unix-like/Chromebook/Chromebook-Language-Changer/Learn_Arabic_the_hard_way.txt	BadUSB-FalsePhilosopher	txt	501
BruceBAD/BadUSB-FalsePhilosopher/Ducky/USBRubberducky/library/prank/Unix-like/Chromebook/Chromebook-Language-Changer/English_Please.txt	BadUSB-FalsePhilosopher	txt	502
BruceBAD/BadUSB-FalsePhilosopher/Ducky/USBRubberducky/library/prank/Unix-like/Linux/Hacker_Typer/payloadTUX.txt	BadUSB-FalsePhilosopher	txt	3074
BruceBAD/BadUSB-FalsePhilosopher/Ducky/USBRubberducky/library/prank/Unix-like/Linux/Inverted_desktop_troll/Rick/quackpic.txt	BadUSB-FalsePhilosopher	txt	930
BruceBAD/BadUSB-FalsePhilosopher/Ducky/USBRubberducky/library/prank/Unix-like/Linux/Inverted_desktop_troll/Rick/quackmeanVLC.txt	BadUSB-FalsePhilosopher	txt	675
BruceBAD/BadUSB-FalsePhilosopher/Ducky/USBRubberducky/library/prank/Unix-like/Linux/Inverted_desktop_troll/Rick/quackstock.txt	BadUSB-FalsePhilosopher	txt	693
BruceBAD/BadUSB-FalsePhilosopher/Ducky/USBRubberducky/library/prank/Unix-like/Linux/Inverted_desktop_troll/Rick/quackmeanaudio.txt	BadUSB-FalsePhilosopher	txt	741
BruceBAD/BadUSB-FalsePhilosopher/Ducky/USBRubberducky/library/prank/Unix-like/Linux/Inverted_desktop_troll/Rick/quackYT.txt	BadUSB-FalsePhilosopher	txt	574
BruceBAD/BadUSB-FalsePhilosopher/Ducky/USBRubberducky/library/prank/Unix-like/Linux/Inverted_desktop_troll/Rick/quackvlc.txt	BadUSB-FalsePhilosopher	txt	793
BruceBAD/BadUSB-FalsePhilosopher/Ducky/USBRubberducky/library/prank/Unix-like/Linux/Inverted_desktop_troll/milos/quackstock.txt	BadUSB-FalsePhilosopher	txt	743
BruceBAD/BadUSB-FalsePhilosopher/Ducky/USBRubberducky/library/prank/Unix-like/Linux/Inverted_desktop_troll/milos/quackYT.txt	BadUSB-FalsePhilosopher	txt	620
BruceBAD/BadUSB-FalsePhilosopher/Ducky/USBRubberducky/library/prank/Unix-like/Linux/Inverted_desktop_troll/milos/quackvlc.txt	BadUSB-FalsePhilosopher	txt	851
BruceBAD/BadUSB-FalsePhilosopher/Ducky/USBRubberducky/library/prank/Unix-like/Linux/Inverted_desktop_troll/milos/quackmean.txt	BadUSB-FalsePhilosopher	txt	719
BruceBAD/BadUSB-FalsePhilosopher/Ducky/USBRubberducky/library/prank/Unix-like/Linux/ETH_Stealer/quack.txt	BadUSB-FalsePhilosopher	txt	810
BruceBAD/BadUSB-FalsePhilosopher/Ducky/USBRubberducky/library/prank/Unix-like/Linux/ETH_Stealer/eth.py	BadUSB-FalsePhilosopher	py	3933
BruceBAD/BadUSB-FalsePhilosopher/Ducky/USBRubberducky/library/prank/Unix-like/Linux/RickRoll/Rick_Roll_linux/RickRollLinuxVLC.txt	BadUSB-FalsePhilosopher	txt	574
BruceBAD/BadUSB-FalsePhilosopher/Ducky/USBRubberducky/library/prank/Unix-like/Linux/RickRoll/Rick_Roll_linux/RickRollLinuxYT.txt	BadUSB-FalsePhilosopher	txt	628
BruceBAD/BadUSB-FalsePhilosopher/Ducky/USBRubberducky/library/prank/Unix-like/Linux/RickRoll/TerminalRickRoll/QuackTUXalt.txt	BadUSB-FalsePhilosopher	txt	849
BruceBAD/BadUSB-FalsePhilosopher/Ducky/USBRubberducky/library/prank/Unix-like/Linux/RickRoll/TerminalRickRoll/roll.sh	BadUSB-FalsePhilosopher	sh	3076
BruceBAD/BadUSB-FalsePhilosopher/Ducky/USBRubberducky/library/prank/Unix-like/Linux/RickRoll/TerminalRickRoll/QuackTUX.txt	BadUSB-FalsePhilosopher	txt	624
BruceBAD/BadUSB-FalsePhilosopher/Ducky/USBRubberducky/library/prank/Unix-like/Linux/RickRoll/TerminalRickRoll/QuackTUXmeanalt.txt	BadUSB-FalsePhilosopher	txt	1183
BruceBAD/BadUSB-FalsePhilosopher/Ducky/USBRubberducky/library/prank/Unix-like/Linux/RickRoll/TerminalRickRoll/QuackTUXcron.txt	BadUSB-FalsePhilosopher	txt	881
BruceBAD/BadUSB-FalsePhilosopher/Ducky/USBRubberducky/library/prank/Unix-like/Linux/RickRoll/TerminalRickRoll/QuackTUXmean.txt	BadUSB-FalsePhilosopher	txt	741
BruceBAD/BadUSB-FalsePhilosopher/Ducky/USBRubberducky/library/prank/Unix-like/Linux/RickRoll/TerminalRickRoll/cron.sh	BadUSB-FalsePhilosopher	sh	144
BruceBAD/BadUSB-FalsePhilosopher/Ducky/USBRubberducky/library/prank/Unix-like/Linux/Activate_linux/quack.txt	BadUSB-FalsePhilosopher	txt	1135
BruceBAD/BadUSB-FalsePhilosopher/Ducky/USBRubberducky/library/prank/Unix-like/Linux/Quack_Rain/quack.txt	BadUSB-FalsePhilosopher	txt	753
BruceBAD/BadUSB-FalsePhilosopher/Ducky/USBRubberducky/library/prank/Unix-like/Linux/Quack_Rain/quackRickRoll_persist.txt	BadUSB-FalsePhilosopher	txt	1365
BruceBAD/BadUSB-FalsePhilosopher/Ducky/USBRubberducky/library/prank/Unix-like/Linux/Quack_Rain/quackRickRoll.txt	BadUSB-FalsePhilosopher	txt	1067
BruceBAD/BadUSB-FalsePhilosopher/Ducky/USBRubberducky/library/prank/Unix-like/Linux/Terminal_Parrot/cacaw.txt	BadUSB-FalsePhilosopher	txt	425
BruceBAD/BadUSB-FalsePhilosopher/Ducky/USBRubberducky/library/prank/Unix-like/Linux/Anti-Browser/Fuck_your_tabs.txt	BadUSB-FalsePhilosopher	txt	132
BruceBAD/BadUSB-FalsePhilosopher/Ducky/USBRubberducky/library/prank/Unix-like/Linux/Anti-Browser/Efftabsbasic.txt	BadUSB-FalsePhilosopher	txt	293
BruceBAD/BadUSB-FalsePhilosopher/Ducky/USBRubberducky/library/prank/Unix-like/Linux/Anti-Browser/Fuck_your_tabs+startup.txt	BadUSB-FalsePhilosopher	txt	141
BruceBAD/BadUSB-FalsePhilosopher/Ducky/USBRubberducky/library/prank/Unix-like/Linux/Anti-Browser/Fuck_your_tabs+ALTF4+Startup.txt	BadUSB-FalsePhilosopher	txt	151
BruceBAD/BadUSB-FalsePhilosopher/Ducky/USBRubberducky/library/prank/Unix-like/Linux/Anti-Browser/Fuck_your_tabs+ALTF4.txt	BadUSB-FalsePhilosopher	txt	144
BruceBAD/BadUSB-FalsePhilosopher/Ducky/USBRubberducky/library/prank/Unix-like/Linux/Zacky4Ever/install.sh	BadUSB-FalsePhilosopher	sh	977
BruceBAD/BadUSB-FalsePhilosopher/Ducky/USBRubberducky/library/prank/Unix-like/Linux/Zacky4Ever/quackTux.txt	BadUSB-FalsePhilosopher	txt	535
BruceBAD/BadUSB-FalsePhilosopher/Ducky/USBRubberducky/library/prank/Unix-like/Linux/Zacky4Ever/remote.install.sh	BadUSB-FalsePhilosopher	sh	397
BruceBAD/BadUSB-FalsePhilosopher/Ducky/USBRubberducky/library/prank/Unix-like/Linux/Zacky4Ever/remote.uninstall.sh	BadUSB-FalsePhilosopher	sh	689
BruceBAD/BadUSB-FalsePhilosopher/Ducky/USBRubberducky/library/prank/Unix-like/Linux/Zacky4Ever/randomizer.sh	BadUSB-FalsePhilosopher	sh	176
BruceBAD/BadUSB-FalsePhilosopher/Ducky/USBRubberducky/library/prank/Unix-like/Linux/Zacky4Ever/create_plist.sh	BadUSB-FalsePhilosopher	sh	784
BruceBAD/BadUSB-FalsePhilosopher/Ducky/USBRubberducky/library/prank/Unix-like/Linux/Zacky4Ever/jobs/MAC.sh	BadUSB-FalsePhilosopher	sh	293
BruceBAD/BadUSB-FalsePhilosopher/Ducky/USBRubberducky/library/prank/Unix-like/Linux/xeyes/quackYT.txt	BadUSB-FalsePhilosopher	txt	578
BruceBAD/BadUSB-FalsePhilosopher/Ducky/USBRubberducky/library/prank/Unix-like/Linux/xeyes/quackVLC.txt	BadUSB-FalsePhilosopher	txt	624
BruceBAD/BadUSB-FalsePhilosopher/Ducky/USBRubberducky/library/prank/Unix-like/Linux/Linux_power/reboot.txt	BadUSB-FalsePhilosopher	txt	52
BruceBAD/BadUSB-FalsePhilosopher/Ducky/USBRubberducky/library/prank/Unix-like/Linux/Linux_power/shutdown.txt	BadUSB-FalsePhilosopher	txt	61
BruceBAD/BadUSB-FalsePhilosopher/Ducky/USBRubberducky/library/prank/Unix-like/Linux/Say_the_magic_word/quack.txt	BadUSB-FalsePhilosopher	txt	514
BruceBAD/BadUSB-FalsePhilosopher/Ducky/USBRubberducky/library/prank/Unix-like/Linux/Say_the_magic_word/quack_mean.txt	BadUSB-FalsePhilosopher	txt	683
BruceBAD/BadUSB-FalsePhilosopher/Ducky/USBRubberducky/library/prank/Unix-like/Linux/Bombs/zip_bomb/quack.txt	BadUSB-FalsePhilosopher	txt	799
BruceBAD/BadUSB-FalsePhilosopher/Ducky/USBRubberducky/library/prank/Unix-like/Linux/Bombs/zip_bomb/quackbase64.txt	BadUSB-FalsePhilosopher	txt	1537
BruceBAD/BadUSB-FalsePhilosopher/Ducky/USBRubberducky/library/prank/Unix-like/Linux/Bombs/zip_bomb/quackmeanBF.txt	BadUSB-FalsePhilosopher	txt	18605
BruceBAD/BadUSB-FalsePhilosopher/Ducky/USBRubberducky/library/prank/Unix-like/Linux/Bombs/zip_bomb/quackBF.txt	BadUSB-FalsePhilosopher	txt	14021
BruceBAD/BadUSB-FalsePhilosopher/Ducky/USBRubberducky/library/prank/Unix-like/Linux/Bombs/zip_bomb/quackmean.txt	BadUSB-FalsePhilosopher	txt	949
BruceBAD/BadUSB-FalsePhilosopher/Ducky/USBRubberducky/library/prank/Unix-like/Linux/Bombs/HTML_Forker/quack.txt	BadUSB-FalsePhilosopher	txt	494
BruceBAD/BadUSB-FalsePhilosopher/Ducky/USBRubberducky/library/prank/Unix-like/Linux/Bombs/Parrot_bomb/polly_wanna_cracker.txt	BadUSB-FalsePhilosopher	txt	557
BruceBAD/BadUSB-FalsePhilosopher/Ducky/USBRubberducky/library/prank/Unix-like/Linux/Bombs/Folder_Bomb/quackTUXpyBF.txt	BadUSB-FalsePhilosopher	txt	13474
BruceBAD/BadUSB-FalsePhilosopher/Ducky/USBRubberducky/library/prank/Unix-like/Linux/Bombs/Folder_Bomb/quackWLevil.txt	BadUSB-FalsePhilosopher	txt	300415
BruceBAD/BadUSB-FalsePhilosopher/Ducky/USBRubberducky/library/prank/Unix-like/Linux/Bombs/Folder_Bomb/PLTUX.py	BadUSB-FalsePhilosopher	py	806
BruceBAD/BadUSB-FalsePhilosopher/Ducky/USBRubberducky/library/prank/Unix-like/Linux/Bombs/Folder_Bomb/quackTUXbash.txt	BadUSB-FalsePhilosopher	txt	858
BruceBAD/BadUSB-FalsePhilosopher/Ducky/USBRubberducky/library/prank/Unix-like/Linux/Bombs/Folder_Bomb/quackTUXpy.txt	BadUSB-FalsePhilosopher	txt	720
BruceBAD/BadUSB-FalsePhilosopher/Ducky/USBRubberducky/library/prank/Unix-like/Linux/Bombs/DUCKY_REAPER/duckyreaperTUX.txt	BadUSB-FalsePhilosopher	txt	445
BruceBAD/BadUSB-FalsePhilosopher/Ducky/USBRubberducky/library/prank/Unix-like/Linux/Bombs/Sys_Forker/ForkBombTux.txt	BadUSB-FalsePhilosopher	txt	779
BruceBAD/BadUSB-FalsePhilosopher/Ducky/USBRubberducky/library/prank/Unix-like/Linux/Bombs/Sys_Forker/quackpersist.txt	BadUSB-FalsePhilosopher	txt	767
BruceBAD/BadUSB-FalsePhilosopher/Ducky/USBRubberducky/library/prank/Unix-like/Linux/Bombs/Sys_Forker/payload.txt	BadUSB-FalsePhilosopher	txt	2032
BruceBAD/BadUSB-FalsePhilosopher/Ducky/USBRubberducky/library/prank/Unix-like/Linux/Bombs/Sys_Forker/quickfix.txt	BadUSB-FalsePhilosopher	txt	259
BruceBAD/BadUSB-FalsePhilosopher/Ducky/USBRubberducky/library/prank/Unix-like/Linux/Bombs/File_bomb/quackTUXpyBF.txt	BadUSB-FalsePhilosopher	txt	13299
BruceBAD/BadUSB-FalsePhilosopher/Ducky/USBRubberducky/library/prank/Unix-like/Linux/Bombs/File_bomb/quackWLevil.txt	BadUSB-FalsePhilosopher	txt	300411
BruceBAD/BadUSB-FalsePhilosopher/Ducky/USBRubberducky/library/prank/Unix-like/Linux/Bombs/File_bomb/quackWLmean.txt	BadUSB-FalsePhilosopher	txt	3759
BruceBAD/BadUSB-FalsePhilosopher/Ducky/USBRubberducky/library/prank/Unix-like/Linux/Bombs/File_bomb/PLTUX.py	BadUSB-FalsePhilosopher	py	806
BruceBAD/BadUSB-FalsePhilosopher/Ducky/USBRubberducky/library/prank/Unix-like/Linux/Bombs/File_bomb/quackbash.txt	BadUSB-FalsePhilosopher	txt	862
BruceBAD/BadUSB-FalsePhilosopher/Ducky/USBRubberducky/library/prank/Unix-like/Linux/Bombs/File_bomb/quackWL.txt	BadUSB-FalsePhilosopher	txt	1874
BruceBAD/BadUSB-FalsePhilosopher/Ducky/USBRubberducky/library/prank/Unix-like/Linux/Bombs/File_bomb/quackWLmean_bluepill.txt	BadUSB-FalsePhilosopher	txt	3511
BruceBAD/BadUSB-FalsePhilosopher/Ducky/USBRubberducky/library/prank/Unix-like/Linux/Bombs/File_bomb/quackTUXpy.txt	BadUSB-FalsePhilosopher	txt	650
BruceBAD/BadUSB-FalsePhilosopher/Ducky/USBRubberducky/library/prank/Unix-like/Android/RickRoll/android_rickroll.txt	BadUSB-FalsePhilosopher	txt	86
BruceBAD/BadUSB-FalsePhilosopher/Ducky/USBRubberducky/library/prank/Unix-like/Android/ADB_Pranks/adb-virus-windows/adb-virus-windows/destroyadb.bat	BadUSB-FalsePhilosopher	bat	2220
BruceBAD/BadUSB-FalsePhilosopher/Ducky/USBRubberducky/library/prank/Unix-like/Android/ADB_Pranks/adb-virus-windows/adb-virus-windows/monkeyadb-download.bat	BadUSB-FalsePhilosopher	bat	213
BruceBAD/BadUSB-FalsePhilosopher/Ducky/USBRubberducky/library/prank/Unix-like/Android/ADB_Pranks/adb-virus-windows/adb-virus-windows/monkeyadb.bat	BadUSB-FalsePhilosopher	bat	1458
BruceBAD/BadUSB-FalsePhilosopher/Ducky/USBRubberducky/library/prank/Unix-like/Android/ADB_Pranks/adb-virus-windows/adb-virus-windows/mockbattery.bat	BadUSB-FalsePhilosopher	bat	973
BruceBAD/BadUSB-FalsePhilosopher/Ducky/USBRubberducky/library/prank/Unix-like/Android/ADB_Pranks/adb-virus-windows/adb-virus-windows/hang.bat	BadUSB-FalsePhilosopher	bat	600
BruceBAD/BadUSB-FalsePhilosopher/Ducky/USBRubberducky/library/prank/Unix-like/Android/Prankers/quack.txt	BadUSB-FalsePhilosopher	txt	13
BruceBAD/BadUSB-FalsePhilosopher/Ducky/USBRubberducky/library/prank/Unix-like/Android/Prankers/Prankers.sh	BadUSB-FalsePhilosopher	sh	2564
BruceBAD/BadUSB-FalsePhilosopher/Ducky/USBRubberducky/library/prank/Unix-like/Steamdeck/Fake_Update/Vapor.txt	BadUSB-FalsePhilosopher	txt	133
BruceBAD/BadUSB-FalsePhilosopher/Ducky/USBRubberducky/library/prank/Win/Hacker_Typer/payload.txt	BadUSB-FalsePhilosopher	txt	2988
BruceBAD/BadUSB-FalsePhilosopher/Ducky/USBRubberducky/library/prank/Win/Work-Bitch/quack.txt	BadUSB-FalsePhilosopher	txt	591
BruceBAD/BadUSB-FalsePhilosopher/Ducky/USBRubberducky/library/prank/Win/Work-Bitch/WB.ps1	BadUSB-FalsePhilosopher	ps1	448
BruceBAD/BadUSB-FalsePhilosopher/Ducky/USBRubberducky/library/prank/Win/Inverted_Desktop_Troll/V1/quack.txt	BadUSB-FalsePhilosopher	txt	45
BruceBAD/BadUSB-FalsePhilosopher/Ducky/USBRubberducky/library/prank/Win/Inverted_Desktop_Troll/V2/quack.txt	BadUSB-FalsePhilosopher	txt	35
BruceBAD/BadUSB-FalsePhilosopher/Ducky/USBRubberducky/library/prank/Win/Windows Down/quackmeaner.txt	BadUSB-FalsePhilosopher	txt	141
BruceBAD/BadUSB-FalsePhilosopher/Ducky/USBRubberducky/library/prank/Win/Windows Down/quack.txt	BadUSB-FalsePhilosopher	txt	50
BruceBAD/BadUSB-FalsePhilosopher/Ducky/USBRubberducky/library/prank/Win/Windows Down/quackmean.txt	BadUSB-FalsePhilosopher	txt	112
BruceBAD/BadUSB-FalsePhilosopher/Ducky/USBRubberducky/library/prank/Win/RickRoll/Quack_Rolled/payload.txt	BadUSB-FalsePhilosopher	txt	1402
BruceBAD/BadUSB-FalsePhilosopher/Ducky/USBRubberducky/library/prank/Win/RickRoll/Rickrollupdate/payload.txt	BadUSB-FalsePhilosopher	txt	1212
BruceBAD/BadUSB-FalsePhilosopher/Ducky/USBRubberducky/library/prank/Win/RickRoll/ADV-Rickware/rr1.ps1	BadUSB-FalsePhilosopher	ps1	1043
BruceBAD/BadUSB-FalsePhilosopher/Ducky/USBRubberducky/library/prank/Win/RickRoll/ADV-Rickware/ADV-Rickware.txt	BadUSB-FalsePhilosopher	txt	625
BruceBAD/BadUSB-FalsePhilosopher/Ducky/USBRubberducky/library/prank/Win/RickRoll/ADV-Rickware/rr.ps1	BadUSB-FalsePhilosopher	ps1	1690
BruceBAD/BadUSB-FalsePhilosopher/Ducky/USBRubberducky/library/prank/Win/RickRoll/rickroll/payload.txt	BadUSB-FalsePhilosopher	txt	5004
BruceBAD/BadUSB-FalsePhilosopher/Ducky/USBRubberducky/library/prank/Win/RickRoll/Physical_Rick_Roll/payload.txt	BadUSB-FalsePhilosopher	txt	1099
BruceBAD/BadUSB-FalsePhilosopher/Ducky/USBRubberducky/library/prank/Win/RickRoll/Rick_Rolling_Forever/payload.txt	BadUSB-FalsePhilosopher	txt	872
BruceBAD/BadUSB-FalsePhilosopher/Ducky/USBRubberducky/library/prank/Win/RickRoll/Rickroll+BSOD/payload.txt	BadUSB-FalsePhilosopher	txt	501
BruceBAD/BadUSB-FalsePhilosopher/Ducky/USBRubberducky/library/prank/Win/RickRoll/RickRoll_ASCII/payload.txt	BadUSB-FalsePhilosopher	txt	7475
BruceBAD/BadUSB-FalsePhilosopher/Ducky/USBRubberducky/library/prank/Win/RickRoll/QuacKed_Again/payload.txt	BadUSB-FalsePhilosopher	txt	874
BruceBAD/BadUSB-FalsePhilosopher/Ducky/USBRubberducky/library/prank/Win/RickRoll/silent_rickroll/payload.txt	BadUSB-FalsePhilosopher	txt	2551
BruceBAD/BadUSB-FalsePhilosopher/Ducky/USBRubberducky/library/prank/Win/RickRoll/ADV-RickRoll/ADV-RickRoll.txt	BadUSB-FalsePhilosopher	txt	858
BruceBAD/BadUSB-FalsePhilosopher/Ducky/USBRubberducky/library/prank/Win/RickRoll/Terminal_RickRoll/quack.txt	BadUSB-FalsePhilosopher	txt	808
BruceBAD/BadUSB-FalsePhilosopher/Ducky/USBRubberducky/library/prank/Win/Automailer/payload.txt	BadUSB-FalsePhilosopher	txt	1007
BruceBAD/BadUSB-FalsePhilosopher/Ducky/USBRubberducky/library/prank/Win/Eyespy/quack.txt	BadUSB-FalsePhilosopher	txt	502
BruceBAD/BadUSB-FalsePhilosopher/Ducky/USBRubberducky/library/prank/Win/High_Contrast/quack.txt	BadUSB-FalsePhilosopher	txt	65
BruceBAD/BadUSB-FalsePhilosopher/Ducky/USBRubberducky/library/prank/Win/Talking_Duck/payload.txt	BadUSB-FalsePhilosopher	txt	1047
BruceBAD/BadUSB-FalsePhilosopher/Ducky/USBRubberducky/library/prank/Win/AUTOinCORRECT/payload.txt	BadUSB-FalsePhilosopher	txt	763
BruceBAD/BadUSB-FalsePhilosopher/Ducky/USBRubberducky/library/prank/Win/Play-WAV/Play-WAV.ps1	BadUSB-FalsePhilosopher	ps1	5791
BruceBAD/BadUSB-FalsePhilosopher/Ducky/USBRubberducky/library/prank/Win/Play-WAV/payload.txt	BadUSB-FalsePhilosopher	txt	547
BruceBAD/BadUSB-FalsePhilosopher/Ducky/USBRubberducky/library/prank/Win/Rage-PopUps/Rage-PopUps.ps1	BadUSB-FalsePhilosopher	ps1	4658
BruceBAD/BadUSB-FalsePhilosopher/Ducky/USBRubberducky/library/prank/Win/Rage-PopUps/payload.txt	BadUSB-FalsePhilosopher	txt	577
BruceBAD/BadUSB-FalsePhilosopher/Ducky/USBRubberducky/library/prank/Win/The_Matrix-Wake_Up/payload.txt	BadUSB-FalsePhilosopher	txt	1680
BruceBAD/BadUSB-FalsePhilosopher/Ducky/USBRubberducky/library/prank/Win/Win_matrix_rain/Make_it_rain.txt	BadUSB-FalsePhilosopher	txt	1285
BruceBAD/BadUSB-FalsePhilosopher/Ducky/USBRubberducky/library/prank/Win/Terminal_Parrot/cacaw.txt	BadUSB-FalsePhilosopher	txt	836
BruceBAD/BadUSB-FalsePhilosopher/Ducky/USBRubberducky/library/prank/Win/Desktop_Goose/GooseCrasher.txt	BadUSB-FalsePhilosopher	txt	1000
BruceBAD/BadUSB-FalsePhilosopher/Ducky/USBRubberducky/library/prank/Win/Desktop_Goose/dgc.ps1	BadUSB-FalsePhilosopher	ps1	106
BruceBAD/BadUSB-FalsePhilosopher/Ducky/USBRubberducky/library/prank/Win/Desktop_Goose/Honk.txt	BadUSB-FalsePhilosopher	txt	1007
BruceBAD/BadUSB-FalsePhilosopher/Ducky/USBRubberducky/library/prank/Win/Desktop_Goose/Honkannoying.txt	BadUSB-FalsePhilosopher	txt	849
BruceBAD/BadUSB-FalsePhilosopher/Ducky/USBRubberducky/library/prank/Win/Desktop_Goose/dgcp.ps1	BadUSB-FalsePhilosopher	ps1	363
BruceBAD/BadUSB-FalsePhilosopher/Ducky/USBRubberducky/library/prank/Win/Desktop_Goose/GooseCrasherpara.txt	BadUSB-FalsePhilosopher	txt	940
BruceBAD/BadUSB-FalsePhilosopher/Ducky/USBRubberducky/library/prank/Win/Desktop_Goose/dgl.ps1	BadUSB-FalsePhilosopher	ps1	112
BruceBAD/BadUSB-FalsePhilosopher/Ducky/USBRubberducky/library/prank/Win/Anti-Browser/Fuck_your_tabs.txt	BadUSB-FalsePhilosopher	txt	338
BruceBAD/BadUSB-FalsePhilosopher/Ducky/USBRubberducky/library/prank/Win/Anti-Browser/Fuck_your_tabs+startup.txt	BadUSB-FalsePhilosopher	txt	374
BruceBAD/BadUSB-FalsePhilosopher/Ducky/USBRubberducky/library/prank/Win/Anti-Browser/Fuck_your_tabs+ALTF4+Startup.txt	BadUSB-FalsePhilosopher	txt	403
BruceBAD/BadUSB-FalsePhilosopher/Ducky/USBRubberducky/library/prank/Win/Anti-Browser/Fuck_your_tabs+ALTF4.txt	BadUSB-FalsePhilosopher	txt	374
BruceBAD/BadUSB-FalsePhilosopher/Ducky/USBRubberducky/library/prank/Win/PS-Draw/PS-Custom-Draw.ps1	BadUSB-FalsePhilosopher	ps1	11892
BruceBAD/BadUSB-FalsePhilosopher/Ducky/USBRubberducky/library/prank/Win/PS-Draw/PS-Draw.ps1	BadUSB-FalsePhilosopher	ps1	8945
BruceBAD/BadUSB-FalsePhilosopher/Ducky/USBRubberducky/library/prank/Win/PS-Draw/payload.txt	BadUSB-FalsePhilosopher	txt	641
BruceBAD/BadUSB-FalsePhilosopher/Ducky/USBRubberducky/library/prank/Win/No_Escape/NOEscape.txt	BadUSB-FalsePhilosopher	txt	481
BruceBAD/BadUSB-FalsePhilosopher/Ducky/USBRubberducky/library/prank/Win/Ratlocker/rat3ncrypt3r.bat	BadUSB-FalsePhilosopher	bat	262
BruceBAD/BadUSB-FalsePhilosopher/Ducky/USBRubberducky/library/prank/Win/Ratlocker/payload.txt	BadUSB-FalsePhilosopher	txt	3129
BruceBAD/BadUSB-FalsePhilosopher/Ducky/USBRubberducky/library/prank/Win/Mouse_Goes_Up/quackmeaner.txt	BadUSB-FalsePhilosopher	txt	592
BruceBAD/BadUSB-FalsePhilosopher/Ducky/USBRubberducky/library/prank/Win/Mouse_Goes_Up/quack.txt	BadUSB-FalsePhilosopher	txt	229
BruceBAD/BadUSB-FalsePhilosopher/Ducky/USBRubberducky/library/prank/Win/Mouse_Goes_Up/quackmean.txt	BadUSB-FalsePhilosopher	txt	618
BruceBAD/BadUSB-FalsePhilosopher/Ducky/USBRubberducky/library/prank/Win/Win_power/reboot.txt	BadUSB-FalsePhilosopher	txt	84
BruceBAD/BadUSB-FalsePhilosopher/Ducky/USBRubberducky/library/prank/Win/Win_power/bootloop.txt	BadUSB-FalsePhilosopher	txt	595
BruceBAD/BadUSB-FalsePhilosopher/Ducky/USBRubberducky/library/prank/Win/Win_power/shutdown.txt	BadUSB-FalsePhilosopher	txt	89
BruceBAD/BadUSB-FalsePhilosopher/Ducky/USBRubberducky/library/prank/Win/AcidBurn/AcidBurn.ps1	BadUSB-FalsePhilosopher	ps1	25221
BruceBAD/BadUSB-FalsePhilosopher/Ducky/USBRubberducky/library/prank/Win/AcidBurn/payload.txt	BadUSB-FalsePhilosopher	txt	736
BruceBAD/BadUSB-FalsePhilosopher/Ducky/USBRubberducky/library/prank/Win/BSOD/BQOD/BQODV1.txt	BadUSB-FalsePhilosopher	txt	202
BruceBAD/BadUSB-FalsePhilosopher/Ducky/USBRubberducky/library/prank/Win/BSOD/BQOD/BQODV2.txt	BadUSB-FalsePhilosopher	txt	233
BruceBAD/BadUSB-FalsePhilosopher/Ducky/USBRubberducky/library/prank/Win/BSOD/bsod/quackms.txt	BadUSB-FalsePhilosopher	txt	374
BruceBAD/BadUSB-FalsePhilosopher/Ducky/USBRubberducky/library/prank/Win/BSOD/bsod/quackfreeze.txt	BadUSB-FalsePhilosopher	txt	397
BruceBAD/BadUSB-FalsePhilosopher/Ducky/USBRubberducky/library/prank/Win/BSOD/bsod/quackgithub.txt	BadUSB-FalsePhilosopher	txt	464
BruceBAD/BadUSB-FalsePhilosopher/Ducky/USBRubberducky/library/prank/Win/BSOD/Mario-Head/quack.txt	BadUSB-FalsePhilosopher	txt	908
BruceBAD/BadUSB-FalsePhilosopher/Ducky/USBRubberducky/library/prank/Win/BSOD/Mario-Head/quackalt.txt	BadUSB-FalsePhilosopher	txt	918
BruceBAD/BadUSB-FalsePhilosopher/Ducky/USBRubberducky/library/prank/Win/Musical_monitors/quackmeaner.txt	BadUSB-FalsePhilosopher	txt	489
BruceBAD/BadUSB-FalsePhilosopher/Ducky/USBRubberducky/library/prank/Win/Musical_monitors/quack.txt	BadUSB-FalsePhilosopher	txt	687
BruceBAD/BadUSB-FalsePhilosopher/Ducky/USBRubberducky/library/prank/Win/Musical_monitors/quackmean.txt	BadUSB-FalsePhilosopher	txt	459
BruceBAD/BadUSB-FalsePhilosopher/Ducky/USBRubberducky/library/prank/Win/Popup_Hell/puh.ps1	BadUSB-FalsePhilosopher	ps1	204
BruceBAD/BadUSB-FalsePhilosopher/Ducky/USBRubberducky/library/prank/Win/Popup_Hell/quack.txt	BadUSB-FalsePhilosopher	txt	523
BruceBAD/BadUSB-FalsePhilosopher/Ducky/USBRubberducky/library/prank/Win/Wallpaper-Troll/Wallpaper-Troll.ps1	BadUSB-FalsePhilosopher	ps1	15111
BruceBAD/BadUSB-FalsePhilosopher/Ducky/USBRubberducky/library/prank/Win/Wallpaper-Troll/payload.txt	BadUSB-FalsePhilosopher	txt	978
BruceBAD/BadUSB-FalsePhilosopher/Ducky/USBRubberducky/library/prank/Win/Broken_capslock/quack.txt	BadUSB-FalsePhilosopher	txt	245
BruceBAD/BadUSB-FalsePhilosopher/Ducky/USBRubberducky/library/prank/Win/Broken_capslock/quackmean.txt	BadUSB-FalsePhilosopher	txt	286
BruceBAD/BadUSB-FalsePhilosopher/Ducky/USBRubberducky/library/prank/Win/Silly_Mouse/quack.txt	BadUSB-FalsePhilosopher	txt	971
BruceBAD/BadUSB-FalsePhilosopher/Ducky/USBRubberducky/library/prank/Win/Silly_Mouse/quack2.txt	BadUSB-FalsePhilosopher	txt	1514
BruceBAD/BadUSB-FalsePhilosopher/Ducky/USBRubberducky/library/prank/Win/YouHaveBeenQuacked2.0/payload.txt	BadUSB-FalsePhilosopher	txt	1096
BruceBAD/BadUSB-FalsePhilosopher/Ducky/USBRubberducky/library/prank/Win/Lol_killer/payload.txt	BadUSB-FalsePhilosopher	txt	460
BruceBAD/BadUSB-FalsePhilosopher/Ducky/USBRubberducky/library/prank/Win/We-Found-You/FoundYou.txt	BadUSB-FalsePhilosopher	txt	708
BruceBAD/BadUSB-FalsePhilosopher/Ducky/USBRubberducky/library/prank/Win/We-Found-You/found-you.ps1	BadUSB-FalsePhilosopher	ps1	7634
BruceBAD/BadUSB-FalsePhilosopher/Ducky/USBRubberducky/library/prank/Win/Bombs/$MFT-Duck-Crasher/$MFT-Duck-Crasher.txt	BadUSB-FalsePhilosopher	txt	879
BruceBAD/BadUSB-FalsePhilosopher/Ducky/USBRubberducky/library/prank/Win/Bombs/Zip_Bomb/quack.txt	BadUSB-FalsePhilosopher	txt	590
BruceBAD/BadUSB-FalsePhilosopher/Ducky/USBRubberducky/library/prank/Win/Bombs/Zip_Bomb/quackparaloop10.txt	BadUSB-FalsePhilosopher	txt	938
BruceBAD/BadUSB-FalsePhilosopher/Ducky/USBRubberducky/library/prank/Win/Bombs/Zip_Bomb/quackparaloop11.txt	BadUSB-FalsePhilosopher	txt	958
BruceBAD/BadUSB-FalsePhilosopher/Ducky/USBRubberducky/library/prank/Win/Bombs/Zip_Bomb/quackpara.txt	BadUSB-FalsePhilosopher	txt	923
BruceBAD/BadUSB-FalsePhilosopher/Ducky/USBRubberducky/library/prank/Win/Bombs/Zip_Bomb/quackloop.txt	BadUSB-FalsePhilosopher	txt	648
BruceBAD/BadUSB-FalsePhilosopher/Ducky/USBRubberducky/library/prank/Win/Bombs/HTML_Forker/payload11.txt	BadUSB-FalsePhilosopher	txt	286
BruceBAD/BadUSB-FalsePhilosopher/Ducky/USBRubberducky/library/prank/Win/Bombs/HTML_Forker/payload7.txt	BadUSB-FalsePhilosopher	txt	260
BruceBAD/BadUSB-FalsePhilosopher/Ducky/USBRubberducky/library/prank/Win/Bombs/Delete32/32_wants_the_D.txt	BadUSB-FalsePhilosopher	txt	388
BruceBAD/BadUSB-FalsePhilosopher/Ducky/USBRubberducky/library/prank/Win/Bombs/Folder_Bomb/PLWIN.py	BadUSB-FalsePhilosopher	py	825
BruceBAD/BadUSB-FalsePhilosopher/Ducky/USBRubberducky/library/prank/Win/Bombs/Folder_Bomb/quackWL.txt	BadUSB-FalsePhilosopher	txt	70451
BruceBAD/BadUSB-FalsePhilosopher/Ducky/USBRubberducky/library/prank/Win/Bombs/Folder_Bomb/quackpy.txt	BadUSB-FalsePhilosopher	txt	481
BruceBAD/BadUSB-FalsePhilosopher/Ducky/USBRubberducky/library/prank/Win/Bombs/tab_bomb/quack10test.txt	BadUSB-FalsePhilosopher	txt	1185
BruceBAD/BadUSB-FalsePhilosopher/Ducky/USBRubberducky/library/prank/Win/Bombs/tab_bomb/quackbase.txt	BadUSB-FalsePhilosopher	txt	1199
BruceBAD/BadUSB-FalsePhilosopher/Ducky/USBRubberducky/library/prank/Win/Bombs/tab_bomb/quack10.txt	BadUSB-FalsePhilosopher	txt	1185
BruceBAD/BadUSB-FalsePhilosopher/Ducky/USBRubberducky/library/prank/Win/Bombs/DUCKY_REAPER/payloadWIN10+11.txt	BadUSB-FalsePhilosopher	txt	561
BruceBAD/BadUSB-FalsePhilosopher/Ducky/USBRubberducky/library/prank/Win/Bombs/DUCKY_REAPER/payloadWIN.txt	BadUSB-FalsePhilosopher	txt	619
BruceBAD/BadUSB-FalsePhilosopher/Ducky/USBRubberducky/library/prank/Win/Bombs/Sys_Forker/ADVRickBomb.txt	BadUSB-FalsePhilosopher	txt	909
BruceBAD/BadUSB-FalsePhilosopher/Ducky/USBRubberducky/library/prank/Win/Bombs/Sys_Forker/ADVRickbombWIP1.txt	BadUSB-FalsePhilosopher	txt	1025
BruceBAD/BadUSB-FalsePhilosopher/Ducky/USBRubberducky/library/prank/Win/Bombs/Sys_Forker/ADVRickbombOL.txt	BadUSB-FalsePhilosopher	txt	1435
BruceBAD/BadUSB-FalsePhilosopher/Ducky/USBRubberducky/library/prank/Win/Bombs/Sys_Forker/ForkBomb-Win.txt	BadUSB-FalsePhilosopher	txt	504
BruceBAD/BadUSB-FalsePhilosopher/Ducky/USBRubberducky/library/prank/Win/Bombs/Sys_Forker/quack10-11.txt	BadUSB-FalsePhilosopher	txt	1063
BruceBAD/BadUSB-FalsePhilosopher/Ducky/USBRubberducky/library/prank/Win/Bombs/Sys_Forker/rr/rrl.ps1	BadUSB-FalsePhilosopher	ps1	87
BruceBAD/BadUSB-FalsePhilosopher/Ducky/USBRubberducky/library/prank/Win/Bombs/Sys_Forker/rr/rb.ps1	BadUSB-FalsePhilosopher	ps1	1084
BruceBAD/BadUSB-FalsePhilosopher/Ducky/USBRubberducky/library/prank/Win/Bombs/Sys_Forker/rr/fb.ps1	BadUSB-FalsePhilosopher	ps1	332
BruceBAD/BadUSB-FalsePhilosopher/Ducky/USBRubberducky/library/prank/Win/Fake_Update/browser/Win7.txt	BadUSB-FalsePhilosopher	txt	148
BruceBAD/BadUSB-FalsePhilosopher/Ducky/USBRubberducky/library/prank/Win/Fake_Update/browser/Win10.txt	BadUSB-FalsePhilosopher	txt	154
BruceBAD/BadUSB-FalsePhilosopher/Ducky/USBRubberducky/library/prank/Win/Fake_Update/exe/Fake Update.txt	BadUSB-FalsePhilosopher	txt	1117
BruceBAD/BadUSB-FalsePhilosopher/Ducky/USBRubberducky/library/prank/Win/JumpScare/JumpScare.ps1	BadUSB-FalsePhilosopher	ps1	9032
BruceBAD/BadUSB-FalsePhilosopher/Ducky/USBRubberducky/library/prank/Win/JumpScare/payload.txt	BadUSB-FalsePhilosopher	txt	1047
BruceBAD/BadUSB-FalsePhilosopher/Ducky/USBRubberducky/library/prank/Win/A_Cagey_Takeover/payload.txt	BadUSB-FalsePhilosopher	txt	1787
BruceBAD/BadUSB-FalsePhilosopher/Ducky/USBRubberducky/library/ran/Unix-like/Linux/Dransome.txt	BadUSB-FalsePhilosopher	txt	6347
BruceBAD/BadUSB-FalsePhilosopher/Ducky/USBRubberducky/library/ran/Unix-like/Linux/Crybaby/crybaby.py	BadUSB-FalsePhilosopher	py	826
BruceBAD/BadUSB-FalsePhilosopher/Ducky/USBRubberducky/library/incident_response/Win/ET-Phone-Home/ET-Phone-Home.ps1	BadUSB-FalsePhilosopher	ps1	7536
BruceBAD/BadUSB-FalsePhilosopher/Ducky/USBRubberducky/library/incident_response/Win/ET-Phone-Home/payload.txt	BadUSB-FalsePhilosopher	txt	853
BruceBAD/BadUSB-FalsePhilosopher/Ducky/USBRubberducky/library/incident_response/Win/GoodUSB/payload.txt	BadUSB-FalsePhilosopher	txt	1698
BruceBAD/BadUSB-FalsePhilosopher/Ducky/USBRubberducky/library/mobile/Android/Android_HID_Forward-Email/Payload_Gmail.txt	BadUSB-FalsePhilosopher	txt	492
BruceBAD/BadUSB-FalsePhilosopher/Ducky/USBRubberducky/library/mobile/Android/Android_HID_Forward-Email/Payload_Samsung.txt	BadUSB-FalsePhilosopher	txt	417
BruceBAD/BadUSB-FalsePhilosopher/Ducky/USBRubberducky/library/execution/Unix-like/Linux/FileRipper/payload.txt	BadUSB-FalsePhilosopher	txt	2036
BruceBAD/BadUSB-FalsePhilosopher/Ducky/USBRubberducky/library/execution/Unix-like/Linux/CVE-2021-3493/exploit.c	BadUSB-FalsePhilosopher	c	3560
BruceBAD/BadUSB-FalsePhilosopher/Ducky/USBRubberducky/library/execution/Unix-like/Linux/DawnKit/payloadonline.txt	BadUSB-FalsePhilosopher	txt	542
BruceBAD/BadUSB-FalsePhilosopher/Ducky/USBRubberducky/library/execution/Unix-like/Linux/DawnKit/payload.txt	BadUSB-FalsePhilosopher	txt	2168
BruceBAD/BadUSB-FalsePhilosopher/Ducky/USBRubberducky/library/execution/Win/ForceAdmin/Scripts/build.bat	BadUSB-FalsePhilosopher	bat	125
BruceBAD/BadUSB-FalsePhilosopher/Ducky/USBRubberducky/library/execution/Win/ForceAdmin/Scripts/make.bat	BadUSB-FalsePhilosopher	bat	50
BruceBAD/BadUSB-FalsePhilosopher/Ducky/USBRubberducky/library/execution/Win/ForceAdmin/src/embeddedpayload.ps1	BadUSB-FalsePhilosopher	ps1	116
BruceBAD/BadUSB-FalsePhilosopher/Ducky/USBRubberducky/library/execution/Win/Defeat_Defender/Defeat_Defender.txt	BadUSB-FalsePhilosopher	txt	942
BruceBAD/BadUSB-FalsePhilosopher/Ducky/USBRubberducky/library/execution/Win/Admin_Who_Never_Sleeps/payload.txt	BadUSB-FalsePhilosopher	txt	1577
BruceBAD/BadUSB-FalsePhilosopher/Ducky/USBRubberducky/library/execution/Win/SafeHaven/SafeHaven.txt	BadUSB-FalsePhilosopher	txt	1266
BruceBAD/BadUSB-FalsePhilosopher/Ducky/USBRubberducky/library/execution/Win/UrAttaControl/UrAttaControl-Execute.txt	BadUSB-FalsePhilosopher	txt	1481
BruceBAD/BadUSB-FalsePhilosopher/Ducky/USBRubberducky/library/execution/Win/AnyExec/quack.txt	BadUSB-FalsePhilosopher	txt	21
BruceBAD/BadUSB-FalsePhilosopher/Ducky/USBRubberducky/library/execution/Win/AnyExec/vbs/test.vbs	BadUSB-FalsePhilosopher	vbs	62
BruceBAD/BadUSB-FalsePhilosopher/Ducky/USBRubberducky/library/execution/Win/AnyExec/bat/e.bat	BadUSB-FalsePhilosopher	bat	4
BruceBAD/BadUSB-FalsePhilosopher/Ducky/USBRubberducky/library/execution/Win/AnyExec/ps1/test.ps1	BadUSB-FalsePhilosopher	ps1	4
BruceBAD/BadUSB-FalsePhilosopher/Ducky/USBRubberducky/library/execution/Win/Disable_Windows_Defender/Disable_Windows10_Defender.txt	BadUSB-FalsePhilosopher	txt	747
BruceBAD/BadUSB-FalsePhilosopher/Ducky/USBRubberducky/library/execution/Win/Login_CMD/quack.txt	BadUSB-FalsePhilosopher	txt	289
BruceBAD/BadUSB-FalsePhilosopher/Ducky/USBRubberducky/library/execution/Win/Kiosk-evasion/kiosk-evasion-payload.txt	BadUSB-FalsePhilosopher	txt	5211
BruceBAD/BadUSB-FalsePhilosopher/Ducky/USBRubberducky/library/execution/Win/DuckyHelper/DuckyHelper.txt	BadUSB-FalsePhilosopher	txt	1619
BruceBAD/BadUSB-FalsePhilosopher/Ducky/USBRubberducky/library/execution/Win/Elevate_CMD/quack.txt	BadUSB-FalsePhilosopher	txt	69
BruceBAD/BadUSB-FalsePhilosopher/Ducky/USBRubberducky/library/execution/Win/Elevate_CMD/info.txt	BadUSB-FalsePhilosopher	txt	2039
BruceBAD/BadUSB-FalsePhilosopher/Ducky/USBRubberducky/library/execution/Win/Add_Local_Admin/payload.txt	BadUSB-FalsePhilosopher	txt	1374
BruceBAD/BadUSB-FalsePhilosopher/Ducky/USBRubberducky/library/execution/Win/AdminAccountCreator/BadUSB_adminAccountCreator.txt	BadUSB-FalsePhilosopher	txt	1279
BruceBAD/BadUSB-FalsePhilosopher/Ducky/USBRubberducky/library/execution/Win/Disable-Windows-Defender-Permanently/Disable-Windows-Defender-Permanently.txt	BadUSB-FalsePhilosopher	txt	1533
BruceBAD/BadUSB-FalsePhilosopher/Ducky/USBRubberducky/library/execution/Win/UACBypass/DLL Template/prxdll.c	BadUSB-FalsePhilosopher	c	2830
BruceBAD/BadUSB-FalsePhilosopher/Ducky/USBRubberducky/library/execution/Win/UACBypass/DLL Template/pch.c	BadUSB-FalsePhilosopher	c	96
BruceBAD/BadUSB-FalsePhilosopher/Ducky/USBRubberducky/library/execution/Win/UACBypass/DLL Template/dllmain.c	BadUSB-FalsePhilosopher	c	594
BruceBAD/BadUSB-FalsePhilosopher/Ducky/USBRubberducky/library/execution/Win/Add_admin_Win/ADD_ADMIN.txt	BadUSB-FalsePhilosopher	txt	951
BruceBAD/BadUSB-FalsePhilosopher/Ducky/USBRubberducky/library/execution/Win/AMS-BP/AMSBP.ps1	BadUSB-FalsePhilosopher	ps1	13080
BruceBAD/BadUSB-FalsePhilosopher/Ducky/USBRubberducky/library/exfiltration/Unix-like/OSX/iMessage-Data-Grabber/payload.txt	BadUSB-FalsePhilosopher	txt	802
BruceBAD/BadUSB-FalsePhilosopher/Ducky/USBRubberducky/library/exfiltration/Unix-like/OSX/Public-IP-Grabber/payload.txt	BadUSB-FalsePhilosopher	txt	539
BruceBAD/BadUSB-FalsePhilosopher/Ducky/USBRubberducky/library/exfiltration/Unix-like/OSX/Mail-Grabber/payload.txt	BadUSB-FalsePhilosopher	txt	798
BruceBAD/BadUSB-FalsePhilosopher/Ducky/USBRubberducky/library/exfiltration/Unix-like/OSX/History-Grabber/payload.txt	BadUSB-FalsePhilosopher	txt	497
BruceBAD/BadUSB-FalsePhilosopher/Ducky/USBRubberducky/library/exfiltration/Win/Screenshot_exfil/payload.txt	BadUSB-FalsePhilosopher	txt	1976
BruceBAD/BadUSB-FalsePhilosopher/Ducky/USBRubberducky/library/exfiltration/Win/WifiPassGrabberPOST/payload.txt	BadUSB-FalsePhilosopher	txt	817
BruceBAD/BadUSB-FalsePhilosopher/Ducky/USBRubberducky/library/exfiltration/Win/Gather_Network_Info/payload.txt	BadUSB-FalsePhilosopher	txt	787
BruceBAD/BadUSB-FalsePhilosopher/Ducky/USBRubberducky/library/exfiltration/Win/Nivistealer/duck.txt	BadUSB-FalsePhilosopher	txt	96
BruceBAD/BadUSB-FalsePhilosopher/Ducky/USBRubberducky/library/exfiltration/Win/Nivistealer/python_flask/nivistealer.py	BadUSB-FalsePhilosopher	py	2014
BruceBAD/BadUSB-FalsePhilosopher/Ducky/USBRubberducky/library/exfiltration/Win/RDwindowspasswordgrabber/duckyscript.txt	BadUSB-FalsePhilosopher	txt	2917
BruceBAD/BadUSB-FalsePhilosopher/Ducky/USBRubberducky/library/exfiltration/Win/Snaffler/snaffler.txt	BadUSB-FalsePhilosopher	txt	201
BruceBAD/BadUSB-FalsePhilosopher/Ducky/USBRubberducky/library/exfiltration/Win/Chrome-exfil/payload.txt	BadUSB-FalsePhilosopher	txt	2069
BruceBAD/BadUSB-FalsePhilosopher/Ducky/USBRubberducky/library/exfiltration/Win/Chrome-exfil/Rubber-Ducky/duckyscript.txt	BadUSB-FalsePhilosopher	txt	1128
BruceBAD/BadUSB-FalsePhilosopher/Ducky/USBRubberducky/library/exfiltration/Win/Chrome-exfil/Rubber-Ducky/email.ps1	BadUSB-FalsePhilosopher	ps1	748
BruceBAD/BadUSB-FalsePhilosopher/Ducky/USBRubberducky/library/exfiltration/Win/DUCKY-WIFI_GRABER/payload.txt	BadUSB-FalsePhilosopher	txt	2210
BruceBAD/BadUSB-FalsePhilosopher/Ducky/USBRubberducky/library/exfiltration/Win/Ducky_Crab/payload.txt	BadUSB-FalsePhilosopher	txt	3949
BruceBAD/BadUSB-FalsePhilosopher/Ducky/USBRubberducky/library/exfiltration/Win/Discord_Windows_Wifi_IP-Info/payload.txt	BadUSB-FalsePhilosopher	txt	1676
BruceBAD/BadUSB-FalsePhilosopher/Ducky/USBRubberducky/library/exfiltration/Win/PassStealer/passStealer.txt	BadUSB-FalsePhilosopher	txt	955
BruceBAD/BadUSB-FalsePhilosopher/Ducky/USBRubberducky/library/exfiltration/Win/SMB_share/open_smb_share_to_steal_creds.txt	BadUSB-FalsePhilosopher	txt	430
BruceBAD/BadUSB-FalsePhilosopher/Ducky/USBRubberducky/library/exfiltration/Win/Poor_Mans_Nmap/Poor_Mans_Nmap.txt	BadUSB-FalsePhilosopher	txt	5393
BruceBAD/BadUSB-FalsePhilosopher/Ducky/USBRubberducky/library/phishing/Win/DNSpoisoning.txt	BadUSB-FalsePhilosopher	txt	221
BruceBAD/BadUSB-FalsePhilosopher/Ducky/USBRubberducky/library/phishing/Win/Go_phish.txt	BadUSB-FalsePhilosopher	txt	1296
BruceBAD/BadUSB-FalsePhilosopher/Ducky/USBRubberducky/library/phishing/Win/Duckyphish/duckyphish.txt	BadUSB-FalsePhilosopher	txt	565
BruceBAD/BadUSB-FalsePhilosopher/Ducky/USBRubberducky/library/phishing/Win/Duckyphish/duckyphish.ps1	BadUSB-FalsePhilosopher	ps1	408
BruceBAD/BadUSB-FalsePhilosopher/Ducky/USBRubberducky/library/remote_access/Unix-like/OSX/Netcatbackdoor3.txt	BadUSB-FalsePhilosopher	txt	693
BruceBAD/BadUSB-FalsePhilosopher/Ducky/USBRubberducky/library/remote_access/Unix-like/OSX/PasslessSSH.txt	BadUSB-FalsePhilosopher	txt	494
BruceBAD/BadUSB-FalsePhilosopher/Ducky/USBRubberducky/library/remote_access/Unix-like/OSX/Root_backdoor.txt	BadUSB-FalsePhilosopher	txt	1467
BruceBAD/BadUSB-FalsePhilosopher/Ducky/USBRubberducky/library/remote_access/Unix-like/OSX/Basic_shell.txt	BadUSB-FalsePhilosopher	txt	168
BruceBAD/BadUSB-FalsePhilosopher/Ducky/USBRubberducky/library/remote_access/Unix-like/OSX/Basic_script.txt	BadUSB-FalsePhilosopher	txt	336
BruceBAD/BadUSB-FalsePhilosopher/Ducky/USBRubberducky/library/remote_access/Unix-like/OSX/OSRipper/requirements.txt	BadUSB-FalsePhilosopher	txt	56
BruceBAD/BadUSB-FalsePhilosopher/Ducky/USBRubberducky/library/remote_access/Unix-like/OSX/OSRipper/obfuscator.py	BadUSB-FalsePhilosopher	py	2103
BruceBAD/BadUSB-FalsePhilosopher/Ducky/USBRubberducky/library/remote_access/Unix-like/OSX/OSRipper/main.py	BadUSB-FalsePhilosopher	py	35810
BruceBAD/BadUSB-FalsePhilosopher/Ducky/USBRubberducky/library/remote_access/Unix-like/OSX/Bella_Ducky/bella-ducky.txt	BadUSB-FalsePhilosopher	txt	854
BruceBAD/BadUSB-FalsePhilosopher/Ducky/USBRubberducky/library/remote_access/Unix-like/OSX/Python-backdoor/1/quack.txt	BadUSB-FalsePhilosopher	txt	14
BruceBAD/BadUSB-FalsePhilosopher/Ducky/USBRubberducky/library/remote_access/Unix-like/OSX/Python-backdoor/1/requirements.txt	BadUSB-FalsePhilosopher	txt	189
BruceBAD/BadUSB-FalsePhilosopher/Ducky/USBRubberducky/library/remote_access/Unix-like/Linux/PersistentReverseDucky/payload.txt	BadUSB-FalsePhilosopher	txt	1846
BruceBAD/BadUSB-FalsePhilosopher/Ducky/USBRubberducky/library/remote_access/Unix-like/Linux/Deadshot/Deadshotserver.py	BadUSB-FalsePhilosopher	py	781
BruceBAD/BadUSB-FalsePhilosopher/Ducky/USBRubberducky/library/remote_access/Unix-like/Linux/Deadshot/quack.txt	BadUSB-FalsePhilosopher	txt	24
BruceBAD/BadUSB-FalsePhilosopher/Ducky/USBRubberducky/library/remote_access/Unix-like/Linux/Deadshot/Deadshot.py	BadUSB-FalsePhilosopher	py	6439
BruceBAD/BadUSB-FalsePhilosopher/Ducky/USBRubberducky/library/remote_access/Unix-like/Linux/Lucifer/quack.txt	BadUSB-FalsePhilosopher	txt	20
BruceBAD/BadUSB-FalsePhilosopher/Ducky/USBRubberducky/library/remote_access/Unix-like/Linux/Gnomed/gnomed.txt	BadUSB-FalsePhilosopher	txt	410
BruceBAD/BadUSB-FalsePhilosopher/Ducky/USBRubberducky/library/remote_access/Unix-like/Linux/Python-backdoor/1/quack.txt	BadUSB-FalsePhilosopher	txt	14
BruceBAD/BadUSB-FalsePhilosopher/Ducky/USBRubberducky/library/remote_access/Unix-like/Linux/Python-backdoor/1/requirements.txt	BadUSB-FalsePhilosopher	txt	189
BruceBAD/BadUSB-FalsePhilosopher/Ducky/USBRubberducky/library/remote_access/Unix-like/Linux/DuckNet/install.sh	BadUSB-FalsePhilosopher	sh	173
BruceBAD/BadUSB-FalsePhilosopher/Ducky/USBRubberducky/library/remote_access/Unix-like/Linux/Genesis/Update.py	BadUSB-FalsePhilosopher	py	314
BruceBAD/BadUSB-FalsePhilosopher/Ducky/USBRubberducky/library/remote_access/Unix-like/Linux/Genesis/install.sh	BadUSB-FalsePhilosopher	sh	255
BruceBAD/BadUSB-FalsePhilosopher/Ducky/USBRubberducky/library/remote_access/Unix-like/Linux/Genesis/Main.py	BadUSB-FalsePhilosopher	py	3128
BruceBAD/BadUSB-FalsePhilosopher/Ducky/USBRubberducky/library/remote_access/Unix-like/Linux/Genesis/Plugins/weevely.py	BadUSB-FalsePhilosopher	py	894
BruceBAD/BadUSB-FalsePhilosopher/Ducky/USBRubberducky/library/remote_access/Unix-like/Linux/Genesis/Plugins/enum.py	BadUSB-FalsePhilosopher	py	964
BruceBAD/BadUSB-FalsePhilosopher/Ducky/USBRubberducky/library/remote_access/Unix-like/Linux/Genesis/Plugins/bunnysploit.py	BadUSB-FalsePhilosopher	py	1518
BruceBAD/BadUSB-FalsePhilosopher/Ducky/USBRubberducky/library/remote_access/Unix-like/Linux/Genesis/Plugins/tresspass.py	BadUSB-FalsePhilosopher	py	5644
BruceBAD/BadUSB-FalsePhilosopher/Ducky/USBRubberducky/library/remote_access/Unix-like/Android/AndroRAT/quack.txt	BadUSB-FalsePhilosopher	txt	41
BruceBAD/BadUSB-FalsePhilosopher/Ducky/USBRubberducky/library/remote_access/Win/Win10lockpick.txt	BadUSB-FalsePhilosopher	txt	650
BruceBAD/BadUSB-FalsePhilosopher/Ducky/USBRubberducky/library/remote_access/Win/LESiO's Ducky - French Reverse Shell.txt	BadUSB-FalsePhilosopher	txt	2874
BruceBAD/BadUSB-FalsePhilosopher/Ducky/USBRubberducky/library/remote_access/Win/WINSHELL.txt	BadUSB-FalsePhilosopher	txt	1262
BruceBAD/BadUSB-FalsePhilosopher/Ducky/USBRubberducky/library/remote_access/Win/test.txt	BadUSB-FalsePhilosopher	txt	489
BruceBAD/BadUSB-FalsePhilosopher/Ducky/USBRubberducky/library/remote_access/Win/lockpick.txt	BadUSB-FalsePhilosopher	txt	364
BruceBAD/BadUSB-FalsePhilosopher/Ducky/USBRubberducky/library/remote_access/Win/Deadshot/Deadshotserver.py	BadUSB-FalsePhilosopher	py	781
BruceBAD/BadUSB-FalsePhilosopher/Ducky/USBRubberducky/library/remote_access/Win/Deadshot/quack.txt	BadUSB-FalsePhilosopher	txt	24
BruceBAD/BadUSB-FalsePhilosopher/Ducky/USBRubberducky/library/remote_access/Win/Deadshot/Deadshot.py	BadUSB-FalsePhilosopher	py	6439
BruceBAD/BadUSB-FalsePhilosopher/Ducky/USBRubberducky/library/remote_access/Win/Lucifer/quack.txt	BadUSB-FalsePhilosopher	txt	20
BruceBAD/BadUSB-FalsePhilosopher/Ducky/USBRubberducky/library/remote_access/Win/RegDoor/payload.txt	BadUSB-FalsePhilosopher	txt	262
BruceBAD/BadUSB-FalsePhilosopher/Ducky/USBRubberducky/library/remote_access/Win/NSHELL/Payload.txt	BadUSB-FalsePhilosopher	txt	1024
BruceBAD/BadUSB-FalsePhilosopher/Ducky/USBRubberducky/library/remote_access/Win/Win_winrm-backdoor/payload.txt	BadUSB-FalsePhilosopher	txt	2022
BruceBAD/BadUSB-FalsePhilosopher/Ducky/USBRubberducky/library/remote_access/Win/BadUSB_reverseShellInjector/script.ps1	BadUSB-FalsePhilosopher	ps1	984
BruceBAD/BadUSB-FalsePhilosopher/Ducky/USBRubberducky/library/remote_access/Win/BadUSB_reverseShellInjector/BadUSB_reverseShellInjector.txt	BadUSB-FalsePhilosopher	txt	955
BruceBAD/BadUSB-FalsePhilosopher/Ducky/USBRubberducky/library/remote_access/Win/BadUSB_reverseShellInjector/reverseShell.ps1	BadUSB-FalsePhilosopher	ps1	182
BruceBAD/BadUSB-FalsePhilosopher/Ducky/USBRubberducky/library/remote_access/Win/Quick-Reverse-Powershell-Rubber-Ducky/rs.ps1	BadUSB-FalsePhilosopher	ps1	507
BruceBAD/BadUSB-FalsePhilosopher/Ducky/USBRubberducky/library/remote_access/Win/Quick-Reverse-Powershell-Rubber-Ducky/duckycode.txt	BadUSB-FalsePhilosopher	txt	937
BruceBAD/BadUSB-FalsePhilosopher/Ducky/USBRubberducky/library/remote_access/Win/Python-backdoor/1/requirements.txt	BadUSB-FalsePhilosopher	txt	189
BruceBAD/BadUSB-FalsePhilosopher/Ducky/USBRubberducky/library/remote_access/Win/Python-backdoor/1/src/encryption.py	BadUSB-FalsePhilosopher	py	388
BruceBAD/BadUSB-FalsePhilosopher/Ducky/USBRubberducky/library/remote_access/Win/Python-backdoor/1/src/main_server.py	BadUSB-FalsePhilosopher	py	831
BruceBAD/BadUSB-FalsePhilosopher/Ducky/USBRubberducky/library/remote_access/Win/Python-backdoor/1/src/__init__.py	BadUSB-FalsePhilosopher	py	0
BruceBAD/BadUSB-FalsePhilosopher/Ducky/USBRubberducky/library/remote_access/Win/Python-backdoor/1/src/main_client.py	BadUSB-FalsePhilosopher	py	2153
BruceBAD/BadUSB-FalsePhilosopher/Ducky/USBRubberducky/library/remote_access/Win/Python-backdoor/1/src/logger.py	BadUSB-FalsePhilosopher	py	1227
BruceBAD/BadUSB-FalsePhilosopher/Ducky/USBRubberducky/library/remote_access/Win/Python-backdoor/1/src/setup.py	BadUSB-FalsePhilosopher	py	7719
BruceBAD/BadUSB-FalsePhilosopher/Ducky/USBRubberducky/library/remote_access/Win/Python-backdoor/1/src/encrypted_socket.py	BadUSB-FalsePhilosopher	py	2532
BruceBAD/BadUSB-FalsePhilosopher/Ducky/USBRubberducky/library/remote_access/Win/Python-backdoor/1/src/helper.py	BadUSB-FalsePhilosopher	py	835
BruceBAD/BadUSB-FalsePhilosopher/Ducky/USBRubberducky/library/remote_access/Win/Python-backdoor/1/src/args.py	BadUSB-FalsePhilosopher	py	574
BruceBAD/BadUSB-FalsePhilosopher/Ducky/USBRubberducky/library/remote_access/Win/Python-backdoor/1/src/errors.py	BadUSB-FalsePhilosopher	py	366
BruceBAD/BadUSB-FalsePhilosopher/Ducky/USBRubberducky/library/remote_access/Win/Python-backdoor/1/src/submodule/wesng/requirements.txt	BadUSB-FalsePhilosopher	txt	37
BruceBAD/BadUSB-FalsePhilosopher/Ducky/USBRubberducky/library/remote_access/Win/Python-backdoor/1/src/submodule/wesng/wes.py	BadUSB-FalsePhilosopher	py	34430
BruceBAD/BadUSB-FalsePhilosopher/Ducky/USBRubberducky/library/remote_access/Win/Python-backdoor/1/src/server/server.py	BadUSB-FalsePhilosopher	py	8116
BruceBAD/BadUSB-FalsePhilosopher/Ducky/USBRubberducky/library/remote_access/Win/Python-backdoor/1/src/server/control.py	BadUSB-FalsePhilosopher	py	12897
BruceBAD/BadUSB-FalsePhilosopher/Ducky/USBRubberducky/library/remote_access/Win/Python-backdoor/1/src/server/__init__.py	BadUSB-FalsePhilosopher	py	1
BruceBAD/BadUSB-FalsePhilosopher/Ducky/USBRubberducky/library/remote_access/Win/Python-backdoor/1/src/server/view.py	BadUSB-FalsePhilosopher	py	8010
BruceBAD/BadUSB-FalsePhilosopher/Ducky/USBRubberducky/library/remote_access/Win/Python-backdoor/1/src/definitions/platforms.py	BadUSB-FalsePhilosopher	py	371
BruceBAD/BadUSB-FalsePhilosopher/Ducky/USBRubberducky/library/remote_access/Win/Python-backdoor/1/src/definitions/__init__.py	BadUSB-FalsePhilosopher	py	0
BruceBAD/BadUSB-FalsePhilosopher/Ducky/USBRubberducky/library/remote_access/Win/Python-backdoor/1/src/definitions/commands.py	BadUSB-FalsePhilosopher	py	5217
BruceBAD/BadUSB-FalsePhilosopher/Ducky/USBRubberducky/library/remote_access/Win/Python-backdoor/1/src/client/command_handler.py	BadUSB-FalsePhilosopher	py	2203
BruceBAD/BadUSB-FalsePhilosopher/Ducky/USBRubberducky/library/remote_access/Win/Python-backdoor/1/src/client/client.py	BadUSB-FalsePhilosopher	py	1643
BruceBAD/BadUSB-FalsePhilosopher/Ducky/USBRubberducky/library/remote_access/Win/Python-backdoor/1/src/client/__init__.py	BadUSB-FalsePhilosopher	py	0
BruceBAD/BadUSB-FalsePhilosopher/Ducky/USBRubberducky/library/remote_access/Win/Python-backdoor/1/src/client/keylogger.py	BadUSB-FalsePhilosopher	py	1547
BruceBAD/BadUSB-FalsePhilosopher/Ducky/USBRubberducky/library/remote_access/Win/Python-backdoor/1/src/client/persistence/persistence.py	BadUSB-FalsePhilosopher	py	454
BruceBAD/BadUSB-FalsePhilosopher/Ducky/USBRubberducky/library/remote_access/Win/Python-backdoor/1/src/client/persistence/unix.py	BadUSB-FalsePhilosopher	py	543
BruceBAD/BadUSB-FalsePhilosopher/Ducky/USBRubberducky/library/remote_access/Win/Python-backdoor/1/src/client/persistence/__init__.py	BadUSB-FalsePhilosopher	py	0
BruceBAD/BadUSB-FalsePhilosopher/Ducky/USBRubberducky/library/remote_access/Win/Python-backdoor/1/src/client/persistence/windows.py	BadUSB-FalsePhilosopher	py	3165
BruceBAD/BadUSB-FalsePhilosopher/Ducky/USBRubberducky/library/remote_access/Win/Python-backdoor/1/src/client/control/unix.py	BadUSB-FalsePhilosopher	py	419
BruceBAD/BadUSB-FalsePhilosopher/Ducky/USBRubberducky/library/remote_access/Win/Python-backdoor/1/src/client/control/control.py	BadUSB-FalsePhilosopher	py	15679
BruceBAD/BadUSB-FalsePhilosopher/Ducky/USBRubberducky/library/remote_access/Win/Python-backdoor/1/src/client/control/__init__.py	BadUSB-FalsePhilosopher	py	0
BruceBAD/BadUSB-FalsePhilosopher/Ducky/USBRubberducky/library/remote_access/Win/Python-backdoor/1/src/client/control/windows.py	BadUSB-FalsePhilosopher	py	4955
BruceBAD/BadUSB-FalsePhilosopher/Ducky/USBRubberducky/library/remote_access/Win/Python-backdoor/2/attacker.py	BadUSB-FalsePhilosopher	py	1063
BruceBAD/BadUSB-FalsePhilosopher/Ducky/USBRubberducky/library/remote_access/Win/Python-backdoor/2/victim.py	BadUSB-FalsePhilosopher	py	1751
BruceBAD/BadUSB-FalsePhilosopher/Ducky/USBRubberducky/library/remote_access/Win/Netcat-Reverseshell-On-Log-In/payload.txt	BadUSB-FalsePhilosopher	txt	1307
BruceBAD/BadUSB-FalsePhilosopher/Ducky/USBRubberducky/library/remote_access/Win/Mimikatz/mimikatz.txt	BadUSB-FalsePhilosopher	txt	680
BruceBAD/BadUSB-FalsePhilosopher/Ducky/USBRubberducky/library/remote_access/Win/Mimikatz/V3.txt	BadUSB-FalsePhilosopher	txt	1804
BruceBAD/BadUSB-FalsePhilosopher/Ducky/USBRubberducky/library/remote_access/Win/Mimikatz/mimikatzV2.txt	BadUSB-FalsePhilosopher	txt	1201
BruceBAD/BadUSB-FalsePhilosopher/Ducky/USBRubberducky/library/remote_access/Win/ReverseDucky/ReverseDucky.txt	BadUSB-FalsePhilosopher	txt	917
BruceBAD/BadUSB-FalsePhilosopher/Ducky/USBRubberducky/library/remote_access/Win/ReverseDucky/ReverseDuckyII.txt	BadUSB-FalsePhilosopher	txt	801
BruceBAD/BadUSB-FalsePhilosopher/Ducky/USBRubberducky/library/remote_access/Win/ReverseDucky/payload.txt	BadUSB-FalsePhilosopher	txt	1024
BruceBAD/BadUSB-FalsePhilosopher/Ducky/USBRubberducky/library/remote_access/Win/Badusb_botnet/poc.ps1	BadUSB-FalsePhilosopher	ps1	28669
BruceBAD/BadUSB-FalsePhilosopher/Ducky/USBRubberducky/library/remote_access/Win/Hidden_access/payload.txt	BadUSB-FalsePhilosopher	txt	1508
BruceBAD/BadUSB-FalsePhilosopher/Ducky/USBRubberducky/library/recon/Unix-Like/OSX/Macpeas/quack.txt	BadUSB-FalsePhilosopher	txt	318
BruceBAD/BadUSB-FalsePhilosopher/Ducky/USBRubberducky/library/recon/Unix-Like/OSX/Macpeas/quackexfil.txt	BadUSB-FalsePhilosopher	txt	356
BruceBAD/BadUSB-FalsePhilosopher/Ducky/USBRubberducky/library/recon/Unix-Like/Linux/Linpeas/quackpostexfil.txt	BadUSB-FalsePhilosopher	txt	1161
BruceBAD/BadUSB-FalsePhilosopher/Ducky/USBRubberducky/library/recon/Unix-Like/Linux/Linpeas/quackgitexfil.txt	BadUSB-FalsePhilosopher	txt	1718
BruceBAD/BadUSB-FalsePhilosopher/Ducky/USBRubberducky/library/recon/Unix-Like/Linux/Linpeas/quackncexfil.txt	BadUSB-FalsePhilosopher	txt	1157
BruceBAD/BadUSB-FalsePhilosopher/Ducky/USBRubberducky/library/recon/Unix-Like/Linux/Linpeas/quackwget.txt	BadUSB-FalsePhilosopher	txt	527
BruceBAD/BadUSB-FalsePhilosopher/Ducky/USBRubberducky/library/recon/Unix-Like/Linux/LinEnum/quackpost.txt	BadUSB-FalsePhilosopher	txt	978
BruceBAD/BadUSB-FalsePhilosopher/Ducky/USBRubberducky/library/recon/Unix-Like/Linux/LinEnum/quacknc.txt	BadUSB-FalsePhilosopher	txt	966
BruceBAD/BadUSB-FalsePhilosopher/Ducky/USBRubberducky/library/recon/Unix-Like/Linux/LinEnum/quackwget.txt	BadUSB-FalsePhilosopher	txt	285
BruceBAD/BadUSB-FalsePhilosopher/Ducky/USBRubberducky/library/recon/Win/Misc/Show_WiFi_Passwords.txt	BadUSB-FalsePhilosopher	txt	223
BruceBAD/BadUSB-FalsePhilosopher/Ducky/USBRubberducky/library/recon/Win/Misc/Show_Saved_Passwords.txt	BadUSB-FalsePhilosopher	txt	746
BruceBAD/BadUSB-FalsePhilosopher/Ducky/USBRubberducky/library/recon/Win/Winpeas/WPDBE.ps1	BadUSB-FalsePhilosopher	ps1	1588
BruceBAD/BadUSB-FalsePhilosopher/Ducky/USBRubberducky/library/recon/Win/Winpeas/quacklocal.txt	BadUSB-FalsePhilosopher	txt	525
BruceBAD/BadUSB-FalsePhilosopher/Ducky/USBRubberducky/library/recon/Win/Winpeas/quackDBExfil.txt	BadUSB-FalsePhilosopher	txt	496
BruceBAD/BadUSB-FalsePhilosopher/Ducky/USBRubberducky/library/recon/Win/Winpeas/WPL.ps1	BadUSB-FalsePhilosopher	ps1	664
BruceBAD/BadUSB-FalsePhilosopher/Ducky/USBRubberducky/library/recon/Win/ADV-Recon/ADV-Recon.ps1	BadUSB-FalsePhilosopher	ps1	20474
BruceBAD/BadUSB-FalsePhilosopher/Ducky/USBRubberducky/library/recon/Win/ADV-Recon/payload.txt	BadUSB-FalsePhilosopher	txt	573
BruceBAD/BadUSB-FalsePhilosopher/Ducky/USBRubberducky/library/recon/Win/Tree_of_Knowledge/payload.txt	BadUSB-FalsePhilosopher	txt	486
BruceBAD/BadUSB-FalsePhilosopher/Ducky/USBRubberducky/library/recon/Win/Tree_of_Knowledge/show.bat	BadUSB-FalsePhilosopher	bat	32
BruceBAD/BadUSB-FalsePhilosopher/Ducky/USBRubberducky/library/quackberry/exfil_documents.txt	BadUSB-FalsePhilosopher	txt	652
BruceBAD/BadUSB-FalsePhilosopher/Ducky/USBRubberducky/library/quackberry/bash_reverse_shell_profile_persistence.txt	BadUSB-FalsePhilosopher	txt	579
BruceBAD/BadUSB-FalsePhilosopher/Ducky/USBRubberducky/library/quackberry/python_reverse_shell_cron_persistence.txt	BadUSB-FalsePhilosopher	txt	1411
BruceBAD/BadUSB-FalsePhilosopher/Ducky/USBRubberducky/library/quackberry/bash_reverse_shell_bashrc_persistence.txt	BadUSB-FalsePhilosopher	txt	579
BruceBAD/BadUSB-FalsePhilosopher/Ducky/USBRubberducky/library/quackberry/bash_reverse_shell.txt	BadUSB-FalsePhilosopher	txt	348
BruceBAD/BadUSB-FalsePhilosopher/Ducky/USBRubberducky/library/quackberry/ssh_backdoor.txt	BadUSB-FalsePhilosopher	txt	551
BruceBAD/BadUSB-FalsePhilosopher/Ducky/USBRubberducky/library/quackberry/wifi_stealer_to_web.txt	BadUSB-FalsePhilosopher	txt	631
BruceBAD/BadUSB-FalsePhilosopher/Ducky/USBRubberducky/library/quackberry/RPi OS/exfil_documents.txt	BadUSB-FalsePhilosopher	txt	652
BruceBAD/BadUSB-FalsePhilosopher/Ducky/USBRubberducky/library/quackberry/RPi OS/bash_reverse_shell_profile_persistence.txt	BadUSB-FalsePhilosopher	txt	579
BruceBAD/BadUSB-FalsePhilosopher/Ducky/USBRubberducky/library/quackberry/RPi OS/python_reverse_shell_cron_persistence.txt	BadUSB-FalsePhilosopher	txt	1411
BruceBAD/BadUSB-FalsePhilosopher/Ducky/USBRubberducky/library/quackberry/RPi OS/bash_reverse_shell_bashrc_persistence.txt	BadUSB-FalsePhilosopher	txt	579
BruceBAD/BadUSB-FalsePhilosopher/Ducky/USBRubberducky/library/quackberry/RPi OS/bash_reverse_shell.txt	BadUSB-FalsePhilosopher	txt	348
BruceBAD/BadUSB-FalsePhilosopher/Ducky/USBRubberducky/library/quackberry/RPi OS/ssh_backdoor.txt	BadUSB-FalsePhilosopher	txt	551
BruceBAD/BadUSB-FalsePhilosopher/Ducky/USBRubberducky/library/quackberry/RPi OS/wifi_stealer_to_web.txt	BadUSB-FalsePhilosopher	txt	631
BruceBAD/BadUSB-FalsePhilosopher/Ducky/USBRubberducky/library/quackberry/RPi OS/local_web_server_backdoor/local_web_server_backdoor.txt	BadUSB-FalsePhilosopher	txt	538
BruceBAD/BadUSB-FalsePhilosopher/Ducky/USBRubberducky/library/quackberry/local_web_server_backdoor/local_web_server_backdoor.txt	BadUSB-FalsePhilosopher	txt	538
BruceBAD/BadUSB-FalsePhilosopher/Ducky/USBRubberducky/library/credentials/Unix-like/Osx/Sudograbber/sudograbber.txt	BadUSB-FalsePhilosopher	txt	1210
BruceBAD/BadUSB-FalsePhilosopher/Ducky/USBRubberducky/library/credentials/Unix-like/Osx/Sudograbber/sudograbber.sh	BadUSB-FalsePhilosopher	sh	67
BruceBAD/BadUSB-FalsePhilosopher/Ducky/USBRubberducky/library/credentials/Unix-like/Linux/Sudograbber/sudograbber.txt	BadUSB-FalsePhilosopher	txt	1210
BruceBAD/BadUSB-FalsePhilosopher/Ducky/USBRubberducky/library/credentials/Unix-like/Linux/Sudograbber/sudograbber.sh	BadUSB-FalsePhilosopher	sh	67
BruceBAD/BadUSB-FalsePhilosopher/Ducky/USBRubberducky/library/credentials/Unix-like/Linux/DuckyLogger/payload.txt	BadUSB-FalsePhilosopher	txt	3329
BruceBAD/BadUSB-FalsePhilosopher/Ducky/USBRubberducky/library/credentials/Unix-like/Linux/SudoSnatch/payload.txt	BadUSB-FalsePhilosopher	txt	3732
BruceBAD/BadUSB-FalsePhilosopher/Ducky/USBRubberducky/library/credentials/Win/open_smb_share_to_steal_creds.txt	BadUSB-FalsePhilosopher	txt	430
BruceBAD/BadUSB-FalsePhilosopher/Ducky/USBRubberducky/library/credentials/Win/-RD-Credz-Plz/Credz-Plz.ps1	BadUSB-FalsePhilosopher	ps1	7999
BruceBAD/BadUSB-FalsePhilosopher/Ducky/USBRubberducky/library/credentials/Win/-RD-Credz-Plz/Credz-Plz-Execute.txt	BadUSB-FalsePhilosopher	txt	610
BruceBAD/BadUSB-FalsePhilosopher/Ducky/USBRubberducky/library/credentials/Win/keyloggerInjector/startScript.ps1	BadUSB-FalsePhilosopher	ps1	972
BruceBAD/BadUSB-FalsePhilosopher/Ducky/USBRubberducky/library/credentials/Win/keyloggerInjector/BadUSB_keyloggerInjector.txt	BadUSB-FalsePhilosopher	txt	965
BruceBAD/BadUSB-FalsePhilosopher/Ducky/USBRubberducky/library/credentials/Win/pykeylog/quack.txt	BadUSB-FalsePhilosopher	txt	13
BruceBAD/BadUSB-FalsePhilosopher/Ducky/USBRubberducky/library/credentials/Win/Funni_Stick_V3/README.txt	BadUSB-FalsePhilosopher	txt	1308
BruceBAD/BadUSB-FalsePhilosopher/Ducky/USBRubberducky/library/credentials/Win/windowsPassDisabler/BadUSB_windowsPassDisabler.txt	BadUSB-FalsePhilosopher	txt	639
BruceBAD/BadUSB-FalsePhilosopher/Ducky/USBRubberducky/library/credentials/Win/Simple_User_Password_Grabber/Simple_User_Password_Grabber.txt	BadUSB-FalsePhilosopher	txt	2691
BruceBAD/BadUSB-FalsePhilosopher/Ducky/USBRubberducky/library/credentials/Win/datacopier/datacopier.txt	BadUSB-FalsePhilosopher	txt	1158
BruceBAD/BadUSB-FalsePhilosopher/Ducky/USBRubberducky/library/credentials/Win/Rubber_Ducky_Password_Stealer/payloads/payload_[slow][dutch].txt	BadUSB-FalsePhilosopher	txt	1503
BruceBAD/BadUSB-FalsePhilosopher/Ducky/USBRubberducky/library/credentials/Win/Rubber_Ducky_Password_Stealer/payloads/payload_[slow][english].txt	BadUSB-FalsePhilosopher	txt	1497
BruceBAD/BadUSB-FalsePhilosopher/Ducky/USBRubberducky/library/credentials/Win/Rubber_Ducky_Password_Stealer/scripts/nirsoft.bat	BadUSB-FalsePhilosopher	bat	648
BruceBAD/BadUSB-FalsePhilosopher/Ducky/USBRubberducky/library/credentials/Win/Rubber_Ducky_Password_Stealer/scripts/computer_info.bat	BadUSB-FalsePhilosopher	bat	564
BruceBAD/BadUSB-FalsePhilosopher/Ducky/USBRubberducky/library/credentials/Win/Rubber_Ducky_Password_Stealer/scripts/mimikatz.bat	BadUSB-FalsePhilosopher	bat	856
BruceBAD/BadUSB-FalsePhilosopher/Ducky/USBRubberducky/library/credentials/Win/Rubber_Ducky_Password_Stealer/scripts/program_info.bat	BadUSB-FalsePhilosopher	bat	580
BruceBAD/BadUSB-FalsePhilosopher/Ducky/USBRubberducky/library/credentials/Win/Rubber_Ducky_Password_Stealer/scripts/network_info.bat	BadUSB-FalsePhilosopher	bat	584
BruceBAD/BadUSB-FalsePhilosopher/Ducky/USBRubberducky/library/credentials/Win/Rubber_Ducky_Password_Stealer/scripts/rdps.bat	BadUSB-FalsePhilosopher	bat	1157
BruceBAD/BadUSB-FalsePhilosopher/Ducky/USBRubberducky/prank/Unix-like/Osx/Hacker_Typer/Apple.txt	BadUSB-FalsePhilosopher	txt	3208
BruceBAD/BadUSB-FalsePhilosopher/Ducky/USBRubberducky/prank/Unix-like/Osx/termBomb/payload.txt	BadUSB-FalsePhilosopher	txt	1952
BruceBAD/BadUSB-FalsePhilosopher/Ducky/USBRubberducky/prank/Unix-like/Osx/SayPoop/quack.txt	BadUSB-FalsePhilosopher	txt	567
BruceBAD/BadUSB-FalsePhilosopher/Ducky/USBRubberducky/prank/Unix-like/Osx/SayPoop/install_cron.py	BadUSB-FalsePhilosopher	py	674
BruceBAD/BadUSB-FalsePhilosopher/Ducky/USBRubberducky/prank/Unix-like/Osx/SayPoop/crontab.py	BadUSB-FalsePhilosopher	py	31768
BruceBAD/BadUSB-FalsePhilosopher/Ducky/USBRubberducky/prank/Unix-like/Osx/Anti-Browser/Fuck_your_tabs.txt	BadUSB-FalsePhilosopher	txt	207
BruceBAD/BadUSB-FalsePhilosopher/Ducky/USBRubberducky/prank/Unix-like/Osx/Anti-Browser/Efftabsbasic.txt	BadUSB-FalsePhilosopher	txt	321
BruceBAD/BadUSB-FalsePhilosopher/Ducky/USBRubberducky/prank/Unix-like/Osx/Anti-Browser/Fuck_your_tabs+startup.txt	BadUSB-FalsePhilosopher	txt	216
BruceBAD/BadUSB-FalsePhilosopher/Ducky/USBRubberducky/prank/Unix-like/Osx/Anti-Browser/Fuck_your_tabs+ALTF4+Startup.txt	BadUSB-FalsePhilosopher	txt	226
BruceBAD/BadUSB-FalsePhilosopher/Ducky/USBRubberducky/prank/Unix-like/Osx/Anti-Browser/Fuck_your_tabs+ALTF4.txt	BadUSB-FalsePhilosopher	txt	219
BruceBAD/BadUSB-FalsePhilosopher/Ducky/USBRubberducky/prank/Unix-like/Osx/macOS_rickroll/RickRollMac.txt	BadUSB-FalsePhilosopher	txt	538
BruceBAD/BadUSB-FalsePhilosopher/Ducky/USBRubberducky/prank/Unix-like/Osx/Digital_Rain/payload.txt	BadUSB-FalsePhilosopher	txt	577
BruceBAD/BadUSB-FalsePhilosopher/Ducky/USBRubberducky/prank/Unix-like/Osx/TerminalRickRoll/Quack.txt	BadUSB-FalsePhilosopher	txt	234
BruceBAD/BadUSB-FalsePhilosopher/Ducky/USBRubberducky/prank/Unix-like/Osx/TerminalRickRoll/Quackmean.txt	BadUSB-FalsePhilosopher	txt	237
BruceBAD/BadUSB-FalsePhilosopher/Ducky/USBRubberducky/prank/Unix-like/Osx/Activate_mac/quack.txt	BadUSB-FalsePhilosopher	txt	88
BruceBAD/BadUSB-FalsePhilosopher/Ducky/USBRubberducky/prank/Unix-like/Osx/DUCKY_REAPER/duckyreaperMAC.txt	BadUSB-FalsePhilosopher	txt	532
BruceBAD/BadUSB-FalsePhilosopher/Ducky/USBRubberducky/prank/Unix-like/Osx/Fake_Update/Apple.txt	BadUSB-FalsePhilosopher	txt	230
BruceBAD/BadUSB-FalsePhilosopher/Ducky/USBRubberducky/prank/Unix-like/Chromebook/ChromeCrash.txt	BadUSB-FalsePhilosopher	txt	195
BruceBAD/BadUSB-FalsePhilosopher/Ducky/USBRubberducky/prank/Unix-like/Chromebook/Logout.txt	BadUSB-FalsePhilosopher	txt	49
BruceBAD/BadUSB-FalsePhilosopher/Ducky/USBRubberducky/prank/Unix-like/Chromebook/Chromebook-Language-Changer/Learn_Arabic_the_hard_way.txt	BadUSB-FalsePhilosopher	txt	501
BruceBAD/BadUSB-FalsePhilosopher/Ducky/USBRubberducky/prank/Unix-like/Chromebook/Chromebook-Language-Changer/English_Please.txt	BadUSB-FalsePhilosopher	txt	502
BruceBAD/BadUSB-FalsePhilosopher/Ducky/USBRubberducky/prank/Unix-like/iOS/RickRoll_Apple/payload.txt	BadUSB-FalsePhilosopher	txt	462
BruceBAD/BadUSB-FalsePhilosopher/Ducky/USBRubberducky/prank/Unix-like/Linux/Hacker_Typer/payloadTUX.txt	BadUSB-FalsePhilosopher	txt	3074
BruceBAD/BadUSB-FalsePhilosopher/Ducky/USBRubberducky/prank/Unix-like/Linux/Inverted_desktop_troll/Rick/quackpic.txt	BadUSB-FalsePhilosopher	txt	930
BruceBAD/BadUSB-FalsePhilosopher/Ducky/USBRubberducky/prank/Unix-like/Linux/Inverted_desktop_troll/Rick/quackmeanVLC.txt	BadUSB-FalsePhilosopher	txt	675
BruceBAD/BadUSB-FalsePhilosopher/Ducky/USBRubberducky/prank/Unix-like/Linux/Inverted_desktop_troll/Rick/quackstock.txt	BadUSB-FalsePhilosopher	txt	693
BruceBAD/BadUSB-FalsePhilosopher/Ducky/USBRubberducky/prank/Unix-like/Linux/Inverted_desktop_troll/Rick/quackmeanaudio.txt	BadUSB-FalsePhilosopher	txt	741
BruceBAD/BadUSB-FalsePhilosopher/Ducky/USBRubberducky/prank/Unix-like/Linux/Inverted_desktop_troll/Rick/quackYT.txt	BadUSB-FalsePhilosopher	txt	574
BruceBAD/BadUSB-FalsePhilosopher/Ducky/USBRubberducky/prank/Unix-like/Linux/Inverted_desktop_troll/Rick/quackvlc.txt	BadUSB-FalsePhilosopher	txt	793
BruceBAD/BadUSB-FalsePhilosopher/Ducky/USBRubberducky/prank/Unix-like/Linux/Inverted_desktop_troll/milos/quackstock.txt	BadUSB-FalsePhilosopher	txt	743
BruceBAD/BadUSB-FalsePhilosopher/Ducky/USBRubberducky/prank/Unix-like/Linux/Inverted_desktop_troll/milos/quackYT.txt	BadUSB-FalsePhilosopher	txt	620
BruceBAD/BadUSB-FalsePhilosopher/Ducky/USBRubberducky/prank/Unix-like/Linux/Inverted_desktop_troll/milos/quackvlc.txt	BadUSB-FalsePhilosopher	txt	851
BruceBAD/BadUSB-FalsePhilosopher/Ducky/USBRubberducky/prank/Unix-like/Linux/Inverted_desktop_troll/milos/quackmean.txt	BadUSB-FalsePhilosopher	txt	719
BruceBAD/BadUSB-FalsePhilosopher/Ducky/USBRubberducky/prank/Unix-like/Linux/ETH_Stealer/quack.txt	BadUSB-FalsePhilosopher	txt	810
BruceBAD/BadUSB-FalsePhilosopher/Ducky/USBRubberducky/prank/Unix-like/Linux/ETH_Stealer/eth.py	BadUSB-FalsePhilosopher	py	3933
BruceBAD/BadUSB-FalsePhilosopher/Ducky/USBRubberducky/prank/Unix-like/Linux/RickRoll/Rick_Roll_linux/RickRollLinuxVLC.txt	BadUSB-FalsePhilosopher	txt	574
BruceBAD/BadUSB-FalsePhilosopher/Ducky/USBRubberducky/prank/Unix-like/Linux/RickRoll/Rick_Roll_linux/RickRollLinuxYT.txt	BadUSB-FalsePhilosopher	txt	628
BruceBAD/BadUSB-FalsePhilosopher/Ducky/USBRubberducky/prank/Unix-like/Linux/RickRoll/TerminalRickRoll/QuackTUXalt.txt	BadUSB-FalsePhilosopher	txt	849
BruceBAD/BadUSB-FalsePhilosopher/Ducky/USBRubberducky/prank/Unix-like/Linux/RickRoll/TerminalRickRoll/roll.sh	BadUSB-FalsePhilosopher	sh	3076
BruceBAD/BadUSB-FalsePhilosopher/Ducky/USBRubberducky/prank/Unix-like/Linux/RickRoll/TerminalRickRoll/QuackTUX.txt	BadUSB-FalsePhilosopher	txt	624
BruceBAD/BadUSB-FalsePhilosopher/Ducky/USBRubberducky/prank/Unix-like/Linux/RickRoll/TerminalRickRoll/QuackTUXmeanalt.txt	BadUSB-FalsePhilosopher	txt	1183
BruceBAD/BadUSB-FalsePhilosopher/Ducky/USBRubberducky/prank/Unix-like/Linux/RickRoll/TerminalRickRoll/QuackTUXcron.txt	BadUSB-FalsePhilosopher	txt	881
BruceBAD/BadUSB-FalsePhilosopher/Ducky/USBRubberducky/prank/Unix-like/Linux/RickRoll/TerminalRickRoll/QuackTUXmean.txt	BadUSB-FalsePhilosopher	txt	741
BruceBAD/BadUSB-FalsePhilosopher/Ducky/USBRubberducky/prank/Unix-like/Linux/RickRoll/TerminalRickRoll/cron.sh	BadUSB-FalsePhilosopher	sh	144
BruceBAD/BadUSB-FalsePhilosopher/Ducky/USBRubberducky/prank/Unix-like/Linux/Activate_linux/quack.txt	BadUSB-FalsePhilosopher	txt	1135
BruceBAD/BadUSB-FalsePhilosopher/Ducky/USBRubberducky/prank/Unix-like/Linux/Quack_Rain/quack.txt	BadUSB-FalsePhilosopher	txt	753
BruceBAD/BadUSB-FalsePhilosopher/Ducky/USBRubberducky/prank/Unix-like/Linux/Quack_Rain/quackRickRoll_persist.txt	BadUSB-FalsePhilosopher	txt	1365
BruceBAD/BadUSB-FalsePhilosopher/Ducky/USBRubberducky/prank/Unix-like/Linux/Quack_Rain/quackRickRoll.txt	BadUSB-FalsePhilosopher	txt	1067
BruceBAD/BadUSB-FalsePhilosopher/Ducky/USBRubberducky/prank/Unix-like/Linux/Terminal_Parrot/cacaw.txt	BadUSB-FalsePhilosopher	txt	425
BruceBAD/BadUSB-FalsePhilosopher/Ducky/USBRubberducky/prank/Unix-like/Linux/Anti-Browser/Fuck_your_tabs.txt	BadUSB-FalsePhilosopher	txt	132
BruceBAD/BadUSB-FalsePhilosopher/Ducky/USBRubberducky/prank/Unix-like/Linux/Anti-Browser/Efftabsbasic.txt	BadUSB-FalsePhilosopher	txt	293
BruceBAD/BadUSB-FalsePhilosopher/Ducky/USBRubberducky/prank/Unix-like/Linux/Anti-Browser/Fuck_your_tabs+startup.txt	BadUSB-FalsePhilosopher	txt	141
BruceBAD/BadUSB-FalsePhilosopher/Ducky/USBRubberducky/prank/Unix-like/Linux/Anti-Browser/Fuck_your_tabs+ALTF4+Startup.txt	BadUSB-FalsePhilosopher	txt	151
BruceBAD/BadUSB-FalsePhilosopher/Ducky/USBRubberducky/prank/Unix-like/Linux/Anti-Browser/Fuck_your_tabs+ALTF4.txt	BadUSB-FalsePhilosopher	txt	144
BruceBAD/BadUSB-FalsePhilosopher/Ducky/USBRubberducky/prank/Unix-like/Linux/Zacky4Ever/install.sh	BadUSB-FalsePhilosopher	sh	977
BruceBAD/BadUSB-FalsePhilosopher/Ducky/USBRubberducky/prank/Unix-like/Linux/Zacky4Ever/quackTux.txt	BadUSB-FalsePhilosopher	txt	535
BruceBAD/BadUSB-FalsePhilosopher/Ducky/USBRubberducky/prank/Unix-like/Linux/Zacky4Ever/remote.install.sh	BadUSB-FalsePhilosopher	sh	397
BruceBAD/BadUSB-FalsePhilosopher/Ducky/USBRubberducky/prank/Unix-like/Linux/Zacky4Ever/remote.uninstall.sh	BadUSB-FalsePhilosopher	sh	689
BruceBAD/BadUSB-FalsePhilosopher/Ducky/USBRubberducky/prank/Unix-like/Linux/Zacky4Ever/randomizer.sh	BadUSB-FalsePhilosopher	sh	176
BruceBAD/BadUSB-FalsePhilosopher/Ducky/USBRubberducky/prank/Unix-like/Linux/Zacky4Ever/create_plist.sh	BadUSB-FalsePhilosopher	sh	784
BruceBAD/BadUSB-FalsePhilosopher/Ducky/USBRubberducky/prank/Unix-like/Linux/Zacky4Ever/jobs/MAC.sh	BadUSB-FalsePhilosopher	sh	293
BruceBAD/BadUSB-FalsePhilosopher/Ducky/USBRubberducky/prank/Unix-like/Linux/xeyes/quackYT.txt	BadUSB-FalsePhilosopher	txt	578
BruceBAD/BadUSB-FalsePhilosopher/Ducky/USBRubberducky/prank/Unix-like/Linux/xeyes/quackVLC.txt	BadUSB-FalsePhilosopher	txt	624
BruceBAD/BadUSB-FalsePhilosopher/Ducky/USBRubberducky/prank/Unix-like/Linux/Linux_power/reboot.txt	BadUSB-FalsePhilosopher	txt	52
BruceBAD/BadUSB-FalsePhilosopher/Ducky/USBRubberducky/prank/Unix-like/Linux/Linux_power/shutdown.txt	BadUSB-FalsePhilosopher	txt	61
BruceBAD/BadUSB-FalsePhilosopher/Ducky/USBRubberducky/prank/Unix-like/Linux/Say_the_magic_word/quack.txt	BadUSB-FalsePhilosopher	txt	514
BruceBAD/BadUSB-FalsePhilosopher/Ducky/USBRubberducky/prank/Unix-like/Linux/Say_the_magic_word/quack_mean.txt	BadUSB-FalsePhilosopher	txt	683
BruceBAD/BadUSB-FalsePhilosopher/Ducky/USBRubberducky/prank/Unix-like/Android/RickRoll/android_rickroll.txt	BadUSB-FalsePhilosopher	txt	86
BruceBAD/BadUSB-FalsePhilosopher/Ducky/USBRubberducky/prank/Unix-like/Android/ADB_Pranks/adb-virus-windows/adb-virus-windows/destroyadb.bat	BadUSB-FalsePhilosopher	bat	2220
BruceBAD/BadUSB-FalsePhilosopher/Ducky/USBRubberducky/prank/Unix-like/Android/ADB_Pranks/adb-virus-windows/adb-virus-windows/monkeyadb-download.bat	BadUSB-FalsePhilosopher	bat	213
BruceBAD/BadUSB-FalsePhilosopher/Ducky/USBRubberducky/prank/Unix-like/Android/ADB_Pranks/adb-virus-windows/adb-virus-windows/monkeyadb.bat	BadUSB-FalsePhilosopher	bat	1458
BruceBAD/BadUSB-FalsePhilosopher/Ducky/USBRubberducky/prank/Unix-like/Android/ADB_Pranks/adb-virus-windows/adb-virus-windows/mockbattery.bat	BadUSB-FalsePhilosopher	bat	973
BruceBAD/BadUSB-FalsePhilosopher/Ducky/USBRubberducky/prank/Unix-like/Android/ADB_Pranks/adb-virus-windows/adb-virus-windows/hang.bat	BadUSB-FalsePhilosopher	bat	600
BruceBAD/BadUSB-FalsePhilosopher/Ducky/USBRubberducky/prank/Unix-like/Android/Browse-to-URL-Example/payload.txt	BadUSB-FalsePhilosopher	txt	514
BruceBAD/BadUSB-FalsePhilosopher/Ducky/USBRubberducky/prank/Unix-like/Android/Prankers/quack.txt	BadUSB-FalsePhilosopher	txt	13
BruceBAD/BadUSB-FalsePhilosopher/Ducky/USBRubberducky/prank/Unix-like/Android/Prankers/Prankers.sh	BadUSB-FalsePhilosopher	sh	2564
BruceBAD/BadUSB-FalsePhilosopher/Ducky/USBRubberducky/prank/Unix-like/Steamdeck/Fake_Update/Vapor.txt	BadUSB-FalsePhilosopher	txt	133
BruceBAD/BadUSB-FalsePhilosopher/Ducky/USBRubberducky/prank/Win/Hacker_Typer/payload.txt	BadUSB-FalsePhilosopher	txt	2988
BruceBAD/BadUSB-FalsePhilosopher/Ducky/USBRubberducky/prank/Win/Work-Bitch/quack.txt	BadUSB-FalsePhilosopher	txt	591
BruceBAD/BadUSB-FalsePhilosopher/Ducky/USBRubberducky/prank/Win/Work-Bitch/WB.ps1	BadUSB-FalsePhilosopher	ps1	448
BruceBAD/BadUSB-FalsePhilosopher/Ducky/USBRubberducky/prank/Win/Inverted_Desktop_Troll/V1/quack.txt	BadUSB-FalsePhilosopher	txt	45
BruceBAD/BadUSB-FalsePhilosopher/Ducky/USBRubberducky/prank/Win/Inverted_Desktop_Troll/V2/quack.txt	BadUSB-FalsePhilosopher	txt	35
BruceBAD/BadUSB-FalsePhilosopher/Ducky/USBRubberducky/prank/Win/Windows Down/quackmeaner.txt	BadUSB-FalsePhilosopher	txt	141
BruceBAD/BadUSB-FalsePhilosopher/Ducky/USBRubberducky/prank/Win/Windows Down/quack.txt	BadUSB-FalsePhilosopher	txt	50
BruceBAD/BadUSB-FalsePhilosopher/Ducky/USBRubberducky/prank/Win/Windows Down/quackmean.txt	BadUSB-FalsePhilosopher	txt	112
BruceBAD/BadUSB-FalsePhilosopher/Ducky/USBRubberducky/prank/Win/RickRoll/Quack_Rolled/payload.txt	BadUSB-FalsePhilosopher	txt	1402
BruceBAD/BadUSB-FalsePhilosopher/Ducky/USBRubberducky/prank/Win/RickRoll/Rickrollupdate/payload.txt	BadUSB-FalsePhilosopher	txt	1212
BruceBAD/BadUSB-FalsePhilosopher/Ducky/USBRubberducky/prank/Win/RickRoll/ADV-Rickware/rr1.ps1	BadUSB-FalsePhilosopher	ps1	1043
BruceBAD/BadUSB-FalsePhilosopher/Ducky/USBRubberducky/prank/Win/RickRoll/ADV-Rickware/ADV-Rickware.txt	BadUSB-FalsePhilosopher	txt	625
BruceBAD/BadUSB-FalsePhilosopher/Ducky/USBRubberducky/prank/Win/RickRoll/ADV-Rickware/rr.ps1	BadUSB-FalsePhilosopher	ps1	1690
BruceBAD/BadUSB-FalsePhilosopher/Ducky/USBRubberducky/prank/Win/RickRoll/rickroll/payload.txt	BadUSB-FalsePhilosopher	txt	5004
BruceBAD/BadUSB-FalsePhilosopher/Ducky/USBRubberducky/prank/Win/RickRoll/Physical_Rick_Roll/payload.txt	BadUSB-FalsePhilosopher	txt	1099
BruceBAD/BadUSB-FalsePhilosopher/Ducky/USBRubberducky/prank/Win/RickRoll/Rick_Rolling_Forever/payload.txt	BadUSB-FalsePhilosopher	txt	872
BruceBAD/BadUSB-FalsePhilosopher/Ducky/USBRubberducky/prank/Win/RickRoll/Rickroll+BSOD/payload.txt	BadUSB-FalsePhilosopher	txt	501
BruceBAD/BadUSB-FalsePhilosopher/Ducky/USBRubberducky/prank/Win/RickRoll/RickRoll_ASCII/payload.txt	BadUSB-FalsePhilosopher	txt	7475
BruceBAD/BadUSB-FalsePhilosopher/Ducky/USBRubberducky/prank/Win/RickRoll/QuacKed_Again/payload.txt	BadUSB-FalsePhilosopher	txt	874
BruceBAD/BadUSB-FalsePhilosopher/Ducky/USBRubberducky/prank/Win/RickRoll/silent_rickroll/payload.txt	BadUSB-FalsePhilosopher	txt	2551
BruceBAD/BadUSB-FalsePhilosopher/Ducky/USBRubberducky/prank/Win/RickRoll/ADV-RickRoll/ADV-RickRoll.txt	BadUSB-FalsePhilosopher	txt	858
BruceBAD/BadUSB-FalsePhilosopher/Ducky/USBRubberducky/prank/Win/RickRoll/Terminal_RickRoll/quack.txt	BadUSB-FalsePhilosopher	txt	808
BruceBAD/BadUSB-FalsePhilosopher/Ducky/USBRubberducky/prank/Win/Automailer/payload.txt	BadUSB-FalsePhilosopher	txt	1007
BruceBAD/BadUSB-FalsePhilosopher/Ducky/USBRubberducky/prank/Win/Eyespy/quack.txt	BadUSB-FalsePhilosopher	txt	502
BruceBAD/BadUSB-FalsePhilosopher/Ducky/USBRubberducky/prank/Win/High_Contrast/quack.txt	BadUSB-FalsePhilosopher	txt	65
BruceBAD/BadUSB-FalsePhilosopher/Ducky/USBRubberducky/prank/Win/Talking_Duck/payload.txt	BadUSB-FalsePhilosopher	txt	1047
BruceBAD/BadUSB-FalsePhilosopher/Ducky/USBRubberducky/prank/Win/cApS-Troll/a.ps1	BadUSB-FalsePhilosopher	ps1	486
BruceBAD/BadUSB-FalsePhilosopher/Ducky/USBRubberducky/prank/Win/cApS-Troll/payload.txt	BadUSB-FalsePhilosopher	txt	576
BruceBAD/BadUSB-FalsePhilosopher/Ducky/USBRubberducky/prank/Win/AUTOinCORRECT/payload.txt	BadUSB-FalsePhilosopher	txt	763
BruceBAD/BadUSB-FalsePhilosopher/Ducky/USBRubberducky/prank/Win/Play-WAV/Play-WAV.ps1	BadUSB-FalsePhilosopher	ps1	5791
BruceBAD/BadUSB-FalsePhilosopher/Ducky/USBRubberducky/prank/Win/Play-WAV/payload.txt	BadUSB-FalsePhilosopher	txt	547
BruceBAD/BadUSB-FalsePhilosopher/Ducky/USBRubberducky/prank/Win/Rage-PopUps/Rage-PopUps.ps1	BadUSB-FalsePhilosopher	ps1	4658
BruceBAD/BadUSB-FalsePhilosopher/Ducky/USBRubberducky/prank/Win/Rage-PopUps/payload.txt	BadUSB-FalsePhilosopher	txt	577
BruceBAD/BadUSB-FalsePhilosopher/Ducky/USBRubberducky/prank/Win/The_Matrix-Wake_Up/payload.txt	BadUSB-FalsePhilosopher	txt	1680
BruceBAD/BadUSB-FalsePhilosopher/Ducky/USBRubberducky/prank/Win/Win_matrix_rain/Make_it_rain.txt	BadUSB-FalsePhilosopher	txt	1285
BruceBAD/BadUSB-FalsePhilosopher/Ducky/USBRubberducky/prank/Win/Terminal_Parrot/cacaw.txt	BadUSB-FalsePhilosopher	txt	836
BruceBAD/BadUSB-FalsePhilosopher/Ducky/USBRubberducky/prank/Win/Desktop_Goose/dgc.ps1	BadUSB-FalsePhilosopher	ps1	106
BruceBAD/BadUSB-FalsePhilosopher/Ducky/USBRubberducky/prank/Win/Desktop_Goose/Honk.txt	BadUSB-FalsePhilosopher	txt	1007
BruceBAD/BadUSB-FalsePhilosopher/Ducky/USBRubberducky/prank/Win/Anti-Browser/Fuck_your_tabs.txt	BadUSB-FalsePhilosopher	txt	338
BruceBAD/BadUSB-FalsePhilosopher/Ducky/USBRubberducky/prank/Win/Anti-Browser/Fuck_your_tabs+startup.txt	BadUSB-FalsePhilosopher	txt	374
BruceBAD/BadUSB-FalsePhilosopher/Ducky/USBRubberducky/prank/Win/Anti-Browser/Fuck_your_tabs+ALTF4+Startup.txt	BadUSB-FalsePhilosopher	txt	403
BruceBAD/BadUSB-FalsePhilosopher/Ducky/USBRubberducky/prank/Win/Anti-Browser/Fuck_your_tabs+ALTF4.txt	BadUSB-FalsePhilosopher	txt	374
BruceBAD/BadUSB-FalsePhilosopher/Ducky/USBRubberducky/prank/Win/PS-Draw/PS-Custom-Draw.ps1	BadUSB-FalsePhilosopher	ps1	11892
BruceBAD/BadUSB-FalsePhilosopher/Ducky/USBRubberducky/prank/Win/PS-Draw/PS-Draw.ps1	BadUSB-FalsePhilosopher	ps1	8945
BruceBAD/BadUSB-FalsePhilosopher/Ducky/USBRubberducky/prank/Win/PS-Draw/payload.txt	BadUSB-FalsePhilosopher	txt	641
BruceBAD/BadUSB-FalsePhilosopher/Ducky/USBRubberducky/prank/Win/No_Escape/NOEscape.txt	BadUSB-FalsePhilosopher	txt	481
BruceBAD/BadUSB-FalsePhilosopher/Ducky/USBRubberducky/prank/Win/YT-Tripwire/TW.ps1	BadUSB-FalsePhilosopher	ps1	245
BruceBAD/BadUSB-FalsePhilosopher/Ducky/USBRubberducky/prank/Win/YT-Tripwire/YouTube-TripWire.txt	BadUSB-FalsePhilosopher	txt	537
BruceBAD/BadUSB-FalsePhilosopher/Ducky/USBRubberducky/prank/Win/Ratlocker/rat3ncrypt3r.bat	BadUSB-FalsePhilosopher	bat	262
BruceBAD/BadUSB-FalsePhilosopher/Ducky/USBRubberducky/prank/Win/Ratlocker/payload.txt	BadUSB-FalsePhilosopher	txt	3129
BruceBAD/BadUSB-FalsePhilosopher/Ducky/USBRubberducky/prank/Win/Mouse_Goes_Up/quackmeaner.txt	BadUSB-FalsePhilosopher	txt	592
BruceBAD/BadUSB-FalsePhilosopher/Ducky/USBRubberducky/prank/Win/Mouse_Goes_Up/quack.txt	BadUSB-FalsePhilosopher	txt	229
BruceBAD/BadUSB-FalsePhilosopher/Ducky/USBRubberducky/prank/Win/Mouse_Goes_Up/quackmean.txt	BadUSB-FalsePhilosopher	txt	618
BruceBAD/BadUSB-FalsePhilosopher/Ducky/USBRubberducky/prank/Win/Win_power/reboot.txt	BadUSB-FalsePhilosopher	txt	84
BruceBAD/BadUSB-FalsePhilosopher/Ducky/USBRubberducky/prank/Win/Win_power/bootloop.txt	BadUSB-FalsePhilosopher	txt	595
BruceBAD/BadUSB-FalsePhilosopher/Ducky/USBRubberducky/prank/Win/Win_power/shutdown.txt	BadUSB-FalsePhilosopher	txt	89
BruceBAD/BadUSB-FalsePhilosopher/Ducky/USBRubberducky/prank/Win/AcidBurn/AcidBurn.ps1	BadUSB-FalsePhilosopher	ps1	25221
BruceBAD/BadUSB-FalsePhilosopher/Ducky/USBRubberducky/prank/Win/AcidBurn/payload.txt	BadUSB-FalsePhilosopher	txt	736
BruceBAD/BadUSB-FalsePhilosopher/Ducky/USBRubberducky/prank/Win/Starup_Sound_Troll/Wake_up_an_quack-long.txt	BadUSB-FalsePhilosopher	txt	925
BruceBAD/BadUSB-FalsePhilosopher/Ducky/USBRubberducky/prank/Win/Starup_Sound_Troll/Wake_up_an_quackOL.txt	BadUSB-FalsePhilosopher	txt	327
BruceBAD/BadUSB-FalsePhilosopher/Ducky/USBRubberducky/prank/Win/RanFunWare/r.ps1	BadUSB-FalsePhilosopher	ps1	1805
BruceBAD/BadUSB-FalsePhilosopher/Ducky/USBRubberducky/prank/Win/RanFunWare/payload.txt	BadUSB-FalsePhilosopher	txt	564
BruceBAD/BadUSB-FalsePhilosopher/Ducky/USBRubberducky/prank/Win/Musical_monitors/quackmeaner.txt	BadUSB-FalsePhilosopher	txt	489
BruceBAD/BadUSB-FalsePhilosopher/Ducky/USBRubberducky/prank/Win/Musical_monitors/quack.txt	BadUSB-FalsePhilosopher	txt	687
BruceBAD/BadUSB-FalsePhilosopher/Ducky/USBRubberducky/prank/Win/Musical_monitors/quackmean.txt	BadUSB-FalsePhilosopher	txt	459
BruceBAD/BadUSB-FalsePhilosopher/Ducky/USBRubberducky/prank/Win/Popup_Hell/puh.ps1	BadUSB-FalsePhilosopher	ps1	204
BruceBAD/BadUSB-FalsePhilosopher/Ducky/USBRubberducky/prank/Win/Popup_Hell/quack.txt	BadUSB-FalsePhilosopher	txt	523
BruceBAD/BadUSB-FalsePhilosopher/Ducky/USBRubberducky/prank/Win/Wallpaper-Troll/Wallpaper-Troll.ps1	BadUSB-FalsePhilosopher	ps1	15111
BruceBAD/BadUSB-FalsePhilosopher/Ducky/USBRubberducky/prank/Win/Wallpaper-Troll/payload.txt	BadUSB-FalsePhilosopher	txt	978
BruceBAD/BadUSB-FalsePhilosopher/Ducky/USBRubberducky/prank/Win/Broken_capslock/quack.txt	BadUSB-FalsePhilosopher	txt	245
BruceBAD/BadUSB-FalsePhilosopher/Ducky/USBRubberducky/prank/Win/Broken_capslock/quackmean.txt	BadUSB-FalsePhilosopher	txt	286
BruceBAD/BadUSB-FalsePhilosopher/Ducky/USBRubberducky/prank/Win/Win_PoSH_DesktopDuck/DesktopDuck.ps1	BadUSB-FalsePhilosopher	ps1	7885
BruceBAD/BadUSB-FalsePhilosopher/Ducky/USBRubberducky/prank/Win/Win_PoSH_DesktopDuck/payload.txt	BadUSB-FalsePhilosopher	txt	306
BruceBAD/BadUSB-FalsePhilosopher/Ducky/USBRubberducky/prank/Win/Silly_Mouse/quack.txt	BadUSB-FalsePhilosopher	txt	971
BruceBAD/BadUSB-FalsePhilosopher/Ducky/USBRubberducky/prank/Win/Silly_Mouse/quack2.txt	BadUSB-FalsePhilosopher	txt	1514
BruceBAD/BadUSB-FalsePhilosopher/Ducky/USBRubberducky/prank/Win/YouHaveBeenQuacked2.0/payload.txt	BadUSB-FalsePhilosopher	txt	1096
BruceBAD/BadUSB-FalsePhilosopher/Ducky/USBRubberducky/prank/Win/Lol_killer/payload.txt	BadUSB-FalsePhilosopher	txt	460
BruceBAD/BadUSB-FalsePhilosopher/Ducky/USBRubberducky/prank/Win/We-Found-You/FoundYou.txt	BadUSB-FalsePhilosopher	txt	708
BruceBAD/BadUSB-FalsePhilosopher/Ducky/USBRubberducky/prank/Win/We-Found-You/found-you.ps1	BadUSB-FalsePhilosopher	ps1	7634
BruceBAD/BadUSB-FalsePhilosopher/Ducky/USBRubberducky/prank/Win/Fake_Update/browser/Win7.txt	BadUSB-FalsePhilosopher	txt	148
BruceBAD/BadUSB-FalsePhilosopher/Ducky/USBRubberducky/prank/Win/Fake_Update/browser/Win10.txt	BadUSB-FalsePhilosopher	txt	154
BruceBAD/BadUSB-FalsePhilosopher/Ducky/USBRubberducky/prank/Win/Fake_Update/exe/Fake Update.txt	BadUSB-FalsePhilosopher	txt	1117
BruceBAD/BadUSB-FalsePhilosopher/Ducky/USBRubberducky/prank/Win/JumpScare/JumpScare.ps1	BadUSB-FalsePhilosopher	ps1	9032
BruceBAD/BadUSB-FalsePhilosopher/Ducky/USBRubberducky/prank/Win/JumpScare/payload.txt	BadUSB-FalsePhilosopher	txt	1047
BruceBAD/BadUSB-FalsePhilosopher/Ducky/USBRubberducky/prank/Win/A_Cagey_Takeover/payload.txt	BadUSB-FalsePhilosopher	txt	1787
BruceBAD/BadUSB-FalsePhilosopher/Ducky/USBRubberducky/prank/Win/SoundChangeDuck/payload.txt	BadUSB-FalsePhilosopher	txt	586
BruceBAD/BadUSB-FalsePhilosopher/Ducky/USBRubberducky/incident_response/Win/ET-Phone-Home/ET-Phone-Home.ps1	BadUSB-FalsePhilosopher	ps1	7536
BruceBAD/BadUSB-FalsePhilosopher/Ducky/USBRubberducky/incident_response/Win/ET-Phone-Home/payload.txt	BadUSB-FalsePhilosopher	txt	853
BruceBAD/BadUSB-FalsePhilosopher/Ducky/USBRubberducky/incident_response/Win/GoodUSB/payload.txt	BadUSB-FalsePhilosopher	txt	1698
BruceBAD/BadUSB-FalsePhilosopher/Ducky/USBRubberducky/mobile/Android/Android_HID_Forward-Email/Payload_Gmail.txt	BadUSB-FalsePhilosopher	txt	492
BruceBAD/BadUSB-FalsePhilosopher/Ducky/USBRubberducky/mobile/Android/Android_HID_Forward-Email/Payload_Samsung.txt	BadUSB-FalsePhilosopher	txt	417
BruceBAD/BadUSB-FalsePhilosopher/Ducky/USBRubberducky/execution/Unix-like/Linux/FileRipper/payload.txt	BadUSB-FalsePhilosopher	txt	2036
BruceBAD/BadUSB-FalsePhilosopher/Ducky/USBRubberducky/execution/Unix-like/Linux/CVE-2021-3493/exploit.c	BadUSB-FalsePhilosopher	c	3560
BruceBAD/BadUSB-FalsePhilosopher/Ducky/USBRubberducky/execution/Unix-like/Linux/DawnKit/payloadonline.txt	BadUSB-FalsePhilosopher	txt	542
BruceBAD/BadUSB-FalsePhilosopher/Ducky/USBRubberducky/execution/Unix-like/Linux/DawnKit/payload.txt	BadUSB-FalsePhilosopher	txt	2168
BruceBAD/BadUSB-FalsePhilosopher/Ducky/USBRubberducky/execution/Win/ForceAdmin/Scripts/build.bat	BadUSB-FalsePhilosopher	bat	125
BruceBAD/BadUSB-FalsePhilosopher/Ducky/USBRubberducky/execution/Win/ForceAdmin/Scripts/make.bat	BadUSB-FalsePhilosopher	bat	50
BruceBAD/BadUSB-FalsePhilosopher/Ducky/USBRubberducky/execution/Win/ForceAdmin/src/embeddedpayload.ps1	BadUSB-FalsePhilosopher	ps1	116
BruceBAD/BadUSB-FalsePhilosopher/Ducky/USBRubberducky/execution/Win/Defeat_Defender/Defeat_Defender.txt	BadUSB-FalsePhilosopher	txt	942
BruceBAD/BadUSB-FalsePhilosopher/Ducky/USBRubberducky/execution/Win/Admin_Who_Never_Sleeps/payload.txt	BadUSB-FalsePhilosopher	txt	1577
BruceBAD/BadUSB-FalsePhilosopher/Ducky/USBRubberducky/execution/Win/SafeHaven/SafeHaven.txt	BadUSB-FalsePhilosopher	txt	1266
BruceBAD/BadUSB-FalsePhilosopher/Ducky/USBRubberducky/execution/Win/UrAttaControl/UrAttaControl-Execute.txt	BadUSB-FalsePhilosopher	txt	1481
BruceBAD/BadUSB-FalsePhilosopher/Ducky/USBRubberducky/execution/Win/AnyExec/quack.txt	BadUSB-FalsePhilosopher	txt	21
BruceBAD/BadUSB-FalsePhilosopher/Ducky/USBRubberducky/execution/Win/AnyExec/vbs/test.vbs	BadUSB-FalsePhilosopher	vbs	62
BruceBAD/BadUSB-FalsePhilosopher/Ducky/USBRubberducky/execution/Win/AnyExec/bat/e.bat	BadUSB-FalsePhilosopher	bat	4
BruceBAD/BadUSB-FalsePhilosopher/Ducky/USBRubberducky/execution/Win/AnyExec/ps1/test.ps1	BadUSB-FalsePhilosopher	ps1	4
BruceBAD/BadUSB-FalsePhilosopher/Ducky/USBRubberducky/execution/Win/Disable_Windows_Defender/Disable_Windows10_Defender.txt	BadUSB-FalsePhilosopher	txt	747
BruceBAD/BadUSB-FalsePhilosopher/Ducky/USBRubberducky/execution/Win/Login_CMD/quack.txt	BadUSB-FalsePhilosopher	txt	289
BruceBAD/BadUSB-FalsePhilosopher/Ducky/USBRubberducky/execution/Win/Kiosk-evasion/kiosk-evasion-payload.txt	BadUSB-FalsePhilosopher	txt	5211
BruceBAD/BadUSB-FalsePhilosopher/Ducky/USBRubberducky/execution/Win/DuckyHelper/DuckyHelper.txt	BadUSB-FalsePhilosopher	txt	1619
BruceBAD/BadUSB-FalsePhilosopher/Ducky/USBRubberducky/execution/Win/Elevate_CMD/quack.txt	BadUSB-FalsePhilosopher	txt	69
BruceBAD/BadUSB-FalsePhilosopher/Ducky/USBRubberducky/execution/Win/Elevate_CMD/info.txt	BadUSB-FalsePhilosopher	txt	2039
BruceBAD/BadUSB-FalsePhilosopher/Ducky/USBRubberducky/execution/Win/Add_Local_Admin/payload.txt	BadUSB-FalsePhilosopher	txt	1374
BruceBAD/BadUSB-FalsePhilosopher/Ducky/USBRubberducky/execution/Win/AdminAccountCreator/BadUSB_adminAccountCreator.txt	BadUSB-FalsePhilosopher	txt	1279
BruceBAD/BadUSB-FalsePhilosopher/Ducky/USBRubberducky/execution/Win/Disable-Windows-Defender-Permanently/Disable-Windows-Defender-Permanently.txt	BadUSB-FalsePhilosopher	txt	1533
BruceBAD/BadUSB-FalsePhilosopher/Ducky/USBRubberducky/execution/Win/UACBypass/DLL Template/prxdll.c	BadUSB-FalsePhilosopher	c	2830
BruceBAD/BadUSB-FalsePhilosopher/Ducky/USBRubberducky/execution/Win/UACBypass/DLL Template/pch.c	BadUSB-FalsePhilosopher	c	96
BruceBAD/BadUSB-FalsePhilosopher/Ducky/USBRubberducky/execution/Win/UACBypass/DLL Template/dllmain.c	BadUSB-FalsePhilosopher	c	594
BruceBAD/BadUSB-FalsePhilosopher/Ducky/USBRubberducky/execution/Win/Add_admin_Win/ADD_ADMIN.txt	BadUSB-FalsePhilosopher	txt	951
BruceBAD/BadUSB-FalsePhilosopher/Ducky/USBRubberducky/execution/Win/AMS-BP/AMSBP.ps1	BadUSB-FalsePhilosopher	ps1	13080
BruceBAD/BadUSB-FalsePhilosopher/Ducky/USBRubberducky/exfiltration/Unix-like/OSX/iMessage-Data-Grabber/payload.txt	BadUSB-FalsePhilosopher	txt	802
BruceBAD/BadUSB-FalsePhilosopher/Ducky/USBRubberducky/exfiltration/Unix-like/OSX/Public-IP-Grabber/payload.txt	BadUSB-FalsePhilosopher	txt	539
BruceBAD/BadUSB-FalsePhilosopher/Ducky/USBRubberducky/exfiltration/Unix-like/OSX/Mail-Grabber/payload.txt	BadUSB-FalsePhilosopher	txt	798
BruceBAD/BadUSB-FalsePhilosopher/Ducky/USBRubberducky/exfiltration/Unix-like/OSX/rickroll_terminal_payload/payload.txt	BadUSB-FalsePhilosopher	txt	657
BruceBAD/BadUSB-FalsePhilosopher/Ducky/USBRubberducky/exfiltration/Unix-like/OSX/History-Grabber/payload.txt	BadUSB-FalsePhilosopher	txt	497
BruceBAD/BadUSB-FalsePhilosopher/Ducky/USBRubberducky/exfiltration/Win/Screenshot_exfil/payload.txt	BadUSB-FalsePhilosopher	txt	1976
BruceBAD/BadUSB-FalsePhilosopher/Ducky/USBRubberducky/exfiltration/Win/Copy-And-Waste/c.ps1	BadUSB-FalsePhilosopher	ps1	932
BruceBAD/BadUSB-FalsePhilosopher/Ducky/USBRubberducky/exfiltration/Win/Copy-And-Waste/I.bat	BadUSB-FalsePhilosopher	bat	133
BruceBAD/BadUSB-FalsePhilosopher/Ducky/USBRubberducky/exfiltration/Win/Copy-And-Waste/payload.txt	BadUSB-FalsePhilosopher	txt	793
BruceBAD/BadUSB-FalsePhilosopher/Ducky/USBRubberducky/exfiltration/Win/Powershell-History/payload.txt	BadUSB-FalsePhilosopher	txt	600
BruceBAD/BadUSB-FalsePhilosopher/Ducky/USBRubberducky/exfiltration/Win/Powershell-History/PH.ps1	BadUSB-FalsePhilosopher	ps1	1756
BruceBAD/BadUSB-FalsePhilosopher/Ducky/USBRubberducky/exfiltration/Win/Screen-Shock/c.ps1	BadUSB-FalsePhilosopher	ps1	1784
BruceBAD/BadUSB-FalsePhilosopher/Ducky/USBRubberducky/exfiltration/Win/Screen-Shock/I.bat	BadUSB-FalsePhilosopher	bat	133
BruceBAD/BadUSB-FalsePhilosopher/Ducky/USBRubberducky/exfiltration/Win/Screen-Shock/payload.txt	BadUSB-FalsePhilosopher	txt	823
BruceBAD/BadUSB-FalsePhilosopher/Ducky/USBRubberducky/exfiltration/Win/WifiPassGrabberPOST/payload.txt	BadUSB-FalsePhilosopher	txt	817
BruceBAD/BadUSB-FalsePhilosopher/Ducky/USBRubberducky/exfiltration/Win/Pwn-Drive/c.ps1	BadUSB-FalsePhilosopher	ps1	607
BruceBAD/BadUSB-FalsePhilosopher/Ducky/USBRubberducky/exfiltration/Win/Pwn-Drive/payload.txt	BadUSB-FalsePhilosopher	txt	577
BruceBAD/BadUSB-FalsePhilosopher/Ducky/USBRubberducky/exfiltration/Win/Gather_Network_Info/payload.txt	BadUSB-FalsePhilosopher	txt	787
BruceBAD/BadUSB-FalsePhilosopher/Ducky/USBRubberducky/exfiltration/Win/WIFIPASS-to-Dropbox/payload.txt	BadUSB-FalsePhilosopher	txt	1689
BruceBAD/BadUSB-FalsePhilosopher/Ducky/USBRubberducky/exfiltration/Win/Printer-Recon/PR.ps1	BadUSB-FalsePhilosopher	ps1	1393
BruceBAD/BadUSB-FalsePhilosopher/Ducky/USBRubberducky/exfiltration/Win/Printer-Recon/payload.txt	BadUSB-FalsePhilosopher	txt	677
BruceBAD/BadUSB-FalsePhilosopher/Ducky/USBRubberducky/exfiltration/Win/Priv-Paths/payload.txt	BadUSB-FalsePhilosopher	txt	801
BruceBAD/BadUSB-FalsePhilosopher/Ducky/USBRubberducky/exfiltration/Win/Nivistealer/duck.txt	BadUSB-FalsePhilosopher	txt	96
BruceBAD/BadUSB-FalsePhilosopher/Ducky/USBRubberducky/exfiltration/Win/Nivistealer/python_flask/nivistealer.py	BadUSB-FalsePhilosopher	py	2014
BruceBAD/BadUSB-FalsePhilosopher/Ducky/USBRubberducky/exfiltration/Win/RDwindowspasswordgrabber/duckyscript.txt	BadUSB-FalsePhilosopher	txt	2917
BruceBAD/BadUSB-FalsePhilosopher/Ducky/USBRubberducky/exfiltration/Win/Spotify-Spy/payload.txt	BadUSB-FalsePhilosopher	txt	644
BruceBAD/BadUSB-FalsePhilosopher/Ducky/USBRubberducky/exfiltration/Win/Spotify-Spy/SS.ps1	BadUSB-FalsePhilosopher	ps1	1399
BruceBAD/BadUSB-FalsePhilosopher/Ducky/USBRubberducky/exfiltration/Win/Snaffler/snaffler.txt	BadUSB-FalsePhilosopher	txt	201
BruceBAD/BadUSB-FalsePhilosopher/Ducky/USBRubberducky/exfiltration/Win/Bookmark-Hog/BH.ps1	BadUSB-FalsePhilosopher	ps1	2415
BruceBAD/BadUSB-FalsePhilosopher/Ducky/USBRubberducky/exfiltration/Win/Bookmark-Hog/payload.txt	BadUSB-FalsePhilosopher	txt	548
BruceBAD/BadUSB-FalsePhilosopher/Ducky/USBRubberducky/exfiltration/Win/Chrome-exfil/payload.txt	BadUSB-FalsePhilosopher	txt	2069
BruceBAD/BadUSB-FalsePhilosopher/Ducky/USBRubberducky/exfiltration/Win/Chrome-exfil/Rubber-Ducky/duckyscript.txt	BadUSB-FalsePhilosopher	txt	1128
BruceBAD/BadUSB-FalsePhilosopher/Ducky/USBRubberducky/exfiltration/Win/Chrome-exfil/Rubber-Ducky/email.ps1	BadUSB-FalsePhilosopher	ps1	748
BruceBAD/BadUSB-FalsePhilosopher/Ducky/USBRubberducky/exfiltration/Win/DUCKY-WIFI_GRABER/payload.txt	BadUSB-FalsePhilosopher	txt	2210
BruceBAD/BadUSB-FalsePhilosopher/Ducky/USBRubberducky/exfiltration/Win/Browser-Passwords-Dropbox-Exfiltration/payload.txt	BadUSB-FalsePhilosopher	txt	1950
BruceBAD/BadUSB-FalsePhilosopher/Ducky/USBRubberducky/exfiltration/Win/Browser-Passwords-Dropbox-Exfiltration/Version 01/Browser-Passwords-Dropbox-Exfiltration.ps1	BadUSB-FalsePhilosopher	ps1	4438
BruceBAD/BadUSB-FalsePhilosopher/Ducky/USBRubberducky/exfiltration/Win/Browser-Passwords-Dropbox-Exfiltration/Version 01/payload.txt	BadUSB-FalsePhilosopher	txt	2038
BruceBAD/BadUSB-FalsePhilosopher/Ducky/USBRubberducky/exfiltration/Win/Proton-Hog/s.ps1	BadUSB-FalsePhilosopher	ps1	1450
BruceBAD/BadUSB-FalsePhilosopher/Ducky/USBRubberducky/exfiltration/Win/Proton-Hog/payload.txt	BadUSB-FalsePhilosopher	txt	622
BruceBAD/BadUSB-FalsePhilosopher/Ducky/USBRubberducky/exfiltration/Win/Dropbox-Bandit/payload_duckyscript_old.txt	BadUSB-FalsePhilosopher	txt	1055
BruceBAD/BadUSB-FalsePhilosopher/Ducky/USBRubberducky/exfiltration/Win/Dropbox-Bandit/payload.txt	BadUSB-FalsePhilosopher	txt	1432
BruceBAD/BadUSB-FalsePhilosopher/Ducky/USBRubberducky/exfiltration/Win/Dropbox-Bandit/ex-readable-src.ps1	BadUSB-FalsePhilosopher	ps1	2776
BruceBAD/BadUSB-FalsePhilosopher/Ducky/USBRubberducky/exfiltration/Win/Dropbox-Bandit/ex.ps1	BadUSB-FalsePhilosopher	ps1	1970
BruceBAD/BadUSB-FalsePhilosopher/Ducky/USBRubberducky/exfiltration/Win/Ducky_Crab/payload.txt	BadUSB-FalsePhilosopher	txt	3949
BruceBAD/BadUSB-FalsePhilosopher/Ducky/USBRubberducky/exfiltration/Win/Discord_Windows_Wifi_IP-Info/payload.txt	BadUSB-FalsePhilosopher	txt	1676
BruceBAD/BadUSB-FalsePhilosopher/Ducky/USBRubberducky/exfiltration/Win/PassStealer/passStealer.txt	BadUSB-FalsePhilosopher	txt	955
BruceBAD/BadUSB-FalsePhilosopher/Ducky/USBRubberducky/exfiltration/Win/SMB_share/open_smb_share_to_steal_creds.txt	BadUSB-FalsePhilosopher	txt	430
BruceBAD/BadUSB-FalsePhilosopher/Ducky/USBRubberducky/exfiltration/Win/Poor_Mans_Nmap/Poor_Mans_Nmap.txt	BadUSB-FalsePhilosopher	txt	5393
BruceBAD/BadUSB-FalsePhilosopher/Ducky/USBRubberducky/phishing/Win/DNSpoisoning.txt	BadUSB-FalsePhilosopher	txt	221
BruceBAD/BadUSB-FalsePhilosopher/Ducky/USBRubberducky/phishing/Win/Go_phish.txt	BadUSB-FalsePhilosopher	txt	1296
BruceBAD/BadUSB-FalsePhilosopher/Ducky/USBRubberducky/phishing/Win/Duckyphish/duckyphish.txt	BadUSB-FalsePhilosopher	txt	565
BruceBAD/BadUSB-FalsePhilosopher/Ducky/USBRubberducky/phishing/Win/Duckyphish/duckyphish.ps1	BadUSB-FalsePhilosopher	ps1	408
BruceBAD/BadUSB-FalsePhilosopher/Ducky/USBRubberducky/remote_access/Unix-like/OSX/Netcatbackdoor3.txt	BadUSB-FalsePhilosopher	txt	693
BruceBAD/BadUSB-FalsePhilosopher/Ducky/USBRubberducky/remote_access/Unix-like/OSX/PasslessSSH.txt	BadUSB-FalsePhilosopher	txt	494
BruceBAD/BadUSB-FalsePhilosopher/Ducky/USBRubberducky/remote_access/Unix-like/OSX/Root_backdoor.txt	BadUSB-FalsePhilosopher	txt	1467
BruceBAD/BadUSB-FalsePhilosopher/Ducky/USBRubberducky/remote_access/Unix-like/OSX/Basic_shell.txt	BadUSB-FalsePhilosopher	txt	168
BruceBAD/BadUSB-FalsePhilosopher/Ducky/USBRubberducky/remote_access/Unix-like/OSX/Basic_script.txt	BadUSB-FalsePhilosopher	txt	336
BruceBAD/BadUSB-FalsePhilosopher/Ducky/USBRubberducky/remote_access/Unix-like/OSX/OSRipper/requirements.txt	BadUSB-FalsePhilosopher	txt	56
BruceBAD/BadUSB-FalsePhilosopher/Ducky/USBRubberducky/remote_access/Unix-like/OSX/OSRipper/obfuscator.py	BadUSB-FalsePhilosopher	py	2103
BruceBAD/BadUSB-FalsePhilosopher/Ducky/USBRubberducky/remote_access/Unix-like/OSX/OSRipper/main.py	BadUSB-FalsePhilosopher	py	35810
BruceBAD/BadUSB-FalsePhilosopher/Ducky/USBRubberducky/remote_access/Unix-like/OSX/Bella_Ducky/bella-ducky.txt	BadUSB-FalsePhilosopher	txt	854
BruceBAD/BadUSB-FalsePhilosopher/Ducky/USBRubberducky/remote_access/Unix-like/OSX/Python-backdoor/1/quack.txt	BadUSB-FalsePhilosopher	txt	14
BruceBAD/BadUSB-FalsePhilosopher/Ducky/USBRubberducky/remote_access/Unix-like/OSX/Python-backdoor/1/requirements.txt	BadUSB-FalsePhilosopher	txt	189
BruceBAD/BadUSB-FalsePhilosopher/Ducky/USBRubberducky/remote_access/Unix-like/Linux/PersistentReverseDucky/payload.txt	BadUSB-FalsePhilosopher	txt	1846
BruceBAD/BadUSB-FalsePhilosopher/Ducky/USBRubberducky/remote_access/Unix-like/Linux/Deadshot/Deadshotserver.py	BadUSB-FalsePhilosopher	py	781
BruceBAD/BadUSB-FalsePhilosopher/Ducky/USBRubberducky/remote_access/Unix-like/Linux/Deadshot/quack.txt	BadUSB-FalsePhilosopher	txt	24
BruceBAD/BadUSB-FalsePhilosopher/Ducky/USBRubberducky/remote_access/Unix-like/Linux/Deadshot/Deadshot.py	BadUSB-FalsePhilosopher	py	6439
BruceBAD/BadUSB-FalsePhilosopher/Ducky/USBRubberducky/remote_access/Unix-like/Linux/Lucifer/quack.txt	BadUSB-FalsePhilosopher	txt	20
BruceBAD/BadUSB-FalsePhilosopher/Ducky/USBRubberducky/remote_access/Unix-like/Linux/Gnomed/gnomed.txt	BadUSB-FalsePhilosopher	txt	410
BruceBAD/BadUSB-FalsePhilosopher/Ducky/USBRubberducky/remote_access/Unix-like/Linux/Python-backdoor/1/quack.txt	BadUSB-FalsePhilosopher	txt	14
BruceBAD/BadUSB-FalsePhilosopher/Ducky/USBRubberducky/remote_access/Unix-like/Linux/Python-backdoor/1/requirements.txt	BadUSB-FalsePhilosopher	txt	189
BruceBAD/BadUSB-FalsePhilosopher/Ducky/USBRubberducky/remote_access/Unix-like/Linux/DuckNet/install.sh	BadUSB-FalsePhilosopher	sh	173
BruceBAD/BadUSB-FalsePhilosopher/Ducky/USBRubberducky/remote_access/Unix-like/Linux/Genesis/Update.py	BadUSB-FalsePhilosopher	py	314
BruceBAD/BadUSB-FalsePhilosopher/Ducky/USBRubberducky/remote_access/Unix-like/Linux/Genesis/install.sh	BadUSB-FalsePhilosopher	sh	255
BruceBAD/BadUSB-FalsePhilosopher/Ducky/USBRubberducky/remote_access/Unix-like/Linux/Genesis/Main.py	BadUSB-FalsePhilosopher	py	3128
BruceBAD/BadUSB-FalsePhilosopher/Ducky/USBRubberducky/remote_access/Unix-like/Linux/Genesis/Plugins/weevely.py	BadUSB-FalsePhilosopher	py	894
BruceBAD/BadUSB-FalsePhilosopher/Ducky/USBRubberducky/remote_access/Unix-like/Linux/Genesis/Plugins/enum.py	BadUSB-FalsePhilosopher	py	964
BruceBAD/BadUSB-FalsePhilosopher/Ducky/USBRubberducky/remote_access/Unix-like/Linux/Genesis/Plugins/bunnysploit.py	BadUSB-FalsePhilosopher	py	1518
BruceBAD/BadUSB-FalsePhilosopher/Ducky/USBRubberducky/remote_access/Unix-like/Linux/Genesis/Plugins/tresspass.py	BadUSB-FalsePhilosopher	py	5644
BruceBAD/BadUSB-FalsePhilosopher/Ducky/USBRubberducky/remote_access/Unix-like/Android/AndroRAT/quack.txt	BadUSB-FalsePhilosopher	txt	41
BruceBAD/BadUSB-FalsePhilosopher/Ducky/USBRubberducky/remote_access/Win/Win10lockpick.txt	BadUSB-FalsePhilosopher	txt	650
BruceBAD/BadUSB-FalsePhilosopher/Ducky/USBRubberducky/remote_access/Win/LESiO's Ducky - French Reverse Shell.txt	BadUSB-FalsePhilosopher	txt	2874
BruceBAD/BadUSB-FalsePhilosopher/Ducky/USBRubberducky/remote_access/Win/WINSHELL.txt	BadUSB-FalsePhilosopher	txt	1262
BruceBAD/BadUSB-FalsePhilosopher/Ducky/USBRubberducky/remote_access/Win/test.txt	BadUSB-FalsePhilosopher	txt	489
BruceBAD/BadUSB-FalsePhilosopher/Ducky/USBRubberducky/remote_access/Win/lockpick.txt	BadUSB-FalsePhilosopher	txt	364
BruceBAD/BadUSB-FalsePhilosopher/Ducky/USBRubberducky/remote_access/Win/Deadshot/Deadshotserver.py	BadUSB-FalsePhilosopher	py	781
BruceBAD/BadUSB-FalsePhilosopher/Ducky/USBRubberducky/remote_access/Win/Deadshot/quack.txt	BadUSB-FalsePhilosopher	txt	24
BruceBAD/BadUSB-FalsePhilosopher/Ducky/USBRubberducky/remote_access/Win/Deadshot/Deadshot.py	BadUSB-FalsePhilosopher	py	6439
BruceBAD/BadUSB-FalsePhilosopher/Ducky/USBRubberducky/remote_access/Win/Lucifer/quack.txt	BadUSB-FalsePhilosopher	txt	20
BruceBAD/BadUSB-FalsePhilosopher/Ducky/USBRubberducky/remote_access/Win/RegDoor/payload.txt	BadUSB-FalsePhilosopher	txt	262
BruceBAD/BadUSB-FalsePhilosopher/Ducky/USBRubberducky/remote_access/Win/NSHELL/Payload.txt	BadUSB-FalsePhilosopher	txt	1024
BruceBAD/BadUSB-FalsePhilosopher/Ducky/USBRubberducky/remote_access/Win/Win_winrm-backdoor/payload.txt	BadUSB-FalsePhilosopher	txt	2022
BruceBAD/BadUSB-FalsePhilosopher/Ducky/USBRubberducky/remote_access/Win/BadUSB_reverseShellInjector/script.ps1	BadUSB-FalsePhilosopher	ps1	984
BruceBAD/BadUSB-FalsePhilosopher/Ducky/USBRubberducky/remote_access/Win/BadUSB_reverseShellInjector/BadUSB_reverseShellInjector.txt	BadUSB-FalsePhilosopher	txt	955
BruceBAD/BadUSB-FalsePhilosopher/Ducky/USBRubberducky/remote_access/Win/BadUSB_reverseShellInjector/reverseShell.ps1	BadUSB-FalsePhilosopher	ps1	182
BruceBAD/BadUSB-FalsePhilosopher/Ducky/USBRubberducky/remote_access/Win/Quick-Reverse-Powershell-Rubber-Ducky/rs.ps1	BadUSB-FalsePhilosopher	ps1	507
BruceBAD/BadUSB-FalsePhilosopher/Ducky/USBRubberducky/remote_access/Win/Quick-Reverse-Powershell-Rubber-Ducky/duckycode.txt	BadUSB-FalsePhilosopher	txt	937
BruceBAD/BadUSB-FalsePhilosopher/Ducky/USBRubberducky/remote_access/Win/Python-backdoor/1/requirements.txt	BadUSB-FalsePhilosopher	txt	189
BruceBAD/BadUSB-FalsePhilosopher/Ducky/USBRubberducky/remote_access/Win/Python-backdoor/1/src/encryption.py	BadUSB-FalsePhilosopher	py	388
BruceBAD/BadUSB-FalsePhilosopher/Ducky/USBRubberducky/remote_access/Win/Python-backdoor/1/src/main_server.py	BadUSB-FalsePhilosopher	py	831
BruceBAD/BadUSB-FalsePhilosopher/Ducky/USBRubberducky/remote_access/Win/Python-backdoor/1/src/__init__.py	BadUSB-FalsePhilosopher	py	0
BruceBAD/BadUSB-FalsePhilosopher/Ducky/USBRubberducky/remote_access/Win/Python-backdoor/1/src/main_client.py	BadUSB-FalsePhilosopher	py	2153
BruceBAD/BadUSB-FalsePhilosopher/Ducky/USBRubberducky/remote_access/Win/Python-backdoor/1/src/logger.py	BadUSB-FalsePhilosopher	py	1227
BruceBAD/BadUSB-FalsePhilosopher/Ducky/USBRubberducky/remote_access/Win/Python-backdoor/1/src/setup.py	BadUSB-FalsePhilosopher	py	7719
BruceBAD/BadUSB-FalsePhilosopher/Ducky/USBRubberducky/remote_access/Win/Python-backdoor/1/src/encrypted_socket.py	BadUSB-FalsePhilosopher	py	2532
BruceBAD/BadUSB-FalsePhilosopher/Ducky/USBRubberducky/remote_access/Win/Python-backdoor/1/src/helper.py	BadUSB-FalsePhilosopher	py	835
BruceBAD/BadUSB-FalsePhilosopher/Ducky/USBRubberducky/remote_access/Win/Python-backdoor/1/src/args.py	BadUSB-FalsePhilosopher	py	574
BruceBAD/BadUSB-FalsePhilosopher/Ducky/USBRubberducky/remote_access/Win/Python-backdoor/1/src/errors.py	BadUSB-FalsePhilosopher	py	366
BruceBAD/BadUSB-FalsePhilosopher/Ducky/USBRubberducky/remote_access/Win/Python-backdoor/1/src/submodule/wesng/requirements.txt	BadUSB-FalsePhilosopher	txt	37
BruceBAD/BadUSB-FalsePhilosopher/Ducky/USBRubberducky/remote_access/Win/Python-backdoor/1/src/submodule/wesng/wes.py	BadUSB-FalsePhilosopher	py	34430
BruceBAD/BadUSB-FalsePhilosopher/Ducky/USBRubberducky/remote_access/Win/Python-backdoor/1/src/server/server.py	BadUSB-FalsePhilosopher	py	8116
BruceBAD/BadUSB-FalsePhilosopher/Ducky/USBRubberducky/remote_access/Win/Python-backdoor/1/src/server/control.py	BadUSB-FalsePhilosopher	py	12897
BruceBAD/BadUSB-FalsePhilosopher/Ducky/USBRubberducky/remote_access/Win/Python-backdoor/1/src/server/__init__.py	BadUSB-FalsePhilosopher	py	1
BruceBAD/BadUSB-FalsePhilosopher/Ducky/USBRubberducky/remote_access/Win/Python-backdoor/1/src/server/view.py	BadUSB-FalsePhilosopher	py	8010
BruceBAD/BadUSB-FalsePhilosopher/Ducky/USBRubberducky/remote_access/Win/Python-backdoor/1/src/definitions/platforms.py	BadUSB-FalsePhilosopher	py	371
BruceBAD/BadUSB-FalsePhilosopher/Ducky/USBRubberducky/remote_access/Win/Python-backdoor/1/src/definitions/__init__.py	BadUSB-FalsePhilosopher	py	0
BruceBAD/BadUSB-FalsePhilosopher/Ducky/USBRubberducky/remote_access/Win/Python-backdoor/1/src/definitions/commands.py	BadUSB-FalsePhilosopher	py	5217
BruceBAD/BadUSB-FalsePhilosopher/Ducky/USBRubberducky/remote_access/Win/Python-backdoor/1/src/client/command_handler.py	BadUSB-FalsePhilosopher	py	2203
BruceBAD/BadUSB-FalsePhilosopher/Ducky/USBRubberducky/remote_access/Win/Python-backdoor/1/src/client/client.py	BadUSB-FalsePhilosopher	py	1643
BruceBAD/BadUSB-FalsePhilosopher/Ducky/USBRubberducky/remote_access/Win/Python-backdoor/1/src/client/__init__.py	BadUSB-FalsePhilosopher	py	0
BruceBAD/BadUSB-FalsePhilosopher/Ducky/USBRubberducky/remote_access/Win/Python-backdoor/1/src/client/keylogger.py	BadUSB-FalsePhilosopher	py	1547
BruceBAD/BadUSB-FalsePhilosopher/Ducky/USBRubberducky/remote_access/Win/Python-backdoor/1/src/client/persistence/persistence.py	BadUSB-FalsePhilosopher	py	454
BruceBAD/BadUSB-FalsePhilosopher/Ducky/USBRubberducky/remote_access/Win/Python-backdoor/1/src/client/persistence/unix.py	BadUSB-FalsePhilosopher	py	543
BruceBAD/BadUSB-FalsePhilosopher/Ducky/USBRubberducky/remote_access/Win/Python-backdoor/1/src/client/persistence/__init__.py	BadUSB-FalsePhilosopher	py	0
BruceBAD/BadUSB-FalsePhilosopher/Ducky/USBRubberducky/remote_access/Win/Python-backdoor/1/src/client/persistence/windows.py	BadUSB-FalsePhilosopher	py	3165
BruceBAD/BadUSB-FalsePhilosopher/Ducky/USBRubberducky/remote_access/Win/Python-backdoor/1/src/client/control/unix.py	BadUSB-FalsePhilosopher	py	419
BruceBAD/BadUSB-FalsePhilosopher/Ducky/USBRubberducky/remote_access/Win/Python-backdoor/1/src/client/control/control.py	BadUSB-FalsePhilosopher	py	15679
BruceBAD/BadUSB-FalsePhilosopher/Ducky/USBRubberducky/remote_access/Win/Python-backdoor/1/src/client/control/__init__.py	BadUSB-FalsePhilosopher	py	0
BruceBAD/BadUSB-FalsePhilosopher/Ducky/USBRubberducky/remote_access/Win/Python-backdoor/1/src/client/control/windows.py	BadUSB-FalsePhilosopher	py	4955
BruceBAD/BadUSB-FalsePhilosopher/Ducky/USBRubberducky/remote_access/Win/Python-backdoor/2/attacker.py	BadUSB-FalsePhilosopher	py	1063
BruceBAD/BadUSB-FalsePhilosopher/Ducky/USBRubberducky/remote_access/Win/Python-backdoor/2/victim.py	BadUSB-FalsePhilosopher	py	1751
BruceBAD/BadUSB-FalsePhilosopher/Ducky/USBRubberducky/remote_access/Win/Netcat-Reverseshell-On-Log-In/payload.txt	BadUSB-FalsePhilosopher	txt	1307
BruceBAD/BadUSB-FalsePhilosopher/Ducky/USBRubberducky/remote_access/Win/Mimikatz/mimikatz.txt	BadUSB-FalsePhilosopher	txt	680
BruceBAD/BadUSB-FalsePhilosopher/Ducky/USBRubberducky/remote_access/Win/Mimikatz/V3.txt	BadUSB-FalsePhilosopher	txt	1804
BruceBAD/BadUSB-FalsePhilosopher/Ducky/USBRubberducky/remote_access/Win/Mimikatz/mimikatzV2.txt	BadUSB-FalsePhilosopher	txt	1201
BruceBAD/BadUSB-FalsePhilosopher/Ducky/USBRubberducky/remote_access/Win/ReverseDucky/ReverseDucky.txt	BadUSB-FalsePhilosopher	txt	917
BruceBAD/BadUSB-FalsePhilosopher/Ducky/USBRubberducky/remote_access/Win/ReverseDucky/ReverseDuckyII.txt	BadUSB-FalsePhilosopher	txt	801
BruceBAD/BadUSB-FalsePhilosopher/Ducky/USBRubberducky/remote_access/Win/ReverseDucky/payload.txt	BadUSB-FalsePhilosopher	txt	1024
BruceBAD/BadUSB-FalsePhilosopher/Ducky/USBRubberducky/remote_access/Win/Badusb_botnet/poc.ps1	BadUSB-FalsePhilosopher	ps1	28669
BruceBAD/BadUSB-FalsePhilosopher/Ducky/USBRubberducky/remote_access/Win/Hidden_access/payload.txt	BadUSB-FalsePhilosopher	txt	1508
BruceBAD/BadUSB-FalsePhilosopher/Ducky/USBRubberducky/destructive/Unix-like/OSX/OSX_no_more_hardrive_oldOSx.txt	BadUSB-FalsePhilosopher	txt	376
BruceBAD/BadUSB-FalsePhilosopher/Ducky/USBRubberducky/destructive/Unix-like/OSX/OSX_no_more_hardrive_nyan.txt	BadUSB-FalsePhilosopher	txt	558
BruceBAD/BadUSB-FalsePhilosopher/Ducky/USBRubberducky/destructive/Unix-like/OSX/OSX_no_more_hardrive_nyan_oldOSx.txt	BadUSB-FalsePhilosopher	txt	551
BruceBAD/BadUSB-FalsePhilosopher/Ducky/USBRubberducky/destructive/Unix-like/OSX/OSX_no_more_hardrive.txt	BadUSB-FalsePhilosopher	txt	366
BruceBAD/BadUSB-FalsePhilosopher/Ducky/USBRubberducky/destructive/Unix-like/OSX/bombs/zipbomb/quack.txt	BadUSB-FalsePhilosopher	txt	325
BruceBAD/BadUSB-FalsePhilosopher/Ducky/USBRubberducky/destructive/Unix-like/Linux/linux_no_more_hardriveZSH.txt	BadUSB-FalsePhilosopher	txt	288
BruceBAD/BadUSB-FalsePhilosopher/Ducky/USBRubberducky/destructive/Unix-like/Linux/linux_no_more_hardrive.txt	BadUSB-FalsePhilosopher	txt	268
BruceBAD/BadUSB-FalsePhilosopher/Ducky/USBRubberducky/destructive/Unix-like/Linux/linux_no_more_hardrive_nyanZSH.txt	BadUSB-FalsePhilosopher	txt	463
BruceBAD/BadUSB-FalsePhilosopher/Ducky/USBRubberducky/destructive/Unix-like/Linux/linux_no_more_hardrive_nyan.txt	BadUSB-FalsePhilosopher	txt	464
BruceBAD/BadUSB-FalsePhilosopher/Ducky/USBRubberducky/destructive/Unix-like/Linux/Bombs/zip_bomb/quack.txt	BadUSB-FalsePhilosopher	txt	799
BruceBAD/BadUSB-FalsePhilosopher/Ducky/USBRubberducky/destructive/Unix-like/Linux/Bombs/zip_bomb/quackbase64.txt	BadUSB-FalsePhilosopher	txt	1537
BruceBAD/BadUSB-FalsePhilosopher/Ducky/USBRubberducky/destructive/Unix-like/Linux/Bombs/zip_bomb/quackmeanBF.txt	BadUSB-FalsePhilosopher	txt	18605
BruceBAD/BadUSB-FalsePhilosopher/Ducky/USBRubberducky/destructive/Unix-like/Linux/Bombs/zip_bomb/quackBF.txt	BadUSB-FalsePhilosopher	txt	14021
BruceBAD/BadUSB-FalsePhilosopher/Ducky/USBRubberducky/destructive/Unix-like/Linux/Bombs/zip_bomb/quackmean.txt	BadUSB-FalsePhilosopher	txt	949
BruceBAD/BadUSB-FalsePhilosopher/Ducky/USBRubberducky/destructive/Unix-like/Linux/Bombs/HTML_Forker/quack.txt	BadUSB-FalsePhilosopher	txt	494
BruceBAD/BadUSB-FalsePhilosopher/Ducky/USBRubberducky/destructive/Unix-like/Linux/Bombs/Parrot_bomb/polly_wanna_cracker.txt	BadUSB-FalsePhilosopher	txt	557
BruceBAD/BadUSB-FalsePhilosopher/Ducky/USBRubberducky/destructive/Unix-like/Linux/Bombs/Folder_Bomb/quackTUXpyBF.txt	BadUSB-FalsePhilosopher	txt	13474
BruceBAD/BadUSB-FalsePhilosopher/Ducky/USBRubberducky/destructive/Unix-like/Linux/Bombs/Folder_Bomb/quackWLevil.txt	BadUSB-FalsePhilosopher	txt	300415
BruceBAD/BadUSB-FalsePhilosopher/Ducky/USBRubberducky/destructive/Unix-like/Linux/Bombs/Folder_Bomb/PLTUX.py	BadUSB-FalsePhilosopher	py	806
BruceBAD/BadUSB-FalsePhilosopher/Ducky/USBRubberducky/destructive/Unix-like/Linux/Bombs/Folder_Bomb/quackTUXbash.txt	BadUSB-FalsePhilosopher	txt	858
BruceBAD/BadUSB-FalsePhilosopher/Ducky/USBRubberducky/destructive/Unix-like/Linux/Bombs/Folder_Bomb/quackTUXpy.txt	BadUSB-FalsePhilosopher	txt	720
BruceBAD/BadUSB-FalsePhilosopher/Ducky/USBRubberducky/destructive/Unix-like/Linux/Bombs/DUCKY_REAPER/duckyreaperTUX.txt	BadUSB-FalsePhilosopher	txt	445
BruceBAD/BadUSB-FalsePhilosopher/Ducky/USBRubberducky/destructive/Unix-like/Linux/Bombs/Sys_Forker/ForkBombTux.txt	BadUSB-FalsePhilosopher	txt	779
BruceBAD/BadUSB-FalsePhilosopher/Ducky/USBRubberducky/destructive/Unix-like/Linux/Bombs/Sys_Forker/quackpersist.txt	BadUSB-FalsePhilosopher	txt	767
BruceBAD/BadUSB-FalsePhilosopher/Ducky/USBRubberducky/destructive/Unix-like/Linux/Bombs/Sys_Forker/payload.txt	BadUSB-FalsePhilosopher	txt	2032
BruceBAD/BadUSB-FalsePhilosopher/Ducky/USBRubberducky/destructive/Unix-like/Linux/Bombs/Sys_Forker/quickfix.txt	BadUSB-FalsePhilosopher	txt	259
BruceBAD/BadUSB-FalsePhilosopher/Ducky/USBRubberducky/destructive/Unix-like/Linux/Bombs/File_bomb/quackTUXpyBF.txt	BadUSB-FalsePhilosopher	txt	13299
BruceBAD/BadUSB-FalsePhilosopher/Ducky/USBRubberducky/destructive/Unix-like/Linux/Bombs/File_bomb/quackWLevil.txt	BadUSB-FalsePhilosopher	txt	300411
BruceBAD/BadUSB-FalsePhilosopher/Ducky/USBRubberducky/destructive/Unix-like/Linux/Bombs/File_bomb/quackWLmean.txt	BadUSB-FalsePhilosopher	txt	3759
BruceBAD/BadUSB-FalsePhilosopher/Ducky/USBRubberducky/destructive/Unix-like/Linux/Bombs/File_bomb/PLTUX.py	BadUSB-FalsePhilosopher	py	806
BruceBAD/BadUSB-FalsePhilosopher/Ducky/USBRubberducky/destructive/Unix-like/Linux/Bombs/File_bomb/quackbash.txt	BadUSB-FalsePhilosopher	txt	862
BruceBAD/BadUSB-FalsePhilosopher/Ducky/USBRubberducky/destructive/Unix-like/Linux/Bombs/File_bomb/quackWL.txt	BadUSB-FalsePhilosopher	txt	1874
BruceBAD/BadUSB-FalsePhilosopher/Ducky/USBRubberducky/destructive/Unix-like/Linux/Bombs/File_bomb/quackWLmean_bluepill.txt	BadUSB-FalsePhilosopher	txt	3511
BruceBAD/BadUSB-FalsePhilosopher/Ducky/USBRubberducky/destructive/Unix-like/Linux/Bombs/File_bomb/quackTUXpy.txt	BadUSB-FalsePhilosopher	txt	650
BruceBAD/BadUSB-FalsePhilosopher/Ducky/USBRubberducky/destructive/Win/GooseCrasher.txt	BadUSB-FalsePhilosopher	txt	845
BruceBAD/BadUSB-FalsePhilosopher/Ducky/USBRubberducky/destructive/Win/Delete32/32_wants_the_D.txt	BadUSB-FalsePhilosopher	txt	388
BruceBAD/BadUSB-FalsePhilosopher/Ducky/USBRubberducky/destructive/Win/BSOD/BQOD/BQODV1.txt	BadUSB-FalsePhilosopher	txt	202
BruceBAD/BadUSB-FalsePhilosopher/Ducky/USBRubberducky/destructive/Win/BSOD/BQOD/BQODV2.txt	BadUSB-FalsePhilosopher	txt	233
BruceBAD/BadUSB-FalsePhilosopher/Ducky/USBRubberducky/destructive/Win/BSOD/bsod/quackms.txt	BadUSB-FalsePhilosopher	txt	374
BruceBAD/BadUSB-FalsePhilosopher/Ducky/USBRubberducky/destructive/Win/BSOD/bsod/quackfreeze.txt	BadUSB-FalsePhilosopher	txt	397
BruceBAD/BadUSB-FalsePhilosopher/Ducky/USBRubberducky/destructive/Win/BSOD/bsod/quackgithub.txt	BadUSB-FalsePhilosopher	txt	464
BruceBAD/BadUSB-FalsePhilosopher/Ducky/USBRubberducky/destructive/Win/BSOD/Mario-Head/quack.txt	BadUSB-FalsePhilosopher	txt	908
BruceBAD/BadUSB-FalsePhilosopher/Ducky/USBRubberducky/destructive/Win/BSOD/Mario-Head/quackalt.txt	BadUSB-FalsePhilosopher	txt	918
BruceBAD/BadUSB-FalsePhilosopher/Ducky/USBRubberducky/destructive/Win/Bombs/$MFT-Duck-Crasher/$MFT-Duck-Crasher.txt	BadUSB-FalsePhilosopher	txt	879
BruceBAD/BadUSB-FalsePhilosopher/Ducky/USBRubberducky/destructive/Win/Bombs/Zip_Bomb/quack.txt	BadUSB-FalsePhilosopher	txt	590
BruceBAD/BadUSB-FalsePhilosopher/Ducky/USBRubberducky/destructive/Win/Bombs/Zip_Bomb/quackparaloop10.txt	BadUSB-FalsePhilosopher	txt	938
BruceBAD/BadUSB-FalsePhilosopher/Ducky/USBRubberducky/destructive/Win/Bombs/Zip_Bomb/quackparaloop11.txt	BadUSB-FalsePhilosopher	txt	958
BruceBAD/BadUSB-FalsePhilosopher/Ducky/USBRubberducky/destructive/Win/Bombs/Zip_Bomb/quackpara.txt	BadUSB-FalsePhilosopher	txt	923
BruceBAD/BadUSB-FalsePhilosopher/Ducky/USBRubberducky/destructive/Win/Bombs/Zip_Bomb/quackloop.txt	BadUSB-FalsePhilosopher	txt	648
BruceBAD/BadUSB-FalsePhilosopher/Ducky/USBRubberducky/destructive/Win/Bombs/HTML_Forker/payload11.txt	BadUSB-FalsePhilosopher	txt	286
BruceBAD/BadUSB-FalsePhilosopher/Ducky/USBRubberducky/destructive/Win/Bombs/HTML_Forker/payload7.txt	BadUSB-FalsePhilosopher	txt	260
BruceBAD/BadUSB-FalsePhilosopher/Ducky/USBRubberducky/destructive/Win/Bombs/Folder_Bomb/PLWIN.py	BadUSB-FalsePhilosopher	py	825
BruceBAD/BadUSB-FalsePhilosopher/Ducky/USBRubberducky/destructive/Win/Bombs/Folder_Bomb/quackWL.txt	BadUSB-FalsePhilosopher	txt	70451
BruceBAD/BadUSB-FalsePhilosopher/Ducky/USBRubberducky/destructive/Win/Bombs/Folder_Bomb/quackpy.txt	BadUSB-FalsePhilosopher	txt	481
BruceBAD/BadUSB-FalsePhilosopher/Ducky/USBRubberducky/destructive/Win/Bombs/tab_bomb/quack10test.txt	BadUSB-FalsePhilosopher	txt	1185
BruceBAD/BadUSB-FalsePhilosopher/Ducky/USBRubberducky/destructive/Win/Bombs/tab_bomb/quackbase.txt	BadUSB-FalsePhilosopher	txt	1199
BruceBAD/BadUSB-FalsePhilosopher/Ducky/USBRubberducky/destructive/Win/Bombs/tab_bomb/quack10.txt	BadUSB-FalsePhilosopher	txt	1185
BruceBAD/BadUSB-FalsePhilosopher/Ducky/USBRubberducky/destructive/Win/Bombs/DUCKY_REAPER/payloadWIN10+11.txt	BadUSB-FalsePhilosopher	txt	561
BruceBAD/BadUSB-FalsePhilosopher/Ducky/USBRubberducky/destructive/Win/Bombs/DUCKY_REAPER/payloadWIN.txt	BadUSB-FalsePhilosopher	txt	619
BruceBAD/BadUSB-FalsePhilosopher/Ducky/USBRubberducky/destructive/Win/Bombs/Sys_Forker/ADVRickBomb.txt	BadUSB-FalsePhilosopher	txt	909
BruceBAD/BadUSB-FalsePhilosopher/Ducky/USBRubberducky/destructive/Win/Bombs/Sys_Forker/ADVRickbombWIP1.txt	BadUSB-FalsePhilosopher	txt	1025
BruceBAD/BadUSB-FalsePhilosopher/Ducky/USBRubberducky/destructive/Win/Bombs/Sys_Forker/ADVRickbombOL.txt	BadUSB-FalsePhilosopher	txt	1435
BruceBAD/BadUSB-FalsePhilosopher/Ducky/USBRubberducky/destructive/Win/Bombs/Sys_Forker/ForkBomb-Win.txt	BadUSB-FalsePhilosopher	txt	504
BruceBAD/BadUSB-FalsePhilosopher/Ducky/USBRubberducky/destructive/Win/Bombs/Sys_Forker/quack10-11.txt	BadUSB-FalsePhilosopher	txt	1063
BruceBAD/BadUSB-FalsePhilosopher/Ducky/USBRubberducky/destructive/Win/Bombs/Sys_Forker/rr/rrl.ps1	BadUSB-FalsePhilosopher	ps1	87
BruceBAD/BadUSB-FalsePhilosopher/Ducky/USBRubberducky/destructive/Win/Bombs/Sys_Forker/rr/rb.ps1	BadUSB-FalsePhilosopher	ps1	1084
BruceBAD/BadUSB-FalsePhilosopher/Ducky/USBRubberducky/destructive/Win/Bombs/Sys_Forker/rr/fb.ps1	BadUSB-FalsePhilosopher	ps1	332
BruceBAD/BadUSB-FalsePhilosopher/Ducky/USBRubberducky/recon/Unix-Like/OSX/Macpeas/quack.txt	BadUSB-FalsePhilosopher	txt	318
BruceBAD/BadUSB-FalsePhilosopher/Ducky/USBRubberducky/recon/Unix-Like/OSX/Macpeas/quackexfil.txt	BadUSB-FalsePhilosopher	txt	356
BruceBAD/BadUSB-FalsePhilosopher/Ducky/USBRubberducky/recon/Unix-Like/Linux/Linpeas/quackpostexfil.txt	BadUSB-FalsePhilosopher	txt	1161
BruceBAD/BadUSB-FalsePhilosopher/Ducky/USBRubberducky/recon/Unix-Like/Linux/Linpeas/quackgitexfil.txt	BadUSB-FalsePhilosopher	txt	1718
BruceBAD/BadUSB-FalsePhilosopher/Ducky/USBRubberducky/recon/Unix-Like/Linux/Linpeas/quackncexfil.txt	BadUSB-FalsePhilosopher	txt	1157
BruceBAD/BadUSB-FalsePhilosopher/Ducky/USBRubberducky/recon/Unix-Like/Linux/Linpeas/quackwget.txt	BadUSB-FalsePhilosopher	txt	527
BruceBAD/BadUSB-FalsePhilosopher/Ducky/USBRubberducky/recon/Unix-Like/Linux/LinEnum/quackpost.txt	BadUSB-FalsePhilosopher	txt	978
BruceBAD/BadUSB-FalsePhilosopher/Ducky/USBRubberducky/recon/Unix-Like/Linux/LinEnum/quacknc.txt	BadUSB-FalsePhilosopher	txt	966
BruceBAD/BadUSB-FalsePhilosopher/Ducky/USBRubberducky/recon/Unix-Like/Linux/LinEnum/quackwget.txt	BadUSB-FalsePhilosopher	txt	285
BruceBAD/BadUSB-FalsePhilosopher/Ducky/USBRubberducky/recon/Win/Misc/Show_WiFi_Passwords.txt	BadUSB-FalsePhilosopher	txt	223
BruceBAD/BadUSB-FalsePhilosopher/Ducky/USBRubberducky/recon/Win/Misc/Show_Saved_Passwords.txt	BadUSB-FalsePhilosopher	txt	746
BruceBAD/BadUSB-FalsePhilosopher/Ducky/USBRubberducky/recon/Win/Winpeas/WPDBE.ps1	BadUSB-FalsePhilosopher	ps1	1588
BruceBAD/BadUSB-FalsePhilosopher/Ducky/USBRubberducky/recon/Win/Winpeas/quacklocal.txt	BadUSB-FalsePhilosopher	txt	525
BruceBAD/BadUSB-FalsePhilosopher/Ducky/USBRubberducky/recon/Win/Winpeas/quackDBExfil.txt	BadUSB-FalsePhilosopher	txt	496
BruceBAD/BadUSB-FalsePhilosopher/Ducky/USBRubberducky/recon/Win/Winpeas/WPL.ps1	BadUSB-FalsePhilosopher	ps1	664
BruceBAD/BadUSB-FalsePhilosopher/Ducky/USBRubberducky/recon/Win/ADV-Recon/ADV-Recon.ps1	BadUSB-FalsePhilosopher	ps1	20474
BruceBAD/BadUSB-FalsePhilosopher/Ducky/USBRubberducky/recon/Win/ADV-Recon/payload.txt	BadUSB-FalsePhilosopher	txt	573
BruceBAD/BadUSB-FalsePhilosopher/Ducky/USBRubberducky/recon/Win/Tree_of_Knowledge/payload.txt	BadUSB-FalsePhilosopher	txt	486
BruceBAD/BadUSB-FalsePhilosopher/Ducky/USBRubberducky/recon/Win/Tree_of_Knowledge/show.bat	BadUSB-FalsePhilosopher	bat	32
BruceBAD/BadUSB-FalsePhilosopher/Ducky/USBRubberducky/quackberry/exfil_documents.txt	BadUSB-FalsePhilosopher	txt	652
BruceBAD/BadUSB-FalsePhilosopher/Ducky/USBRubberducky/quackberry/bash_reverse_shell_profile_persistence.txt	BadUSB-FalsePhilosopher	txt	579
BruceBAD/BadUSB-FalsePhilosopher/Ducky/USBRubberducky/quackberry/python_reverse_shell_cron_persistence.txt	BadUSB-FalsePhilosopher	txt	1411
BruceBAD/BadUSB-FalsePhilosopher/Ducky/USBRubberducky/quackberry/bash_reverse_shell_bashrc_persistence.txt	BadUSB-FalsePhilosopher	txt	579
BruceBAD/BadUSB-FalsePhilosopher/Ducky/USBRubberducky/quackberry/bash_reverse_shell.txt	BadUSB-FalsePhilosopher	txt	348
BruceBAD/BadUSB-FalsePhilosopher/Ducky/USBRubberducky/quackberry/ssh_backdoor.txt	BadUSB-FalsePhilosopher	txt	551
BruceBAD/BadUSB-FalsePhilosopher/Ducky/USBRubberducky/quackberry/wifi_stealer_to_web.txt	BadUSB-FalsePhilosopher	txt	631
BruceBAD/BadUSB-FalsePhilosopher/Ducky/USBRubberducky/quackberry/RPi OS/exfil_documents.txt	BadUSB-FalsePhilosopher	txt	652
BruceBAD/BadUSB-FalsePhilosopher/Ducky/USBRubberducky/quackberry/RPi OS/bash_reverse_shell_profile_persistence.txt	BadUSB-FalsePhilosopher	txt	579
BruceBAD/BadUSB-FalsePhilosopher/Ducky/USBRubberducky/quackberry/RPi OS/python_reverse_shell_cron_persistence.txt	BadUSB-FalsePhilosopher	txt	1411
BruceBAD/BadUSB-FalsePhilosopher/Ducky/USBRubberducky/quackberry/RPi OS/bash_reverse_shell_bashrc_persistence.txt	BadUSB-FalsePhilosopher	txt	579
BruceBAD/BadUSB-FalsePhilosopher/Ducky/USBRubberducky/quackberry/RPi OS/bash_reverse_shell.txt	BadUSB-FalsePhilosopher	txt	348
BruceBAD/BadUSB-FalsePhilosopher/Ducky/USBRubberducky/quackberry/RPi OS/ssh_backdoor.txt	BadUSB-FalsePhilosopher	txt	551
BruceBAD/BadUSB-FalsePhilosopher/Ducky/USBRubberducky/quackberry/RPi OS/wifi_stealer_to_web.txt	BadUSB-FalsePhilosopher	txt	631
BruceBAD/BadUSB-FalsePhilosopher/Ducky/USBRubberducky/quackberry/RPi OS/local_web_server_backdoor/local_web_server_backdoor.txt	BadUSB-FalsePhilosopher	txt	538
BruceBAD/BadUSB-FalsePhilosopher/Ducky/USBRubberducky/quackberry/local_web_server_backdoor/local_web_server_backdoor.txt	BadUSB-FalsePhilosopher	txt	538
BruceBAD/BadUSB-FalsePhilosopher/Ducky/USBRubberducky/credentials/Unix-like/Osx/Sudograbber/sudograbber.txt	BadUSB-FalsePhilosopher	txt	1210
BruceBAD/BadUSB-FalsePhilosopher/Ducky/USBRubberducky/credentials/Unix-like/Osx/Sudograbber/sudograbber.sh	BadUSB-FalsePhilosopher	sh	67
BruceBAD/BadUSB-FalsePhilosopher/Ducky/USBRubberducky/credentials/Unix-like/Linux/Sudograbber/sudograbber.txt	BadUSB-FalsePhilosopher	txt	1210
BruceBAD/BadUSB-FalsePhilosopher/Ducky/USBRubberducky/credentials/Unix-like/Linux/Sudograbber/sudograbber.sh	BadUSB-FalsePhilosopher	sh	67
BruceBAD/BadUSB-FalsePhilosopher/Ducky/USBRubberducky/credentials/Unix-like/Linux/DuckyLogger/payload.txt	BadUSB-FalsePhilosopher	txt	3329
BruceBAD/BadUSB-FalsePhilosopher/Ducky/USBRubberducky/credentials/Unix-like/Linux/SudoSnatch/payload.txt	BadUSB-FalsePhilosopher	txt	3732
BruceBAD/BadUSB-FalsePhilosopher/Ducky/USBRubberducky/credentials/Win/open_smb_share_to_steal_creds.txt	BadUSB-FalsePhilosopher	txt	430
BruceBAD/BadUSB-FalsePhilosopher/Ducky/USBRubberducky/credentials/Win/-RD-Credz-Plz/Credz-Plz.ps1	BadUSB-FalsePhilosopher	ps1	7999
BruceBAD/BadUSB-FalsePhilosopher/Ducky/USBRubberducky/credentials/Win/-RD-Credz-Plz/Credz-Plz-Execute.txt	BadUSB-FalsePhilosopher	txt	610
BruceBAD/BadUSB-FalsePhilosopher/Ducky/USBRubberducky/credentials/Win/keyloggerInjector/startScript.ps1	BadUSB-FalsePhilosopher	ps1	972
BruceBAD/BadUSB-FalsePhilosopher/Ducky/USBRubberducky/credentials/Win/keyloggerInjector/BadUSB_keyloggerInjector.txt	BadUSB-FalsePhilosopher	txt	965
BruceBAD/BadUSB-FalsePhilosopher/Ducky/USBRubberducky/credentials/Win/Hasta lasagna!/Hasta Lasagna.ps1	BadUSB-FalsePhilosopher	ps1	4458
BruceBAD/BadUSB-FalsePhilosopher/Ducky/USBRubberducky/credentials/Win/Hasta lasagna!/payload.txt	BadUSB-FalsePhilosopher	txt	616
BruceBAD/BadUSB-FalsePhilosopher/Ducky/USBRubberducky/credentials/Win/pykeylog/quack.txt	BadUSB-FalsePhilosopher	txt	13
BruceBAD/BadUSB-FalsePhilosopher/Ducky/USBRubberducky/credentials/Win/Funni_Stick_V3/README.txt	BadUSB-FalsePhilosopher	txt	1308
BruceBAD/BadUSB-FalsePhilosopher/Ducky/USBRubberducky/credentials/Win/windowsPassDisabler/BadUSB_windowsPassDisabler.txt	BadUSB-FalsePhilosopher	txt	639
BruceBAD/BadUSB-FalsePhilosopher/Ducky/USBRubberducky/credentials/Win/SamDumpDucky/payload.txt	BadUSB-FalsePhilosopher	txt	1491
BruceBAD/BadUSB-FalsePhilosopher/Ducky/USBRubberducky/credentials/Win/Simple_User_Password_Grabber/Simple_User_Password_Grabber.txt	BadUSB-FalsePhilosopher	txt	2691
BruceBAD/BadUSB-FalsePhilosopher/Ducky/USBRubberducky/credentials/Win/datacopier/datacopier.txt	BadUSB-FalsePhilosopher	txt	1158
BruceBAD/BadUSB-FalsePhilosopher/Ducky/USBRubberducky/credentials/Win/Rubber_Ducky_Password_Stealer/payloads/payload_[slow][dutch].txt	BadUSB-FalsePhilosopher	txt	1503
BruceBAD/BadUSB-FalsePhilosopher/Ducky/USBRubberducky/credentials/Win/Rubber_Ducky_Password_Stealer/payloads/payload_[slow][english].txt	BadUSB-FalsePhilosopher	txt	1497
BruceBAD/BadUSB-FalsePhilosopher/Ducky/USBRubberducky/credentials/Win/Rubber_Ducky_Password_Stealer/scripts/nirsoft.bat	BadUSB-FalsePhilosopher	bat	648
BruceBAD/BadUSB-FalsePhilosopher/Ducky/USBRubberducky/credentials/Win/Rubber_Ducky_Password_Stealer/scripts/computer_info.bat	BadUSB-FalsePhilosopher	bat	564
BruceBAD/BadUSB-FalsePhilosopher/Ducky/USBRubberducky/credentials/Win/Rubber_Ducky_Password_Stealer/scripts/mimikatz.bat	BadUSB-FalsePhilosopher	bat	856
BruceBAD/BadUSB-FalsePhilosopher/Ducky/USBRubberducky/credentials/Win/Rubber_Ducky_Password_Stealer/scripts/program_info.bat	BadUSB-FalsePhilosopher	bat	580
BruceBAD/BadUSB-FalsePhilosopher/Ducky/USBRubberducky/credentials/Win/Rubber_Ducky_Password_Stealer/scripts/network_info.bat	BadUSB-FalsePhilosopher	bat	584
BruceBAD/BadUSB-FalsePhilosopher/Ducky/USBRubberducky/credentials/Win/Rubber_Ducky_Password_Stealer/scripts/rdps.bat	BadUSB-FalsePhilosopher	bat	1157
BruceBAD/BadUSB-FalsePhilosopher/WHID/Library/Unix like/osx/rickrollosx-rickroll-ducky-payload.txt	BadUSB-FalsePhilosopher	txt	150
BruceBAD/BadUSB-FalsePhilosopher/WHID/Library/Unix like/osx/wget-cmd-exfil/payload.txt	BadUSB-FalsePhilosopher	txt	141
BruceBAD/BadUSB-FalsePhilosopher/WHID/Library/Unix like/osx/bash-reverseshell/payload.txt	BadUSB-FalsePhilosopher	txt	143
BruceBAD/BadUSB-FalsePhilosopher/WHID/Library/Unix like/osx/bash-reverseshell-alt/payload.txt	BadUSB-FalsePhilosopher	txt	141
BruceBAD/BadUSB-FalsePhilosopher/WHID/Library/Unix like/linux/LinuxIfconfig.txt	BadUSB-FalsePhilosopher	txt	64
BruceBAD/BadUSB-FalsePhilosopher/WHID/Library/Unix like/linux/LinuxSerialExfil.txt	BadUSB-FalsePhilosopher	txt	1257
BruceBAD/BadUSB-FalsePhilosopher/WHID/Library/windows/Mimikatz.txt	BadUSB-FalsePhilosopher	txt	763
BruceBAD/BadUSB-FalsePhilosopher/WHID/Library/windows/WinCalc.txt	BadUSB-FalsePhilosopher	txt	29
BruceBAD/BadUSB-FalsePhilosopher/WHID/Library/windows/WinSerialExfil.txt	BadUSB-FalsePhilosopher	txt	672
BruceBAD/BadUSB-FalsePhilosopher/WHID/Library/windows/WinFFCredsExfil.txt	BadUSB-FalsePhilosopher	txt	1396
BruceBAD/BadUSB-FalsePhilosopher/WHID/Library/windows/MimikatzScr.txt	BadUSB-FalsePhilosopher	txt	845
BruceBAD/BadUSB-FalsePhilosopher/WHID/Library/windows/Win_AD_Creds_Phishing_SerialExfil_AirGap_Bypass.txt	BadUSB-FalsePhilosopher	txt	2107
BruceBAD/BadUSB-FalsePhilosopher/WHID/Library/windows/EmpireAgent.txt	BadUSB-FalsePhilosopher	txt	143
BruceBAD/BadUSB-FalsePhilosopher/WHID/Library/windows/PhishCreds.ps1	BadUSB-FalsePhilosopher	ps1	2514
BruceBAD/BadUSB-FalsePhilosopher/WHID/Library/windows/WiFiPassSerialExfil.txt	BadUSB-FalsePhilosopher	txt	1004
BruceBAD/BadUSB-FalsePhilosopher/WHID/Library/windows/TravisPooley/Windows/Change Desktop Background/Payload.txt	BadUSB-FalsePhilosopher	txt	347
BruceBAD/BadUSB-FalsePhilosopher/WHID/Library/Base/macidentifykb.txt	BadUSB-FalsePhilosopher	txt	685
BruceBAD/BadUSB-FalsePhilosopher/WHID/Library/Base/winpropopups.txt	BadUSB-FalsePhilosopher	txt	449
BruceBAD/BadUSB-FalsePhilosopher/WHID/Library/Base/mousetest.txt	BadUSB-FalsePhilosopher	txt	238
BruceBAD/BadUSB-FalsePhilosopher/WHID/Library/Base/WinPSFTPExfil.txt	BadUSB-FalsePhilosopher	txt	976
BruceBAD/BadUSB-FalsePhilosopher/WHID/Library/Base/LinExfilWiFiCreds.txt	BadUSB-FalsePhilosopher	txt	675
BruceBAD/BadUSB-FalsePhilosopher/WHID/Library/Base/winkiOSKhack.txt	BadUSB-FalsePhilosopher	txt	69
BruceBAD/BadUSB-FalsePhilosopher/WHID/Library/Base/WinSerialEXFIL.txt	BadUSB-FalsePhilosopher	txt	672
BruceBAD/BadUSB-FalsePhilosopher/WHID/Library/Base/WinHTTPExfiltrate.txt	BadUSB-FalsePhilosopher	txt	411
BruceBAD/BadUSB-FalsePhilosopher/WHID/Library/Base/LinSerialEXFIL.txt	BadUSB-FalsePhilosopher	txt	1257
BruceBAD/BadUSB-FalsePhilosopher/WHID/Library/Base/kali2hiddenpayld.txt	BadUSB-FalsePhilosopher	txt	445
BruceBAD/BadUSB-FalsePhilosopher/WHID/Library/Base/winhiddenpayload.txt	BadUSB-FalsePhilosopher	txt	382
BruceBAD/BadUSB-FalsePhilosopher/WHID/Library/Base/blink.txt	BadUSB-FalsePhilosopher	txt	56
BruceBAD/BadUSB-FalsePhilosopher/WHID/Library/Base/LinHTTPExfiltrate.txt	BadUSB-FalsePhilosopher	txt	379
BruceBAD/BadUSB-FalsePhilosopher/WHID/Library/Base/LinFTPExfiltrate.txt	BadUSB-FalsePhilosopher	txt	585
BruceBAD/BadUSB-FalsePhilosopher/FlipperZero_ducky_payload/general/jiggler.txt	BadUSB-FalsePhilosopher	txt	22665
BruceBAD/BadUSB-FalsePhilosopher/FlipperZero_ducky_payload/general/Unix-like/Osx/Open4Gmail/payload.txt	BadUSB-FalsePhilosopher	txt	470
BruceBAD/BadUSB-FalsePhilosopher/FlipperZero_ducky_payload/general/Win/Flip-PineApple/PineApple-KeyInjection.txt	BadUSB-FalsePhilosopher	txt	1874
BruceBAD/BadUSB-FalsePhilosopher/FlipperZero_ducky_payload/general/Win/Flip-PineApple/PineApple.txt	BadUSB-FalsePhilosopher	txt	864
BruceBAD/BadUSB-FalsePhilosopher/FlipperZero_ducky_payload/general/Win/Flip-PineApple/PineApple.ps1	BadUSB-FalsePhilosopher	ps1	1276
BruceBAD/BadUSB-FalsePhilosopher/FlipperZero_ducky_payload/general/Win/Win_HID_MonaLisa/MonaLisa.txt	BadUSB-FalsePhilosopher	txt	8589
BruceBAD/BadUSB-FalsePhilosopher/FlipperZero_ducky_payload/general/Win/Flip-Subscribe/IWR-Subscribe.txt	BadUSB-FalsePhilosopher	txt	551
BruceBAD/BadUSB-FalsePhilosopher/FlipperZero_ducky_payload/general/Win/Flip-Subscribe/Subscribe.txt	BadUSB-FalsePhilosopher	txt	809
BruceBAD/BadUSB-FalsePhilosopher/FlipperZero_ducky_payload/general/Win/Flip-Subscribe/Subscribe.ps1	BadUSB-FalsePhilosopher	ps1	3807
BruceBAD/BadUSB-FalsePhilosopher/FlipperZero_ducky_payload/general/Win/Canary_Duck/payload.txt	BadUSB-FalsePhilosopher	txt	735
BruceBAD/BadUSB-FalsePhilosopher/FlipperZero_ducky_payload/general/Win/Water-UnMark/payload.txt	BadUSB-FalsePhilosopher	txt	517
BruceBAD/BadUSB-FalsePhilosopher/FlipperZero_ducky_payload/general/Win/Hotfix_Warning/payload.txt	BadUSB-FalsePhilosopher	txt	560
BruceBAD/BadUSB-FalsePhilosopher/FlipperZero_ducky_payload/prank/Unix-like/Osx/Hacker_Typer/Apple.txt	BadUSB-FalsePhilosopher	txt	3208
BruceBAD/BadUSB-FalsePhilosopher/FlipperZero_ducky_payload/prank/Unix-like/Osx/SayPoop/quack.txt	BadUSB-FalsePhilosopher	txt	567
BruceBAD/BadUSB-FalsePhilosopher/FlipperZero_ducky_payload/prank/Unix-like/Osx/Anti-Browser/Fuck_your_tabs.txt	BadUSB-FalsePhilosopher	txt	207
BruceBAD/BadUSB-FalsePhilosopher/FlipperZero_ducky_payload/prank/Unix-like/Osx/Anti-Browser/Efftabsbasic.txt	BadUSB-FalsePhilosopher	txt	321
BruceBAD/BadUSB-FalsePhilosopher/FlipperZero_ducky_payload/prank/Unix-like/Osx/Anti-Browser/Fuck_your_tabs+startup.txt	BadUSB-FalsePhilosopher	txt	216
BruceBAD/BadUSB-FalsePhilosopher/FlipperZero_ducky_payload/prank/Unix-like/Osx/Anti-Browser/Fuck_your_tabs+ALTF4+Startup.txt	BadUSB-FalsePhilosopher	txt	226
BruceBAD/BadUSB-FalsePhilosopher/FlipperZero_ducky_payload/prank/Unix-like/Osx/Anti-Browser/Fuck_your_tabs+ALTF4.txt	BadUSB-FalsePhilosopher	txt	219
BruceBAD/BadUSB-FalsePhilosopher/FlipperZero_ducky_payload/prank/Unix-like/Osx/Key-mapper/remap.dvorak.txt	BadUSB-FalsePhilosopher	txt	3829
BruceBAD/BadUSB-FalsePhilosopher/FlipperZero_ducky_payload/prank/Unix-like/Osx/Key-mapper/remap.ass.txt	BadUSB-FalsePhilosopher	txt	3678
BruceBAD/BadUSB-FalsePhilosopher/FlipperZero_ducky_payload/prank/Unix-like/Osx/Key-mapper/remap.dvorak-revert.txt	BadUSB-FalsePhilosopher	txt	487
BruceBAD/BadUSB-FalsePhilosopher/FlipperZero_ducky_payload/prank/Unix-like/Osx/Key-mapper/remap.txt	BadUSB-FalsePhilosopher	txt	646
BruceBAD/BadUSB-FalsePhilosopher/FlipperZero_ducky_payload/prank/Unix-like/Osx/macOS_rickroll/RickRollMac.txt	BadUSB-FalsePhilosopher	txt	538
BruceBAD/BadUSB-FalsePhilosopher/FlipperZero_ducky_payload/prank/Unix-like/Osx/Digital_Rain/payload.txt	BadUSB-FalsePhilosopher	txt	577
BruceBAD/BadUSB-FalsePhilosopher/FlipperZero_ducky_payload/prank/Unix-like/Osx/TerminalRickRoll/Quack.txt	BadUSB-FalsePhilosopher	txt	234
BruceBAD/BadUSB-FalsePhilosopher/FlipperZero_ducky_payload/prank/Unix-like/Osx/TerminalRickRoll/Quackmean.txt	BadUSB-FalsePhilosopher	txt	237
BruceBAD/BadUSB-FalsePhilosopher/FlipperZero_ducky_payload/prank/Unix-like/Osx/mac-deactivation/MacOS-Deactivate.txt	BadUSB-FalsePhilosopher	txt	729
BruceBAD/BadUSB-FalsePhilosopher/FlipperZero_ducky_payload/prank/Unix-like/Osx/Bombs/zipbomb/quack.txt	BadUSB-FalsePhilosopher	txt	325
BruceBAD/BadUSB-FalsePhilosopher/FlipperZero_ducky_payload/prank/Unix-like/Osx/Bombs/termBomb/payload.txt	BadUSB-FalsePhilosopher	txt	1952
BruceBAD/BadUSB-FalsePhilosopher/FlipperZero_ducky_payload/prank/Unix-like/Osx/Bombs/DUCKY_REAPER/duckyreaperMAC.txt	BadUSB-FalsePhilosopher	txt	532
BruceBAD/BadUSB-FalsePhilosopher/FlipperZero_ducky_payload/prank/Unix-like/Osx/Fake_Update/Apple.txt	BadUSB-FalsePhilosopher	txt	230
BruceBAD/BadUSB-FalsePhilosopher/FlipperZero_ducky_payload/prank/Unix-like/Chromebook/ChromeCrash.txt	BadUSB-FalsePhilosopher	txt	195
BruceBAD/BadUSB-FalsePhilosopher/FlipperZero_ducky_payload/prank/Unix-like/Chromebook/Logout.txt	BadUSB-FalsePhilosopher	txt	49
BruceBAD/BadUSB-FalsePhilosopher/FlipperZero_ducky_payload/prank/Unix-like/Chromebook/ChromeOS_forkbomb.txt	BadUSB-FalsePhilosopher	txt	194
BruceBAD/BadUSB-FalsePhilosopher/FlipperZero_ducky_payload/prank/Unix-like/Chromebook/Chromebook-Language-Changer/Learn_Arabic_the_hard_way.txt	BadUSB-FalsePhilosopher	txt	501
BruceBAD/BadUSB-FalsePhilosopher/FlipperZero_ducky_payload/prank/Unix-like/Chromebook/Chromebook-Language-Changer/English_Please.txt	BadUSB-FalsePhilosopher	txt	502
BruceBAD/BadUSB-FalsePhilosopher/FlipperZero_ducky_payload/prank/Unix-like/Linux/Hacker_Typer/payloadTUX.txt	BadUSB-FalsePhilosopher	txt	2988
BruceBAD/BadUSB-FalsePhilosopher/FlipperZero_ducky_payload/prank/Unix-like/Linux/Inverted_desktop_troll/Rick/quackpic.txt	BadUSB-FalsePhilosopher	txt	930
BruceBAD/BadUSB-FalsePhilosopher/FlipperZero_ducky_payload/prank/Unix-like/Linux/Inverted_desktop_troll/Rick/quackmeanVLC.txt	BadUSB-FalsePhilosopher	txt	675
BruceBAD/BadUSB-FalsePhilosopher/FlipperZero_ducky_payload/prank/Unix-like/Linux/Inverted_desktop_troll/Rick/quackstock.txt	BadUSB-FalsePhilosopher	txt	693
BruceBAD/BadUSB-FalsePhilosopher/FlipperZero_ducky_payload/prank/Unix-like/Linux/Inverted_desktop_troll/Rick/quackmeanaudio.txt	BadUSB-FalsePhilosopher	txt	741
BruceBAD/BadUSB-FalsePhilosopher/FlipperZero_ducky_payload/prank/Unix-like/Linux/Inverted_desktop_troll/Rick/quackYT.txt	BadUSB-FalsePhilosopher	txt	574
BruceBAD/BadUSB-FalsePhilosopher/FlipperZero_ducky_payload/prank/Unix-like/Linux/Inverted_desktop_troll/Rick/quackvlc.txt	BadUSB-FalsePhilosopher	txt	803
BruceBAD/BadUSB-FalsePhilosopher/FlipperZero_ducky_payload/prank/Unix-like/Linux/Inverted_desktop_troll/milos/quackstock.txt	BadUSB-FalsePhilosopher	txt	743
BruceBAD/BadUSB-FalsePhilosopher/FlipperZero_ducky_payload/prank/Unix-like/Linux/Inverted_desktop_troll/milos/quackYT.txt	BadUSB-FalsePhilosopher	txt	620
BruceBAD/BadUSB-FalsePhilosopher/FlipperZero_ducky_payload/prank/Unix-like/Linux/Inverted_desktop_troll/milos/quackvlc.txt	BadUSB-FalsePhilosopher	txt	851
BruceBAD/BadUSB-FalsePhilosopher/FlipperZero_ducky_payload/prank/Unix-like/Linux/Inverted_desktop_troll/milos/quackmean.txt	BadUSB-FalsePhilosopher	txt	719
BruceBAD/BadUSB-FalsePhilosopher/FlipperZero_ducky_payload/prank/Unix-like/Linux/RickRoll/Rick_Roll_linux/RickRollLinuxVLC.txt	BadUSB-FalsePhilosopher	txt	574
BruceBAD/BadUSB-FalsePhilosopher/FlipperZero_ducky_payload/prank/Unix-like/Linux/RickRoll/Rick_Roll_linux/RickRollLinuxYT.txt	BadUSB-FalsePhilosopher	txt	628
BruceBAD/BadUSB-FalsePhilosopher/FlipperZero_ducky_payload/prank/Unix-like/Linux/RickRoll/TerminalRickRoll/QuackTUXalt.txt	BadUSB-FalsePhilosopher	txt	849
BruceBAD/BadUSB-FalsePhilosopher/FlipperZero_ducky_payload/prank/Unix-like/Linux/RickRoll/TerminalRickRoll/QuackTUX.txt	BadUSB-FalsePhilosopher	txt	620
BruceBAD/BadUSB-FalsePhilosopher/FlipperZero_ducky_payload/prank/Unix-like/Linux/RickRoll/TerminalRickRoll/QuackTUXmeanalt.txt	BadUSB-FalsePhilosopher	txt	1183
BruceBAD/BadUSB-FalsePhilosopher/FlipperZero_ducky_payload/prank/Unix-like/Linux/RickRoll/TerminalRickRoll/QuackTUXmean.txt	BadUSB-FalsePhilosopher	txt	741
BruceBAD/BadUSB-FalsePhilosopher/FlipperZero_ducky_payload/prank/Unix-like/Linux/Activate_linux/quack.txt	BadUSB-FalsePhilosopher	txt	1135
BruceBAD/BadUSB-FalsePhilosopher/FlipperZero_ducky_payload/prank/Unix-like/Linux/Terminal_Parrot/cacaw.txt	BadUSB-FalsePhilosopher	txt	425
BruceBAD/BadUSB-FalsePhilosopher/FlipperZero_ducky_payload/prank/Unix-like/Linux/Anti-Browser/Fuck_your_tabs.txt	BadUSB-FalsePhilosopher	txt	132
BruceBAD/BadUSB-FalsePhilosopher/FlipperZero_ducky_payload/prank/Unix-like/Linux/Anti-Browser/Efftabsbasic.txt	BadUSB-FalsePhilosopher	txt	293
BruceBAD/BadUSB-FalsePhilosopher/FlipperZero_ducky_payload/prank/Unix-like/Linux/Anti-Browser/Fuck_your_tabs+startup.txt	BadUSB-FalsePhilosopher	txt	141
BruceBAD/BadUSB-FalsePhilosopher/FlipperZero_ducky_payload/prank/Unix-like/Linux/Anti-Browser/Fuck_your_tabs+ALTF4+Startup.txt	BadUSB-FalsePhilosopher	txt	151
BruceBAD/BadUSB-FalsePhilosopher/FlipperZero_ducky_payload/prank/Unix-like/Linux/Anti-Browser/Fuck_your_tabs+ALTF4.txt	BadUSB-FalsePhilosopher	txt	144
BruceBAD/BadUSB-FalsePhilosopher/FlipperZero_ducky_payload/prank/Unix-like/Linux/Zacky4Ever/quackTux.txt	BadUSB-FalsePhilosopher	txt	535
BruceBAD/BadUSB-FalsePhilosopher/FlipperZero_ducky_payload/prank/Unix-like/Linux/xeyes/quackYT.txt	BadUSB-FalsePhilosopher	txt	547
BruceBAD/BadUSB-FalsePhilosopher/FlipperZero_ducky_payload/prank/Unix-like/Linux/xeyes/quackVLC.txt	BadUSB-FalsePhilosopher	txt	624
BruceBAD/BadUSB-FalsePhilosopher/FlipperZero_ducky_payload/prank/Unix-like/Linux/Linux_power/reboot.txt	BadUSB-FalsePhilosopher	txt	52
BruceBAD/BadUSB-FalsePhilosopher/FlipperZero_ducky_payload/prank/Unix-like/Linux/Linux_power/shutdown.txt	BadUSB-FalsePhilosopher	txt	61
BruceBAD/BadUSB-FalsePhilosopher/FlipperZero_ducky_payload/prank/Unix-like/Linux/Say_the_magic_word/quack.txt	BadUSB-FalsePhilosopher	txt	514
BruceBAD/BadUSB-FalsePhilosopher/FlipperZero_ducky_payload/prank/Unix-like/Linux/Say_the_magic_word/quack_mean.txt	BadUSB-FalsePhilosopher	txt	683
BruceBAD/BadUSB-FalsePhilosopher/FlipperZero_ducky_payload/prank/Unix-like/Linux/Bombs/zip_bomb/quack.txt	BadUSB-FalsePhilosopher	txt	799
BruceBAD/BadUSB-FalsePhilosopher/FlipperZero_ducky_payload/prank/Unix-like/Linux/Bombs/zip_bomb/quackbase64.txt	BadUSB-FalsePhilosopher	txt	1537
BruceBAD/BadUSB-FalsePhilosopher/FlipperZero_ducky_payload/prank/Unix-like/Linux/Bombs/zip_bomb/quackmeanBF.txt	BadUSB-FalsePhilosopher	txt	18605
BruceBAD/BadUSB-FalsePhilosopher/FlipperZero_ducky_payload/prank/Unix-like/Linux/Bombs/zip_bomb/quackBF.txt	BadUSB-FalsePhilosopher	txt	14021
BruceBAD/BadUSB-FalsePhilosopher/FlipperZero_ducky_payload/prank/Unix-like/Linux/Bombs/zip_bomb/quackmean.txt	BadUSB-FalsePhilosopher	txt	1117
BruceBAD/BadUSB-FalsePhilosopher/FlipperZero_ducky_payload/prank/Unix-like/Linux/Bombs/zip_bomb/quackloop.txt	BadUSB-FalsePhilosopher	txt	808
BruceBAD/BadUSB-FalsePhilosopher/FlipperZero_ducky_payload/prank/Unix-like/Linux/Bombs/zip_bomb/quackmeanloop.txt	BadUSB-FalsePhilosopher	txt	1168
BruceBAD/BadUSB-FalsePhilosopher/FlipperZero_ducky_payload/prank/Unix-like/Linux/Bombs/HTML_Forker/quack.txt	BadUSB-FalsePhilosopher	txt	494
BruceBAD/BadUSB-FalsePhilosopher/FlipperZero_ducky_payload/prank/Unix-like/Linux/Bombs/Parrot_bomb/polly_wanna_cracker.txt	BadUSB-FalsePhilosopher	txt	557
BruceBAD/BadUSB-FalsePhilosopher/FlipperZero_ducky_payload/prank/Unix-like/Linux/Bombs/Folder_Bomb/quackTUXpyBF.txt	BadUSB-FalsePhilosopher	txt	13474
BruceBAD/BadUSB-FalsePhilosopher/FlipperZero_ducky_payload/prank/Unix-like/Linux/Bombs/Folder_Bomb/quackTUXbash.txt	BadUSB-FalsePhilosopher	txt	858
BruceBAD/BadUSB-FalsePhilosopher/FlipperZero_ducky_payload/prank/Unix-like/Linux/Bombs/Folder_Bomb/quackTUXpy.txt	BadUSB-FalsePhilosopher	txt	720
BruceBAD/BadUSB-FalsePhilosopher/FlipperZero_ducky_payload/prank/Unix-like/Linux/Bombs/DUCKY_REAPER/duckyreaperTUX.txt	BadUSB-FalsePhilosopher	txt	445
BruceBAD/BadUSB-FalsePhilosopher/FlipperZero_ducky_payload/prank/Unix-like/Linux/Bombs/Sys_Forker/ForkBombTux.txt	BadUSB-FalsePhilosopher	txt	779
BruceBAD/BadUSB-FalsePhilosopher/FlipperZero_ducky_payload/prank/Unix-like/Linux/Bombs/Sys_Forker/quackpersist.txt	BadUSB-FalsePhilosopher	txt	767
BruceBAD/BadUSB-FalsePhilosopher/FlipperZero_ducky_payload/prank/Unix-like/Linux/Bombs/Sys_Forker/payload.txt	BadUSB-FalsePhilosopher	txt	2032
BruceBAD/BadUSB-FalsePhilosopher/FlipperZero_ducky_payload/prank/Unix-like/Linux/Bombs/Sys_Forker/quickfix.txt	BadUSB-FalsePhilosopher	txt	259
BruceBAD/BadUSB-FalsePhilosopher/FlipperZero_ducky_payload/prank/Unix-like/Linux/Bombs/File_bomb/quackTUXpyBF.txt	BadUSB-FalsePhilosopher	txt	13299
BruceBAD/BadUSB-FalsePhilosopher/FlipperZero_ducky_payload/prank/Unix-like/Linux/Bombs/File_bomb/quackWLevil.txt	BadUSB-FalsePhilosopher	txt	300411
BruceBAD/BadUSB-FalsePhilosopher/FlipperZero_ducky_payload/prank/Unix-like/Linux/Bombs/File_bomb/quackWLmean.txt	BadUSB-FalsePhilosopher	txt	3759
BruceBAD/BadUSB-FalsePhilosopher/FlipperZero_ducky_payload/prank/Unix-like/Linux/Bombs/File_bomb/quackbash.txt	BadUSB-FalsePhilosopher	txt	862
BruceBAD/BadUSB-FalsePhilosopher/FlipperZero_ducky_payload/prank/Unix-like/Linux/Bombs/File_bomb/quackWL.txt	BadUSB-FalsePhilosopher	txt	1874
BruceBAD/BadUSB-FalsePhilosopher/FlipperZero_ducky_payload/prank/Unix-like/Linux/Bombs/File_bomb/quackWLmean_bluepill.txt	BadUSB-FalsePhilosopher	txt	3511
BruceBAD/BadUSB-FalsePhilosopher/FlipperZero_ducky_payload/prank/Unix-like/Linux/Bombs/File_bomb/quackTUXpy.txt	BadUSB-FalsePhilosopher	txt	650
BruceBAD/BadUSB-FalsePhilosopher/FlipperZero_ducky_payload/prank/Unix-like/Android/RickRoll/android_rickroll.txt	BadUSB-FalsePhilosopher	txt	86
BruceBAD/BadUSB-FalsePhilosopher/FlipperZero_ducky_payload/prank/Win/Hacker_Typer/payload.txt	BadUSB-FalsePhilosopher	txt	2988
BruceBAD/BadUSB-FalsePhilosopher/FlipperZero_ducky_payload/prank/Win/SUS/SUS.txt	BadUSB-FalsePhilosopher	txt	540
BruceBAD/BadUSB-FalsePhilosopher/FlipperZero_ducky_payload/prank/Win/SUS/SUS-INVASIVE.txt	BadUSB-FalsePhilosopher	txt	714
BruceBAD/BadUSB-FalsePhilosopher/FlipperZero_ducky_payload/prank/Win/Honk/GooseCrasher.txt	BadUSB-FalsePhilosopher	txt	1000
BruceBAD/BadUSB-FalsePhilosopher/FlipperZero_ducky_payload/prank/Win/Honk/Honk.txt	BadUSB-FalsePhilosopher	txt	1007
BruceBAD/BadUSB-FalsePhilosopher/FlipperZero_ducky_payload/prank/Win/CartmanSpam/CartmanSpam.txt	BadUSB-FalsePhilosopher	txt	745
BruceBAD/BadUSB-FalsePhilosopher/FlipperZero_ducky_payload/prank/Win/RickRoll/Quack_Rolled/payload.txt	BadUSB-FalsePhilosopher	txt	1402
BruceBAD/BadUSB-FalsePhilosopher/FlipperZero_ducky_payload/prank/Win/RickRoll/Rickrollupdate/payload.txt	BadUSB-FalsePhilosopher	txt	1212
BruceBAD/BadUSB-FalsePhilosopher/FlipperZero_ducky_payload/prank/Win/RickRoll/ADV-Rickware/ADV-Rickware.txt	BadUSB-FalsePhilosopher	txt	625
BruceBAD/BadUSB-FalsePhilosopher/FlipperZero_ducky_payload/prank/Win/RickRoll/rickroll/payload.txt	BadUSB-FalsePhilosopher	txt	5004
BruceBAD/BadUSB-FalsePhilosopher/FlipperZero_ducky_payload/prank/Win/RickRoll/Physical_Rick_Roll/payload.txt	BadUSB-FalsePhilosopher	txt	1099
BruceBAD/BadUSB-FalsePhilosopher/FlipperZero_ducky_payload/prank/Win/RickRoll/Rick_Rolling_Forever/payload.txt	BadUSB-FalsePhilosopher	txt	872
BruceBAD/BadUSB-FalsePhilosopher/FlipperZero_ducky_payload/prank/Win/RickRoll/Rickroll+BSOD/payload.txt	BadUSB-FalsePhilosopher	txt	501
BruceBAD/BadUSB-FalsePhilosopher/FlipperZero_ducky_payload/prank/Win/RickRoll/RickRoll_ASCII/payload.txt	BadUSB-FalsePhilosopher	txt	7475
BruceBAD/BadUSB-FalsePhilosopher/FlipperZero_ducky_payload/prank/Win/RickRoll/QuacKed_Again/payload.txt	BadUSB-FalsePhilosopher	txt	874
BruceBAD/BadUSB-FalsePhilosopher/FlipperZero_ducky_payload/prank/Win/RickRoll/silent_rickroll/payload.txt	BadUSB-FalsePhilosopher	txt	2551
BruceBAD/BadUSB-FalsePhilosopher/FlipperZero_ducky_payload/prank/Win/RickRoll/ADV-RickRoll/ADV-RickRoll.txt	BadUSB-FalsePhilosopher	txt	858
BruceBAD/BadUSB-FalsePhilosopher/FlipperZero_ducky_payload/prank/Win/RickRoll/Terminal_RickRoll/quack.txt	BadUSB-FalsePhilosopher	txt	808
BruceBAD/BadUSB-FalsePhilosopher/FlipperZero_ducky_payload/prank/Win/Automailer/payload.txt	BadUSB-FalsePhilosopher	txt	1007
BruceBAD/BadUSB-FalsePhilosopher/FlipperZero_ducky_payload/prank/Win/Talking_Duck/payload.txt	BadUSB-FalsePhilosopher	txt	1047
BruceBAD/BadUSB-FalsePhilosopher/FlipperZero_ducky_payload/prank/Win/AUTOinCORRECT/payload.txt	BadUSB-FalsePhilosopher	txt	763
BruceBAD/BadUSB-FalsePhilosopher/FlipperZero_ducky_payload/prank/Win/Play-WAV/payload.txt	BadUSB-FalsePhilosopher	txt	547
BruceBAD/BadUSB-FalsePhilosopher/FlipperZero_ducky_payload/prank/Win/Rage-PopUps/payload.txt	BadUSB-FalsePhilosopher	txt	577
BruceBAD/BadUSB-FalsePhilosopher/FlipperZero_ducky_payload/prank/Win/The_Matrix-Wake_Up/payload.txt	BadUSB-FalsePhilosopher	txt	1680
BruceBAD/BadUSB-FalsePhilosopher/FlipperZero_ducky_payload/prank/Win/Win_matrix_rain/Make_it_rain.txt	BadUSB-FalsePhilosopher	txt	1285
BruceBAD/BadUSB-FalsePhilosopher/FlipperZero_ducky_payload/prank/Win/Terminal_Parrot/cacaw.txt	BadUSB-FalsePhilosopher	txt	836
BruceBAD/BadUSB-FalsePhilosopher/FlipperZero_ducky_payload/prank/Win/Anti-Browser/Fuck_your_tabs.txt	BadUSB-FalsePhilosopher	txt	338
BruceBAD/BadUSB-FalsePhilosopher/FlipperZero_ducky_payload/prank/Win/Anti-Browser/Fuck_your_tabs+startup.txt	BadUSB-FalsePhilosopher	txt	374
BruceBAD/BadUSB-FalsePhilosopher/FlipperZero_ducky_payload/prank/Win/Anti-Browser/Fuck_your_tabs+ALTF4+Startup.txt	BadUSB-FalsePhilosopher	txt	403
BruceBAD/BadUSB-FalsePhilosopher/FlipperZero_ducky_payload/prank/Win/Anti-Browser/Fuck_your_tabs+ALTF4.txt	BadUSB-FalsePhilosopher	txt	374
BruceBAD/BadUSB-FalsePhilosopher/FlipperZero_ducky_payload/prank/Win/No_Escape/NOEscape.txt	BadUSB-FalsePhilosopher	txt	481
BruceBAD/BadUSB-FalsePhilosopher/FlipperZero_ducky_payload/prank/Win/Ratlocker/payload.txt	BadUSB-FalsePhilosopher	txt	3129
BruceBAD/BadUSB-FalsePhilosopher/FlipperZero_ducky_payload/prank/Win/Win_power/reboot.txt	BadUSB-FalsePhilosopher	txt	84
BruceBAD/BadUSB-FalsePhilosopher/FlipperZero_ducky_payload/prank/Win/Win_power/bootloop.txt	BadUSB-FalsePhilosopher	txt	595
BruceBAD/BadUSB-FalsePhilosopher/FlipperZero_ducky_payload/prank/Win/Win_power/shutdown.txt	BadUSB-FalsePhilosopher	txt	89
BruceBAD/BadUSB-FalsePhilosopher/FlipperZero_ducky_payload/prank/Win/AcidBurn/payload.txt	BadUSB-FalsePhilosopher	txt	736
BruceBAD/BadUSB-FalsePhilosopher/FlipperZero_ducky_payload/prank/Win/BSOD/BQOD/BQODV1.txt	BadUSB-FalsePhilosopher	txt	202
BruceBAD/BadUSB-FalsePhilosopher/FlipperZero_ducky_payload/prank/Win/BSOD/BQOD/BQODV2.txt	BadUSB-FalsePhilosopher	txt	233
BruceBAD/BadUSB-FalsePhilosopher/FlipperZero_ducky_payload/prank/Win/BSOD/Rick-Roll/Rick-Roll-BSOD.txt	BadUSB-FalsePhilosopher	txt	997
BruceBAD/BadUSB-FalsePhilosopher/FlipperZero_ducky_payload/prank/Win/BSOD/Mario-Head/quack.txt	BadUSB-FalsePhilosopher	txt	923
BruceBAD/BadUSB-FalsePhilosopher/FlipperZero_ducky_payload/prank/Win/Wallpaper-Troll/payload.txt	BadUSB-FalsePhilosopher	txt	978
BruceBAD/BadUSB-FalsePhilosopher/FlipperZero_ducky_payload/prank/Win/Broken_capslock/quack.txt	BadUSB-FalsePhilosopher	txt	245
BruceBAD/BadUSB-FalsePhilosopher/FlipperZero_ducky_payload/prank/Win/Broken_capslock/quackmean.txt	BadUSB-FalsePhilosopher	txt	286
BruceBAD/BadUSB-FalsePhilosopher/FlipperZero_ducky_payload/prank/Win/Silly_Mouse/quack.txt	BadUSB-FalsePhilosopher	txt	971
BruceBAD/BadUSB-FalsePhilosopher/FlipperZero_ducky_payload/prank/Win/Silly_Mouse/quack2.txt	BadUSB-FalsePhilosopher	txt	1514
BruceBAD/BadUSB-FalsePhilosopher/FlipperZero_ducky_payload/prank/Win/YouHaveBeenQuacked2.0/payload.txt	BadUSB-FalsePhilosopher	txt	1096
BruceBAD/BadUSB-FalsePhilosopher/FlipperZero_ducky_payload/prank/Win/Lol_killer/payload.txt	BadUSB-FalsePhilosopher	txt	460
BruceBAD/BadUSB-FalsePhilosopher/FlipperZero_ducky_payload/prank/Win/We-Found-You/FoundYou.txt	BadUSB-FalsePhilosopher	txt	708
BruceBAD/BadUSB-FalsePhilosopher/FlipperZero_ducky_payload/prank/Win/Bombs/$MFT-Duck-Crasher/$MFT-Duck-Crasher.txt	BadUSB-FalsePhilosopher	txt	879
BruceBAD/BadUSB-FalsePhilosopher/FlipperZero_ducky_payload/prank/Win/Bombs/Zip_Bomb/quack.txt	BadUSB-FalsePhilosopher	txt	590
BruceBAD/BadUSB-FalsePhilosopher/FlipperZero_ducky_payload/prank/Win/Bombs/Zip_Bomb/quackparaloop10.txt	BadUSB-FalsePhilosopher	txt	938
BruceBAD/BadUSB-FalsePhilosopher/FlipperZero_ducky_payload/prank/Win/Bombs/Zip_Bomb/quackparaloop11.txt	BadUSB-FalsePhilosopher	txt	958
BruceBAD/BadUSB-FalsePhilosopher/FlipperZero_ducky_payload/prank/Win/Bombs/Zip_Bomb/quackpara.txt	BadUSB-FalsePhilosopher	txt	923
BruceBAD/BadUSB-FalsePhilosopher/FlipperZero_ducky_payload/prank/Win/Bombs/Zip_Bomb/quackloop.txt	BadUSB-FalsePhilosopher	txt	648
BruceBAD/BadUSB-FalsePhilosopher/FlipperZero_ducky_payload/prank/Win/Bombs/HTML_Forker/payload11.txt	BadUSB-FalsePhilosopher	txt	286
BruceBAD/BadUSB-FalsePhilosopher/FlipperZero_ducky_payload/prank/Win/Bombs/HTML_Forker/payload7.txt	BadUSB-FalsePhilosopher	txt	260
BruceBAD/BadUSB-FalsePhilosopher/FlipperZero_ducky_payload/prank/Win/Bombs/Delete32/32_wants_the_D.txt	BadUSB-FalsePhilosopher	txt	388
BruceBAD/BadUSB-FalsePhilosopher/FlipperZero_ducky_payload/prank/Win/Bombs/Folder_Bomb/quackWIN.txt	BadUSB-FalsePhilosopher	txt	481
BruceBAD/BadUSB-FalsePhilosopher/FlipperZero_ducky_payload/prank/Win/Bombs/tab_bomb/quack.txt	BadUSB-FalsePhilosopher	txt	1199
BruceBAD/BadUSB-FalsePhilosopher/FlipperZero_ducky_payload/prank/Win/Bombs/DUCKY_REAPER/payloadWIN10+11.txt	BadUSB-FalsePhilosopher	txt	561
BruceBAD/BadUSB-FalsePhilosopher/FlipperZero_ducky_payload/prank/Win/Bombs/DUCKY_REAPER/payloadWIN.txt	BadUSB-FalsePhilosopher	txt	619
BruceBAD/BadUSB-FalsePhilosopher/FlipperZero_ducky_payload/prank/Win/Bombs/Sys_Forker/ForkBomb-Win.txt	BadUSB-FalsePhilosopher	txt	504
BruceBAD/BadUSB-FalsePhilosopher/FlipperZero_ducky_payload/prank/Win/Bombs/Sys_Forker/quack10-11.txt	BadUSB-FalsePhilosopher	txt	1063
BruceBAD/BadUSB-FalsePhilosopher/FlipperZero_ducky_payload/prank/Win/Fake_Update/browser/Win7.txt	BadUSB-FalsePhilosopher	txt	148
BruceBAD/BadUSB-FalsePhilosopher/FlipperZero_ducky_payload/prank/Win/Fake_Update/browser/Win10.txt	BadUSB-FalsePhilosopher	txt	154
BruceBAD/BadUSB-FalsePhilosopher/FlipperZero_ducky_payload/prank/Win/Fake_Update/exe/Fake Update.txt	BadUSB-FalsePhilosopher	txt	1117
BruceBAD/BadUSB-FalsePhilosopher/FlipperZero_ducky_payload/prank/Win/JumpScare/payload.txt	BadUSB-FalsePhilosopher	txt	1047
BruceBAD/BadUSB-FalsePhilosopher/FlipperZero_ducky_payload/prank/Win/A_Cagey_Takeover/payload.txt	BadUSB-FalsePhilosopher	txt	1787
BruceBAD/BadUSB-FalsePhilosopher/FlipperZero_ducky_payload/ran/Unix-like/Linux/dransome.txt	BadUSB-FalsePhilosopher	txt	6347
BruceBAD/BadUSB-FalsePhilosopher/FlipperZero_ducky_payload/incident_response/Win/ET-Phone-Home/payload.txt	BadUSB-FalsePhilosopher	txt	853
BruceBAD/BadUSB-FalsePhilosopher/FlipperZero_ducky_payload/incident_response/Win/GoodUSB/payload.txt	BadUSB-FalsePhilosopher	txt	1698
BruceBAD/BadUSB-FalsePhilosopher/FlipperZero_ducky_payload/mobile/Android/Android_HID_Forward-Email/Payload_Gmail.txt	BadUSB-FalsePhilosopher	txt	492
BruceBAD/BadUSB-FalsePhilosopher/FlipperZero_ducky_payload/mobile/Android/Android_HID_Forward-Email/Payload_Samsung.txt	BadUSB-FalsePhilosopher	txt	417
BruceBAD/BadUSB-FalsePhilosopher/FlipperZero_ducky_payload/execution/Unix-like/Linux/DawnKit/payloadonline.txt	BadUSB-FalsePhilosopher	txt	542
BruceBAD/BadUSB-FalsePhilosopher/FlipperZero_ducky_payload/execution/Unix-like/Linux/DawnKit/payload.txt	BadUSB-FalsePhilosopher	txt	2168
BruceBAD/BadUSB-FalsePhilosopher/FlipperZero_ducky_payload/execution/Win/Defeat_Defender/Defeat_Defender.txt	BadUSB-FalsePhilosopher	txt	942
BruceBAD/BadUSB-FalsePhilosopher/FlipperZero_ducky_payload/execution/Win/Admin_Who_Never_Sleeps/payload.txt	BadUSB-FalsePhilosopher	txt	1577
BruceBAD/BadUSB-FalsePhilosopher/FlipperZero_ducky_payload/execution/Win/SafeHaven/SafeHaven.txt	BadUSB-FalsePhilosopher	txt	1266
BruceBAD/BadUSB-FalsePhilosopher/FlipperZero_ducky_payload/execution/Win/UrAttaControl/UrAttaControl-Execute.txt	BadUSB-FalsePhilosopher	txt	1481
BruceBAD/BadUSB-FalsePhilosopher/FlipperZero_ducky_payload/execution/Win/Disable_Windows_Defender/Disable_Windows10_Defender.txt	BadUSB-FalsePhilosopher	txt	747
BruceBAD/BadUSB-FalsePhilosopher/FlipperZero_ducky_payload/execution/Win/Login_CMD/quack.txt	BadUSB-FalsePhilosopher	txt	289
BruceBAD/BadUSB-FalsePhilosopher/FlipperZero_ducky_payload/execution/Win/Kiosk-evasion/kiosk-evasion-payload.txt	BadUSB-FalsePhilosopher	txt	5211
BruceBAD/BadUSB-FalsePhilosopher/FlipperZero_ducky_payload/execution/Win/DuckyHelper/DuckyHelper.txt	BadUSB-FalsePhilosopher	txt	1619
BruceBAD/BadUSB-FalsePhilosopher/FlipperZero_ducky_payload/execution/Win/Add_Local_Admin/payload.txt	BadUSB-FalsePhilosopher	txt	1374
BruceBAD/BadUSB-FalsePhilosopher/FlipperZero_ducky_payload/execution/Win/adminAccountCreator/BadUSB_adminAccountCreator.txt	BadUSB-FalsePhilosopher	txt	1279
BruceBAD/BadUSB-FalsePhilosopher/FlipperZero_ducky_payload/execution/Win/Disable-Windows-Defender-Permanently/Disable-Windows-Defender-Permanently.txt	BadUSB-FalsePhilosopher	txt	1533
BruceBAD/BadUSB-FalsePhilosopher/FlipperZero_ducky_payload/execution/Win/Add_admin_Win/ADD_ADMIN.txt	BadUSB-FalsePhilosopher	txt	951
BruceBAD/BadUSB-FalsePhilosopher/FlipperZero_ducky_payload/exfiltration/Unix-like/OSX/iMessage-Data-Grabber/payload.txt	BadUSB-FalsePhilosopher	txt	802
BruceBAD/BadUSB-FalsePhilosopher/FlipperZero_ducky_payload/exfiltration/Unix-like/OSX/Mail-Grabber/payload.txt	BadUSB-FalsePhilosopher	txt	798
BruceBAD/BadUSB-FalsePhilosopher/FlipperZero_ducky_payload/exfiltration/Win/screenshot_exfil/payload.txt	BadUSB-FalsePhilosopher	txt	1976
BruceBAD/BadUSB-FalsePhilosopher/FlipperZero_ducky_payload/exfiltration/Win/Copy-And-Waste/c.ps1	BadUSB-FalsePhilosopher	ps1	932
BruceBAD/BadUSB-FalsePhilosopher/FlipperZero_ducky_payload/exfiltration/Win/Copy-And-Waste/I.bat	BadUSB-FalsePhilosopher	bat	133
BruceBAD/BadUSB-FalsePhilosopher/FlipperZero_ducky_payload/exfiltration/Win/Copy-And-Waste/payload.txt	BadUSB-FalsePhilosopher	txt	793
BruceBAD/BadUSB-FalsePhilosopher/FlipperZero_ducky_payload/exfiltration/Win/History-Pig/HP.ps1	BadUSB-FalsePhilosopher	ps1	2446
BruceBAD/BadUSB-FalsePhilosopher/FlipperZero_ducky_payload/exfiltration/Win/History-Pig/payload.txt	BadUSB-FalsePhilosopher	txt	542
BruceBAD/BadUSB-FalsePhilosopher/FlipperZero_ducky_payload/exfiltration/Win/Screen-Shock/c.ps1	BadUSB-FalsePhilosopher	ps1	1786
BruceBAD/BadUSB-FalsePhilosopher/FlipperZero_ducky_payload/exfiltration/Win/Screen-Shock/I.bat	BadUSB-FalsePhilosopher	bat	133
BruceBAD/BadUSB-FalsePhilosopher/FlipperZero_ducky_payload/exfiltration/Win/Screen-Shock/payload.txt	BadUSB-FalsePhilosopher	txt	823
BruceBAD/BadUSB-FalsePhilosopher/FlipperZero_ducky_payload/exfiltration/Win/WifiPassGrabberPOST/payload.txt	BadUSB-FalsePhilosopher	txt	817
BruceBAD/BadUSB-FalsePhilosopher/FlipperZero_ducky_payload/exfiltration/Win/Pwn-Drive/c.ps1	BadUSB-FalsePhilosopher	ps1	607
BruceBAD/BadUSB-FalsePhilosopher/FlipperZero_ducky_payload/exfiltration/Win/Pwn-Drive/payload.txt	BadUSB-FalsePhilosopher	txt	577
BruceBAD/BadUSB-FalsePhilosopher/FlipperZero_ducky_payload/exfiltration/Win/Gather_Network_Info/payload.txt	BadUSB-FalsePhilosopher	txt	787
BruceBAD/BadUSB-FalsePhilosopher/FlipperZero_ducky_payload/exfiltration/Win/RDwindowspasswordgrabber/duckyscript.txt	BadUSB-FalsePhilosopher	txt	2917
BruceBAD/BadUSB-FalsePhilosopher/FlipperZero_ducky_payload/exfiltration/Win/Snaffler/snaffler.txt	BadUSB-FalsePhilosopher	txt	201
BruceBAD/BadUSB-FalsePhilosopher/FlipperZero_ducky_payload/exfiltration/Win/Bookmark-Hog/BH.ps1	BadUSB-FalsePhilosopher	ps1	2415
BruceBAD/BadUSB-FalsePhilosopher/FlipperZero_ducky_payload/exfiltration/Win/Bookmark-Hog/payload.txt	BadUSB-FalsePhilosopher	txt	316
BruceBAD/BadUSB-FalsePhilosopher/FlipperZero_ducky_payload/exfiltration/Win/chrome-exfil/payload.txt	BadUSB-FalsePhilosopher	txt	2069
BruceBAD/BadUSB-FalsePhilosopher/FlipperZero_ducky_payload/exfiltration/Win/chrome-exfil/Rubber-Ducky/duckyscript.txt	BadUSB-FalsePhilosopher	txt	1128
BruceBAD/BadUSB-FalsePhilosopher/FlipperZero_ducky_payload/exfiltration/Win/DUCKY-WIFI_GRABER/payload.txt	BadUSB-FalsePhilosopher	txt	2210
BruceBAD/BadUSB-FalsePhilosopher/FlipperZero_ducky_payload/exfiltration/Win/Ducky_Crab/payload.txt	BadUSB-FalsePhilosopher	txt	3949
BruceBAD/BadUSB-FalsePhilosopher/FlipperZero_ducky_payload/exfiltration/Win/Discord_Windows_Wifi_IP-Info/payload.txt	BadUSB-FalsePhilosopher	txt	1676
BruceBAD/BadUSB-FalsePhilosopher/FlipperZero_ducky_payload/exfiltration/Win/passStealer/passStealer.txt	BadUSB-FalsePhilosopher	txt	955
BruceBAD/BadUSB-FalsePhilosopher/FlipperZero_ducky_payload/exfiltration/Win/SMB_share/open_smb_share_to_steal_creds.txt	BadUSB-FalsePhilosopher	txt	430
BruceBAD/BadUSB-FalsePhilosopher/FlipperZero_ducky_payload/exfiltration/Win/Poor_Mans_Nmap/Poor_Mans_Nmap.txt	BadUSB-FalsePhilosopher	txt	5393
BruceBAD/BadUSB-FalsePhilosopher/FlipperZero_ducky_payload/phishing/Win/DNSpoisoning.txt	BadUSB-FalsePhilosopher	txt	221
BruceBAD/BadUSB-FalsePhilosopher/FlipperZero_ducky_payload/phishing/Win/ducky-phisher.txt	BadUSB-FalsePhilosopher	txt	1296
BruceBAD/BadUSB-FalsePhilosopher/FlipperZero_ducky_payload/phishing/Win/duckyphish/duckyphish.txt	BadUSB-FalsePhilosopher	txt	629
BruceBAD/BadUSB-FalsePhilosopher/FlipperZero_ducky_payload/remote_access/Unix-like/OSX/netcatbackdoor3.txt	BadUSB-FalsePhilosopher	txt	693
BruceBAD/BadUSB-FalsePhilosopher/FlipperZero_ducky_payload/remote_access/Unix-like/OSX/passlessSSH.txt	BadUSB-FalsePhilosopher	txt	494
BruceBAD/BadUSB-FalsePhilosopher/FlipperZero_ducky_payload/remote_access/Unix-like/OSX/Root_backdoor.txt	BadUSB-FalsePhilosopher	txt	1467
BruceBAD/BadUSB-FalsePhilosopher/FlipperZero_ducky_payload/remote_access/Unix-like/OSX/Basic_shell.txt	BadUSB-FalsePhilosopher	txt	168
BruceBAD/BadUSB-FalsePhilosopher/FlipperZero_ducky_payload/remote_access/Unix-like/OSX/basic_script.txt	BadUSB-FalsePhilosopher	txt	336
BruceBAD/BadUSB-FalsePhilosopher/FlipperZero_ducky_payload/remote_access/Unix-like/OSX/Bella_Ducky/bella-ducky.txt	BadUSB-FalsePhilosopher	txt	854
BruceBAD/BadUSB-FalsePhilosopher/FlipperZero_ducky_payload/remote_access/Unix-like/Linux/persistentReverseDucky/payload.txt	BadUSB-FalsePhilosopher	txt	1846
BruceBAD/BadUSB-FalsePhilosopher/FlipperZero_ducky_payload/remote_access/Unix-like/Linux/Gnomed/gnomed.txt	BadUSB-FalsePhilosopher	txt	410
BruceBAD/BadUSB-FalsePhilosopher/FlipperZero_ducky_payload/remote_access/Unix-like/Linux/DuckNet/install.sh	BadUSB-FalsePhilosopher	sh	173
BruceBAD/BadUSB-FalsePhilosopher/FlipperZero_ducky_payload/remote_access/Win/win10lockpick.txt	BadUSB-FalsePhilosopher	txt	650
BruceBAD/BadUSB-FalsePhilosopher/FlipperZero_ducky_payload/remote_access/Win/LESiO's Ducky - French Reverse Shell.txt	BadUSB-FalsePhilosopher	txt	2874
BruceBAD/BadUSB-FalsePhilosopher/FlipperZero_ducky_payload/remote_access/Win/WINSHELL.txt	BadUSB-FalsePhilosopher	txt	1262
BruceBAD/BadUSB-FalsePhilosopher/FlipperZero_ducky_payload/remote_access/Win/RegDoor/payload.txt	BadUSB-FalsePhilosopher	txt	262
BruceBAD/BadUSB-FalsePhilosopher/FlipperZero_ducky_payload/remote_access/Win/NSHELL/Payload.txt	BadUSB-FalsePhilosopher	txt	1024
BruceBAD/BadUSB-FalsePhilosopher/FlipperZero_ducky_payload/remote_access/Win/win_winrm-backdoor/payload.txt	BadUSB-FalsePhilosopher	txt	2022
BruceBAD/BadUSB-FalsePhilosopher/FlipperZero_ducky_payload/remote_access/Win/BadUSB_reverseShellInjector/BadUSB_reverseShellInjector.txt	BadUSB-FalsePhilosopher	txt	955
BruceBAD/BadUSB-FalsePhilosopher/FlipperZero_ducky_payload/remote_access/Win/Quick-Reverse-Powershell-Rubber-Ducky/duckycode.txt	BadUSB-FalsePhilosopher	txt	936
BruceBAD/BadUSB-FalsePhilosopher/FlipperZero_ducky_payload/remote_access/Win/Netcat-Reverseshell-On-Log-In/payload.txt	BadUSB-FalsePhilosopher	txt	1307
BruceBAD/BadUSB-FalsePhilosopher/FlipperZero_ducky_payload/remote_access/Win/Mimikatz/mimikatz.txt	BadUSB-FalsePhilosopher	txt	680
BruceBAD/BadUSB-FalsePhilosopher/FlipperZero_ducky_payload/remote_access/Win/Mimikatz/V3.txt	BadUSB-FalsePhilosopher	txt	1804
BruceBAD/BadUSB-FalsePhilosopher/FlipperZero_ducky_payload/remote_access/Win/Mimikatz/mimikatzV2.txt	BadUSB-FalsePhilosopher	txt	1201
BruceBAD/BadUSB-FalsePhilosopher/FlipperZero_ducky_payload/remote_access/Win/ReverseDucky/ReverseDucky.txt	BadUSB-FalsePhilosopher	txt	917
BruceBAD/BadUSB-FalsePhilosopher/FlipperZero_ducky_payload/remote_access/Win/ReverseDucky/ReverseDuckyII.txt	BadUSB-FalsePhilosopher	txt	801
BruceBAD/BadUSB-FalsePhilosopher/FlipperZero_ducky_payload/remote_access/Win/ReverseDucky/payload.txt	BadUSB-FalsePhilosopher	txt	1024
BruceBAD/BadUSB-FalsePhilosopher/FlipperZero_ducky_payload/remote_access/Win/Hidden_access/payload.txt	BadUSB-FalsePhilosopher	txt	1508
BruceBAD/BadUSB-FalsePhilosopher/FlipperZero_ducky_payload/recon/Unix-Like/Linux/linpeas/quackpostexfil.txt	BadUSB-FalsePhilosopher	txt	1161
BruceBAD/BadUSB-FalsePhilosopher/FlipperZero_ducky_payload/recon/Unix-Like/Linux/linpeas/quackgitexfil.txt	BadUSB-FalsePhilosopher	txt	1718
BruceBAD/BadUSB-FalsePhilosopher/FlipperZero_ducky_payload/recon/Unix-Like/Linux/linpeas/quackncexfil.txt	BadUSB-FalsePhilosopher	txt	1157
BruceBAD/BadUSB-FalsePhilosopher/FlipperZero_ducky_payload/recon/Unix-Like/Linux/linpeas/quackwget.txt	BadUSB-FalsePhilosopher	txt	527
BruceBAD/BadUSB-FalsePhilosopher/FlipperZero_ducky_payload/recon/Win/Misc/Show_WiFi_Passwords.txt	BadUSB-FalsePhilosopher	txt	223
BruceBAD/BadUSB-FalsePhilosopher/FlipperZero_ducky_payload/recon/Win/Misc/Show_Saved_Passwords.txt	BadUSB-FalsePhilosopher	txt	746
BruceBAD/BadUSB-FalsePhilosopher/FlipperZero_ducky_payload/recon/Win/Flip-ADV-Recon/ADV-Recon.ps1	BadUSB-FalsePhilosopher	ps1	20475
BruceBAD/BadUSB-FalsePhilosopher/FlipperZero_ducky_payload/recon/Win/Flip-ADV-Recon/ADV-Recon.txt	BadUSB-FalsePhilosopher	txt	579
BruceBAD/BadUSB-FalsePhilosopher/FlipperZero_ducky_payload/recon/Win/Tree_of_Knowledge/payload.txt	BadUSB-FalsePhilosopher	txt	486
BruceBAD/BadUSB-FalsePhilosopher/FlipperZero_ducky_payload/recon/Win/Tree_of_Knowledge/show.bat	BadUSB-FalsePhilosopher	bat	32
BruceBAD/BadUSB-FalsePhilosopher/FlipperZero_ducky_payload/quackberry/exfil_documents.txt	BadUSB-FalsePhilosopher	txt	652
BruceBAD/BadUSB-FalsePhilosopher/FlipperZero_ducky_payload/quackberry/bash_reverse_shell_profile_persistence.txt	BadUSB-FalsePhilosopher	txt	579
BruceBAD/BadUSB-FalsePhilosopher/FlipperZero_ducky_payload/quackberry/python_reverse_shell_cron_persistence.txt	BadUSB-FalsePhilosopher	txt	1411
BruceBAD/BadUSB-FalsePhilosopher/FlipperZero_ducky_payload/quackberry/bash_reverse_shell_bashrc_persistence.txt	BadUSB-FalsePhilosopher	txt	579
BruceBAD/BadUSB-FalsePhilosopher/FlipperZero_ducky_payload/quackberry/bash_reverse_shell.txt	BadUSB-FalsePhilosopher	txt	348
BruceBAD/BadUSB-FalsePhilosopher/FlipperZero_ducky_payload/quackberry/ssh_backdoor.txt	BadUSB-FalsePhilosopher	txt	551
BruceBAD/BadUSB-FalsePhilosopher/FlipperZero_ducky_payload/quackberry/wifi_stealer_to_web.txt	BadUSB-FalsePhilosopher	txt	631
BruceBAD/BadUSB-FalsePhilosopher/FlipperZero_ducky_payload/quackberry/local_web_server_backdoor/local_web_server_backdoor.txt	BadUSB-FalsePhilosopher	txt	538
BruceBAD/BadUSB-FalsePhilosopher/FlipperZero_ducky_payload/credentials/Unix-like/Osx/Sudograbber/sudograbber.txt	BadUSB-FalsePhilosopher	txt	1210
BruceBAD/BadUSB-FalsePhilosopher/FlipperZero_ducky_payload/credentials/Unix-like/Osx/Sudograbber/sudograbber.sh	BadUSB-FalsePhilosopher	sh	67
BruceBAD/BadUSB-FalsePhilosopher/FlipperZero_ducky_payload/credentials/Unix-like/Linux/Sudograbber/sudograbber.txt	BadUSB-FalsePhilosopher	txt	1119
BruceBAD/BadUSB-FalsePhilosopher/FlipperZero_ducky_payload/credentials/Unix-like/Linux/Sudograbber/sudograbber.sh	BadUSB-FalsePhilosopher	sh	67
BruceBAD/BadUSB-FalsePhilosopher/FlipperZero_ducky_payload/credentials/Unix-like/Linux/DuckyLogger/payload.txt	BadUSB-FalsePhilosopher	txt	3329
BruceBAD/BadUSB-FalsePhilosopher/FlipperZero_ducky_payload/credentials/Unix-like/Linux/sudoSnatch/payload.txt	BadUSB-FalsePhilosopher	txt	3732
BruceBAD/BadUSB-FalsePhilosopher/FlipperZero_ducky_payload/credentials/Win/open_smb_share_to_steal_creds.txt	BadUSB-FalsePhilosopher	txt	430
BruceBAD/BadUSB-FalsePhilosopher/FlipperZero_ducky_payload/credentials/Win/-RD-Credz-Plz/Credz-Plz-Execute.txt	BadUSB-FalsePhilosopher	txt	610
BruceBAD/BadUSB-FalsePhilosopher/FlipperZero_ducky_payload/credentials/Win/keyloggerInjector/BadUSB_keyloggerInjector.txt	BadUSB-FalsePhilosopher	txt	965
BruceBAD/BadUSB-FalsePhilosopher/FlipperZero_ducky_payload/credentials/Win/pykeylog/quack.txt	BadUSB-FalsePhilosopher	txt	13
BruceBAD/BadUSB-FalsePhilosopher/FlipperZero_ducky_payload/credentials/Win/Funni_Stick_V3/README.txt	BadUSB-FalsePhilosopher	txt	1308
BruceBAD/BadUSB-FalsePhilosopher/FlipperZero_ducky_payload/credentials/Win/windowsPassDisabler/BadUSB_windowsPassDisabler.txt	BadUSB-FalsePhilosopher	txt	639
BruceBAD/BadUSB-FalsePhilosopher/FlipperZero_ducky_payload/credentials/Win/Simple_User_Password_Grabber/Simple_User_Password_Grabber.txt	BadUSB-FalsePhilosopher	txt	2691
BruceBAD/BadUSB-FalsePhilosopher/FlipperZero_ducky_payload/credentials/Win/datacopier/datacopier.txt	BadUSB-FalsePhilosopher	txt	1158
BruceBAD/PUBLIC-SERVICE-ANNOUNCEMENT/PSA.txt	PUBLIC-SERVICE-ANNOUNCEMENT	txt	1624
BruceBAD/PUBLIC-SERVICE-ANNOUNCEMENT/a_friendly_psa.txt	PUBLIC-SERVICE-ANNOUNCEMENT	txt	1293
BruceBAD/USBScream/Payload.txt	USBScream	txt	2067
BruceBAD/Exfiltrates_the_entire_database_of_the_Notion_client/payload.txt	Exfiltrates_the_entire_database_of_the_Notion_client	txt	1783
BruceBAD/button_deploy/button_deploy.txt	button_deploy	txt	1041
BruceBAD/Windows-Product-Key-Grabber/script.ps1	Windows-Product-Key-Grabber	ps1	2011
BruceBAD/Windows-Product-Key-Grabber/payload.txt	Windows-Product-Key-Grabber	txt	2931
BruceBAD/nullsec-ducky-payloads/requirements.txt	nullsec-ducky-payloads	txt	44
BruceBAD/nullsec-ducky-payloads/setup.py	nullsec-ducky-payloads	py	266
BruceBAD/nullsec-ducky-payloads/payloads/macos/exfil/wifi_extract.txt	nullsec-ducky-payloads	txt	259
BruceBAD/nullsec-ducky-payloads/payloads/linux/exfil/wifi_extract.txt	nullsec-ducky-payloads	txt	200
BruceBAD/nullsec-ducky-payloads/payloads/windows/exfil/wifi_extract.txt	nullsec-ducky-payloads	txt	404
BruceBAD/nullsec-ducky-payloads/payloads/windows/recon/sysinfo.txt	nullsec-ducky-payloads	txt	164
BruceBAD/nullsec-ducky-payloads/tests/test_ducky.py	nullsec-ducky-payloads	py	782
BruceBAD/nullsec-ducky-payloads/examples/basic_usage.py	nullsec-ducky-payloads	py	395
BruceBAD/nullsec-ducky-payloads/src/nullsec_ducky_payloads/config.py	nullsec-ducky-payloads	py	169
BruceBAD/nullsec-ducky-payloads/src/nullsec_ducky_payloads/__init__.py	nullsec-ducky-payloads	py	103
BruceBAD/nullsec-ducky-payloads/src/nullsec_ducky_payloads/core.py	nullsec-ducky-payloads	py	2329
BruceBAD/Hidden_access/payload.txt	Hidden_access	txt	1508
BruceBAD/Network-Enumeration-GUI/Network-Enumeration-GUI.txt	Network-Enumeration-GUI	txt	496
BruceBAD/Network-Enumeration-GUI/main.ps1	Network-Enumeration-GUI	ps1	8945
BruceBAD/Download-and-Execute/Download-Execute.txt	Download-and-Execute	txt	652
BruceBAD/CloseAllApplicationsInWindows/payload.txt	CloseAllApplicationsInWindows	txt	1007
BruceBAD/CloseAllApplicationsInWindows/script.py	CloseAllApplicationsInWindows	py	200
BruceBAD/CloseAllApplicationsInWindows/close_all_app.ps1	CloseAllApplicationsInWindows	ps1	537
BruceBAD/capslock/capslock.txt	capslock	txt	138
BruceBAD/instant-screenshot/FullUpStorage.txt	instant-screenshot	txt	52
BruceBAD/omg-payloads-master/payloads/library/general/Defeat_Defender/payload.txt	omg-payloads-master	txt	942
BruceBAD/omg-payloads-master/payloads/library/general/Win_PoSH_BouncyCoil/payload.txt	omg-payloads-master	txt	13118
BruceBAD/omg-payloads-master/payloads/library/general/PowerShell_Administrator/payload.txt	omg-payloads-master	txt	414
BruceBAD/omg-payloads-master/payloads/library/general/The_Matrix-Wake_Up/payload.txt	omg-payloads-master	txt	1680
BruceBAD/omg-payloads-master/payloads/library/general/Water-UnMark/payload.txt	omg-payloads-master	txt	521
BruceBAD/omg-payloads-master/payloads/library/general/-OMG-Subscribe/Subscribe.txt	omg-payloads-master	txt	794
BruceBAD/omg-payloads-master/payloads/library/general/-OMG-Subscribe/Subscribe.ps1	omg-payloads-master	ps1	3807
BruceBAD/omg-payloads-master/payloads/library/general/-OMG-Subscribe/Subscribe-Execute.txt	omg-payloads-master	txt	533
BruceBAD/omg-payloads-master/payloads/library/general/-OMG-PineApple/PineApple-KeyInjection.txt	omg-payloads-master	txt	1874
BruceBAD/omg-payloads-master/payloads/library/general/-OMG-PineApple/PineApple-Execute.txt	omg-payloads-master	txt	853
BruceBAD/omg-payloads-master/payloads/library/general/-OMG-PineApple/PineApple.ps1	omg-payloads-master	ps1	1276
BruceBAD/omg-payloads-master/payloads/library/general/WiFi_OpSec_Awareness/payload.txt	omg-payloads-master	txt	1121
BruceBAD/omg-payloads-master/payloads/library/prank/OMG-TTS-Windows.txt	omg-payloads-master	txt	959
BruceBAD/omg-payloads-master/payloads/library/prank/OMG-TTS-MacOS.txt	omg-payloads-master	txt	832
BruceBAD/omg-payloads-master/payloads/library/prank/Hacker_Typer/payload.txt	omg-payloads-master	txt	2984
BruceBAD/omg-payloads-master/payloads/library/prank/Change-Gnome-wallpaper/payload.txt	omg-payloads-master	txt	967
BruceBAD/omg-payloads-master/payloads/library/prank/-OMG-Rage-PopUps/Rage-PopUps-Execute.txt	omg-payloads-master	txt	585
BruceBAD/omg-payloads-master/payloads/library/prank/-OMG-Rage-PopUps/Rage-PopUps.ps1	omg-payloads-master	ps1	4658
BruceBAD/omg-payloads-master/payloads/library/prank/Edit_A_Reminder_With_An_iPhone/payload.txt	omg-payloads-master	txt	1127
BruceBAD/omg-payloads-master/payloads/library/prank/Play_A_Song_With_An_iPhone/payload.txt	omg-payloads-master	txt	803
BruceBAD/omg-payloads-master/payloads/library/prank/-OMG-YT-Tripwire/YouTube-TripWire.txt	omg-payloads-master	txt	537
BruceBAD/omg-payloads-master/payloads/library/prank/-OMG-AcidBurn/AcidBurn.ps1	omg-payloads-master	ps1	25218
BruceBAD/omg-payloads-master/payloads/library/prank/-OMG-AcidBurn/AcidBurn-Execute.txt	omg-payloads-master	txt	736
BruceBAD/omg-payloads-master/payloads/library/prank/Seniors_Webcam_Prank/payload.txt	omg-payloads-master	txt	1659
BruceBAD/omg-payloads-master/payloads/library/prank/This_damn_shell_doesn_t_work___so_sad!/payload.txt	omg-payloads-master	txt	1112
BruceBAD/omg-payloads-master/payloads/library/prank/Call_Someone_With_An_iPhone/payload.txt	omg-payloads-master	txt	892
BruceBAD/omg-payloads-master/payloads/library/prank/cApS-Troll/a.ps1	omg-payloads-master	ps1	486
BruceBAD/omg-payloads-master/payloads/library/prank/cApS-Troll/payload.txt	omg-payloads-master	txt	553
BruceBAD/omg-payloads-master/payloads/library/prank/Rick_Rolling_Forever/payload.txt	omg-payloads-master	txt	872
BruceBAD/omg-payloads-master/payloads/library/prank/The_Mouse_Moves_By_Itself/payload.txt	omg-payloads-master	txt	777
BruceBAD/omg-payloads-master/payloads/library/prank/The_Mouse_Moves_By_Itself/script.py	omg-payloads-master	py	357
BruceBAD/omg-payloads-master/payloads/library/prank/-OMG-Wallpaper-Troll/Wallpaper-Troll.ps1	omg-payloads-master	ps1	15111
BruceBAD/omg-payloads-master/payloads/library/prank/Try_To_Catch_Me/payload.txt	omg-payloads-master	txt	742
BruceBAD/omg-payloads-master/payloads/library/prank/Try_To_Catch_Me/script.py	omg-payloads-master	py	4480
BruceBAD/omg-payloads-master/payloads/library/prank/RickRoll_ASCII/payload.txt	omg-payloads-master	txt	7475
BruceBAD/omg-payloads-master/payloads/library/prank/Skynet_pOpUp_Prank/payload.txt	omg-payloads-master	txt	1057
BruceBAD/omg-payloads-master/payloads/library/prank/RanFunWare/r.ps1	omg-payloads-master	ps1	1805
BruceBAD/omg-payloads-master/payloads/library/prank/RanFunWare/payload.txt	omg-payloads-master	txt	564
BruceBAD/omg-payloads-master/payloads/library/prank/-OMG-PS-Draw/PS-Draw-Execute.txt	omg-payloads-master	txt	641
BruceBAD/omg-payloads-master/payloads/library/prank/-OMG-PS-Draw/PS-Custom-Draw.ps1	omg-payloads-master	ps1	11892
BruceBAD/omg-payloads-master/payloads/library/prank/-OMG-PS-Draw/PS-Draw.ps1	omg-payloads-master	ps1	8945
BruceBAD/omg-payloads-master/payloads/library/prank/BlueScreenOfDeath/payload.txt	omg-payloads-master	txt	1178
BruceBAD/omg-payloads-master/payloads/library/prank/-OMG-We-Found-You/We-Found-You-Execute.txt	omg-payloads-master	txt	708
BruceBAD/omg-payloads-master/payloads/library/prank/-OMG-We-Found-You/found-you.ps1	omg-payloads-master	ps1	7634
BruceBAD/omg-payloads-master/payloads/library/prank/-OMG-JumpScare-2.0/JumpScare2.0.txt	omg-payloads-master	txt	825
BruceBAD/omg-payloads-master/payloads/library/prank/Follow_Someone_On_Instagram/payload.txt	omg-payloads-master	txt	1021
BruceBAD/omg-payloads-master/payloads/library/prank/Continuos_Print_In_Terminal/payload.txt	omg-payloads-master	txt	1227
BruceBAD/omg-payloads-master/payloads/library/prank/Continuos_Print_In_Terminal/script.py	omg-payloads-master	py	282
BruceBAD/omg-payloads-master/payloads/library/prank/ChangeDesktopWallpaper_LinuxKDE/payload.txt	omg-payloads-master	txt	1191
BruceBAD/omg-payloads-master/payloads/library/prank/Webcam_Fun/payload.txt	omg-payloads-master	txt	770
BruceBAD/omg-payloads-master/payloads/library/prank/Address_Bar_Attack/payload.txt	omg-payloads-master	txt	1150
BruceBAD/omg-payloads-master/payloads/library/prank/Change_The_App_That_Will_Be_Runned/payload.txt	omg-payloads-master	txt	1500
BruceBAD/omg-payloads-master/payloads/library/prank/Delete_A_Reminder_With_An_iPhone/payload.txt	omg-payloads-master	txt	1035
BruceBAD/omg-payloads-master/payloads/library/prank/-OMG-JumpScare/JumpScare.ps1	omg-payloads-master	ps1	9032
BruceBAD/omg-payloads-master/payloads/library/prank/-OMG-JumpScare/JumpScare-Execute.txt	omg-payloads-master	txt	1047
BruceBAD/omg-payloads-master/payloads/library/prank/Win_Hid_HideIcons/payload.txt	omg-payloads-master	txt	95
BruceBAD/omg-payloads-master/payloads/library/prank/-OMG-ADV-RickRoll/ADV-RickRoll.txt	omg-payloads-master	txt	874
BruceBAD/omg-payloads-master/payloads/library/prank/Full-ScreenBannerJoke/payload.txt	omg-payloads-master	txt	846
BruceBAD/omg-payloads-master/payloads/library/prank/Full-ScreenBannerJoke/script.py	omg-payloads-master	py	867
BruceBAD/omg-payloads-master/payloads/library/prank/WindowS_PoP_uP/payload.txt	omg-payloads-master	txt	1576
BruceBAD/omg-payloads-master/payloads/library/prank/Pranh(ex)/payload.txt	omg-payloads-master	txt	15751899
BruceBAD/omg-payloads-master/payloads/library/prank/Pranh(ex)/assets/hexfile.txt	omg-payloads-master	txt	15750666
BruceBAD/omg-payloads-master/payloads/library/prank/Pranh(ex)/assets/pranh(ex).py	omg-payloads-master	py	1208
BruceBAD/omg-payloads-master/payloads/library/prank/Pranh(ex)/assets/transformation/build/pranh(ex)/warn-pranh(ex).txt	omg-payloads-master	txt	1971
BruceBAD/omg-payloads-master/payloads/library/prank/Change_Github_Profile_Settings/payload.txt	omg-payloads-master	txt	1420
BruceBAD/omg-payloads-master/payloads/library/incident_response/Defend_yourself_against_CVE-2023-36884_Office_and_Windows_HTML_R/payload.txt	omg-payloads-master	txt	3570
BruceBAD/omg-payloads-master/payloads/library/incident_response/Auto-Check_Cisco_IOS_XE_Backdoor_based_on_CVE-2023-20198_and_CVE/script.sh	omg-payloads-master	sh	826
BruceBAD/omg-payloads-master/payloads/library/incident_response/Auto-Check_Cisco_IOS_XE_Backdoor_based_on_CVE-2023-20198_and_CVE/payload.txt	omg-payloads-master	txt	2714
BruceBAD/omg-payloads-master/payloads/library/incident_response/-OMG-ET-Phone-Home/ET-Phone-Home.ps1	omg-payloads-master	ps1	7536
BruceBAD/omg-payloads-master/payloads/library/incident_response/-OMG-ET-Phone-Home/ET-Phone-Home-Execute.txt	omg-payloads-master	txt	880
BruceBAD/omg-payloads-master/payloads/library/incident_response/Exploit_Citrix_NetScaler_ADC_and_Gateway_through_CVE-2023-4966/script.sh	omg-payloads-master	sh	459
BruceBAD/omg-payloads-master/payloads/library/incident_response/Exploit_Citrix_NetScaler_ADC_and_Gateway_through_CVE-2023-4966/gnu-linux_payload.txt	omg-payloads-master	txt	1472
BruceBAD/omg-payloads-master/payloads/library/incident_response/Exploit_Citrix_NetScaler_ADC_and_Gateway_through_CVE-2023-4966/windows-payload.txt	omg-payloads-master	txt	1653
BruceBAD/omg-payloads-master/payloads/library/mobile/ios/ActiveSync-Exfil/payload.txt	omg-payloads-master	txt	1419
BruceBAD/omg-payloads-master/payloads/library/mobile/ios/iOS-Logic-Bomb-Example/payload.txt	omg-payloads-master	txt	1632
BruceBAD/omg-payloads-master/payloads/library/mobile/ios/iOS-Send-Text/iOS-Send-Text.txt	omg-payloads-master	txt	683
BruceBAD/omg-payloads-master/payloads/library/mobile/ios/iOS-Facebook-Contact-Extractor/payload.txt	omg-payloads-master	txt	1561
BruceBAD/omg-payloads-master/payloads/library/mobile/ios/iOS-RickRoll-Photo-Bomb/payload.txt	omg-payloads-master	txt	1028
BruceBAD/omg-payloads-master/payloads/library/mobile/ios/iOS-Create-Contact/payload.txt	omg-payloads-master	txt	540
BruceBAD/omg-payloads-master/payloads/library/mobile/ios/iOS-Hook-Browser/payload.txt	omg-payloads-master	txt	720
BruceBAD/omg-payloads-master/payloads/library/mobile/ios/Simple-iOS-Link-Opener/payload.txt	omg-payloads-master	txt	667
BruceBAD/omg-payloads-master/payloads/library/mobile/ios/RickRoll_Apple/payload.txt	omg-payloads-master	txt	490
BruceBAD/omg-payloads-master/payloads/library/mobile/ios/iOS-Snapchat-Add-Friend/payload.txt	omg-payloads-master	txt	1350
BruceBAD/omg-payloads-master/payloads/library/mobile/ios/iOS-Rickroll-Contact-Full-Chorus/payload.txt	omg-payloads-master	txt	2643
BruceBAD/omg-payloads-master/payloads/library/mobile/ios/iOS-Rickroll-contact/payload.txt	omg-payloads-master	txt	612
BruceBAD/omg-payloads-master/payloads/library/mobile/ios/iOS-FullKeboardAccess/payload.txt	omg-payloads-master	txt	532
BruceBAD/omg-payloads-master/payloads/library/mobile/ios/iOS-Send-Email/iOS-Send-Email.txt	omg-payloads-master	txt	728
BruceBAD/omg-payloads-master/payloads/library/mobile/ios/iOS-Call-Phone-Number/payload.txt	omg-payloads-master	txt	1168
BruceBAD/omg-payloads-master/payloads/library/mobile/ios/iOS-Ryan-Ranalds-SS/payload.txt	omg-payloads-master	txt	873
BruceBAD/omg-payloads-master/payloads/library/mobile/ios/iOS-You-Spin-me-RightRound-Prank/payload.txt	omg-payloads-master	txt	1197
BruceBAD/omg-payloads-master/payloads/library/mobile/ios/iOS-Rickroll-Contact-Full-Chorus - Copy/payload.txt	omg-payloads-master	txt	2643
BruceBAD/omg-payloads-master/payloads/library/mobile/ios/Simple-IOS-Profile-Downloader/payload.txt	omg-payloads-master	txt	898
BruceBAD/omg-payloads-master/payloads/library/mobile/ios/ActiveSync-Exfil-(EXCHANGE)/payload.txt	omg-payloads-master	txt	1288
BruceBAD/omg-payloads-master/payloads/library/mobile/ios/iOS-Contact-Flood-Prank/payload.txt	omg-payloads-master	txt	2144
BruceBAD/omg-payloads-master/payloads/library/mobile/android/Gmail_Forwarding_Persistence/gmail_forward_script.txt	omg-payloads-master	txt	1712
BruceBAD/omg-payloads-master/payloads/library/mobile/android/meterpreter/payload.txt	omg-payloads-master	txt	2218
BruceBAD/omg-payloads-master/payloads/library/mobile/android/meterpreter/payload-alt-MG-Android10.txt	omg-payloads-master	txt	2377
BruceBAD/omg-payloads-master/payloads/library/mobile/android/meterpreter/payload-alt-MG-Android11.txt	omg-payloads-master	txt	2462
BruceBAD/omg-payloads-master/payloads/library/execution/SendMessagesInTeams/payload.txt	omg-payloads-master	txt	1329
BruceBAD/omg-payloads-master/payloads/library/execution/Set_An_Arbitrary_DNS-IPv4_version/payload.txt	omg-payloads-master	txt	1072
BruceBAD/omg-payloads-master/payloads/library/execution/bypass-buddy/reverse-shell.ps1	omg-payloads-master	ps1	1549
BruceBAD/omg-payloads-master/payloads/library/execution/bypass-buddy/payload.txt	omg-payloads-master	txt	1553
BruceBAD/omg-payloads-master/payloads/library/execution/bypass-buddy/img/art.txt	omg-payloads-master	txt	2460
BruceBAD/omg-payloads-master/payloads/library/execution/-OMG-UrAttaControl/UrAttaControl-Execute.txt	omg-payloads-master	txt	1481
BruceBAD/omg-payloads-master/payloads/library/execution/Make_Windows_performant_but_ugly_and_boring/payload.txt	omg-payloads-master	txt	1113
BruceBAD/omg-payloads-master/payloads/library/execution/ExploitingAnExecutableFile/script.sh	omg-payloads-master	sh	464
BruceBAD/omg-payloads-master/payloads/library/execution/ExploitingAnExecutableFile/payload.txt	omg-payloads-master	txt	1147
BruceBAD/omg-payloads-master/payloads/library/execution/Persistent_Reverse_Shell-Telegram_Based/connection.py	omg-payloads-master	py	1190
BruceBAD/omg-payloads-master/payloads/library/execution/Persistent_Reverse_Shell-Telegram_Based/payload.txt	omg-payloads-master	txt	969
BruceBAD/omg-payloads-master/payloads/library/execution/ChangeNetworkConfiguration_Linux/payload.txt	omg-payloads-master	txt	1326
BruceBAD/omg-payloads-master/payloads/library/execution/Admin_Who_Never_Sleeps/payload.txt	omg-payloads-master	txt	1584
BruceBAD/omg-payloads-master/payloads/library/execution/termBomb/payload.txt	omg-payloads-master	txt	1705
BruceBAD/omg-payloads-master/payloads/library/execution/FodCable2 - UAC Bypass/payload.txt	omg-payloads-master	txt	1216
BruceBAD/omg-payloads-master/payloads/library/execution/Uninstall_A_Specific_App_On_Windows_Through_Control_Panel/payload.txt	omg-payloads-master	txt	1612
BruceBAD/omg-payloads-master/payloads/library/execution/browser_execOMG/payload.txt	omg-payloads-master	txt	1003
BruceBAD/omg-payloads-master/payloads/library/execution/SendSignalMessages/payload.txt	omg-payloads-master	txt	1051
BruceBAD/omg-payloads-master/payloads/library/execution/UninstallSignal/payload.txt	omg-payloads-master	txt	730
BruceBAD/omg-payloads-master/payloads/library/execution/Set_An_Arbitrary_And_Persistent_Tor_Circuit-Windows/payload.txt	omg-payloads-master	txt	1671
BruceBAD/omg-payloads-master/payloads/library/execution/shell_trigger/payload.txt	omg-payloads-master	txt	774
BruceBAD/omg-payloads-master/payloads/library/execution/ChangeGitRemoteLink/payload.txt	omg-payloads-master	txt	1197
BruceBAD/omg-payloads-master/payloads/library/execution/Send_Messages_In_Discord_Channel-Server/payload.txt	omg-payloads-master	txt	1188
BruceBAD/omg-payloads-master/payloads/library/execution/Telegram_Persistent_Connection_Linux/connection.py	omg-payloads-master	py	234
BruceBAD/omg-payloads-master/payloads/library/execution/Telegram_Persistent_Connection_Linux/payload.txt	omg-payloads-master	txt	924
BruceBAD/omg-payloads-master/payloads/library/execution/Blue_Harvester/payload.txt	omg-payloads-master	txt	2450
BruceBAD/omg-payloads-master/payloads/library/execution/Set_Tor_Bridge_In_Windows/payload.txt	omg-payloads-master	txt	831
BruceBAD/omg-payloads-master/payloads/library/execution/ChangeMacAddress_Linux/payload.txt	omg-payloads-master	txt	1215
BruceBAD/omg-payloads-master/payloads/library/execution/Stop_A_Single_Process_In_Windows/payload.txt	omg-payloads-master	txt	940
BruceBAD/omg-payloads-master/payloads/library/execution/Set_An_Arbitrary_And_Persistent_Tor_Circuit-Linux/payload.txt	omg-payloads-master	txt	2263
BruceBAD/omg-payloads-master/payloads/library/execution/FodCable - UAC Bypass/payload.txt	omg-payloads-master	txt	2473
BruceBAD/omg-payloads-master/payloads/library/execution/DNS-TXT-Run/payload.txt	omg-payloads-master	txt	3014
BruceBAD/omg-payloads-master/payloads/library/execution/Windows11_CommandPrompt_Downgrade/payload.txt	omg-payloads-master	txt	1188
BruceBAD/omg-payloads-master/payloads/library/execution/Defend_yourself_against_AtlasVPN_bugdoor/payload.txt	omg-payloads-master	txt	1175
BruceBAD/omg-payloads-master/payloads/library/execution/Persistent_Keylogger-Telegram_Based/connection.py	omg-payloads-master	py	1895
BruceBAD/omg-payloads-master/payloads/library/execution/Persistent_Keylogger-Telegram_Based/payload.txt	omg-payloads-master	txt	933
BruceBAD/omg-payloads-master/payloads/library/execution/keyboard_hangover/payload.txt	omg-payloads-master	txt	1076
BruceBAD/omg-payloads-master/payloads/library/execution/SendEmailThroughThunderbird/payload.txt	omg-payloads-master	txt	1267
BruceBAD/omg-payloads-master/payloads/library/execution/Change_Windows_User_Name/payload.txt	omg-payloads-master	txt	946
BruceBAD/omg-payloads-master/payloads/library/execution/Add_An_Excepiton_To_Avast_Antivirus/payload.txt	omg-payloads-master	txt	1084
BruceBAD/omg-payloads-master/payloads/library/execution/C2-Payload-Loader/C2-pLoader.txt	omg-payloads-master	txt	24008
BruceBAD/omg-payloads-master/payloads/library/execution/C2-Payload-Loader/Bootstrap-pLoader.txt	omg-payloads-master	txt	5597
BruceBAD/omg-payloads-master/payloads/library/execution/Add_Local_Admin/payload.txt	omg-payloads-master	txt	1462
BruceBAD/omg-payloads-master/payloads/library/execution/CAPSLOCK_DISABLE/payload.txt	omg-payloads-master	txt	388
BruceBAD/omg-payloads-master/payloads/library/execution/Change_the_password_of_the_windows_user/payload.txt	omg-payloads-master	txt	884
BruceBAD/omg-payloads-master/payloads/library/execution/SendTelegramMessages_Linux/payload.txt	omg-payloads-master	txt	872
BruceBAD/omg-payloads-master/payloads/library/execution/-OMG-ShortcutJacker/Shortcut-Jacker.ps1	omg-payloads-master	ps1	6638
BruceBAD/omg-payloads-master/payloads/library/execution/-OMG-ShortcutJacker/Shortcut-Jacker-Execute.txt	omg-payloads-master	txt	570
BruceBAD/omg-payloads-master/payloads/library/execution/HideInWSL/payload.txt	omg-payloads-master	txt	2318
BruceBAD/omg-payloads-master/payloads/library/execution/Edit_The_Default_Real_App_With_An_Arbitrary/payload.txt	omg-payloads-master	txt	2062
BruceBAD/omg-payloads-master/payloads/library/execution/Install_And_Run_Any_Arbitrary_Executable-No_Internet_And_Root_Needed/payload.txt	omg-payloads-master	txt	1427
BruceBAD/omg-payloads-master/payloads/library/execution/Install_And_Run_Any_Arbitrary_Executable-No_Internet_And_Root_Needed/assets/example.py	omg-payloads-master	py	88
BruceBAD/omg-payloads-master/payloads/library/execution/Install_And_Run_Any_Arbitrary_Executable-No_Internet_And_Root_Needed/assets/convert_to_hex.py	omg-payloads-master	py	614
BruceBAD/omg-payloads-master/payloads/library/execution/Install_And_Run_Any_Arbitrary_Executable-No_Internet_And_Root_Needed/assets/build/example/warn-example.txt	omg-payloads-master	txt	1971
BruceBAD/omg-payloads-master/payloads/library/execution/-OMG-Play-WAV/Play-WAV.ps1	omg-payloads-master	ps1	5791
BruceBAD/omg-payloads-master/payloads/library/execution/rename_entropy/payload.txt	omg-payloads-master	txt	744
BruceBAD/omg-payloads-master/payloads/library/execution/run-command-as-root_without-sudo-password/payload.txt	omg-payloads-master	txt	1275
BruceBAD/omg-payloads-master/payloads/library/execution/CloseAllApplicationsInWindows/payload.txt	omg-payloads-master	txt	934
BruceBAD/omg-payloads-master/payloads/library/execution/CloseAllApplicationsInWindows/script.py	omg-payloads-master	py	200
BruceBAD/omg-payloads-master/payloads/library/execution/CloseAllApplicationsInWindows/close_all_app.ps1	omg-payloads-master	ps1	537
BruceBAD/omg-payloads-master/payloads/library/execution/swap_jack/payload.txt	omg-payloads-master	txt	851
BruceBAD/omg-payloads-master/payloads/library/execution/Starting_a_PowerShell_with_administrator_permissions_in_Windows/payload.txt	omg-payloads-master	txt	1016
BruceBAD/omg-payloads-master/payloads/library/exfiltration/Doc-Hog/d.ps1	omg-payloads-master	ps1	1313
BruceBAD/omg-payloads-master/payloads/library/exfiltration/Doc-Hog/payload.txt	omg-payloads-master	txt	584
BruceBAD/omg-payloads-master/payloads/library/exfiltration/Copy-And-Waste/I.bat	omg-payloads-master	bat	133
BruceBAD/omg-payloads-master/payloads/library/exfiltration/Copy-And-Waste/payload.txt	omg-payloads-master	txt	793
BruceBAD/omg-payloads-master/payloads/library/exfiltration/ExfiltratePhotosThroughShell/script.sh	omg-payloads-master	sh	634
BruceBAD/omg-payloads-master/payloads/library/exfiltration/ExfiltratePhotosThroughShell/payload.txt	omg-payloads-master	txt	1778
BruceBAD/omg-payloads-master/payloads/library/exfiltration/Powershell-History/payload.txt	omg-payloads-master	txt	600
BruceBAD/omg-payloads-master/payloads/library/exfiltration/Powershell-History/PH.ps1	omg-payloads-master	ps1	1756
BruceBAD/omg-payloads-master/payloads/library/exfiltration/Screen-Shock/c.ps1	omg-payloads-master	ps1	1784
BruceBAD/omg-payloads-master/payloads/library/exfiltration/Screen-Shock/I.bat	omg-payloads-master	bat	133
BruceBAD/omg-payloads-master/payloads/library/exfiltration/Screen-Shock/payload.txt	omg-payloads-master	txt	823
BruceBAD/omg-payloads-master/payloads/library/exfiltration/Export_all_saved_certificates_with_Adobe_Reader/payload.txt	omg-payloads-master	txt	1931
BruceBAD/omg-payloads-master/payloads/library/exfiltration/ExfiltrateLinuxLogFiles/payload.txt	omg-payloads-master	txt	1722
BruceBAD/omg-payloads-master/payloads/library/exfiltration/Pwn-Drive/c.ps1	omg-payloads-master	ps1	607
BruceBAD/omg-payloads-master/payloads/library/exfiltration/Pwn-Drive/payload.txt	omg-payloads-master	txt	577
BruceBAD/omg-payloads-master/payloads/library/exfiltration/Exfil-to-Plug/payload.txt	omg-payloads-master	txt	2760
BruceBAD/omg-payloads-master/payloads/library/exfiltration/Export_Cookies_From_Firefox/script.ps1	omg-payloads-master	ps1	789
BruceBAD/omg-payloads-master/payloads/library/exfiltration/Export_Cookies_From_Firefox/payload.txt	omg-payloads-master	txt	1720
BruceBAD/omg-payloads-master/payloads/library/exfiltration/Exfiltrate_Windows_Product_Key/payload.txt	omg-payloads-master	txt	1109
BruceBAD/omg-payloads-master/payloads/library/exfiltration/network_surveillance/payload.txt	omg-payloads-master	txt	1643
BruceBAD/omg-payloads-master/payloads/library/exfiltration/WiFi_Passwd_Grab/payload.txt	omg-payloads-master	txt	3578
BruceBAD/omg-payloads-master/payloads/library/exfiltration/Printer-Recon/PR.ps1	omg-payloads-master	ps1	1393
BruceBAD/omg-payloads-master/payloads/library/exfiltration/Printer-Recon/payload.txt	omg-payloads-master	txt	652
BruceBAD/omg-payloads-master/payloads/library/exfiltration/Priv-Paths/payload.txt	omg-payloads-master	txt	649
BruceBAD/omg-payloads-master/payloads/library/exfiltration/ExfiltrateProcessInfo_Linux/payload.txt	omg-payloads-master	txt	1453
BruceBAD/omg-payloads-master/payloads/library/exfiltration/mysql_dump/payload.txt	omg-payloads-master	txt	1695
BruceBAD/omg-payloads-master/payloads/library/exfiltration/Hard_Con_Exfil/payload.txt	omg-payloads-master	txt	3105
BruceBAD/omg-payloads-master/payloads/library/exfiltration/Spotify-Spy/payload.txt	omg-payloads-master	txt	644
BruceBAD/omg-payloads-master/payloads/library/exfiltration/Spotify-Spy/SS.ps1	omg-payloads-master	ps1	1399
BruceBAD/omg-payloads-master/payloads/library/exfiltration/WiFi2DNS_AES256/payload.txt	omg-payloads-master	txt	3919
BruceBAD/omg-payloads-master/payloads/library/exfiltration/WiFi2DNS_AES256/README.txt	omg-payloads-master	txt	15333
BruceBAD/omg-payloads-master/payloads/library/exfiltration/Network-Panther/n.ps1	omg-payloads-master	ps1	1740
BruceBAD/omg-payloads-master/payloads/library/exfiltration/Network-Panther/payload.txt	omg-payloads-master	txt	650
BruceBAD/omg-payloads-master/payloads/library/exfiltration/Bookmark-Hog/BH.ps1	omg-payloads-master	ps1	2415
BruceBAD/omg-payloads-master/payloads/library/exfiltration/Bookmark-Hog/payload.txt	omg-payloads-master	txt	548
BruceBAD/omg-payloads-master/payloads/library/exfiltration/Create_And_Exfiltrate_A_Webhook_Of_Discord/payload.txt	omg-payloads-master	txt	1718
BruceBAD/omg-payloads-master/payloads/library/exfiltration/ExfiltrateNetworkConfiguration_Linux/payload.txt	omg-payloads-master	txt	2015
BruceBAD/omg-payloads-master/payloads/library/exfiltration/WiFi2DNS/WiFi2DNS.txt	omg-payloads-master	txt	1727
BruceBAD/omg-payloads-master/payloads/library/exfiltration/Windows-netstat/Windows-netstat.ps1	omg-payloads-master	ps1	1608
BruceBAD/omg-payloads-master/payloads/library/exfiltration/Windows-netstat/payload.txt	omg-payloads-master	txt	1569
BruceBAD/omg-payloads-master/payloads/library/exfiltration/ExfiltrateSudoPasswordByPhishing_Linux/payload.txt	omg-payloads-master	txt	1107
BruceBAD/omg-payloads-master/payloads/library/exfiltration/Everything-Password-Stealer/payload.txt	omg-payloads-master	txt	2097
BruceBAD/omg-payloads-master/payloads/library/exfiltration/ExfiltrateProcessInfo_Windows/ExfiltrateProcessInfo.ps1	omg-payloads-master	ps1	1451
BruceBAD/omg-payloads-master/payloads/library/exfiltration/ExfiltrateProcessInfo_Windows/payload.txt	omg-payloads-master	txt	733
BruceBAD/omg-payloads-master/payloads/library/exfiltration/Tree_structure_of_the_operating_system/payload.txt	omg-payloads-master	txt	1420
BruceBAD/omg-payloads-master/payloads/library/exfiltration/ProtonVPN-config/ProtonVPN-config.ps1	omg-payloads-master	ps1	867
BruceBAD/omg-payloads-master/payloads/library/exfiltration/ProtonVPN-config/payload.txt	omg-payloads-master	txt	1924
BruceBAD/omg-payloads-master/payloads/library/exfiltration/Exports_all_the_links_of_the_downloads/payload.txt	omg-payloads-master	txt	1827
BruceBAD/omg-payloads-master/payloads/library/exfiltration/c2-data-exfil-discord/c2-data-exfil-discord.txt	omg-payloads-master	txt	15120
BruceBAD/omg-payloads-master/payloads/library/exfiltration/Exfiltrates_the_entire_database_of_the_Notion_client/payload.txt	omg-payloads-master	txt	1767
BruceBAD/omg-payloads-master/payloads/library/exfiltration/ExfiltrateLinuxContentWithDropbox/payload.txt	omg-payloads-master	txt	1788
BruceBAD/omg-payloads-master/payloads/library/phishing/ExfiltrateEmailAndPasswordByPhising_Linux/payload.txt	omg-payloads-master	txt	1310
BruceBAD/omg-payloads-master/payloads/library/phishing/StandardPhishingPayloadUsingKdialog_Linux/payload.txt	omg-payloads-master	txt	2560
BruceBAD/omg-payloads-master/payloads/library/phishing/StandardPhishingCampaign_Linux/script.js	omg-payloads-master	js	1115
BruceBAD/omg-payloads-master/payloads/library/phishing/StandardPhishingCampaign_Linux/payload.txt	omg-payloads-master	txt	1349
BruceBAD/omg-payloads-master/payloads/library/remote_access/revshell_windows/payload.txt	omg-payloads-master	txt	1393
BruceBAD/omg-payloads-master/payloads/library/remote_access/revshell_macOS/revshell_macOS.txt	omg-payloads-master	txt	417
BruceBAD/omg-payloads-master/payloads/library/remote_access/persistentReverseOMG/payload.txt	omg-payloads-master	txt	1891
BruceBAD/omg-payloads-master/payloads/library/remote_access/PingZhellCable/payload.txt	omg-payloads-master	txt	1843
BruceBAD/omg-payloads-master/payloads/library/remote_access/win_winrm-backdoor/payload.txt	omg-payloads-master	txt	2054
BruceBAD/omg-payloads-master/payloads/library/remote_access/RemoteDeskCable/payload.txt	omg-payloads-master	txt	2062
BruceBAD/omg-payloads-master/payloads/library/remote_access/OMGHoax/payload.txt	omg-payloads-master	txt	1571
BruceBAD/omg-payloads-master/payloads/library/remote_access/OMGNet/install.sh	omg-payloads-master	sh	137
BruceBAD/omg-payloads-master/payloads/library/remote_access/ReverseCable II/payload.txt	omg-payloads-master	txt	1066
BruceBAD/omg-payloads-master/payloads/library/remote_access/ReverseCableSSL/payload.txt	omg-payloads-master	txt	1479
BruceBAD/omg-payloads-master/payloads/library/remote_access/ReverseCable/payload.txt	omg-payloads-master	txt	1072
BruceBAD/omg-payloads-master/payloads/library/remote_access/win_smb-backdoor/payload.txt	omg-payloads-master	txt	2052
BruceBAD/omg-payloads-master/payloads/library/recon/-OMG-ADV-Recon/ADV-Recon.ps1	omg-payloads-master	ps1	20754
BruceBAD/omg-payloads-master/payloads/library/recon/-OMG-ADV-Recon/ADV-Recon-Execute.txt	omg-payloads-master	txt	573
BruceBAD/omg-payloads-master/payloads/library/credentials/OMGLogger/payload.txt	omg-payloads-master	txt	3340
BruceBAD/omg-payloads-master/payloads/library/credentials/wifigrabber/payload.txt	omg-payloads-master	txt	771
BruceBAD/omg-payloads-master/payloads/library/credentials/WLAN-Windows-Passwords/Windows-Passwords.ps1	omg-payloads-master	ps1	489
BruceBAD/omg-payloads-master/payloads/library/credentials/WLAN-Windows-Passwords/payload.txt	omg-payloads-master	txt	1075
BruceBAD/omg-payloads-master/payloads/library/credentials/-OMG-Credz-Plz/Credz-Plz.ps1	omg-payloads-master	ps1	7999
BruceBAD/omg-payloads-master/payloads/library/credentials/-OMG-Credz-Plz/Credz-Plz-Execute.txt	omg-payloads-master	txt	610
BruceBAD/omg-payloads-master/payloads/library/credentials/Defend_yourself_from_CVE-2023-23397/payload.txt	omg-payloads-master	txt	1783
BruceBAD/omg-payloads-master/payloads/library/credentials/Harvester_OF_SORROW/payload.txt	omg-payloads-master	txt	3606
BruceBAD/omg-payloads-master/payloads/library/credentials/SudoSnatch/payload.txt	omg-payloads-master	txt	3563
BruceBAD/omg-payloads-master/payloads/library/credentials/SamDumpCable/payload.txt	omg-payloads-master	txt	1353
BruceBAD/Pranh(ex)/payload.txt	Pranh(ex)	txt	2486
BruceBAD/Pranh(ex)/assets/hexfile.txt	Pranh(ex)	txt	11
BruceBAD/Pranh(ex)/assets/pranh(ex).py	Pranh(ex)	py	1208
BruceBAD/linux_hid_exfil/linux_hid_exfil.txt	linux_hid_exfil	txt	2834
BruceBAD/Bad GPT/PentestGPT.txt	Bad GPT	txt	3945
BruceBAD/the_f_bomb/payload.txt	the_f_bomb	txt	239
BruceBAD/Closer/Closer.txt	Closer	txt	22
BruceBAD/BeEF_Injection/payload.txt	BeEF_Injection	txt	2664
BruceBAD/Horsd/horsd.ps1	Horsd	ps1	505
BruceBAD/Horsd/payload.txt	Horsd	txt	993
BruceBAD/The-Perfect-Stealthy-Payload/payload.txt	The-Perfect-Stealthy-Payload	txt	2938
BruceBAD/PlayASongThroughSpotify_Windows/payload.txt	PlayASongThroughSpotify_Windows	txt	1288
BruceBAD/quackberry/exfil_documents.txt	quackberry	txt	652
BruceBAD/quackberry/bash_reverse_shell_profile_persistence.txt	quackberry	txt	579
BruceBAD/quackberry/python_reverse_shell_cron_persistence.txt	quackberry	txt	1411
BruceBAD/quackberry/bash_reverse_shell_bashrc_persistence.txt	quackberry	txt	579
BruceBAD/quackberry/bash_reverse_shell.txt	quackberry	txt	348
BruceBAD/quackberry/ssh_backdoor.txt	quackberry	txt	551
BruceBAD/quackberry/wifi_stealer_to_web.txt	quackberry	txt	631
BruceBAD/quackberry/local_web_server_backdoor/local_web_server_backdoor.txt	quackberry	txt	538
BruceBAD/ProcessTerminator/payload.txt	ProcessTerminator	txt	406
BruceBAD/ExfiltrateLinuxContentWithDropbox/payload.txt	ExfiltrateLinuxContentWithDropbox	txt	1963
BruceBAD/Cybercrime WINDOWS/Cybercrime WINDOWS.txt	Cybercrime WINDOWS	txt	3249
BruceBAD/credentials/Unix-like/Osx/Sudograbber/sudograbber.txt	credentials	txt	1210
BruceBAD/credentials/Unix-like/Osx/Sudograbber/sudograbber.sh	credentials	sh	67
BruceBAD/credentials/Unix-like/Linux/Sudograbber/sudograbber.txt	credentials	txt	1119
BruceBAD/credentials/Unix-like/Linux/Sudograbber/sudograbber.sh	credentials	sh	67
BruceBAD/credentials/Unix-like/Linux/DuckyLogger/payload.txt	credentials	txt	3329
BruceBAD/credentials/Unix-like/Linux/sudoSnatch/payload.txt	credentials	txt	3732
BruceBAD/credentials/-RD-Credz-Plz/Credz-Plz.ps1	credentials	ps1	7999
BruceBAD/credentials/-RD-Credz-Plz/Credz-Plz-Execute.txt	credentials	txt	610
BruceBAD/credentials/Win/open_smb_share_to_steal_creds.txt	credentials	txt	430
BruceBAD/credentials/Win/-RD-Credz-Plz/Credz-Plz-Execute.txt	credentials	txt	610
BruceBAD/credentials/Win/keyloggerInjector/BadUSB_keyloggerInjector.txt	credentials	txt	965
BruceBAD/credentials/Win/pykeylog/quack.txt	credentials	txt	13
BruceBAD/credentials/Win/Funni_Stick_V3/README.txt	credentials	txt	1308
BruceBAD/credentials/Win/windowsPassDisabler/BadUSB_windowsPassDisabler.txt	credentials	txt	639
BruceBAD/credentials/Win/Simple_User_Password_Grabber/Simple_User_Password_Grabber.txt	credentials	txt	2691
BruceBAD/credentials/Win/datacopier/datacopier.txt	credentials	txt	1158
BruceBAD/credentials/Funni_Stick_V3/README.txt	credentials	txt	1308
BruceBAD/credentials/DuckyLogger/payload.txt	credentials	txt	3329
BruceBAD/credentials/sudoSnatch/payload.txt	credentials	txt	3732
BruceBAD/credentials/Simple_User_Password_Grabber/payload.txt	credentials	txt	2691
BruceBAD/Change_Github_Profile_Settings/payload.txt	Change_Github_Profile_Settings	txt	2648
BruceBAD/Mouse-Clicks-Recorder/Mouse-Clicks-Recorder.txt	Mouse-Clicks-Recorder	txt	564
BruceBAD/Mouse-Clicks-Recorder/main.ps1	Mouse-Clicks-Recorder	ps1	11451
BruceBAD/A_Cagey_Takeover/payload.txt	A_Cagey_Takeover	txt	1787
BruceBAD/FileHunter/payload.txt	FileHunter	txt	3464
BruceBAD/-RD-Play-WAV/Play-WAV.ps1	-RD-Play-WAV	ps1	5791
BruceBAD/-RD-Play-WAV/payload.txt	-RD-Play-WAV	txt	547
BruceBAD/-RD-We-Found-You/payload.txt	-RD-We-Found-You	txt	708
BruceBAD/-RD-We-Found-You/found-you.ps1	-RD-We-Found-You	ps1	7634
BruceBAD/SoundChangeDuck/payload.txt	SoundChangeDuck	txt	583
BruceBAD/Starting_a_PowerShell_with_administrator_permissions_in_Windows/payload.txt	Starting_a_PowerShell_with_administrator_permissions_in_Windows	txt	1070
