path	category	name	device_type	uid
BruceRFID/VizOff.rfid	VizOff.rfid	VizOff		
BruceRFID/bruce_repo.rfid	bruce_repo.rfid	bruce_repo	NTAG215	04 D4 39 0D 11 01 89
BruceRFID/Calling/Call_112.nfc	Calling	Call_112	NTAG216	04 B8 31 3A 30 73 80
BruceRFID/Calling/Call_911.nfc	Calling	Call_911	NTAG216	04 B8 31 3A 30 73 80
BruceRFID/Amiibo/Metroid/[MET]_02_-_Metroid.nfc	Amiibo	[MET]_02_-_Metroid	NTAG215	04 73 A6 D2 D2 65 37
BruceRFID/Amiibo/Metroid/[MET]_01_-_Samus_Aran.nfc	Amiibo	[MET]_01_-_Samus_Aran	NTAG215	04 BE C3 AC F3 8F F0
BruceRFID/Amiibo/Metroid/Metroid_Dread/Samus.nfc	Amiibo	Samus	NTAG215	04 11 FE 63 CA 52 6C
BruceRFID/Amiibo/Metroid/Metroid_Dread/EMMI_.nfc	Amiibo	EMMI_	NTAG215	04 FC 82 F2 CA 52 6C
BruceRFID/Amiibo/Metroid/Metroid_Samus_Returns/Metroid.nfc	Amiibo	Metroid	NTAG215	04 DD 0A 5B 12 BA 4C
BruceRFID/Amiibo/Metroid/Metroid_Samus_Returns/Samus_Aran.nfc	Amiibo	Samus_Aran	NTAG215	04 59 8E 5B F2 E9 4C
BruceRFID/Amiibo/Kirby/[Kirby]_04_-_Waddle_Dee.nfc	Amiibo	[Kirby]_04_-_Waddle_Dee	NTAG215	04 18 54 10 83 39 D8
BruceRFID/Amiibo/Kirby/[Kirby]_01_-_Kirby.nfc	Amiibo	[Kirby]_01_-_Kirby	NTAG215	04 E1 96 76 AC 7E C7
BruceRFID/Amiibo/Kirby/[Kirby]_03_-_King_Dedede.nfc	Amiibo	[Kirby]_03_-_King_Dedede	NTAG215	04 1B 74 67 51 8E 2E
BruceRFID/Amiibo/Kirby/[Kirby]_02_-_Meta_Knight.nfc	Amiibo	[Kirby]_02_-_Meta_Knight	NTAG215	04 3A 2E 3F 84 B8 0B
BruceRFID/Amiibo/Detective_Pikachu/[DEP]_01_-_Detective_Pikachu.nfc	Amiibo	[DEP]_01_-_Detective_Pikachu	NTAG215	04 3C 90 FD F0 71 FF
BruceRFID/Amiibo/Yu-Gi-Oh/-YU-GI-OH-_Roa_Kirishima.nfc	Amiibo	-YU-GI-OH-_Roa_Kirishima	NTAG215	04 14 A3 C6 66 D4 47
BruceRFID/Amiibo/Yu-Gi-Oh/-YU-GI-OH-_Nail_Saionji.nfc	Amiibo	-YU-GI-OH-_Nail_Saionji	NTAG215	04 D8 F6 44 B6 B6 3E
BruceRFID/Amiibo/Yu-Gi-Oh/-YU-GI-OH-_Tatsuhisa_“Luke”_Kamijō.nfc	Amiibo	-YU-GI-OH-_Tatsuhisa_“Luke”_Kamijō	NTAG215	04 CC 72 86 89 B8 A9
BruceRFID/Amiibo/Yu-Gi-Oh/-YU-GI-OH-_Yuga_Ohdo.nfc	Amiibo	-YU-GI-OH-_Yuga_Ohdo	NTAG215	04 C1 BB A1 A7 11 D4
BruceRFID/Amiibo/Yu-Gi-Oh/-YU-GI-OH-_Romin_Kirishima.nfc	Amiibo	-YU-GI-OH-_Romin_Kirishima	NTAG215	04 33 8B 8B D3 C0 21
BruceRFID/Amiibo/Yu-Gi-Oh/-YU-GI-OH-_Gakuto_Sōgetsu.nfc	Amiibo	-YU-GI-OH-_Gakuto_Sōgetsu	NTAG215	04 68 F9 20 D3 7A 65
BruceRFID/Amiibo/Yu-Gi-Oh/-YU-GI-OH-_Asana_Mutsuba.nfc	Amiibo	-YU-GI-OH-_Asana_Mutsuba	NTAG215	04 86 B6 2B F2 62 63
BruceRFID/Amiibo/Dark_Souls/[DS]_01_-_Solaire_of_Astora.nfc	Amiibo	[DS]_01_-_Solaire_of_Astora	NTAG215	04 E9 C0 B9 8B 93 03
BruceRFID/Amiibo/PowerUpBands/Mario.nfc	Amiibo	Mario	NTAG215	04 75 1C E5 56 9E 49
BruceRFID/Amiibo/PowerUpBands/Yoshi.nfc	Amiibo	Yoshi	NTAG215	04 C1 62 2F FB 38 09
BruceRFID/Amiibo/PowerUpBands/Toad.nfc	Amiibo	Toad	NTAG215	04 36 CF 75 25 28 E8
BruceRFID/Amiibo/PowerUpBands/Peach.nfc	Amiibo	Peach	NTAG215	04 91 BC A1 DE E0 3E
BruceRFID/Amiibo/PowerUpBands/Daisy.nfc	Amiibo	Daisy	NTAG215	04 0A 86 00 B6 1D 40
BruceRFID/Amiibo/PowerUpBands/Luigi.nfc	Amiibo	Luigi	NTAG215	04 C2 BC F2 55 34 D7
BruceRFID/Amiibo/Metroid_Dread/[METD]_SAMUS.nfc	Amiibo	[METD]_SAMUS	NTAG215	04 18 BA 51 3D 5F 17
BruceRFID/Amiibo/Metroid_Dread/[METD]E.M.M.I.nfc	Amiibo	[METD]E.M.M.I	NTAG215	04 5B CC 3E 3D D6 C8
BruceRFID/Amiibo/Metroid_Amiibo/Metroid_Dread/Samus_Metroid_Dread.nfc	Amiibo	Samus_Metroid_Dread	NTAG215	04 C4 05 3E A6 1B B0
BruceRFID/Amiibo/Metroid_Amiibo/Metroid_Dread/EMMI.nfc	Amiibo	EMMI	NTAG215	04 B6 61 99 9E 12 F9
BruceRFID/Amiibo/Metroid_Amiibo/Metroid_Samus_Returns/Metroid.nfc	Amiibo	Metroid	NTAG215	04 47 D6 E9 E6 58 56
BruceRFID/Amiibo/Metroid_Amiibo/Metroid_Samus_Returns/Samus_Aran.nfc	Amiibo	Samus_Aran	NTAG215	04 7C 37 FB B8 6F 03
BruceRFID/Amiibo/BoxBoy/Qbby.nfc	Amiibo	Qbby	NTAG215	04 E4 B0 61 71 00 FC
BruceRFID/Amiibo/Chibi-Robo/[CR]_01_-_Chibi-Robo.nfc	Amiibo	[CR]_01_-_Chibi-Robo	NTAG215	04 49 A9 C2 E3 7C 25
BruceRFID/Amiibo/Other/Shovel_Knight.nfc	Amiibo	Shovel_Knight	NTAG215	04 40 F2 3E 2A 54 49
BruceRFID/Amiibo/Other/Fox.nfc	Amiibo	Fox	NTAG215	04 71 C3 3E 82 99 3C
BruceRFID/Amiibo/Other/PAC-MAN.nfc	Amiibo	PAC-MAN	NTAG215	04 EA A0 C6 F2 71 40
BruceRFID/Amiibo/Other/Qbby.nfc	Amiibo	Qbby	NTAG215	04 38 6E DA 42 72 4C
BruceRFID/Amiibo/Other/Chibi_Robo.nfc	Amiibo	Chibi_Robo	NTAG215	04 70 3F C3 9A 57 49
BruceRFID/Amiibo/Other/Sonic.nfc	Amiibo	Sonic	NTAG215	04 42 62 AC 7A 04 3F
BruceRFID/Amiibo/Other/Pikmin.nfc	Amiibo	Pikmin	NTAG215	04 22 D5 7B 4A 31 4C
BruceRFID/Amiibo/Super_Mario/Mario.nfc	Amiibo	Mario	NTAG215	04 77 EE 15 7A 04 3F
BruceRFID/Amiibo/Super_Mario/Cat_Peach.nfc	Amiibo	Cat_Peach	NTAG215	04 10 F6 6A EA FA 6B
BruceRFID/Amiibo/Super_Mario/Boo.nfc	Amiibo	Boo	NTAG215	04 51 F0 2D 52 30 4D
BruceRFID/Amiibo/Super_Mario/Goomba.nfc	Amiibo	Goomba	NTAG215	04 F5 8E F7 DA 1B 4E
BruceRFID/Amiibo/Super_Mario/Rosalina.nfc	Amiibo	Rosalina	NTAG215	04 D7 02 59 3A EA 4C
BruceRFID/Amiibo/Super_Mario/Waluigi.nfc	Amiibo	Waluigi	NTAG215	04 41 59 94 CA E0 49
BruceRFID/Amiibo/Super_Mario/Yoshi.nfc	Amiibo	Yoshi	NTAG215	04 6D FA 1B 62 6F 40
BruceRFID/Amiibo/Super_Mario/Mario_Gold_Edition.nfc	Amiibo	Mario_Gold_Edition	NTAG215	04 BA F7 C1 42 6F 40
BruceRFID/Amiibo/Super_Mario/Mario_Wedding.nfc	Amiibo	Mario_Wedding	NTAG215	04 B8 84 B0 2A 1B 4E
BruceRFID/Amiibo/Super_Mario/Wario.nfc	Amiibo	Wario	NTAG215	04 1F 59 CA 7A DD 4C
BruceRFID/Amiibo/Super_Mario/Peach_Wedding.nfc	Amiibo	Peach_Wedding	NTAG215	04 7A B3 45 C2 E9 4C
BruceRFID/Amiibo/Super_Mario/Koopa_Troopa.nfc	Amiibo	Koopa_Troopa	NTAG215	04 2E D8 7A C2 E9 4C
BruceRFID/Amiibo/Super_Mario/Mario_Silver_Edition.nfc	Amiibo	Mario_Silver_Edition	NTAG215	04 8B 2F 28 12 70 40
BruceRFID/Amiibo/Super_Mario/Bowser_Wedding.nfc	Amiibo	Bowser_Wedding	NTAG215	04 62 B7 59 22 1B 4E
BruceRFID/Amiibo/Super_Mario/Toad.nfc	Amiibo	Toad	NTAG215	04 23 15 BA 52 04 3F
BruceRFID/Amiibo/Super_Mario/Cat_Mario.nfc	Amiibo	Cat_Mario	NTAG215	04 41 81 4C 12 FB 6B
BruceRFID/Amiibo/Super_Mario/Donkey_Kong.nfc	Amiibo	Donkey_Kong	NTAG215	04 4B 63 A4 42 46 4B
BruceRFID/Amiibo/Super_Mario/Peach.nfc	Amiibo	Peach	NTAG215	04 4E 68 AA F2 71 40
BruceRFID/Amiibo/Super_Mario/Bowser.nfc	Amiibo	Bowser	NTAG215	04 51 91 4C E2 6F 40
BruceRFID/Amiibo/Super_Mario/Daisy.nfc	Amiibo	Daisy	NTAG215	04 48 AE 6A 72 ED 4A
BruceRFID/Amiibo/Super_Mario/Luigi.nfc	Amiibo	Luigi	NTAG215	04 A0 99 B5 02 70 40
BruceRFID/Amiibo/Super_Mario/Diddy_Kong.nfc	Amiibo	Diddy_Kong	NTAG215	04 90 A9 B5 D2 ED 4C
BruceRFID/Amiibo/Super_Smash_Bros/Pit.nfc	Amiibo	Pit	NTAG215	04 79 A8 5D 22 FE 3D
BruceRFID/Amiibo/Super_Smash_Bros/[SSB]_59_-_Corrin.nfc	Amiibo	[SSB]_59_-_Corrin	NTAG215	04 A2 59 4E C7 31 EA
BruceRFID/Amiibo/Super_Smash_Bros/Bowser_Jr.nfc	Amiibo	Bowser_Jr	NTAG215	04 AE 0D 2F A2 A1 40
BruceRFID/Amiibo/Super_Smash_Bros/[SSB]_72_-_Pichu.nfc	Amiibo	[SSB]_72_-_Pichu	NTAG215	04 12 93 91 C9 92 22
BruceRFID/Amiibo/Super_Smash_Bros/[SSB]_83_-_Joker.nfc	Amiibo	[SSB]_83_-_Joker	NTAG215	04 12 FC 32 16 24 B9
BruceRFID/Amiibo/Super_Smash_Bros/[SSB]_77_-_Squirtle.nfc	Amiibo	[SSB]_77_-_Squirtle	NTAG215	04 4D 5B 8B F1 F1 E3
BruceRFID/Amiibo/Super_Smash_Bros/Samus.nfc	Amiibo	Samus	NTAG215	04 82 22 2C 6A BD 3C
BruceRFID/Amiibo/Super_Smash_Bros/Rosalina_Luma.nfc	Amiibo	Rosalina_Luma	NTAG215	04 7B CC 3B 32 62 3E
BruceRFID/Amiibo/Super_Smash_Bros/[SSB]_82_-_Richter.nfc	Amiibo	[SSB]_82_-_Richter	NTAG215	04 A4 EB 13 8D CC E1
BruceRFID/Amiibo/Super_Smash_Bros/Meta_Knight.nfc	Amiibo	Meta_Knight	NTAG215	04 99 75 60 F2 C6 40
BruceRFID/Amiibo/Super_Smash_Bros/Fox.nfc	Amiibo	Fox	NTAG215	04 71 C3 3E 82 99 3C
BruceRFID/Amiibo/Super_Smash_Bros/[SSB]_54_-_R.O.B._(Famicom).nfc	Amiibo	[SSB]_54_-_R.O.B._(Famicom)	NTAG215	04 81 EB 51 12 C0 97
BruceRFID/Amiibo/Super_Smash_Bros/[SSB]_06_-_Fox.nfc	Amiibo	[SSB]_06_-_Fox	NTAG215	04 E0 6C 5C AC 28 EF
BruceRFID/Amiibo/Super_Smash_Bros/Mr_Game_Watch.nfc	Amiibo	Mr_Game_Watch	NTAG215	04 B3 12 2D 23 10 02
BruceRFID/Amiibo/Super_Smash_Bros/[SSB]_14_-_Diddy_Kong.nfc	Amiibo	[SSB]_14_-_Diddy_Kong	NTAG215	04 34 2D 24 9C D3 11
BruceRFID/Amiibo/Super_Smash_Bros/[SSB]_86_-_Terry.nfc	Amiibo	[SSB]_86_-_Terry	NTAG215	04 0F CC C0 CC 64 CB
BruceRFID/Amiibo/Super_Smash_Bros/[SSB]_46_-_R.O.B._(NES).nfc	Amiibo	[SSB]_46_-_R.O.B._(NES)	NTAG215	04 C2 14 F6 6B D8 1A
BruceRFID/Amiibo/Super_Smash_Bros/Mii_Gunner.nfc	Amiibo	Mii_Gunner	NTAG215	04 14 CE 56 2E 10 02
BruceRFID/Amiibo/Super_Smash_Bros/Mythra.nfc	Amiibo	Mythra	NTAG215	04 A2 45 4A 59 E2 34
BruceRFID/Amiibo/Super_Smash_Bros/[SSB]_22_-_Toon_Link.nfc	Amiibo	[SSB]_22_-_Toon_Link	NTAG215	04 BB F0 94 CF 12 27
BruceRFID/Amiibo/Super_Smash_Bros/Chrom.nfc	Amiibo	Chrom	NTAG215	04 34 24 9C 2A AC 65
BruceRFID/Amiibo/Super_Smash_Bros/[SSB]_37_-_Jigglypuff.nfc	Amiibo	[SSB]_37_-_Jigglypuff	NTAG215	04 88 16 F7 DC 06 01
BruceRFID/Amiibo/Super_Smash_Bros/Squirtle.nfc	Amiibo	Squirtle	NTAG215	04 EA 38 5E 72 29 5E
BruceRFID/Amiibo/Super_Smash_Bros/Ice_Climbers.nfc	Amiibo	Ice_Climbers	NTAG215	04 5A 3C EA 82 B7 5D
BruceRFID/Amiibo/Super_Smash_Bros/[SSB]_32_-_Wario.nfc	Amiibo	[SSB]_32_-_Wario	NTAG215	04 1E 68 2E 24 8C E9
BruceRFID/Amiibo/Super_Smash_Bros/Palutena.nfc	Amiibo	Palutena	NTAG215	04 87 EC E7 62 E8 4C
BruceRFID/Amiibo/Super_Smash_Bros/Zero_Suit_Samus.nfc	Amiibo	Zero_Suit_Samus	NTAG215	04 1B 68 FF A2 A1 40
BruceRFID/Amiibo/Super_Smash_Bros/Dark_Pit.nfc	Amiibo	Dark_Pit	NTAG215	04 31 61 DC 92 54 49
BruceRFID/Amiibo/Super_Smash_Bros/[SSB]_19_-_Rosalina.nfc	Amiibo	[SSB]_19_-_Rosalina	NTAG215	04 24 6C BE E0 D8 04
BruceRFID/Amiibo/Super_Smash_Bros/Mario.nfc	Amiibo	Mario	NTAG215	04 64 7F 97 62 98 3C
BruceRFID/Amiibo/Super_Smash_Bros/[SSB]_24_-_Ike.nfc	Amiibo	[SSB]_24_-_Ike	NTAG215	04 0B D4 7E 7F F9 96
BruceRFID/Amiibo/Super_Smash_Bros/ROB_Famicom.nfc	Amiibo	ROB_Famicom	NTAG215	04 D7 0D 56 0A 3B 40
BruceRFID/Amiibo/Super_Smash_Bros/[SSB]_25_-_Shulk.nfc	Amiibo	[SSB]_25_-_Shulk	NTAG215	04 4C F6 F1 A2 4B 69
BruceRFID/Amiibo/Super_Smash_Bros/[SSB]_01_-_Mario.nfc	Amiibo	[SSB]_01_-_Mario	NTAG215	04 DE 18 20 43 20 B2
BruceRFID/Amiibo/Super_Smash_Bros/[SSB]_09_-_Villager.nfc	Amiibo	[SSB]_09_-_Villager	NTAG215	04 B1 05 9F 51 6E EB
BruceRFID/Amiibo/Super_Smash_Bros/Snake.nfc	Amiibo	Snake	NTAG215	04 61 9F 72 C2 6A 5F
BruceRFID/Amiibo/Super_Smash_Bros/Villager.nfc	Amiibo	Villager	NTAG215	04 AF F1 D2 62 98 3C
BruceRFID/Amiibo/Super_Smash_Bros/[SSB]_81_-_Dark_Samus.nfc	Amiibo	[SSB]_81_-_Dark_Samus	NTAG215	04 D3 8E D0 0B 50 7E
BruceRFID/Amiibo/Super_Smash_Bros/[SSB]_89_-_Alex.nfc	Amiibo	[SSB]_89_-_Alex	NTAG215	04 1E C8 F9 A2 A0 F1
BruceRFID/Amiibo/Super_Smash_Bros/Mega_Man.nfc	Amiibo	Mega_Man	NTAG215	04 E0 25 49 62 E3 3E
BruceRFID/Amiibo/Super_Smash_Bros/[SSB]_80_-_Chrom.nfc	Amiibo	[SSB]_80_-_Chrom	NTAG215	04 E0 EE 15 5F 6D 81
BruceRFID/Amiibo/Super_Smash_Bros/[SSB]_29_-_Meta_Knight.nfc	Amiibo	[SSB]_29_-_Meta_Knight	NTAG215	04 CA 4F FB 60 1F 5F
BruceRFID/Amiibo/Super_Smash_Bros/Shulk.nfc	Amiibo	Shulk	NTAG215	04 29 85 20 42 C2 3E
BruceRFID/Amiibo/Super_Smash_Bros/[SSB]_31_-_Lucina.nfc	Amiibo	[SSB]_31_-_Lucina	NTAG215	04 0A CE 01 C7 A3 5F
BruceRFID/Amiibo/Super_Smash_Bros/Richter.nfc	Amiibo	Richter	NTAG215	04 A8 CB EF D2 13 65
BruceRFID/Amiibo/Super_Smash_Bros/[SSB]_78_-_Simon.nfc	Amiibo	[SSB]_78_-_Simon	NTAG215	04 98 5A FB 4F D3 FF
BruceRFID/Amiibo/Super_Smash_Bros/Ness.nfc	Amiibo	Ness	NTAG215	04 3B 81 36 4A 6F 40
BruceRFID/Amiibo/Super_Smash_Bros/[SSB]_23_-_Sheik.nfc	Amiibo	[SSB]_23_-_Sheik	NTAG215	04 7A 2E 7F F3 77 B3
BruceRFID/Amiibo/Super_Smash_Bros/[SSB]_07_-_Samus.nfc	Amiibo	[SSB]_07_-_Samus	NTAG215	04 0E E2 13 F9 6E E0
BruceRFID/Amiibo/Super_Smash_Bros/[SSB]_91_-_Kazuya.nfc	Amiibo	[SSB]_91_-_Kazuya	NTAG215	04 7F C6 DB 87 DA EE
BruceRFID/Amiibo/Super_Smash_Bros/Bayonetta_Player_2.nfc	Amiibo	Bayonetta_Player_2	NTAG215	04 13 9A 05 62 BA 4C
BruceRFID/Amiibo/Super_Smash_Bros/Greninja.nfc	Amiibo	Greninja	NTAG215	04 31 EE 53 02 72 40
BruceRFID/Amiibo/Super_Smash_Bros/[SSB]_64_-_Inkling.nfc	Amiibo	[SSB]_64_-_Inkling	NTAG215	04 D7 6A 8E F5 DB 9D
BruceRFID/Amiibo/Super_Smash_Bros/[SSB]_15_-_Luigi.nfc	Amiibo	[SSB]_15_-_Luigi	NTAG215	04 13 4E 14 4E 2D 2B
BruceRFID/Amiibo/Super_Smash_Bros/Young_Link.nfc	Amiibo	Young_Link	NTAG215	04 97 08 13 B2 43 5F
BruceRFID/Amiibo/Super_Smash_Bros/[SSB]_10_-_Pikachu.nfc	Amiibo	[SSB]_10_-_Pikachu	NTAG215	04 40 65 E5 26 01 36
BruceRFID/Amiibo/Super_Smash_Bros/[SSB]_55_-_Roy.nfc	Amiibo	[SSB]_55_-_Roy	NTAG215	04 2A 5F 97 4D 6C 54
BruceRFID/Amiibo/Super_Smash_Bros/Dr_Mario.nfc	Amiibo	Dr_Mario	NTAG215	04 D2 F2 AC 02 7D 48
BruceRFID/Amiibo/Super_Smash_Bros/Simon.nfc	Amiibo	Simon	NTAG215	04 8B 53 54 E2 D9 64
BruceRFID/Amiibo/Super_Smash_Bros/[SSB]_92_-_Mythra.nfc	Amiibo	[SSB]_92_-_Mythra	NTAG215	04 29 F0 88 25 4A 84
BruceRFID/Amiibo/Super_Smash_Bros/Dark_Samus.nfc	Amiibo	Dark_Samus	NTAG215	04 12 60 FE 02 14 65
BruceRFID/Amiibo/Super_Smash_Bros/Joker.nfc	Amiibo	Joker	NTAG215	04 F5 0F 76 2F 10 02
BruceRFID/Amiibo/Super_Smash_Bros/Olimar.nfc	Amiibo	Olimar	NTAG215	04 69 D2 37 62 7C 48
BruceRFID/Amiibo/Super_Smash_Bros/Wolf.nfc	Amiibo	Wolf	NTAG215	04 4C 98 58 31 10 02
BruceRFID/Amiibo/Super_Smash_Bros/Toon_Link.nfc	Amiibo	Toon_Link	NTAG215	04 F1 2F 52 42 C2 3E
BruceRFID/Amiibo/Super_Smash_Bros/Bayonetta_Player_1.nfc	Amiibo	Bayonetta_Player_1	NTAG215	04 34 C2 7A 1A BA 4C
BruceRFID/Amiibo/Super_Smash_Bros/Alex.nfc	Amiibo	Alex	NTAG215	04 5B FF 12 B6 72 80
BruceRFID/Amiibo/Super_Smash_Bros/[SSB]_08_-_Wii_Fit_Trainer.nfc	Amiibo	[SSB]_08_-_Wii_Fit_Trainer	NTAG215	04 78 68 14 EE E8 EC
BruceRFID/Amiibo/Super_Smash_Bros/King_Dedede.nfc	Amiibo	King_Dedede	NTAG215	04 CB E1 A6 BA A1 40
BruceRFID/Amiibo/Super_Smash_Bros/[SSB]_58_-_Cloud_(Player_2).nfc	Amiibo	[SSB]_58_-_Cloud_(Player_2)	NTAG215	04 0B 13 39 1A E6 BA
BruceRFID/Amiibo/Super_Smash_Bros/[SSB]_13_-_Zelda.nfc	Amiibo	[SSB]_13_-_Zelda	NTAG215	04 DD 9D 61 4E 16 32
BruceRFID/Amiibo/Super_Smash_Bros/Yoshi.nfc	Amiibo	Yoshi	NTAG215	04 4A E1 27 6A BD 3C
BruceRFID/Amiibo/Super_Smash_Bros/[SSB]_74_-_Pokémon_Trainer.nfc	Amiibo	[SSB]_74_-_Pokémon_Trainer	NTAG215	04 D2 49 42 B6 96 E6
BruceRFID/Amiibo/Super_Smash_Bros/[SSB]_90_-_Sephiroth.nfc	Amiibo	[SSB]_90_-_Sephiroth	NTAG215	04 BF 34 AB D5 FD 0B
BruceRFID/Amiibo/Super_Smash_Bros/Jigglypuff.nfc	Amiibo	Jigglypuff	NTAG215	04 3B 45 F2 12 72 40
BruceRFID/Amiibo/Super_Smash_Bros/Pyra.nfc	Amiibo	Pyra	NTAG215	04 9A 0A 56 FA 76 95
BruceRFID/Amiibo/Super_Smash_Bros/Sheik.nfc	Amiibo	Sheik	NTAG215	04 7B 6E 99 B2 A1 3E
BruceRFID/Amiibo/Super_Smash_Bros/[SSB]_61_-_Bayonetta.nfc	Amiibo	[SSB]_61_-_Bayonetta	NTAG215	04 2A 68 93 1E 1A 6D
BruceRFID/Amiibo/Super_Smash_Bros/[SSB]_65_-_Ridley.nfc	Amiibo	[SSB]_65_-_Ridley	NTAG215	04 28 44 6D 33 F7 5E
BruceRFID/Amiibo/Super_Smash_Bros/Terry.nfc	Amiibo	Terry	NTAG215	04 49 92 57 92 AA 52
BruceRFID/Amiibo/Super_Smash_Bros/Falco.nfc	Amiibo	Falco	NTAG215	04 14 3C A4 FA 57 49
BruceRFID/Amiibo/Super_Smash_Bros/[SSB]_28_-_King_Dedede.nfc	Amiibo	[SSB]_28_-_King_Dedede	NTAG215	04 78 C6 4E 2A 3A E7
BruceRFID/Amiibo/Super_Smash_Bros/Pichu.nfc	Amiibo	Pichu	NTAG215	04 93 76 69 FA 57 5D
BruceRFID/Amiibo/Super_Smash_Bros/[SSB]_44_-_Olimar.nfc	Amiibo	[SSB]_44_-_Olimar	NTAG215	04 8A A7 B9 D7 DB D2
BruceRFID/Amiibo/Super_Smash_Bros/[SSB]_92_-_Pyra.nfc	Amiibo	[SSB]_92_-_Pyra	NTAG215	04 26 4B 6E 25 87 8D
BruceRFID/Amiibo/Super_Smash_Bros/[SSB]_18_-_Captain_Falcon.nfc	Amiibo	[SSB]_18_-_Captain_Falcon	NTAG215	04 1A 4B AD 31 08 F3
BruceRFID/Amiibo/Super_Smash_Bros/[SSB]_43_-_Bowser_Jr.nfc	Amiibo	[SSB]_43_-_Bowser_Jr	NTAG215	04 1F D4 A3 4B C6 71
BruceRFID/Amiibo/Super_Smash_Bros/[SSB]_79_-_Incineroar.nfc	Amiibo	[SSB]_79_-_Incineroar	NTAG215	04 E0 19 29 6D 67 47
BruceRFID/Amiibo/Super_Smash_Bros/Cloud_Player_1.nfc	Amiibo	Cloud_Player_1	NTAG215	04 62 ED 03 32 72 4C
BruceRFID/Amiibo/Super_Smash_Bros/[SSB]_67_-_King_K_Rool.nfc	Amiibo	[SSB]_67_-_King_K_Rool	NTAG215	04 F3 C5 E4 A1 9E 34
BruceRFID/Amiibo/Super_Smash_Bros/Banjo_Kazooie.nfc	Amiibo	Banjo_Kazooie	NTAG215	04 0C 75 F5 92 04 6C
BruceRFID/Amiibo/Super_Smash_Bros/Marth.nfc	Amiibo	Marth	NTAG215	04 C4 D3 9B 32 98 3C
BruceRFID/Amiibo/Super_Smash_Bros/Zelda.nfc	Amiibo	Zelda	NTAG215	04 20 51 FD CA 9A 3D
BruceRFID/Amiibo/Super_Smash_Bros/[SSB]_39_-_Dark_Pit.nfc	Amiibo	[SSB]_39_-_Dark_Pit	NTAG215	04 2F 22 03 8E 7B 0A
BruceRFID/Amiibo/Super_Smash_Bros/[SSB]_84_-_Hero.nfc	Amiibo	[SSB]_84_-_Hero	NTAG215	04 9C 28 5C 84 C7 B4
BruceRFID/Amiibo/Super_Smash_Bros/[SSB]_66_-_Piranha_Plant.nfc	Amiibo	[SSB]_66_-_Piranha_Plant	NTAG215	04 95 00 34 B8 86 1C
BruceRFID/Amiibo/Super_Smash_Bros/[SSB]_56_-_Ryu.nfc	Amiibo	[SSB]_56_-_Ryu	NTAG215	04 C9 BB 4B 85 11 95
BruceRFID/Amiibo/Super_Smash_Bros/[SSB]_05_-_Link.nfc	Amiibo	[SSB]_05_-_Link	NTAG215	04 E7 07 15 67 D0 5A
BruceRFID/Amiibo/Super_Smash_Bros/Cloud_Player_2.nfc	Amiibo	Cloud_Player_2	NTAG215	04 06 27 AD DA B9 4C
BruceRFID/Amiibo/Super_Smash_Bros/ROB_NES.nfc	Amiibo	ROB_NES	NTAG215	04 F3 64 1B 3A 03 49
BruceRFID/Amiibo/Super_Smash_Bros/[SSB]_68_-_Ice_Climbers.nfc	Amiibo	[SSB]_68_-_Ice_Climbers	NTAG215	04 95 D5 70 AE B8 B6
BruceRFID/Amiibo/Super_Smash_Bros/Wario.nfc	Amiibo	Wario	NTAG215	04 8B C6 C1 6A 6F 40
BruceRFID/Amiibo/Super_Smash_Bros/[SSB]_27S_-_Mega_Man_(Gold_Edition).nfc	Amiibo	[SSB]_27S_-_Mega_Man_(Gold_Edition)	NTAG215	04 10 6A 6D CC 61 9A
BruceRFID/Amiibo/Super_Smash_Bros/Lucas.nfc	Amiibo	Lucas	NTAG215	04 08 21 A5 32 12 4A
BruceRFID/Amiibo/Super_Smash_Bros/Piranha_Plant.nfc	Amiibo	Piranha_Plant	NTAG215	04 6C 37 D7 F2 B6 5D
BruceRFID/Amiibo/Super_Smash_Bros/Mewtwo.nfc	Amiibo	Mewtwo	NTAG215	04 31 BF 02 9A 55 49
BruceRFID/Amiibo/Super_Smash_Bros/[SSB]_89_-_Steve.nfc	Amiibo	[SSB]_89_-_Steve	NTAG215	04 BD E8 72 45 37 E6
BruceRFID/Amiibo/Super_Smash_Bros/Kirby.nfc	Amiibo	Kirby	NTAG215	04 2A F3 55 EA 9A 3D
BruceRFID/Amiibo/Super_Smash_Bros/Ridley.nfc	Amiibo	Ridley	NTAG215	04 EB 10 77 02 5D 5D
BruceRFID/Amiibo/Super_Smash_Bros/Incineroar.nfc	Amiibo	Incineroar	NTAG215	04 F3 B4 CB 3A D9 64
BruceRFID/Amiibo/Super_Smash_Bros/[SSB]_03_-_Yoshi.nfc	Amiibo	[SSB]_03_-_Yoshi	NTAG215	04 F1 4D 07 B0 0E 34
BruceRFID/Amiibo/Super_Smash_Bros/[SSB]_75_-_Snake.nfc	Amiibo	[SSB]_75_-_Snake	NTAG215	04 BF D0 26 60 FD A8
BruceRFID/Amiibo/Super_Smash_Bros/Corrin_Player_2.nfc	Amiibo	Corrin_Player_2	NTAG215	04 35 98 21 72 5F 57
BruceRFID/Amiibo/Super_Smash_Bros/[SSB]_30_-_Robin.nfc	Amiibo	[SSB]_30_-_Robin	NTAG215	04 FE 4E 2F B4 54 E8
BruceRFID/Amiibo/Super_Smash_Bros/[SSB]_87_-_Byleth.nfc	Amiibo	[SSB]_87_-_Byleth	NTAG215	04 5A 59 1C A2 50 1F
BruceRFID/Amiibo/Super_Smash_Bros/Steve.nfc	Amiibo	Steve	NTAG215	04 21 1B 62 B8 72 81
BruceRFID/Amiibo/Super_Smash_Bros/Little_Mac.nfc	Amiibo	Little_Mac	NTAG215	04 93 EC F3 EA 9A 3D
BruceRFID/Amiibo/Super_Smash_Bros/[SSB]_76_-_Ivysaur.nfc	Amiibo	[SSB]_76_-_Ivysaur	NTAG215	04 57 42 B3 E8 07 11
BruceRFID/Amiibo/Super_Smash_Bros/[SSB]_35_-_Pac-Man.nfc	Amiibo	[SSB]_35_-_Pac-Man	NTAG215	04 8E 16 23 26 37 3A
BruceRFID/Amiibo/Super_Smash_Bros/Captain_Falcon.nfc	Amiibo	Captain_Falcon	NTAG215	04 7E F2 00 3A C2 3E
BruceRFID/Amiibo/Super_Smash_Bros/[SSB]_33_-_Charizard.nfc	Amiibo	[SSB]_33_-_Charizard	NTAG215	04 D2 D3 53 DC 5A 40
BruceRFID/Amiibo/Super_Smash_Bros/Roy.nfc	Amiibo	Roy	NTAG215	04 6F 8C 6F D2 EE 4A
BruceRFID/Amiibo/Super_Smash_Bros/[SSB]_11_-_Kirby.nfc	Amiibo	[SSB]_11_-_Kirby	NTAG215	04 AB 2D 74 2F 9F 86
BruceRFID/Amiibo/Super_Smash_Bros/[SSB]_38_-_Palutena.nfc	Amiibo	[SSB]_38_-_Palutena	NTAG215	04 11 7F BA 8A BE 1C
BruceRFID/Amiibo/Super_Smash_Bros/[SSB]_51_-_Mewtwo.nfc	Amiibo	[SSB]_51_-_Mewtwo	NTAG215	04 54 3C F9 D1 39 35
BruceRFID/Amiibo/Super_Smash_Bros/[SSB]_02_-_Peach.nfc	Amiibo	[SSB]_02_-_Peach	NTAG215	04 D4 53 75 CC E0 11
BruceRFID/Amiibo/Super_Smash_Bros/[SSB]_48_-_Mii_Brawler.nfc	Amiibo	[SSB]_48_-_Mii_Brawler	NTAG215	04 B9 DF 78 1E F7 CA
BruceRFID/Amiibo/Super_Smash_Bros/[SSB]_69_-_Ken.nfc	Amiibo	[SSB]_69_-_Ken	NTAG215	04 57 D7 77 E3 B1 CB
BruceRFID/Amiibo/Super_Smash_Bros/[SSB]_63_-_Wolf.nfc	Amiibo	[SSB]_63_-_Wolf	NTAG215	04 47 79 BF 2E 41 1B
BruceRFID/Amiibo/Super_Smash_Bros/Isabelle.nfc	Amiibo	Isabelle	NTAG215	04 D2 1D 43 B2 BA 5D
BruceRFID/Amiibo/Super_Smash_Bros/Mii_Fighter.nfc	Amiibo	Mii_Fighter	NTAG215	04 78 54 A0 72 B2 48
BruceRFID/Amiibo/Super_Smash_Bros/Lucina.nfc	Amiibo	Lucina	NTAG215	04 67 8E 65 02 72 40
BruceRFID/Amiibo/Super_Smash_Bros/[SSB]_40_-_Zero_Suit_Samus.nfc	Amiibo	[SSB]_40_-_Zero_Suit_Samus	NTAG215	04 92 37 E2 A2 16 BB
BruceRFID/Amiibo/Super_Smash_Bros/King_K_Rool.nfc	Amiibo	King_K_Rool	NTAG215	04 E2 EA 84 AA 43 5F
BruceRFID/Amiibo/Super_Smash_Bros/Corrin_Player_1.nfc	Amiibo	Corrin_Player_1	NTAG215	04 81 C5 C8 E2 E9 4C
BruceRFID/Amiibo/Super_Smash_Bros/[SSB]_41_-_Ganondorf.nfc	Amiibo	[SSB]_41_-_Ganondorf	NTAG215	04 6E C4 64 99 7B 99
BruceRFID/Amiibo/Super_Smash_Bros/Ryu.nfc	Amiibo	Ryu	NTAG215	04 72 85 7B 32 A6 4A
BruceRFID/Amiibo/Super_Smash_Bros/[SSB]_85_-_Banjo___Kazooie.nfc	Amiibo	[SSB]_85_-_Banjo___Kazooie	NTAG215	04 41 10 16 45 2C 65
BruceRFID/Amiibo/Super_Smash_Bros/[SSB]_53_-_Lucas.nfc	Amiibo	[SSB]_53_-_Lucas	NTAG215	04 51 C4 5A 92 98 76
BruceRFID/Amiibo/Super_Smash_Bros/[SSB]_49_-_Mii_Swordfighter.nfc	Amiibo	[SSB]_49_-_Mii_Swordfighter	NTAG215	04 2E CE 96 6C 92 44
BruceRFID/Amiibo/Super_Smash_Bros/Duck_Hunt.nfc	Amiibo	Duck_Hunt	NTAG215	04 FC 30 40 82 03 49
BruceRFID/Amiibo/Super_Smash_Bros/Kazuya.nfc	Amiibo	Kazuya	NTAG215	04 10 71 B0 8F 1D 82
BruceRFID/Amiibo/Super_Smash_Bros/[SSB]_45_-_Mr._Game___Watch.nfc	Amiibo	[SSB]_45_-_Mr._Game___Watch	NTAG215	04 AB 1B 85 6F 12 86
BruceRFID/Amiibo/Super_Smash_Bros/Wii_Fit_Trainer.nfc	Amiibo	Wii_Fit_Trainer	NTAG215	04 FA 6F 19 DA 97 3C
BruceRFID/Amiibo/Super_Smash_Bros/Donkey_Kong.nfc	Amiibo	Donkey_Kong	NTAG215	04 1A 7E E8 02 98 3C
BruceRFID/Amiibo/Super_Smash_Bros/Peach.nfc	Amiibo	Peach	NTAG215	04 9B C5 D2 82 99 3C
BruceRFID/Amiibo/Super_Smash_Bros/[SSB]_57_-_Cloud.nfc	Amiibo	[SSB]_57_-_Cloud	NTAG215	04 D7 30 22 A9 A1 3D
BruceRFID/Amiibo/Super_Smash_Bros/[SSB]_16_-_Little_Mac.nfc	Amiibo	[SSB]_16_-_Little_Mac	NTAG215	04 AD 6B 96 EC CD 10
BruceRFID/Amiibo/Super_Smash_Bros/[SSB]_62_-_Bayonetta_(Player_2).nfc	Amiibo	[SSB]_62_-_Bayonetta_(Player_2)	NTAG215	04 FE 54 CC 28 2B 16
BruceRFID/Amiibo/Super_Smash_Bros/[SSB]_27_-_Mega_Man.nfc	Amiibo	[SSB]_27_-_Mega_Man	NTAG215	04 35 B6 46 06 A9 96
BruceRFID/Amiibo/Super_Smash_Bros/[SSB]_47_-_Duck_Hunt.nfc	Amiibo	[SSB]_47_-_Duck_Hunt	NTAG215	04 77 EA 1F ED B8 D4
BruceRFID/Amiibo/Super_Smash_Bros/[SSB]_12_-_Marth.nfc	Amiibo	[SSB]_12_-_Marth	NTAG215	04 6D FF DF 5B ED C4
BruceRFID/Amiibo/Super_Smash_Bros/Mii_Swordsman.nfc	Amiibo	Mii_Swordsman	NTAG215	04 C2 56 18 7A BF 48
BruceRFID/Amiibo/Super_Smash_Bros/Charizard.nfc	Amiibo	Charizard	NTAG215	04 A4 47 6F F2 6F 40
BruceRFID/Amiibo/Super_Smash_Bros/[SSB]_71_-_Daisy.nfc	Amiibo	[SSB]_71_-_Daisy	NTAG215	04 9F F5 B7 03 3C 3D
BruceRFID/Amiibo/Super_Smash_Bros/[SSB]_88_-_Min_Min.nfc	Amiibo	[SSB]_88_-_Min_Min	NTAG215	04 B0 9F 84 E6 05 D5
BruceRFID/Amiibo/Super_Smash_Bros/Robin.nfc	Amiibo	Robin	NTAG215	04 57 7B A0 1A 72 40
BruceRFID/Amiibo/Super_Smash_Bros/Bowser.nfc	Amiibo	Bowser	NTAG215	04 C3 DB 94 A2 C2 3E
BruceRFID/Amiibo/Super_Smash_Bros/Daisy.nfc	Amiibo	Daisy	NTAG215	04 79 0A FF F2 B6 5D
BruceRFID/Amiibo/Super_Smash_Bros/[SSB]_04_-_Donkey_Kong.nfc	Amiibo	[SSB]_04_-_Donkey_Kong	NTAG215	04 E0 8A E2 6E 85 7C
BruceRFID/Amiibo/Super_Smash_Bros/[SSB]_42_-_Dr._Mario.nfc	Amiibo	[SSB]_42_-_Dr._Mario	NTAG215	04 DE C9 62 78 F3 D1
BruceRFID/Amiibo/Super_Smash_Bros/Min_Min.nfc	Amiibo	Min_Min	NTAG215	04 22 75 DB 2A B6 72
BruceRFID/Amiibo/Super_Smash_Bros/Pikachu.nfc	Amiibo	Pikachu	NTAG215	04 80 2A 26 F2 97 3C
BruceRFID/Amiibo/Super_Smash_Bros/[SSB]_21_-_Lucario.nfc	Amiibo	[SSB]_21_-_Lucario	NTAG215	04 22 FB AA C9 32 6A
BruceRFID/Amiibo/Super_Smash_Bros/[SSB]_20_-_Bowser.nfc	Amiibo	[SSB]_20_-_Bowser	NTAG215	04 06 DD 60 BB FA F2
BruceRFID/Amiibo/Super_Smash_Bros/[SSB]_34_-_Ness.nfc	Amiibo	[SSB]_34_-_Ness	NTAG215	04 15 FF D5 A8 A8 58
BruceRFID/Amiibo/Super_Smash_Bros/[SSB]_70_-_Young_Link.nfc	Amiibo	[SSB]_70_-_Young_Link	NTAG215	04 0E B7 D8 45 9B E7
BruceRFID/Amiibo/Super_Smash_Bros/[SSB]_60_-_Corrin_(Player_2).nfc	Amiibo	[SSB]_60_-_Corrin_(Player_2)	NTAG215	04 6A 9F 8C 44 60 36
BruceRFID/Amiibo/Super_Smash_Bros/Pac_Man.nfc	Amiibo	Pac_Man	NTAG215	04 EA A0 C6 F2 71 40
BruceRFID/Amiibo/Super_Smash_Bros/Byleth.nfc	Amiibo	Byleth	NTAG215	04 4F 92 51 92 AA 52
BruceRFID/Amiibo/Super_Smash_Bros/[SSB]_52_-_Falco.nfc	Amiibo	[SSB]_52_-_Falco	NTAG215	04 DE 38 4C 35 FE B9
BruceRFID/Amiibo/Super_Smash_Bros/Sonic.nfc	Amiibo	Sonic	NTAG215	04 42 62 AC 7A 04 3F
BruceRFID/Amiibo/Super_Smash_Bros/Lucario.nfc	Amiibo	Lucario	NTAG215	04 7D F6 07 72 61 3E
BruceRFID/Amiibo/Super_Smash_Bros/Ken.nfc	Amiibo	Ken	NTAG215	04 5E 2D FF D2 43 5F
BruceRFID/Amiibo/Super_Smash_Bros/Link.nfc	Amiibo	Link	NTAG215	04 BD 7A 4B 0A FE 3D
BruceRFID/Amiibo/Super_Smash_Bros/Luigi.nfc	Amiibo	Luigi	NTAG215	04 5A 5A 8C E2 1E 3E
BruceRFID/Amiibo/Super_Smash_Bros/[SSB]_50_-_Mii_Gunner.nfc	Amiibo	[SSB]_50_-_Mii_Gunner	NTAG215	04 5B 0C 72 22 89 C1
BruceRFID/Amiibo/Super_Smash_Bros/Ike.nfc	Amiibo	Ike	NTAG215	04 D4 8A D2 2A BD 48
BruceRFID/Amiibo/Super_Smash_Bros/Sephiroth.nfc	Amiibo	Sephiroth	NTAG215	04 8D FB 90 F7 ED 03
BruceRFID/Amiibo/Super_Smash_Bros/Ganondorf.nfc	Amiibo	Ganondorf	NTAG215	04 AE F5 D7 EA E0 49
BruceRFID/Amiibo/Super_Smash_Bros/Diddy_Kong.nfc	Amiibo	Diddy_Kong	NTAG215	04 B8 B3 87 32 C2 3E
BruceRFID/Amiibo/Super_Smash_Bros/Inkling.nfc	Amiibo	Inkling	NTAG215	04 7C B4 44 92 BA 5D
BruceRFID/Amiibo/Super_Smash_Bros/Pokemon_Trainer.nfc	Amiibo	Pokemon_Trainer	NTAG215	04 E9 F9 9C D2 6A 5F
BruceRFID/Amiibo/Super_Smash_Bros/Mega_Man_Golden.nfc	Amiibo	Mega_Man_Golden	NTAG215	04 0E 4E CC 20 6E 04
BruceRFID/Amiibo/Super_Smash_Bros/[SSB]_17_-_Pit.nfc	Amiibo	[SSB]_17_-_Pit	NTAG215	04 93 E4 88 40 CC D4
BruceRFID/Amiibo/Super_Smash_Bros/[SSB]_26_-_Sonic.nfc	Amiibo	[SSB]_26_-_Sonic	NTAG215	04 CC 8F 20 DC A1 3B
BruceRFID/Amiibo/Super_Smash_Bros/[SSB]_36_-_Greninja.nfc	Amiibo	[SSB]_36_-_Greninja	NTAG215	04 8E E2 BD 29 FA F6
BruceRFID/Amiibo/Super_Smash_Bros/Ivysaur.nfc	Amiibo	Ivysaur	NTAG215	04 C8 27 63 D2 13 65
BruceRFID/Amiibo/Super_Smash_Bros/Hero.nfc	Amiibo	Hero	NTAG215	04 8F F8 FB 31 10 02
BruceRFID/Amiibo/Super_Smash_Bros/[SSB]_73_-_Isabelle.nfc	Amiibo	[SSB]_73_-_Isabelle	NTAG215	04 B0 E2 33 BB E7 2F
BruceRFID/Amiibo/Power_Pros_Amiibo/Hayakawa.nfc	Amiibo	Hayakawa	NTAG215	04 8B 1C 1B FA 43 5F
BruceRFID/Amiibo/Power_Pros_Amiibo/Daijobu.nfc	Amiibo	Daijobu	NTAG215	04 9A BC AA FA 43 5F
BruceRFID/Amiibo/Power_Pros_Amiibo/Yabe.nfc	Amiibo	Yabe	NTAG215	04 85 7B 72 02 44 5F
BruceRFID/Amiibo/Power_Pros_Amiibo/Pawapuro.nfc	Amiibo	Pawapuro	NTAG215	04 DA 06 50 7A 43 5F
BruceRFID/Amiibo/Power_Pros_Amiibo/Ikari.nfc	Amiibo	Ikari	NTAG215	04 B9 01 34 02 44 5F
BruceRFID/Amiibo/Power_Pros_Amiibo/Ganda.nfc	Amiibo	Ganda	NTAG215	04 AD 3E 1F FA 43 5F
BruceRFID/Amiibo/Skylanders/Dark_Donkey_Kong.nfc	Amiibo	Dark_Donkey_Kong	NTAG215	04 7A 40 B6 52 B2 48
BruceRFID/Amiibo/Skylanders/Bowser_Superchargers.nfc	Amiibo	Bowser_Superchargers	NTAG215	04 E4 F6 9E 62 2C 49
BruceRFID/Amiibo/Skylanders/DK_Superchargers.nfc	Amiibo	DK_Superchargers	NTAG215	04 5D B3 62 0A BD 48
BruceRFID/Amiibo/Skylanders/Dark_Bowser.nfc	Amiibo	Dark_Bowser	NTAG215	04 3E E1 53 1A BD 48
BruceRFID/Amiibo/Fire_Emblem/Celica.nfc	Amiibo	Celica	NTAG215	04 EA 8C EA BA E8 4C
BruceRFID/Amiibo/Fire_Emblem/Chrom.nfc	Amiibo	Chrom	NTAG215	04 51 BB 66 42 1B 4E
BruceRFID/Amiibo/Fire_Emblem/Tiki.nfc	Amiibo	Tiki	NTAG215	04 4A DE 18 CA 1B 4E
BruceRFID/Amiibo/Fire_Emblem/[FE]_03_-_Chrom.nfc	Amiibo	[FE]_03_-_Chrom	NTAG215	04 24 36 54 A0 D6 64
BruceRFID/Amiibo/Fire_Emblem/[FE]_01_-_Alm.nfc	Amiibo	[FE]_01_-_Alm	NTAG215	04 19 1F FB 03 DA F7
BruceRFID/Amiibo/Fire_Emblem/Alm.nfc	Amiibo	Alm	NTAG215	04 AC 2B 0B BA E8 4C
BruceRFID/Amiibo/Fire_Emblem/[FE]_02_-_Celica.nfc	Amiibo	[FE]_02_-_Celica	NTAG215	04 4A F4 75 4E 42 C5
BruceRFID/Amiibo/Fire_Emblem/[FE]_04_-_Tiki.nfc	Amiibo	[FE]_04_-_Tiki	NTAG215	04 E1 2A 55 22 BC 1F
BruceRFID/Amiibo/Yoshis_Woolly_World/-YWW-_04_-_Mega_Yarn_Yoshi.nfc	Amiibo	-YWW-_04_-_Mega_Yarn_Yoshi	NTAG215	04 7F EB 57 DC DA F7
BruceRFID/Amiibo/Yoshis_Woolly_World/-YWW-_02_-_Pink_Yarn_Yoshi.nfc	Amiibo	-YWW-_02_-_Pink_Yarn_Yoshi	NTAG215	04 9A DF FC 08 13 0E
BruceRFID/Amiibo/Yoshis_Woolly_World/-YWW-_01_-_Green_Yarn_Yoshi.nfc	Amiibo	-YWW-_01_-_Green_Yarn_Yoshi	NTAG215	04 BD 29 75 0B F3 11
BruceRFID/Amiibo/Yoshis_Woolly_World/-YWW-_05_-_Poochy.nfc	Amiibo	-YWW-_05_-_Poochy	NTAG215	04 7B 29 43 03 32 E8
BruceRFID/Amiibo/Yoshis_Woolly_World/-YWW-_03_-_Light-Blue_Yarn_Yoshi.nfc	Amiibo	-YWW-_03_-_Light-Blue_Yarn_Yoshi	NTAG215	04 20 27 CE 99 7C A4
BruceRFID/Amiibo/Diablo/[D]_01_-_Loot_Goblin.nfc	Amiibo	[D]_01_-_Loot_Goblin	NTAG215	04 CC 82 92 14 16 CA
BruceRFID/Amiibo/The_Legend_of_Zelda/30th_Anniversary/[3AZ]_02_-_Link_(Ocarina_of_Time).nfc	Amiibo	[3AZ]_02_-_Link_(Ocarina_of_Time)	NTAG215	04 9E B0 52 D0 E9 A3
BruceRFID/Amiibo/The_Legend_of_Zelda/30th_Anniversary/[3AZ]_05_-_Link_(Majora_s_Mask).nfc	Amiibo	[3AZ]_05_-_Link_(Majora_s_Mask)	NTAG215	04 6F 36 36 56 71 73
BruceRFID/Amiibo/The_Legend_of_Zelda/30th_Anniversary/[3AZ]_07_-_Link_(Skyward_Sword).nfc	Amiibo	[3AZ]_07_-_Link_(Skyward_Sword)	NTAG215	04 35 8A CA 43 FE EC
BruceRFID/Amiibo/The_Legend_of_Zelda/30th_Anniversary/[3AZ]_06_-_Link_(Twilight_Princess).nfc	Amiibo	[3AZ]_06_-_Link_(Twilight_Princess)	NTAG215	04 31 88 E9 86 82 92
BruceRFID/Amiibo/The_Legend_of_Zelda/30th_Anniversary/[3AZ]_01_-_8-bit_Link_(The_Legend_of_Zelda).nfc	Amiibo	[3AZ]_01_-_8-bit_Link_(The_Legend_of_Zelda)	NTAG215	04 4A 13 CD 00 78 A9
BruceRFID/Amiibo/The_Legend_of_Zelda/30th_Anniversary/[3AZ]_03_-_Toon_Link_(The_Wind_Waker).nfc	Amiibo	[3AZ]_03_-_Toon_Link_(The_Wind_Waker)	NTAG215	04 61 20 B4 56 DA 21
BruceRFID/Amiibo/The_Legend_of_Zelda/30th_Anniversary/[3AZ]_04_-_Toon_Zelda_(The_Wind_Waker).nfc	Amiibo	[3AZ]_04_-_Toon_Zelda_(The_Wind_Waker)	NTAG215	04 CB 7D 15 D1 71 30
BruceRFID/Amiibo/The_Legend_of_Zelda/BOTW_Champions/Urbosa.nfc	Amiibo	Urbosa	NTAG215	04 A1 51 7C 92 AA 52
BruceRFID/Amiibo/The_Legend_of_Zelda/BOTW_Champions/Mipha.nfc	Amiibo	Mipha	NTAG215	04 C2 52 1C 92 AA 52
BruceRFID/Amiibo/The_Legend_of_Zelda/BOTW_Champions/Daruk.nfc	Amiibo	Daruk	NTAG215	04 6C 49 A9 92 AA 52
BruceRFID/Amiibo/The_Legend_of_Zelda/BOTW_Champions/Rivali.nfc	Amiibo	Rivali	NTAG215	04 5C 47 97 92 AA 52
BruceRFID/Amiibo/The_Legend_of_Zelda/BOTW_June/Link_Skyward_Sword.nfc	Amiibo	Link_Skyward_Sword	NTAG215	04 FE 46 34 92 AA 52
BruceRFID/Amiibo/The_Legend_of_Zelda/BOTW_June/Link_Majora_s_Mask.nfc	Amiibo	Link_Majora_s_Mask	NTAG215	04 54 45 9D 92 AA 52
BruceRFID/Amiibo/The_Legend_of_Zelda/BOTW_June/Link_Twilight_Princess.nfc	Amiibo	Link_Twilight_Princess	NTAG215	04 2B 55 F2 92 AA 52
BruceRFID/Amiibo/The_Legend_of_Zelda/Twilight_Princess/Wolf_Link_MAX_LEVEL.nfc	Amiibo	Wolf_Link_MAX_LEVEL	NTAG215	04 10 7A E6 9A 8E 4B
BruceRFID/Amiibo/The_Legend_of_Zelda/Twilight_Princess/SSB Zelda.nfc	Amiibo	SSB Zelda	NTAG215	04 20 51 CA 9A 3D 81
BruceRFID/Amiibo/The_Legend_of_Zelda/Twilight_Princess/Wolf_Link.nfc	Amiibo	Wolf_Link	NTAG215	04 A2 2E 00 22 75 4C
BruceRFID/Amiibo/The_Legend_of_Zelda/Twilight_Princess/Wolf_Link_20_Heart.nfc	Amiibo	Wolf_Link_20_Heart	NTAG215	04 CA EC AA 22 75 4C
BruceRFID/Amiibo/The_Legend_of_Zelda/Twilight_Princess/[ZTP]_20H_Wolf_Link.nfc	Amiibo	[ZTP]_20H_Wolf_Link	NTAG215	04 89 25 2B F6 04 BB
BruceRFID/Amiibo/The_Legend_of_Zelda/Twilight_Princess/SSB Link.nfc	Amiibo	SSB Link	NTAG215	04 BD 7A 0A FE 3D 80
BruceRFID/Amiibo/The_Legend_of_Zelda/Skyward_Sword_HD/Zelda_and_Loftwing.nfc	Amiibo	Zelda_and_Loftwing	NTAG215	04 8A A4 A2 E2 51 6C
BruceRFID/Amiibo/The_Legend_of_Zelda/BOTW/Link_Archer.nfc	Amiibo	Link_Archer	NTAG215	04 1D 9F 0E 82 75 4C
BruceRFID/Amiibo/The_Legend_of_Zelda/BOTW/Link_Rider.nfc	Amiibo	Link_Rider	NTAG215	04 72 77 89 5A 75 4C
BruceRFID/Amiibo/The_Legend_of_Zelda/BOTW/Zelda.nfc	Amiibo	Zelda	NTAG215	04 CF 1C 5F 4A E0 4C
BruceRFID/Amiibo/The_Legend_of_Zelda/BOTW/Guardian.nfc	Amiibo	Guardian	NTAG215	04 2D B8 19 5A 75 4C
BruceRFID/Amiibo/The_Legend_of_Zelda/BOTW/Bokoblin.nfc	Amiibo	Bokoblin	NTAG215	04 DF 84 D7 72 75 4C
BruceRFID/Amiibo/The_Legend_of_Zelda/Breath_of_the_Wild/[ZBW]_03_-_Link_(Archer).nfc	Amiibo	[ZBW]_03_-_Link_(Archer)	NTAG215	04 BE FB 5D 7A 8D F8
BruceRFID/Amiibo/The_Legend_of_Zelda/Breath_of_the_Wild/[ZBW]_04_-_Link_(Rider).nfc	Amiibo	[ZBW]_04_-_Link_(Rider)	NTAG215	04 60 2A 7C CF 5F F8
BruceRFID/Amiibo/The_Legend_of_Zelda/Breath_of_the_Wild/[ZBW]_01_-_Bokoblin.nfc	Amiibo	[ZBW]_01_-_Bokoblin	NTAG215	04 06 68 8D 38 5B DE
BruceRFID/Amiibo/The_Legend_of_Zelda/Breath_of_the_Wild/[ZBW]_05_-_Zelda.nfc	Amiibo	[ZBW]_05_-_Zelda	NTAG215	04 56 6A AF C1 F0 9C
BruceRFID/Amiibo/The_Legend_of_Zelda/Breath_of_the_Wild/[ZBW]_06_-_Mipha_(Zora_Champion).nfc	Amiibo	[ZBW]_06_-_Mipha_(Zora_Champion)	NTAG215	04 FD B5 B0 0F 67 7E
BruceRFID/Amiibo/The_Legend_of_Zelda/Breath_of_the_Wild/[ZBW]_09_-_Urbosa_(Gerudo_Champion).nfc	Amiibo	[ZBW]_09_-_Urbosa_(Gerudo_Champion)	NTAG215	04 0D A0 A3 9E 21 A2
BruceRFID/Amiibo/The_Legend_of_Zelda/Breath_of_the_Wild/[ZBW]_07_-_Daruk_(Goron_Champion).nfc	Amiibo	[ZBW]_07_-_Daruk_(Goron_Champion)	NTAG215	04 14 CD 91 64 A9 0A
BruceRFID/Amiibo/The_Legend_of_Zelda/Breath_of_the_Wild/[ZBW]_08_-_Revali_(Rito_Champion).nfc	Amiibo	[ZBW]_08_-_Revali_(Rito_Champion)	NTAG215	04 32 46 0F F4 83 0F
BruceRFID/Amiibo/The_Legend_of_Zelda/Breath_of_the_Wild/[ZBW]_02_-_Guardian.nfc	Amiibo	[ZBW]_02_-_Guardian	NTAG215	04 D9 12 DA D8 9D F6
BruceRFID/Amiibo/The_Legend_of_Zelda/Link_s_Awakening/Link_(Link’s_Awakening).nfc	Amiibo	Link_(Link’s_Awakening)	NTAG215	04 1B 39 08 8F 06 06
BruceRFID/Amiibo/The_Legend_of_Zelda/Link_s_Awakening/Link.nfc	Amiibo	Link	NTAG215	04 DD 64 35 A2 D9 64
BruceRFID/Amiibo/The_Legend_of_Zelda/Tears_of_the_Kingdom/[TotK]_02_-_Zelda.nfc	Amiibo	[TotK]_02_-_Zelda	NTAG215	04 8B DD DB 8C 5E F4
BruceRFID/Amiibo/The_Legend_of_Zelda/Tears_of_the_Kingdom/[TotK]_01_-_Link.nfc	Amiibo	[TotK]_01_-_Link	NTAG215	04 9F 05 D9 7D 97 56
BruceRFID/Amiibo/The_Legend_of_Zelda/Tears_of_the_Kingdom/[TotK]_03_-_Ganondorf.nfc	Amiibo	[TotK]_03_-_Ganondorf	NTAG215	04 73 C9 28 F3 66 F4
BruceRFID/Amiibo/The_Legend_of_Zelda/Tears_of_the_Kingdom/unreleased/Zelda_(TOTK).nfc	Amiibo	Zelda_(TOTK)	NTAG215	04 36 25 37 E8 CA 06
BruceRFID/Amiibo/The_Legend_of_Zelda/Tears_of_the_Kingdom/unreleased/Ganondorf_(TOTK).nfc	Amiibo	Ganondorf_(TOTK)	NTAG215	04 EE 22 AB 4C C6 57
BruceRFID/Amiibo/The_Legend_of_Zelda/BOTW_from_SSB/Yong_Link.nfc	Amiibo	Yong_Link	NTAG215	04 FB 03 3D 49 61 80
BruceRFID/Amiibo/The_Legend_of_Zelda/BOTW_from_SSB/Toon_Link.nfc	Amiibo	Toon_Link	NTAG215	04 6F 76 95 62 61 3E
BruceRFID/Amiibo/The_Legend_of_Zelda/BOTW_from_SSB/Sheik.nfc	Amiibo	Sheik	NTAG215	04 A1 F2 DF 42 C2 3E
BruceRFID/Amiibo/The_Legend_of_Zelda/BOTW_from_SSB/Zelda.nfc	Amiibo	Zelda	NTAG215	04 4E 40 82 22 1F 3E
BruceRFID/Amiibo/The_Legend_of_Zelda/BOTW_from_SSB/Link.nfc	Amiibo	Link	NTAG215	04 3F 9D 2E FA 97 3C
BruceRFID/Amiibo/The_Legend_of_Zelda/BOTW_from_SSB/Ganondorf.nfc	Amiibo	Ganondorf	NTAG215	04 45 F2 3B 92 BF 48
BruceRFID/Amiibo/The_Legend_of_Zelda/TOTK/Gerudo_King.nfc	Amiibo	Gerudo_King	NTAG215	04 93 98 87 65 49 36
BruceRFID/Amiibo/The_Legend_of_Zelda/TOTK/Link.nfc	Amiibo	Link	NTAG215	04 89 34 8A 5C 12 90
BruceRFID/Amiibo/The_Legend_of_Zelda/TOTK/Princess_Zelda.nfc	Amiibo	Princess_Zelda	NTAG215	04 B2 6E 50 26 98 B7
BruceRFID/Amiibo/Super_Mario_30th/30th_Mario_Classic.nfc	Amiibo	30th_Mario_Classic	NTAG215	04 EA 88 EE 12 BF 48
BruceRFID/Amiibo/Super_Mario_30th/30th_Mario_Modern.nfc	Amiibo	30th_Mario_Modern	NTAG215	04 1A 96 00 72 55 49
BruceRFID/Amiibo/Kellogs_Amiibo/Delicious_Amiibo.nfc	Amiibo	Delicious_Amiibo	NTAG215	04 FE F7 85 8A 1B 4E
BruceRFID/Amiibo/Pikmin/[PIK]_01_-_Pikmin.nfc	Amiibo	[PIK]_01_-_Pikmin	NTAG215	04 6B AE BA 44 E0 AA
BruceRFID/Amiibo/Mega_Man/[MM]_01_-_Mega_Man.nfc	Amiibo	[MM]_01_-_Mega_Man	NTAG215	04 DD 00 C2 7A 05 EE
BruceRFID/Amiibo/Animal_Crossing/Amiibo_Cards/Series_5/433_Sasha.nfc	Amiibo	433_Sasha	NTAG215	04 7B 6E 99 A2 E9 73
BruceRFID/Amiibo/Animal_Crossing/Amiibo_Cards/Series_5/Harvey.nfc	Amiibo	Harvey	NTAG215	04 6A 20 F3 95 B5 F8
BruceRFID/Amiibo/Animal_Crossing/Amiibo_Cards/Series_5/Dom.nfc	Amiibo	Dom	NTAG215	04 86 04 F0 9E F7 68
BruceRFID/Amiibo/Animal_Crossing/Amiibo_Cards/Series_5/427_Dom.nfc	Amiibo	427_Dom	NTAG215	04 97 D1 CA 62 E9 73
BruceRFID/Amiibo/Animal_Crossing/Amiibo_Cards/Series_5/420_Lottie.nfc	Amiibo	420_Lottie	NTAG215	04 EA 8F E9 82 6F 73
BruceRFID/Amiibo/Animal_Crossing/Amiibo_Cards/Series_5/435_Tiansheng.nfc	Amiibo	435_Tiansheng	NTAG215	04 5A 2B FD 7A E9 73
BruceRFID/Amiibo/Animal_Crossing/Amiibo_Cards/Series_5/428_Audie_.nfc	Amiibo	428_Audie_	NTAG215	04 65 E9 00 6A E9 73
BruceRFID/Amiibo/Animal_Crossing/Amiibo_Cards/Series_5/443_Ace.nfc	Amiibo	443_Ace	NTAG215	04 F7 CA B1 CA 6F 73
BruceRFID/Amiibo/Animal_Crossing/Amiibo_Cards/Series_5/446_Azalea.nfc	Amiibo	446_Azalea	NTAG215	04 6F FE 1D E2 6F 73
BruceRFID/Amiibo/Animal_Crossing/Amiibo_Cards/Series_5/Frett.nfc	Amiibo	Frett	NTAG215	04 B6 C6 E6 86 F2 73
BruceRFID/Amiibo/Animal_Crossing/Amiibo_Cards/Series_5/403_Isabelle.nfc	Amiibo	403_Isabelle	NTAG215	04 6C BC 5C A2 6F 73
BruceRFID/Amiibo/Animal_Crossing/Amiibo_Cards/Series_5/Blathers.nfc	Amiibo	Blathers	NTAG215	04 E1 40 34 F0 89 CE
BruceRFID/Amiibo/Animal_Crossing/Amiibo_Cards/Series_5/Isabelle_Sweater.nfc	Amiibo	Isabelle_Sweater	NTAG215	04 EB ED 6B 4E 11 57
BruceRFID/Amiibo/Animal_Crossing/Amiibo_Cards/Series_5/Megan.nfc	Amiibo	Megan	NTAG215	04 D4 35 6A 3C C3 08
BruceRFID/Amiibo/Animal_Crossing/Amiibo_Cards/Series_5/Timmy_and_Tommy.nfc	Amiibo	Timmy_and_Tommy	NTAG215	04 91 9D EB 1A CD AC
BruceRFID/Amiibo/Animal_Crossing/Amiibo_Cards/Series_5/414_Daisy_Mae.nfc	Amiibo	414_Daisy_Mae	NTAG215	04 06 69 E3 6A 03 73
BruceRFID/Amiibo/Animal_Crossing/Amiibo_Cards/Series_5/Kicks.nfc	Amiibo	Kicks	NTAG215	04 0A 26 6A B8 74 10
BruceRFID/Amiibo/Animal_Crossing/Amiibo_Cards/Series_5/Tiansheng.nfc	Amiibo	Tiansheng	NTAG215	04 3B 36 56 E6 62 0D
BruceRFID/Amiibo/Animal_Crossing/Amiibo_Cards/Series_5/Cephalobot.nfc	Amiibo	Cephalobot	NTAG215	04 07 D5 59 A4 33 D1
BruceRFID/Amiibo/Animal_Crossing/Amiibo_Cards/Series_5/413_Flick.nfc	Amiibo	413_Flick	NTAG215	04 4F 2A E9 82 6F 73
BruceRFID/Amiibo/Animal_Crossing/Amiibo_Cards/Series_5/425_Sherb.nfc	Amiibo	425_Sherb	NTAG215	04 82 BE B0 C2 6F 73
BruceRFID/Amiibo/Animal_Crossing/Amiibo_Cards/Series_5/Orville.nfc	Amiibo	Orville	NTAG215	04 62 8A C9 92 6D C6
BruceRFID/Amiibo/Animal_Crossing/Amiibo_Cards/Series_5/Chabwick.nfc	Amiibo	Chabwick	NTAG215	04 3E 9A 85 5A 93 0B
BruceRFID/Amiibo/Animal_Crossing/Amiibo_Cards/Series_5/442_Zoe.nfc	Amiibo	442_Zoe	NTAG215	04 8C FE FE F2 6F 73
BruceRFID/Amiibo/Animal_Crossing/Amiibo_Cards/Series_5/440_Quinn.nfc	Amiibo	440_Quinn	NTAG215	04 66 AF 45 A2 E9 73
BruceRFID/Amiibo/Animal_Crossing/Amiibo_Cards/Series_5/Wisp.nfc	Amiibo	Wisp	NTAG215	04 BD 53 35 83 47 46
BruceRFID/Amiibo/Animal_Crossing/Amiibo_Cards/Series_5/Niko.nfc	Amiibo	Niko	NTAG215	04 47 39 4F 3B 65 8C
BruceRFID/Amiibo/Animal_Crossing/Amiibo_Cards/Series_5/Cyd.nfc	Amiibo	Cyd	NTAG215	04 05 23 0B 07 A0 47
BruceRFID/Amiibo/Animal_Crossing/Amiibo_Cards/Series_5/404_Orville.nfc	Amiibo	404_Orville	NTAG215	04 B9 BD 88 5A BA 72
BruceRFID/Amiibo/Animal_Crossing/Amiibo_Cards/Series_5/Azalea.nfc	Amiibo	Azalea	NTAG215	04 02 D4 C3 53 6C 42
BruceRFID/Amiibo/Animal_Crossing/Amiibo_Cards/Series_5/424_Isabelle_Sweater.nfc	Amiibo	424_Isabelle_Sweater	NTAG215	04 47 4F 84 0A 21 73
BruceRFID/Amiibo/Animal_Crossing/Amiibo_Cards/Series_5/Quinn.nfc	Amiibo	Quinn	NTAG215	04 D7 80 87 D7 E4 12
BruceRFID/Amiibo/Animal_Crossing/Amiibo_Cards/Series_5/438_Petri.nfc	Amiibo	438_Petri	NTAG215	04 5D 96 47 62 E9 73
BruceRFID/Amiibo/Animal_Crossing/Amiibo_Cards/Series_5/Celeste.nfc	Amiibo	Celeste	NTAG215	04 4A A0 3B 03 04 67
BruceRFID/Amiibo/Animal_Crossing/Amiibo_Cards/Series_5/407_Celeste.nfc	Amiibo	407_Celeste	NTAG215	04 12 B6 28 B2 6F 73
BruceRFID/Amiibo/Animal_Crossing/Amiibo_Cards/Series_5/431_Raymond.nfc	Amiibo	431_Raymond	NTAG215	04 BB 8D BA E2 6F 73
BruceRFID/Amiibo/Animal_Crossing/Amiibo_Cards/Series_5/Reneigh.nfc	Amiibo	Reneigh	NTAG215	04 3B 74 0C 76 B9 70
BruceRFID/Amiibo/Animal_Crossing/Amiibo_Cards/Series_5/Wardell.nfc	Amiibo	Wardell	NTAG215	04 42 53 4F B5 2A 6B
BruceRFID/Amiibo/Animal_Crossing/Amiibo_Cards/Series_5/406_Blathers.nfc	Amiibo	406_Blathers	NTAG215	04 7F 61 92 12 21 73
BruceRFID/Amiibo/Animal_Crossing/Amiibo_Cards/Series_5/423_Tom_Nook_Coat.nfc	Amiibo	423_Tom_Nook_Coat	NTAG215	04 11 B6 2B B2 6F 73
BruceRFID/Amiibo/Animal_Crossing/Amiibo_Cards/Series_5/Saharah.nfc	Amiibo	Saharah	NTAG215	04 D1 86 C8 B0 C2 25
BruceRFID/Amiibo/Animal_Crossing/Amiibo_Cards/Series_5/448_Faith.nfc	Amiibo	448_Faith	NTAG215	04 31 EA 57 A2 E9 73
BruceRFID/Amiibo/Animal_Crossing/Amiibo_Cards/Series_5/418_Gulliver.nfc	Amiibo	418_Gulliver	NTAG215	04 BC AD 9D 8A 6F 73
BruceRFID/Amiibo/Animal_Crossing/Amiibo_Cards/Series_5/447_Roswell.nfc	Amiibo	447_Roswell	NTAG215	04 53 AF 70 A2 E9 73
BruceRFID/Amiibo/Animal_Crossing/Amiibo_Cards/Series_5/Gulliver.nfc	Amiibo	Gulliver	NTAG215	04 90 61 97 5D 8E A1
BruceRFID/Amiibo/Animal_Crossing/Amiibo_Cards/Series_5/441_Chabwick.nfc	Amiibo	441_Chabwick	NTAG215	04 47 F1 3A 12 70 73
BruceRFID/Amiibo/Animal_Crossing/Amiibo_Cards/Series_5/Sherb.nfc	Amiibo	Sherb	NTAG215	04 2F 7B B6 7F 35 BC
BruceRFID/Amiibo/Animal_Crossing/Amiibo_Cards/Series_5/Daisy_Mae.nfc	Amiibo	Daisy_Mae	NTAG215	04 D0 EA 9B 99 C1 54
BruceRFID/Amiibo/Animal_Crossing/Amiibo_Cards/Series_5/439_Cephalobot.nfc	Amiibo	439_Cephalobot	NTAG215	04 5B 41 96 82 E9 73
BruceRFID/Amiibo/Animal_Crossing/Amiibo_Cards/Series_5/Marlo.nfc	Amiibo	Marlo	NTAG215	04 9F 03 29 4C 81 92
BruceRFID/Amiibo/Animal_Crossing/Amiibo_Cards/Series_5/Wilbur.nfc	Amiibo	Wilbur	NTAG215	04 E5 F6 E8 B6 02 2E
BruceRFID/Amiibo/Animal_Crossing/Amiibo_Cards/Series_5/445_Frett.nfc	Amiibo	445_Frett	NTAG215	04 92 B4 AA 1A 70 73
BruceRFID/Amiibo/Animal_Crossing/Amiibo_Cards/Series_5/Label.nfc	Amiibo	Label	NTAG215	04 F2 0B 50 51 EC D6
BruceRFID/Amiibo/Animal_Crossing/Amiibo_Cards/Series_5/415_Kicks.nfc	Amiibo	415_Kicks	NTAG215	04 D1 22 7F B2 6F 73
BruceRFID/Amiibo/Animal_Crossing/Amiibo_Cards/Series_5/401_Tom_Nook.nfc	Amiibo	401_Tom_Nook	NTAG215	04 37 65 DE F2 6A 73
BruceRFID/Amiibo/Animal_Crossing/Amiibo_Cards/Series_5/432_Reneigh.nfc	Amiibo	432_Reneigh	NTAG215	04 6B 2B CC 7A E9 73
BruceRFID/Amiibo/Animal_Crossing/Amiibo_Cards/Series_5/405_Wilbur.nfc	Amiibo	405_Wilbur	NTAG215	04 5A 2F F9 6A 03 73
BruceRFID/Amiibo/Animal_Crossing/Amiibo_Cards/Series_5/Sable.nfc	Amiibo	Sable	NTAG215	04 5D F1 4B 79 1B BA
BruceRFID/Amiibo/Animal_Crossing/Amiibo_Cards/Series_5/Mabel.nfc	Amiibo	Mabel	NTAG215	04 30 E6 1F C3 A4 BF
BruceRFID/Amiibo/Animal_Crossing/Amiibo_Cards/Series_5/419_Wisp.nfc	Amiibo	419_Wisp	NTAG215	04 1D C7 56 92 6F 73
BruceRFID/Amiibo/Animal_Crossing/Amiibo_Cards/Series_5/411_KK_Slider.nfc	Amiibo	411_KK_Slider	NTAG215	04 D8 74 20 12 21 73
BruceRFID/Amiibo/Animal_Crossing/Amiibo_Cards/Series_5/Zoe.nfc	Amiibo	Zoe	NTAG215	04 B7 10 F5 9B 44 5E
BruceRFID/Amiibo/Animal_Crossing/Amiibo_Cards/Series_5/408_Mabel.nfc	Amiibo	408_Mabel	NTAG215	04 36 CE 74 DA 6A 73
BruceRFID/Amiibo/Animal_Crossing/Amiibo_Cards/Series_5/Petri.nfc	Amiibo	Petri	NTAG215	04 8E 78 83 B8 33 EE
BruceRFID/Amiibo/Animal_Crossing/Amiibo_Cards/Series_5/Judy.nfc	Amiibo	Judy	NTAG215	04 A4 07 83 8F 5B E6
BruceRFID/Amiibo/Animal_Crossing/Amiibo_Cards/Series_5/Audie.nfc	Amiibo	Audie	NTAG215	04 24 BF 09 0C 69 F7
BruceRFID/Amiibo/Animal_Crossing/Amiibo_Cards/Series_5/422_Wardell.nfc	Amiibo	422_Wardell	NTAG215	04 FD 16 67 3A FC 73
BruceRFID/Amiibo/Animal_Crossing/Amiibo_Cards/Series_5/421_Niko.nfc	Amiibo	421_Niko	NTAG215	04 86 65 6F DA 6A 73
BruceRFID/Amiibo/Animal_Crossing/Amiibo_Cards/Series_5/434_Ione.nfc	Amiibo	434_Ione	NTAG215	04 69 B7 52 A2 E9 73
BruceRFID/Amiibo/Animal_Crossing/Amiibo_Cards/Series_5/Roswell.nfc	Amiibo	Roswell	NTAG215	04 B6 EC D3 43 8F 7B
BruceRFID/Amiibo/Animal_Crossing/Amiibo_Cards/Series_5/Isabelle.nfc	Amiibo	Isabelle	NTAG215	04 3C 27 35 3A A8 59
BruceRFID/Amiibo/Animal_Crossing/Amiibo_Cards/Series_5/Ace.nfc	Amiibo	Ace	NTAG215	04 5D 64 A0 AD D9 CE
BruceRFID/Amiibo/Animal_Crossing/Amiibo_Cards/Series_5/Flick.nfc	Amiibo	Flick	NTAG215	04 C2 9B 76 33 1C FD
BruceRFID/Amiibo/Animal_Crossing/Amiibo_Cards/Series_5/426_Megan.nfc	Amiibo	426_Megan	NTAG215	04 75 93 6A E2 6F 73
BruceRFID/Amiibo/Animal_Crossing/Amiibo_Cards/Series_5/Shino.nfc	Amiibo	Shino	NTAG215	04 9D AC 52 DE AC F6
BruceRFID/Amiibo/Animal_Crossing/Amiibo_Cards/Series_5/429_Cyd.nfc	Amiibo	429_Cyd	NTAG215	04 8C 82 82 FA 6F 73
BruceRFID/Amiibo/Animal_Crossing/Amiibo_Cards/Series_5/402_Timmy_and_Tommy.nfc	Amiibo	402_Timmy_and_Tommy	NTAG215	04 F6 13 69 42 FC 73
BruceRFID/Amiibo/Animal_Crossing/Amiibo_Cards/Series_5/410_Label.nfc	Amiibo	410_Label	NTAG215	04 A7 50 7B 32 EE 72
BruceRFID/Amiibo/Animal_Crossing/Amiibo_Cards/Series_5/Ione.nfc	Amiibo	Ione	NTAG215	04 8A 8D 9D BD 02 7A
BruceRFID/Amiibo/Animal_Crossing/Amiibo_Cards/Series_5/430_Judy_.nfc	Amiibo	430_Judy_	NTAG215	04 CC A1 E1 A2 E9 73
BruceRFID/Amiibo/Animal_Crossing/Amiibo_Cards/Series_5/Sasha.nfc	Amiibo	Sasha	NTAG215	04 55 8A CA C6 53 CC
BruceRFID/Amiibo/Animal_Crossing/Amiibo_Cards/Series_5/417_Harvey.nfc	Amiibo	417_Harvey	NTAG215	04 D2 22 7C B2 6F 73
BruceRFID/Amiibo/Animal_Crossing/Amiibo_Cards/Series_5/Tom_Nook.nfc	Amiibo	Tom_Nook	NTAG215	04 5B FE 87 15 03 F4
BruceRFID/Amiibo/Animal_Crossing/Amiibo_Cards/Series_5/444_Rio.nfc	Amiibo	444_Rio	NTAG215	04 21 EA 47 A2 E9 73
BruceRFID/Amiibo/Animal_Crossing/Amiibo_Cards/Series_5/Raymond.nfc	Amiibo	Raymond	NTAG215	04 CC 41 3C 2F 47 95
BruceRFID/Amiibo/Animal_Crossing/Amiibo_Cards/Series_5/KK_Slider.nfc	Amiibo	KK_Slider	NTAG215	04 00 61 8B 2F 96 F3
BruceRFID/Amiibo/Animal_Crossing/Amiibo_Cards/Series_5/Lottie_Island.nfc	Amiibo	Lottie_Island	NTAG215	04 67 F6 31 5C CF A5
BruceRFID/Amiibo/Animal_Crossing/Amiibo_Cards/Series_5/CJ.nfc	Amiibo	CJ	NTAG215	04 B4 57 B8 42 63 DE
BruceRFID/Amiibo/Animal_Crossing/Amiibo_Cards/Series_5/Rio.nfc	Amiibo	Rio	NTAG215	04 97 FC 52 77 47 F3
BruceRFID/Amiibo/Animal_Crossing/Amiibo_Cards/Series_5/409_Sable.nfc	Amiibo	409_Sable	NTAG215	04 8D 9B 9A A2 6F 73
BruceRFID/Amiibo/Animal_Crossing/Amiibo_Cards/Series_5/416_Saharah.nfc	Amiibo	416_Saharah	NTAG215	04 8B 7D 7A 6A 03 73
BruceRFID/Amiibo/Animal_Crossing/Amiibo_Cards/Series_5/Tom_Nook_Coat.nfc	Amiibo	Tom_Nook_Coat	NTAG215	04 06 6E FC B4 8C 21
BruceRFID/Amiibo/Animal_Crossing/Amiibo_Cards/Series_5/437_Marlo.nfc	Amiibo	437_Marlo	NTAG215	04 B3 D6 E9 62 E9 73
BruceRFID/Amiibo/Animal_Crossing/Amiibo_Cards/Series_5/Faith.nfc	Amiibo	Faith	NTAG215	04 32 A8 A6 5B C0 E8
BruceRFID/Amiibo/Animal_Crossing/Amiibo_Cards/Series_5/436_Shino.nfc	Amiibo	436_Shino	NTAG215	04 A0 8F A3 DA 6F 73
BruceRFID/Amiibo/Animal_Crossing/Amiibo_Cards/Series_5/412_CJ_.nfc	Amiibo	412_CJ_	NTAG215	04 5A F0 26 6A 03 73
BruceRFID/Amiibo/Animal_Crossing/Amiibo_Cards/Series_2/Beau.nfc	Amiibo	Beau	NTAG215	04 F1 38 CE 64 75 F7
BruceRFID/Amiibo/Animal_Crossing/Amiibo_Cards/Series_2/Bud.nfc	Amiibo	Bud	NTAG215	04 29 47 A0 67 03 CC
BruceRFID/Amiibo/Animal_Crossing/Amiibo_Cards/Series_2/AC_185_Chops.nfc	Amiibo	AC_185_Chops	NTAG215	04 E5 F0 99 62 E9 49
BruceRFID/Amiibo/Animal_Crossing/Amiibo_Cards/Series_2/Moose.nfc	Amiibo	Moose	NTAG215	04 68 44 63 8F 92 21
BruceRFID/Amiibo/Animal_Crossing/Amiibo_Cards/Series_2/AC_156_Gabi.nfc	Amiibo	AC_156_Gabi	NTAG215	04 FD 2E 5F 1A E9 49
BruceRFID/Amiibo/Animal_Crossing/Amiibo_Cards/Series_2/Broccolo.nfc	Amiibo	Broccolo	NTAG215	04 C4 18 EC EB BC 88
BruceRFID/Amiibo/Animal_Crossing/Amiibo_Cards/Series_2/AC_165_Filbert.nfc	Amiibo	AC_165_Filbert	NTAG215	04 5A 69 BF 6A ED 49
BruceRFID/Amiibo/Animal_Crossing/Amiibo_Cards/Series_2/AC_188_Ankha.nfc	Amiibo	AC_188_Ankha	NTAG215	04 83 9D 92 82 ED 49
BruceRFID/Amiibo/Animal_Crossing/Amiibo_Cards/Series_2/AC_190_Vesta.nfc	Amiibo	AC_190_Vesta	NTAG215	04 D4 E7 BF E2 EF 49
BruceRFID/Amiibo/Animal_Crossing/Amiibo_Cards/Series_2/Bianca.nfc	Amiibo	Bianca	NTAG215	04 F2 16 AE 51 0D 61
BruceRFID/Amiibo/Animal_Crossing/Amiibo_Cards/Series_2/AC_189_Drift.nfc	Amiibo	AC_189_Drift	NTAG215	04 25 C8 61 2A ED 49
BruceRFID/Amiibo/Animal_Crossing/Amiibo_Cards/Series_2/AC_138_Sly.nfc	Amiibo	AC_138_Sly	NTAG215	04 E6 84 EE 9A E9 49
BruceRFID/Amiibo/Animal_Crossing/Amiibo_Cards/Series_2/Hamphrey.nfc	Amiibo	Hamphrey	NTAG215	04 F2 32 F1 91 8B E0
BruceRFID/Amiibo/Animal_Crossing/Amiibo_Cards/Series_2/Gwen.nfc	Amiibo	Gwen	NTAG215	04 DE EF 28 75 29 7A
BruceRFID/Amiibo/Animal_Crossing/Amiibo_Cards/Series_2/AC_141_Nana.nfc	Amiibo	AC_141_Nana	NTAG215	04 25 3D 94 EA 89 49
BruceRFID/Amiibo/Animal_Crossing/Amiibo_Cards/Series_2/Whitney.nfc	Amiibo	Whitney	NTAG215	04 0F 72 1E 54 28 87
BruceRFID/Amiibo/Animal_Crossing/Amiibo_Cards/Series_2/Harry.nfc	Amiibo	Harry	NTAG215	04 03 B1 A3 34 6E 02
BruceRFID/Amiibo/Animal_Crossing/Amiibo_Cards/Series_2/Kitt.nfc	Amiibo	Kitt	NTAG215	04 FA B1 30 7E 90 CD
BruceRFID/Amiibo/Animal_Crossing/Amiibo_Cards/Series_2/AC_118_Poncho.nfc	Amiibo	AC_118_Poncho	NTAG215	04 FF 62 11 4A ED 49
BruceRFID/Amiibo/Animal_Crossing/Amiibo_Cards/Series_2/AC_163_Ed.nfc	Amiibo	AC_163_Ed	NTAG215	04 A3 E2 CD 62 ED 49
BruceRFID/Amiibo/Animal_Crossing/Amiibo_Cards/Series_2/Carmen.nfc	Amiibo	Carmen	NTAG215	04 8A 1F 60 EC 82 A9
BruceRFID/Amiibo/Animal_Crossing/Amiibo_Cards/Series_2/Rodney.nfc	Amiibo	Rodney	NTAG215	04 44 92 AE A2 FD 82
BruceRFID/Amiibo/Animal_Crossing/Amiibo_Cards/Series_2/AC_182_Alice.nfc	Amiibo	AC_182_Alice	NTAG215	04 BD 65 54 32 EE 49
BruceRFID/Amiibo/Animal_Crossing/Amiibo_Cards/Series_2/AC_130_Prince.nfc	Amiibo	AC_130_Prince	NTAG215	04 EE B1 D3 FA E8 49
BruceRFID/Amiibo/Animal_Crossing/Amiibo_Cards/Series_2/Porter.nfc	Amiibo	Porter	NTAG215	04 34 B2 73 0D 9D 85
BruceRFID/Amiibo/Animal_Crossing/Amiibo_Cards/Series_2/Sly.nfc	Amiibo	Sly	NTAG215	04 CD 9A 57 E7 94 27
BruceRFID/Amiibo/Animal_Crossing/Amiibo_Cards/Series_2/AC_136_Egbert.nfc	Amiibo	AC_136_Egbert	NTAG215	04 42 8E 40 FA E8 49
BruceRFID/Amiibo/Animal_Crossing/Amiibo_Cards/Series_2/AC_158_Timbra.nfc	Amiibo	AC_158_Timbra	NTAG215	04 A3 6C 43 DA 01 49
BruceRFID/Amiibo/Animal_Crossing/Amiibo_Cards/Series_2/Kid_Cat.nfc	Amiibo	Kid_Cat	NTAG215	04 F3 EA 92 43 1A 87
BruceRFID/Amiibo/Animal_Crossing/Amiibo_Cards/Series_2/Lucha.nfc	Amiibo	Lucha	NTAG215	04 21 DD 3B E3 EE F1
BruceRFID/Amiibo/Animal_Crossing/Amiibo_Cards/Series_2/AC_117_Jack.nfc	Amiibo	AC_117_Jack	NTAG215	04 43 82 4D 02 E9 49
BruceRFID/Amiibo/Animal_Crossing/Amiibo_Cards/Series_2/AC_111_Shrunk.nfc	Amiibo	AC_111_Shrunk	NTAG215	04 70 EA 16 EA EF 49
BruceRFID/Amiibo/Animal_Crossing/Amiibo_Cards/Series_2/Nan.nfc	Amiibo	Nan	NTAG215	04 7D 55 E6 10 DD A9
BruceRFID/Amiibo/Animal_Crossing/Amiibo_Cards/Series_2/AC_164_Bianca.nfc	Amiibo	AC_164_Bianca	NTAG215	04 BF 8E BD 32 ED 49
BruceRFID/Amiibo/Animal_Crossing/Amiibo_Cards/Series_2/Agnes.nfc	Amiibo	Agnes	NTAG215	04 41 F2 5A 70 1F 51
BruceRFID/Amiibo/Animal_Crossing/Amiibo_Cards/Series_2/AC_151_Groucho.nfc	Amiibo	AC_151_Groucho	NTAG215	04 5C 22 F2 62 ED 49
BruceRFID/Amiibo/Animal_Crossing/Amiibo_Cards/Series_2/Blaire.nfc	Amiibo	Blaire	NTAG215	04 DA DB CA 0C F7 FA
BruceRFID/Amiibo/Animal_Crossing/Amiibo_Cards/Series_2/Tia.nfc	Amiibo	Tia	NTAG215	04 D3 CC 21 90 23 9E
BruceRFID/Amiibo/Animal_Crossing/Amiibo_Cards/Series_2/Jay.nfc	Amiibo	Jay	NTAG215	04 EC 0C 0F 14 B8 1C
BruceRFID/Amiibo/Animal_Crossing/Amiibo_Cards/Series_2/AC_139_Blaire.nfc	Amiibo	AC_139_Blaire	NTAG215	04 27 99 32 32 E1 49
BruceRFID/Amiibo/Animal_Crossing/Amiibo_Cards/Series_2/Vic.nfc	Amiibo	Vic	NTAG215	04 0B D5 E7 4B 25 EE
BruceRFID/Amiibo/Animal_Crossing/Amiibo_Cards/Series_2/Teddy.nfc	Amiibo	Teddy	NTAG215	04 A7 73 A1 CF E3 E2
BruceRFID/Amiibo/Animal_Crossing/Amiibo_Cards/Series_2/Kicks.nfc	Amiibo	Kicks	NTAG215	04 E9 D9 C7 8E 3E 83
BruceRFID/Amiibo/Animal_Crossing/Amiibo_Cards/Series_2/AC_114_Blanca.nfc	Amiibo	AC_114_Blanca	NTAG215	04 61 20 CD 72 E9 49
BruceRFID/Amiibo/Animal_Crossing/Amiibo_Cards/Series_2/AC_157_Moose.nfc	Amiibo	AC_157_Moose	NTAG215	04 0D EE 6F 1A E9 49
BruceRFID/Amiibo/Animal_Crossing/Amiibo_Cards/Series_2/Charlise.nfc	Amiibo	Charlise	NTAG215	04 3A 9C 69 79 62 56
BruceRFID/Amiibo/Animal_Crossing/Amiibo_Cards/Series_2/Gladys.nfc	Amiibo	Gladys	NTAG215	04 CE 0B B4 66 58 A0
BruceRFID/Amiibo/Animal_Crossing/Amiibo_Cards/Series_2/AC_167_Beau.nfc	Amiibo	AC_167_Beau	NTAG215	04 30 52 EE DA 01 49
BruceRFID/Amiibo/Animal_Crossing/Amiibo_Cards/Series_2/Marcel.nfc	Amiibo	Marcel	NTAG215	04 85 7F 47 38 05 78
BruceRFID/Amiibo/Animal_Crossing/Amiibo_Cards/Series_2/AC_126_Coach.nfc	Amiibo	AC_126_Coach	NTAG215	04 B0 2C 10 4A ED 49
BruceRFID/Amiibo/Animal_Crossing/Amiibo_Cards/Series_2/AC_121_Tia.nfc	Amiibo	AC_121_Tia	NTAG215	04 64 33 DB 3A E1 49
BruceRFID/Amiibo/Animal_Crossing/Amiibo_Cards/Series_2/AC_177_Flip.nfc	Amiibo	AC_177_Flip	NTAG215	04 D0 EE B2 DA 01 49
BruceRFID/Amiibo/Animal_Crossing/Amiibo_Cards/Series_2/Freya.nfc	Amiibo	Freya	NTAG215	04 2F E8 7E 19 1A 15
BruceRFID/Amiibo/Animal_Crossing/Amiibo_Cards/Series_2/Drake.nfc	Amiibo	Drake	NTAG215	04 E1 4E EE 50 DC 6E
BruceRFID/Amiibo/Animal_Crossing/Amiibo_Cards/Series_2/AC_142_Peck.nfc	Amiibo	AC_142_Peck	NTAG215	04 5A 38 EE 5A ED 49
BruceRFID/Amiibo/Animal_Crossing/Amiibo_Cards/Series_2/Camofrog.nfc	Amiibo	Camofrog	NTAG215	04 77 63 2E 82 75 10
BruceRFID/Amiibo/Animal_Crossing/Amiibo_Cards/Series_2/AC_125_Gwen.nfc	Amiibo	AC_125_Gwen	NTAG215	04 21 3D 90 4A ED 49
BruceRFID/Amiibo/Animal_Crossing/Amiibo_Cards/Series_2/AC_175_Jay.nfc	Amiibo	AC_175_Jay	NTAG215	04 77 D3 28 1A ED 49
BruceRFID/Amiibo/Animal_Crossing/Amiibo_Cards/Series_2/Anicotti.nfc	Amiibo	Anicotti	NTAG215	04 CA B8 15 61 D8 99
BruceRFID/Amiibo/Animal_Crossing/Amiibo_Cards/Series_2/AC_181_Drake.nfc	Amiibo	AC_181_Drake	NTAG215	04 6C A4 44 22 ED 49
BruceRFID/Amiibo/Animal_Crossing/Amiibo_Cards/Series_2/Coach.nfc	Amiibo	Coach	NTAG215	04 AA 07 71 73 01 D6
BruceRFID/Amiibo/Animal_Crossing/Amiibo_Cards/Series_2/AC_102_Reese.nfc	Amiibo	AC_102_Reese	NTAG215	04 71 63 9E 72 E9 49
BruceRFID/Amiibo/Animal_Crossing/Amiibo_Cards/Series_2/Vladimir.nfc	Amiibo	Vladimir	NTAG215	04 8F D4 0B 91 12 E1
BruceRFID/Amiibo/Animal_Crossing/Amiibo_Cards/Series_2/Pecan.nfc	Amiibo	Pecan	NTAG215	04 25 4B B1 FB 49 3E
BruceRFID/Amiibo/Animal_Crossing/Amiibo_Cards/Series_2/Egbert.nfc	Amiibo	Egbert	NTAG215	04 B0 B4 DA 02 34 22
BruceRFID/Amiibo/Animal_Crossing/Amiibo_Cards/Series_2/Rocket.nfc	Amiibo	Rocket	NTAG215	04 F1 BC 5E C6 77 FF
BruceRFID/Amiibo/Animal_Crossing/Amiibo_Cards/Series_2/AC_183_Camofrog.nfc	Amiibo	AC_183_Camofrog	NTAG215	04 92 3E 20 3A ED 49
BruceRFID/Amiibo/Animal_Crossing/Amiibo_Cards/Series_2/Flip.nfc	Amiibo	Flip	NTAG215	04 31 C4 4C F5 8D 98
BruceRFID/Amiibo/Animal_Crossing/Amiibo_Cards/Series_2/Hopper.nfc	Amiibo	Hopper	NTAG215	04 E8 F1 E7 3A F7 E5
BruceRFID/Amiibo/Animal_Crossing/Amiibo_Cards/Series_2/Avery.nfc	Amiibo	Avery	NTAG215	04 36 61 31 51 D1 51
BruceRFID/Amiibo/Animal_Crossing/Amiibo_Cards/Series_2/Kitty.nfc	Amiibo	Kitty	NTAG215	04 72 53 7C 38 8B F9
BruceRFID/Amiibo/Animal_Crossing/Amiibo_Cards/Series_2/AC_184_Anicotti.nfc	Amiibo	AC_184_Anicotti	NTAG215	04 10 69 F5 62 E9 49
BruceRFID/Amiibo/Animal_Crossing/Amiibo_Cards/Series_2/Pate.nfc	Amiibo	Pate	NTAG215	04 92 FB 83 13 09 0D
BruceRFID/Amiibo/Animal_Crossing/Amiibo_Cards/Series_2/Hugh.nfc	Amiibo	Hugh	NTAG215	04 58 81 D5 3B 1A 83
BruceRFID/Amiibo/Animal_Crossing/Amiibo_Cards/Series_2/AC_160_Pekoe.nfc	Amiibo	AC_160_Pekoe	NTAG215	04 B0 14 28 12 ED 49
BruceRFID/Amiibo/Animal_Crossing/Amiibo_Cards/Series_2/AC_194_Gladys.nfc	Amiibo	AC_194_Gladys	NTAG215	04 8E CD CF E2 EF 49
BruceRFID/Amiibo/Animal_Crossing/Amiibo_Cards/Series_2/AC_145_Carmen.nfc	Amiibo	AC_145_Carmen	NTAG215	04 72 DC 22 FA E8 49
BruceRFID/Amiibo/Animal_Crossing/Amiibo_Cards/Series_2/Copper.nfc	Amiibo	Copper	NTAG215	04 F9 CF 97 DD 2C FE
BruceRFID/Amiibo/Animal_Crossing/Amiibo_Cards/Series_2/Ed.nfc	Amiibo	Ed	NTAG215	04 F8 AA 4D EF D9 9B
BruceRFID/Amiibo/Animal_Crossing/Amiibo_Cards/Series_2/Agent_S.nfc	Amiibo	Agent_S	NTAG215	04 06 B6 C6 9B CC 8F
BruceRFID/Amiibo/Animal_Crossing/Amiibo_Cards/Series_2/Tommy.nfc	Amiibo	Tommy	NTAG215	04 59 37 D9 5D 91 2E
BruceRFID/Amiibo/Animal_Crossing/Amiibo_Cards/Series_2/Jack.nfc	Amiibo	Jack	NTAG215	04 30 54 B7 84 17 87
BruceRFID/Amiibo/Animal_Crossing/Amiibo_Cards/Series_2/Peck.nfc	Amiibo	Peck	NTAG215	04 8B 80 36 AB 2F 2D
BruceRFID/Amiibo/Animal_Crossing/Amiibo_Cards/Series_2/AC_191_Marcel.nfc	Amiibo	AC_191_Marcel	NTAG215	04 7E A0 52 1A E9 49
BruceRFID/Amiibo/Animal_Crossing/Amiibo_Cards/Series_2/Sprinkle.nfc	Amiibo	Sprinkle	NTAG215	04 16 8B 0B 4B EA 17
BruceRFID/Amiibo/Animal_Crossing/Amiibo_Cards/Series_2/AC_147_Scoot.nfc	Amiibo	AC_147_Scoot	NTAG215	04 21 99 34 62 ED 49
BruceRFID/Amiibo/Animal_Crossing/Amiibo_Cards/Series_2/Tipper.nfc	Amiibo	Tipper	NTAG215	04 47 53 E4 4B 71 C6
BruceRFID/Amiibo/Animal_Crossing/Amiibo_Cards/Series_2/AC_152_Wendy.nfc	Amiibo	AC_152_Wendy	NTAG215	04 6E 07 E5 0A E9 49
BruceRFID/Amiibo/Animal_Crossing/Amiibo_Cards/Series_2/AC_133_Savannah.nfc	Amiibo	AC_133_Savannah	NTAG215	04 22 8F 21 5A ED 49
BruceRFID/Amiibo/Animal_Crossing/Amiibo_Cards/Series_2/AC_176_Sprinkle.nfc	Amiibo	AC_176_Sprinkle	NTAG215	04 AC DE FE 1A ED 49
BruceRFID/Amiibo/Animal_Crossing/Amiibo_Cards/Series_2/AC_107_Katie.nfc	Amiibo	AC_107_Katie	NTAG215	04 2B 23 84 3A EE 49
BruceRFID/Amiibo/Animal_Crossing/Amiibo_Cards/Series_2/AC_180_Pecan.nfc	Amiibo	AC_180_Pecan	NTAG215	04 BA BC 8A 42 ED 49
BruceRFID/Amiibo/Animal_Crossing/Amiibo_Cards/Series_2/AC_109_Porter.nfc	Amiibo	AC_109_Porter	NTAG215	04 A5 24 0D 72 E9 49
BruceRFID/Amiibo/Animal_Crossing/Amiibo_Cards/Series_2/AC_155_Butch.nfc	Amiibo	AC_155_Butch	NTAG215	04 3F 43 F0 62 B3 49
BruceRFID/Amiibo/Animal_Crossing/Amiibo_Cards/Series_2/AC_200_Rocket.nfc	Amiibo	AC_200_Rocket	NTAG215	04 6C DD 3D 62 B3 49
BruceRFID/Amiibo/Animal_Crossing/Amiibo_Cards/Series_2/Coco.nfc	Amiibo	Coco	NTAG215	04 FB 6C 21 28 FC 44
BruceRFID/Amiibo/Animal_Crossing/Amiibo_Cards/Series_2/AC_135_Phoebe.nfc	Amiibo	AC_135_Phoebe	NTAG215	04 32 9A 24 5A ED 49
BruceRFID/Amiibo/Animal_Crossing/Amiibo_Cards/Series_2/Julian.nfc	Amiibo	Julian	NTAG215	04 67 70 07 FF F5 BD
BruceRFID/Amiibo/Animal_Crossing/Amiibo_Cards/Series_2/Katie.nfc	Amiibo	Katie	NTAG215	04 2B F5 66 A0 7C E4
BruceRFID/Amiibo/Animal_Crossing/Amiibo_Cards/Series_2/Poncho.nfc	Amiibo	Poncho	NTAG215	04 F8 DC 35 AA D3 43
BruceRFID/Amiibo/Animal_Crossing/Amiibo_Cards/Series_2/AC_143_Olivia.nfc	Amiibo	AC_143_Olivia	NTAG215	04 B1 6B 56 DA EE 49
BruceRFID/Amiibo/Animal_Crossing/Amiibo_Cards/Series_2/AC_137_Cookie.nfc	Amiibo	AC_137_Cookie	NTAG215	04 75 2C D5 52 ED 49
BruceRFID/Amiibo/Animal_Crossing/Amiibo_Cards/Series_2/AC_113_Isabelle.nfc	Amiibo	AC_113_Isabelle	NTAG215	04 08 3F BB EA EF 49
BruceRFID/Amiibo/Animal_Crossing/Amiibo_Cards/Series_2/Labelle.nfc	Amiibo	Labelle	NTAG215	04 D9 37 10 9D 18 FD
BruceRFID/Amiibo/Animal_Crossing/Amiibo_Cards/Series_2/Savannah.nfc	Amiibo	Savannah	NTAG215	04 68 D0 F6 C0 00 82
BruceRFID/Amiibo/Animal_Crossing/Amiibo_Cards/Series_2/Tom.nfc	Amiibo	Tom	NTAG215	04 4B 17 8B 79 01 A5
BruceRFID/Amiibo/Animal_Crossing/Amiibo_Cards/Series_2/AC_144_Cesar.nfc	Amiibo	AC_144_Cesar	NTAG215	04 04 64 EC 52 ED 49
BruceRFID/Amiibo/Animal_Crossing/Amiibo_Cards/Series_2/AC_127_Kitt.nfc	Amiibo	AC_127_Kitt	NTAG215	04 98 62 76 42 ED 49
BruceRFID/Amiibo/Animal_Crossing/Amiibo_Cards/Series_2/AC_123_Fuchsia.nfc	Amiibo	AC_123_Fuchsia	NTAG215	04 B7 9F A4 1A E1 49
BruceRFID/Amiibo/Animal_Crossing/Amiibo_Cards/Series_2/Cookie.nfc	Amiibo	Cookie	NTAG215	04 74 2B 6C 06 4F 00
BruceRFID/Amiibo/Animal_Crossing/Amiibo_Cards/Series_2/Kidd.nfc	Amiibo	Kidd	NTAG215	04 53 0E B4 90 99 34
BruceRFID/Amiibo/Animal_Crossing/Amiibo_Cards/Series_2/AC_199_Big_Top.nfc	Amiibo	AC_199_Big_Top	NTAG215	04 77 66 9D 22 ED 49
BruceRFID/Amiibo/Animal_Crossing/Amiibo_Cards/Series_2/AC_198_Agent_S.nfc	Amiibo	AC_198_Agent_S	NTAG215	04 56 2B F1 32 EE 49
BruceRFID/Amiibo/Animal_Crossing/Amiibo_Cards/Series_2/Chip.nfc	Amiibo	Chip	NTAG215	04 F3 E3 C0 13 8A 9B
BruceRFID/Amiibo/Animal_Crossing/Amiibo_Cards/Series_2/Prince.nfc	Amiibo	Prince	NTAG215	04 F6 72 52 F7 95 A8
BruceRFID/Amiibo/Animal_Crossing/Amiibo_Cards/Series_2/AC_115_Nat.nfc	Amiibo	AC_115_Nat	NTAG215	04 0D AB 2A 72 E9 49
BruceRFID/Amiibo/Animal_Crossing/Amiibo_Cards/Series_2/AC_173_Julian.nfc	Amiibo	AC_173_Julian	NTAG215	04 8D 8E 8F 72 ED 49
BruceRFID/Amiibo/Animal_Crossing/Amiibo_Cards/Series_2/AC_124_Harry.nfc	Amiibo	AC_124_Harry	NTAG215	04 BD 2F 1E 1A E1 49
BruceRFID/Amiibo/Animal_Crossing/Amiibo_Cards/Series_2/AC_197_Kid_Cat.nfc	Amiibo	AC_197_Kid_Cat	NTAG215	04 EF 90 F3 1A E9 49
BruceRFID/Amiibo/Animal_Crossing/Amiibo_Cards/Series_2/AC_187_Vic.nfc	Amiibo	AC_187_Vic	NTAG215	04 5B 94 43 7A ED 49
BruceRFID/Amiibo/Animal_Crossing/Amiibo_Cards/Series_2/Mathilda.nfc	Amiibo	Mathilda	NTAG215	04 A0 8E CD 42 67 77
BruceRFID/Amiibo/Animal_Crossing/Amiibo_Cards/Series_2/Rhonda.nfc	Amiibo	Rhonda	NTAG215	04 15 24 4E 87 C3 59
BruceRFID/Amiibo/Animal_Crossing/Amiibo_Cards/Series_2/AC_128_Tom.nfc	Amiibo	AC_128_Tom	NTAG215	04 05 7D F4 42 ED 49
BruceRFID/Amiibo/Animal_Crossing/Amiibo_Cards/Series_2/AC_101_KK_Slider.nfc	Amiibo	AC_101_KK_Slider	NTAG215	04 A9 46 63 EA EF 49
BruceRFID/Amiibo/Animal_Crossing/Amiibo_Cards/Series_2/AC_103_Kicks.nfc	Amiibo	AC_103_Kicks	NTAG215	04 91 25 38 1A EE 49
BruceRFID/Amiibo/Animal_Crossing/Amiibo_Cards/Series_2/Booker.nfc	Amiibo	Booker	NTAG215	04 35 D5 EC 0A B6 A8
BruceRFID/Amiibo/Animal_Crossing/Amiibo_Cards/Series_2/AC_105_Copper.nfc	Amiibo	AC_105_Copper	NTAG215	04 47 A4 6F 8A E9 49
BruceRFID/Amiibo/Animal_Crossing/Amiibo_Cards/Series_2/AC_153_Alfonso.nfc	Amiibo	AC_153_Alfonso	NTAG215	04 3A 25 93 12 B3 49
BruceRFID/Amiibo/Animal_Crossing/Amiibo_Cards/Series_2/AC_149_Broccolo.nfc	Amiibo	AC_149_Broccolo	NTAG215	04 46 C2 08 0A E9 49
BruceRFID/Amiibo/Animal_Crossing/Amiibo_Cards/Series_2/AC_140_Avery.nfc	Amiibo	AC_140_Avery	NTAG215	04 61 44 A9 FA E8 49
BruceRFID/Amiibo/Animal_Crossing/Amiibo_Cards/Series_2/AC_148_Whitney.nfc	Amiibo	AC_148_Whitney	NTAG215	04 71 58 A5 12 B3 49
BruceRFID/Amiibo/Animal_Crossing/Amiibo_Cards/Series_2/Ankha.nfc	Amiibo	Ankha	NTAG215	04 77 87 67 AB 91 A2
BruceRFID/Amiibo/Animal_Crossing/Amiibo_Cards/Series_2/AC_172_Agnes.nfc	Amiibo	AC_172_Agnes	NTAG215	04 B3 81 BE 12 ED 49
BruceRFID/Amiibo/Animal_Crossing/Amiibo_Cards/Series_2/Pango.nfc	Amiibo	Pango	NTAG215	04 79 43 72 9F 12 E4
BruceRFID/Amiibo/Animal_Crossing/Amiibo_Cards/Series_2/AC_122_Lucha.nfc	Amiibo	AC_122_Lucha	NTAG215	04 41 59 94 1A E1 49
BruceRFID/Amiibo/Animal_Crossing/Amiibo_Cards/Series_2/Wendy.nfc	Amiibo	Wendy	NTAG215	04 EC 08 47 0D D7 17
BruceRFID/Amiibo/Animal_Crossing/Amiibo_Cards/Series_2/AC_119_Felicity.nfc	Amiibo	AC_119_Felicity	NTAG215	04 31 BC 01 22 ED 49
BruceRFID/Amiibo/Animal_Crossing/Amiibo_Cards/Series_2/AC_112_Don_Resetti.nfc	Amiibo	AC_112_Don_Resetti	NTAG215	04 4E 74 B6 22 E1 49
BruceRFID/Amiibo/Animal_Crossing/Amiibo_Cards/Series_2/Isabelle_Aut.nfc	Amiibo	Isabelle_Aut	NTAG215	04 A3 E5 3D 49 D2 E8
BruceRFID/Amiibo/Animal_Crossing/Amiibo_Cards/Series_2/Chops.nfc	Amiibo	Chops	NTAG215	04 00 05 8E 13 5A 4C
BruceRFID/Amiibo/Animal_Crossing/Amiibo_Cards/Series_2/Groucho.nfc	Amiibo	Groucho	NTAG215	04 08 CF 1A 8B 9E 50
BruceRFID/Amiibo/Animal_Crossing/Amiibo_Cards/Series_2/AC_146_Rodney.nfc	Amiibo	AC_146_Rodney	NTAG215	04 5E B6 64 5A ED 49
BruceRFID/Amiibo/Animal_Crossing/Amiibo_Cards/Series_2/AC_162_Mathilda.nfc	Amiibo	AC_162_Mathilda	NTAG215	04 47 7F B4 7A ED 49
BruceRFID/Amiibo/Animal_Crossing/Amiibo_Cards/Series_2/AC_186_Charlise.nfc	Amiibo	AC_186_Charlise	NTAG215	04 61 FA 17 1A ED 49
BruceRFID/Amiibo/Animal_Crossing/Amiibo_Cards/Series_2/AC_106_Booker.nfc	Amiibo	AC_106_Booker	NTAG215	04 DA F2 A4 8A E9 49
BruceRFID/Amiibo/Animal_Crossing/Amiibo_Cards/Series_2/Bettina.nfc	Amiibo	Bettina	NTAG215	04 34 E6 16 43 AC 9F
BruceRFID/Amiibo/Animal_Crossing/Amiibo_Cards/Series_2/AC_195_Hamphrey.nfc	Amiibo	AC_195_Hamphrey	NTAG215	04 EC E7 87 1A E9 49
BruceRFID/Amiibo/Animal_Crossing/Amiibo_Cards/Series_2/AC_120_Ozzie.nfc	Amiibo	AC_120_Ozzie	NTAG215	04 6F C9 2A 2A E1 49
BruceRFID/Amiibo/Animal_Crossing/Amiibo_Cards/Series_2/Reese.nfc	Amiibo	Reese	NTAG215	04 F5 54 D6 FB 23 FA
BruceRFID/Amiibo/Animal_Crossing/Amiibo_Cards/Series_2/Phoebe.nfc	Amiibo	Phoebe	NTAG215	04 8F 2F E2 FE 3F 96
BruceRFID/Amiibo/Animal_Crossing/Amiibo_Cards/Series_2/Cesar.nfc	Amiibo	Cesar	NTAG215	04 EE 52 7B 52 44 6A
BruceRFID/Amiibo/Animal_Crossing/Amiibo_Cards/Series_2/AC_104_Labelle.nfc	Amiibo	AC_104_Labelle	NTAG215	04 C0 0A 46 AA EE 49
BruceRFID/Amiibo/Animal_Crossing/Amiibo_Cards/Series_2/AC_166_Kitty.nfc	Amiibo	AC_166_Kitty	NTAG215	04 29 D6 73 32 ED 49
BruceRFID/Amiibo/Animal_Crossing/Amiibo_Cards/Series_2/AC_179_Hopper.nfc	Amiibo	AC_179_Hopper	NTAG215	04 40 49 85 22 ED 49
BruceRFID/Amiibo/Animal_Crossing/Amiibo_Cards/Series_2/Alice.nfc	Amiibo	Alice	NTAG215	04 B3 C5 52 FD 09 29
BruceRFID/Amiibo/Animal_Crossing/Amiibo_Cards/Series_2/AC_161_Teddy.nfc	Amiibo	AC_161_Teddy	NTAG215	04 E9 60 05 DA 01 49
BruceRFID/Amiibo/Animal_Crossing/Amiibo_Cards/Series_2/AC_116_Chip.nfc	Amiibo	AC_116_Chip	NTAG215	04 C5 9B D2 72 E9 49
BruceRFID/Amiibo/Animal_Crossing/Amiibo_Cards/Series_2/Nana.nfc	Amiibo	Nana	NTAG215	04 A1 4B 97 14 E1 7D
BruceRFID/Amiibo/Animal_Crossing/Amiibo_Cards/Series_2/Zell.nfc	Amiibo	Zell	NTAG215	04 72 FF 8D 2E C3 77
BruceRFID/Amiibo/Animal_Crossing/Amiibo_Cards/Series_2/AC_154_Rhonda.nfc	Amiibo	AC_154_Rhonda	NTAG215	04 5C E5 35 12 B3 49
BruceRFID/Amiibo/Animal_Crossing/Amiibo_Cards/Series_2/AC_168_Nan.nfc	Amiibo	AC_168_Nan	NTAG215	04 F1 5E 23 32 ED 49
BruceRFID/Amiibo/Animal_Crossing/Amiibo_Cards/Series_2/Filbert.nfc	Amiibo	Filbert	NTAG215	04 4C A2 6D 42 EA 62
BruceRFID/Amiibo/Animal_Crossing/Amiibo_Cards/Series_2/Butch.nfc	Amiibo	Butch	NTAG215	04 FC 19 BB CF B4 57
BruceRFID/Amiibo/Animal_Crossing/Amiibo_Cards/Series_2/AC_171_Benedict.nfc	Amiibo	AC_171_Benedict	NTAG215	04 57 B5 6E 62 B3 49
BruceRFID/Amiibo/Animal_Crossing/Amiibo_Cards/Series_2/Don_Resetti.nfc	Amiibo	Don_Resetti	NTAG215	04 D8 26 37 E2 42 01
BruceRFID/Amiibo/Animal_Crossing/Amiibo_Cards/Series_2/AC_129_Tipper.nfc	Amiibo	AC_129_Tipper	NTAG215	04 95 71 68 42 ED 49
BruceRFID/Amiibo/Animal_Crossing/Amiibo_Cards/Series_2/AC_192_Pango.nfc	Amiibo	AC_192_Pango	NTAG215	04 D6 4B 11 1A E9 49
BruceRFID/Amiibo/Animal_Crossing/Amiibo_Cards/Series_2/Fuchsia.nfc	Amiibo	Fuchsia	NTAG215	04 08 0E CB 9E 4E 7C
BruceRFID/Amiibo/Animal_Crossing/Amiibo_Cards/Series_2/AC_108_Tommy.nfc	Amiibo	AC_108_Tommy	NTAG215	04 46 61 AB 9A E9 49
BruceRFID/Amiibo/Animal_Crossing/Amiibo_Cards/Series_2/Benedict.nfc	Amiibo	Benedict	NTAG215	04 F8 13 4E A1 70 F1
BruceRFID/Amiibo/Animal_Crossing/Amiibo_Cards/Series_2/Nat.nfc	Amiibo	Nat	NTAG215	04 1A 33 EB 2D 60 AE
BruceRFID/Amiibo/Animal_Crossing/Amiibo_Cards/Series_2/Big_Top.nfc	Amiibo	Big_Top	NTAG215	04 42 C1 16 FB 93 A5
BruceRFID/Amiibo/Animal_Crossing/Amiibo_Cards/Series_2/Gabi.nfc	Amiibo	Gabi	NTAG215	04 0E 56 88 7F 06 2C
BruceRFID/Amiibo/Animal_Crossing/Amiibo_Cards/Series_2/AC_170_Ruby.nfc	Amiibo	AC_170_Ruby	NTAG215	04 0C 29 A9 1A E9 49
BruceRFID/Amiibo/Animal_Crossing/Amiibo_Cards/Series_2/KK_Slider.nfc	Amiibo	KK_Slider	NTAG215	04 89 25 3D 04 6E 60
BruceRFID/Amiibo/Animal_Crossing/Amiibo_Cards/Series_2/Drift.nfc	Amiibo	Drift	NTAG215	04 3C 7F 51 E4 40 31
BruceRFID/Amiibo/Animal_Crossing/Amiibo_Cards/Series_2/AC_131_Pate.nfc	Amiibo	AC_131_Pate	NTAG215	04 53 CE 11 4A ED 49
BruceRFID/Amiibo/Animal_Crossing/Amiibo_Cards/Series_2/Keaton.nfc	Amiibo	Keaton	NTAG215	04 32 E7 3C 0A B5 51
BruceRFID/Amiibo/Animal_Crossing/Amiibo_Cards/Series_2/Olivia.nfc	Amiibo	Olivia	NTAG215	04 B0 18 09 D5 34 03
BruceRFID/Amiibo/Animal_Crossing/Amiibo_Cards/Series_2/Ruby.nfc	Amiibo	Ruby	NTAG215	04 F7 99 5B 2D 57 2D
BruceRFID/Amiibo/Animal_Crossing/Amiibo_Cards/Series_2/AC_193_Keaton.nfc	Amiibo	AC_193_Keaton	NTAG215	04 B5 8A B3 1A E9 49
BruceRFID/Amiibo/Animal_Crossing/Amiibo_Cards/Series_2/Scoot.nfc	Amiibo	Scoot	NTAG215	04 D4 F0 BF 6D EF 34
BruceRFID/Amiibo/Animal_Crossing/Amiibo_Cards/Series_2/AC_110_Leila.nfc	Amiibo	AC_110_Leila	NTAG215	04 32 E2 5C EA EF 49
BruceRFID/Amiibo/Animal_Crossing/Amiibo_Cards/Series_2/Felicity.nfc	Amiibo	Felicity	NTAG215	04 31 00 43 0E DD 0B
BruceRFID/Amiibo/Animal_Crossing/Amiibo_Cards/Series_2/Dr_Shrunk.nfc	Amiibo	Dr_Shrunk	NTAG215	04 1F E8 8A 01 11 37
BruceRFID/Amiibo/Animal_Crossing/Amiibo_Cards/Series_2/AC_159_Zell.nfc	Amiibo	AC_159_Zell	NTAG215	04 6F AB 48 DA 01 49
BruceRFID/Amiibo/Animal_Crossing/Amiibo_Cards/Series_2/AC_134_Kidd.nfc	Amiibo	AC_134_Kidd	NTAG215	04 66 50 BA 32 28 49
BruceRFID/Amiibo/Animal_Crossing/Amiibo_Cards/Series_2/Alfonso.nfc	Amiibo	Alfonso	NTAG215	04 05 B3 44 25 57 C2
BruceRFID/Amiibo/Animal_Crossing/Amiibo_Cards/Series_2/Vesta.nfc	Amiibo	Vesta	NTAG215	04 D8 5A B1 93 69 F7
BruceRFID/Amiibo/Animal_Crossing/Amiibo_Cards/Series_2/AC_196_Freya.nfc	Amiibo	AC_196_Freya	NTAG215	04 94 89 91 62 B3 49
BruceRFID/Amiibo/Animal_Crossing/Amiibo_Cards/Series_2/Timbra.nfc	Amiibo	Timbra	NTAG215	04 5E 0E 00 AC B1 F1
BruceRFID/Amiibo/Animal_Crossing/Amiibo_Cards/Series_2/AC_132_Vladimir.nfc	Amiibo	AC_132_Vladimir	NTAG215	04 87 93 98 FA E8 49
BruceRFID/Amiibo/Animal_Crossing/Amiibo_Cards/Series_2/AC_150_Coco.nfc	Amiibo	AC_150_Coco	NTAG215	04 60 94 78 62 ED 49
BruceRFID/Amiibo/Animal_Crossing/Amiibo_Cards/Series_2/Lelia.nfc	Amiibo	Lelia	NTAG215	04 1F F1 CE AD 24 F4
BruceRFID/Amiibo/Animal_Crossing/Amiibo_Cards/Series_2/AC_178_Hugh.nfc	Amiibo	AC_178_Hugh	NTAG215	04 D4 52 0A 42 ED 49
BruceRFID/Amiibo/Animal_Crossing/Amiibo_Cards/Series_2/AC_174_Bettina.nfc	Amiibo	AC_174_Bettina	NTAG215	04 10 9B 07 2A ED 49
BruceRFID/Amiibo/Animal_Crossing/Amiibo_Cards/Series_2/Ozzie.nfc	Amiibo	Ozzie	NTAG215	04 75 A5 B6 C9 04 EB
BruceRFID/Amiibo/Animal_Crossing/Amiibo_Cards/Series_2/Pekoe.nfc	Amiibo	Pekoe	NTAG215	04 8A 9D B2 23 10 6D
BruceRFID/Amiibo/Animal_Crossing/Amiibo_Cards/Series_2/AC_169_Bud.nfc	Amiibo	AC_169_Bud	NTAG215	04 A9 EE CB AA E9 49
BruceRFID/Amiibo/Animal_Crossing/Amiibo_Cards/Series_2/Blanca.nfc	Amiibo	Blanca	NTAG215	04 C7 8C B7 BD D6 5D
BruceRFID/Amiibo/Animal_Crossing/Amiibo_Cards/Series_3/Timmy.nfc	Amiibo	Timmy	NTAG215	04 19 22 02 D4 49 F7
BruceRFID/Amiibo/Animal_Crossing/Amiibo_Cards/Series_3/Franklin.nfc	Amiibo	Franklin	NTAG215	04 B0 1B E3 F9 1C AB
BruceRFID/Amiibo/Animal_Crossing/Amiibo_Cards/Series_3/AC_296_Soleil.nfc	Amiibo	AC_296_Soleil	NTAG215	04 D5 ED B4 42 8D 4B
BruceRFID/Amiibo/Animal_Crossing/Amiibo_Cards/Series_3/Frank.nfc	Amiibo	Frank	NTAG215	04 76 2B BB 84 65 0E
BruceRFID/Amiibo/Animal_Crossing/Amiibo_Cards/Series_3/Chadder.nfc	Amiibo	Chadder	NTAG215	04 8E FA 06 BE 5C AE
BruceRFID/Amiibo/Animal_Crossing/Amiibo_Cards/Series_3/Claudia.nfc	Amiibo	Claudia	NTAG215	04 86 5C 12 83 86 B2
BruceRFID/Amiibo/Animal_Crossing/Amiibo_Cards/Series_3/Gaston.nfc	Amiibo	Gaston	NTAG215	04 FD DD 3B 4A E1 B9
BruceRFID/Amiibo/Animal_Crossing/Amiibo_Cards/Series_3/Curly.nfc	Amiibo	Curly	NTAG215	04 94 95 6E FB 95 DB
BruceRFID/Amiibo/Animal_Crossing/Amiibo_Cards/Series_3/AC_204_Pelly.nfc	Amiibo	AC_204_Pelly	NTAG215	04 3A D8 6E 62 2C 4C
BruceRFID/Amiibo/Animal_Crossing/Amiibo_Cards/Series_3/AC_274_Flora.nfc	Amiibo	AC_274_Flora	NTAG215	04 42 F9 37 BA FE 4A
BruceRFID/Amiibo/Animal_Crossing/Amiibo_Cards/Series_3/Bubbles.nfc	Amiibo	Bubbles	NTAG215	04 5A BB 6D E0 A1 3A
BruceRFID/Amiibo/Animal_Crossing/Amiibo_Cards/Series_3/AC_258_Daisy.nfc	Amiibo	AC_258_Daisy	NTAG215	04 1D D6 47 D2 8C 4B
BruceRFID/Amiibo/Animal_Crossing/Amiibo_Cards/Series_3/Skye.nfc	Amiibo	Skye	NTAG215	04 62 D5 5F 03 B6 39
BruceRFID/Amiibo/Animal_Crossing/Amiibo_Cards/Series_3/Lily.nfc	Amiibo	Lily	NTAG215	04 C1 0C C4 E3 E5 2A
BruceRFID/Amiibo/Animal_Crossing/Amiibo_Cards/Series_3/Hazel.nfc	Amiibo	Hazel	NTAG215	04 7F A5 1F 9C EA 08
BruceRFID/Amiibo/Animal_Crossing/Amiibo_Cards/Series_3/AC_270_Rooney.nfc	Amiibo	AC_270_Rooney	NTAG215	04 5F 72 A1 62 2C 4C
BruceRFID/Amiibo/Animal_Crossing/Amiibo_Cards/Series_3/AC_266_Joey.nfc	Amiibo	AC_266_Joey	NTAG215	04 05 2B A2 72 2C 4C
BruceRFID/Amiibo/Animal_Crossing/Amiibo_Cards/Series_3/Beardo.nfc	Amiibo	Beardo	NTAG215	04 2F 44 D8 CB 2D 1B
BruceRFID/Amiibo/Animal_Crossing/Amiibo_Cards/Series_3/AC_247_Wart_Jr.nfc	Amiibo	AC_247_Wart_Jr	NTAG215	04 16 B8 22 C2 8C 4B
BruceRFID/Amiibo/Animal_Crossing/Amiibo_Cards/Series_3/Mitzi.nfc	Amiibo	Mitzi	NTAG215	04 6E 20 10 51 F1 36
BruceRFID/Amiibo/Animal_Crossing/Amiibo_Cards/Series_3/Sparro.nfc	Amiibo	Sparro	NTAG215	04 F7 1C 78 5C 2D 37
BruceRFID/Amiibo/Animal_Crossing/Amiibo_Cards/Series_3/AC_299_Francine.nfc	Amiibo	AC_299_Francine	NTAG215	04 C4 F7 BF C2 FE 4A
BruceRFID/Amiibo/Animal_Crossing/Amiibo_Cards/Series_3/AC_250_Ava.nfc	Amiibo	AC_250_Ava	NTAG215	04 D7 D7 8C 02 8D 4B
BruceRFID/Amiibo/Animal_Crossing/Amiibo_Cards/Series_3/Ricky.nfc	Amiibo	Ricky	NTAG215	04 E4 0F C5 B8 74 34
BruceRFID/Amiibo/Animal_Crossing/Amiibo_Cards/Series_3/AC_293_Rolf.nfc	Amiibo	AC_293_Rolf	NTAG215	04 EE 07 65 62 2C 4C
BruceRFID/Amiibo/Animal_Crossing/Amiibo_Cards/Series_3/AC_212_Timmy.nfc	Amiibo	AC_212_Timmy	NTAG215	04 60 D2 3E 32 8D 4B
BruceRFID/Amiibo/Animal_Crossing/Amiibo_Cards/Series_3/Blathers.nfc	Amiibo	Blathers	NTAG215	04 30 C6 4C 26 79 50
BruceRFID/Amiibo/Animal_Crossing/Amiibo_Cards/Series_3/AC_279_Biskit.nfc	Amiibo	AC_279_Biskit	NTAG215	04 13 F0 6F 5A 8D 4B
BruceRFID/Amiibo/Animal_Crossing/Amiibo_Cards/Series_3/AC_249_Beardo.nfc	Amiibo	AC_249_Beardo	NTAG215	04 2F 5D FE C2 8C 4B
BruceRFID/Amiibo/Animal_Crossing/Amiibo_Cards/Series_3/AC_297_Apollo.nfc	Amiibo	AC_297_Apollo	NTAG215	04 6E E6 04 42 8D 4B
BruceRFID/Amiibo/Animal_Crossing/Amiibo_Cards/Series_3/AC_273_Moe.nfc	Amiibo	AC_273_Moe	NTAG215	04 0F CF 4C 5A 8D 4B
BruceRFID/Amiibo/Animal_Crossing/Amiibo_Cards/Series_3/Grams.nfc	Amiibo	Grams	NTAG215	04 61 7B DE 66 75 82
BruceRFID/Amiibo/Animal_Crossing/Amiibo_Cards/Series_3/AC_246_Eloise.nfc	Amiibo	AC_246_Eloise	NTAG215	04 36 C1 7B BA FE 4A
BruceRFID/Amiibo/Animal_Crossing/Amiibo_Cards/Series_3/AC_252_Merry.nfc	Amiibo	AC_252_Merry	NTAG215	04 58 79 AD 02 8D 4B
BruceRFID/Amiibo/Animal_Crossing/Amiibo_Cards/Series_3/Baabara.nfc	Amiibo	Baabara	NTAG215	04 42 32 31 39 56 7B
BruceRFID/Amiibo/Animal_Crossing/Amiibo_Cards/Series_3/AC_233_Colton.nfc	Amiibo	AC_233_Colton	NTAG215	04 4A D7 11 CA 8C 4B
BruceRFID/Amiibo/Animal_Crossing/Amiibo_Cards/Series_3/Greta.nfc	Amiibo	Greta	NTAG215	04 56 DA 4D 10 78 C0
BruceRFID/Amiibo/Animal_Crossing/Amiibo_Cards/Series_3/AC_230_Velma.nfc	Amiibo	AC_230_Velma	NTAG215	04 00 A0 2C CA 8C 4B
BruceRFID/Amiibo/Animal_Crossing/Amiibo_Cards/Series_3/Antonio.nfc	Amiibo	Antonio	NTAG215	04 20 D7 86 E4 73 9B
BruceRFID/Amiibo/Animal_Crossing/Amiibo_Cards/Series_3/Paula.nfc	Amiibo	Paula	NTAG215	04 64 90 BD D1 74 0B
BruceRFID/Amiibo/Animal_Crossing/Amiibo_Cards/Series_3/AC_280_Victoria.nfc	Amiibo	AC_280_Victoria	NTAG215	04 19 13 86 62 2C 4C
BruceRFID/Amiibo/Animal_Crossing/Amiibo_Cards/Series_3/Tabby.nfc	Amiibo	Tabby	NTAG215	04 FD 1A B5 9F B2 D2
BruceRFID/Amiibo/Animal_Crossing/Amiibo_Cards/Series_3/AC_272_Skye.nfc	Amiibo	AC_272_Skye	NTAG215	04 10 DB 47 5A 8D 4B
BruceRFID/Amiibo/Animal_Crossing/Amiibo_Cards/Series_3/AC_251_Chester.nfc	Amiibo	AC_251_Chester	NTAG215	04 70 8E 72 02 8D 4B
BruceRFID/Amiibo/Animal_Crossing/Amiibo_Cards/Series_3/AC_219_Anchovy.nfc	Amiibo	AC_219_Anchovy	NTAG215	04 D1 6D 30 3A 2D 4C
BruceRFID/Amiibo/Animal_Crossing/Amiibo_Cards/Series_3/Tammi.nfc	Amiibo	Tammi	NTAG215	04 4C DE 3D 64 9F 04
BruceRFID/Amiibo/Animal_Crossing/Amiibo_Cards/Series_3/Jingle.nfc	Amiibo	Jingle	NTAG215	04 08 F2 C4 E7 32 8B
BruceRFID/Amiibo/Animal_Crossing/Amiibo_Cards/Series_3/Del.nfc	Amiibo	Del	NTAG215	04 B7 15 95 D3 93 0C
BruceRFID/Amiibo/Animal_Crossing/Amiibo_Cards/Series_3/AC_203_Tom_Nook.nfc	Amiibo	AC_203_Tom_Nook	NTAG215	04 8F 85 86 F2 8C 4B
BruceRFID/Amiibo/Animal_Crossing/Amiibo_Cards/Series_3/Maple.nfc	Amiibo	Maple	NTAG215	04 21 25 55 83 4D FE
BruceRFID/Amiibo/Animal_Crossing/Amiibo_Cards/Series_3/AC_242_Chevre.nfc	Amiibo	AC_242_Chevre	NTAG215	04 9E F0 E2 BA FE 4A
BruceRFID/Amiibo/Animal_Crossing/Amiibo_Cards/Series_3/AC_209_Wendell.nfc	Amiibo	AC_209_Wendell	NTAG215	04 51 7F A2 42 8D 4B
BruceRFID/Amiibo/Animal_Crossing/Amiibo_Cards/Series_3/Violet.nfc	Amiibo	Violet	NTAG215	04 27 87 69 06 80 E0
BruceRFID/Amiibo/Animal_Crossing/Amiibo_Cards/Series_3/AC_239_Ricky.nfc	Amiibo	AC_239_Ricky	NTAG215	04 6A 47 A1 EA 8C 4B
BruceRFID/Amiibo/Animal_Crossing/Amiibo_Cards/Series_3/AC_269_Bree.nfc	Amiibo	AC_269_Bree	NTAG215	04 6D 24 C5 72 2C 4C
BruceRFID/Amiibo/Animal_Crossing/Amiibo_Cards/Series_3/Phyllis.nfc	Amiibo	Phyllis	NTAG215	04 74 05 1C 12 68 26
BruceRFID/Amiibo/Animal_Crossing/Amiibo_Cards/Series_3/AC_295_Antonio.nfc	Amiibo	AC_295_Antonio	NTAG215	04 AE 0D 2F 4A 8D 4B
BruceRFID/Amiibo/Animal_Crossing/Amiibo_Cards/Series_3/Eloise.nfc	Amiibo	Eloise	NTAG215	04 DA 37 0B 76 8D 86
BruceRFID/Amiibo/Animal_Crossing/Amiibo_Cards/Series_3/Bree.nfc	Amiibo	Bree	NTAG215	04 57 A9 37 96 AD B5
BruceRFID/Amiibo/Animal_Crossing/Amiibo_Cards/Series_3/Canberra.nfc	Amiibo	Canberra	NTAG215	04 E5 7C CF 1D 61 1A
BruceRFID/Amiibo/Animal_Crossing/Amiibo_Cards/Series_3/Spork_Crackle.nfc	Amiibo	Spork_Crackle	NTAG215	04 5A C5 6F 9F AB C1
BruceRFID/Amiibo/Animal_Crossing/Amiibo_Cards/Series_3/AC_253_Genji.nfc	Amiibo	AC_253_Genji	NTAG215	04 4E EF 2D F2 8C 4B
BruceRFID/Amiibo/Animal_Crossing/Amiibo_Cards/Series_3/Moe.nfc	Amiibo	Moe	NTAG215	04 5D E4 AD 54 84 C0
BruceRFID/Amiibo/Animal_Crossing/Amiibo_Cards/Series_3/AC_259_Stinky.nfc	Amiibo	AC_259_Stinky	NTAG215	04 82 90 9E EA 8C 4B
BruceRFID/Amiibo/Animal_Crossing/Amiibo_Cards/Series_3/Miranda.nfc	Amiibo	Miranda	NTAG215	04 C8 3E CF B0 7D E4
BruceRFID/Amiibo/Animal_Crossing/Amiibo_Cards/Series_3/AC_244_Tangy.nfc	Amiibo	AC_244_Tangy	NTAG215	04 5C 88 58 C2 8C 4B
BruceRFID/Amiibo/Animal_Crossing/Amiibo_Cards/Series_3/Tangy.nfc	Amiibo	Tangy	NTAG215	04 2D 3F 7A 81 20 88
BruceRFID/Amiibo/Animal_Crossing/Amiibo_Cards/Series_3/Hamlet.nfc	Amiibo	Hamlet	NTAG215	04 51 24 D0 9F A6 35
BruceRFID/Amiibo/Animal_Crossing/Amiibo_Cards/Series_3/AC_261_Tucker.nfc	Amiibo	AC_261_Tucker	NTAG215	04 50 C1 1D EA 8C 4B
BruceRFID/Amiibo/Animal_Crossing/Amiibo_Cards/Series_3/Biskit.nfc	Amiibo	Biskit	NTAG215	04 EC 2A 08 AA E9 A4
BruceRFID/Amiibo/Animal_Crossing/Amiibo_Cards/Series_3/AC_210_Cyrus.nfc	Amiibo	AC_210_Cyrus	NTAG215	04 47 75 BE 42 8D 4B
BruceRFID/Amiibo/Animal_Crossing/Amiibo_Cards/Series_3/AC_290_Caroline.nfc	Amiibo	AC_290_Caroline	NTAG215	04 E8 1F 7B 72 2C 4C
BruceRFID/Amiibo/Animal_Crossing/Amiibo_Cards/Series_3/Merengue.nfc	Amiibo	Merengue	NTAG215	04 E7 74 E5 EC 49 E9
BruceRFID/Amiibo/Animal_Crossing/Amiibo_Cards/Series_3/Pippy.nfc	Amiibo	Pippy	NTAG215	04 22 47 23 66 43 B8
BruceRFID/Amiibo/Animal_Crossing/Amiibo_Cards/Series_3/AC_294_Maple.nfc	Amiibo	AC_294_Maple	NTAG215	04 F4 E0 98 4A 8D 4B
BruceRFID/Amiibo/Animal_Crossing/Amiibo_Cards/Series_3/Marina.nfc	Amiibo	Marina	NTAG215	04 4D D6 53 15 DC E4
BruceRFID/Amiibo/Animal_Crossing/Amiibo_Cards/Series_3/Pete.nfc	Amiibo	Pete	NTAG215	04 B4 38 67 EA 40 CC
BruceRFID/Amiibo/Animal_Crossing/Amiibo_Cards/Series_3/Diva.nfc	Amiibo	Diva	NTAG215	04 FF 38 B8 98 1F 4F
BruceRFID/Amiibo/Animal_Crossing/Amiibo_Cards/Series_3/Elvis.nfc	Amiibo	Elvis	NTAG215	04 D8 45 70 86 82 22
BruceRFID/Amiibo/Animal_Crossing/Amiibo_Cards/Series_3/AC_226_Mitzi.nfc	Amiibo	AC_226_Mitzi	NTAG215	04 50 5D 81 F2 8C 4B
BruceRFID/Amiibo/Animal_Crossing/Amiibo_Cards/Series_3/Caroline.nfc	Amiibo	Caroline	NTAG215	04 B0 B9 34 D8 F8 33
BruceRFID/Amiibo/Animal_Crossing/Amiibo_Cards/Series_3/AC_220_Tabby.nfc	Amiibo	AC_220_Tabby	NTAG215	04 47 84 4F F2 8C 4B
BruceRFID/Amiibo/Animal_Crossing/Amiibo_Cards/Series_3/Kody.nfc	Amiibo	Kody	NTAG215	04 1A 51 06 96 B5 29
BruceRFID/Amiibo/Animal_Crossing/Amiibo_Cards/Series_3/Apollo.nfc	Amiibo	Apollo	NTAG215	04 42 5A 26 9F AF FD
BruceRFID/Amiibo/Animal_Crossing/Amiibo_Cards/Series_3/AC_285_Merengue.nfc	Amiibo	AC_285_Merengue	NTAG215	04 5A 9C 4A 32 8D 4B
BruceRFID/Amiibo/Animal_Crossing/Amiibo_Cards/Series_3/AC_221_Kody.nfc	Amiibo	AC_221_Kody	NTAG215	04 CB DF 98 C2 FE 4A
BruceRFID/Amiibo/Animal_Crossing/Amiibo_Cards/Series_3/AC_248_Hazel.nfc	Amiibo	AC_248_Hazel	NTAG215	04 7C B5 45 C2 8C 4B
BruceRFID/Amiibo/Animal_Crossing/Amiibo_Cards/Series_3/AC_218_Lily.nfc	Amiibo	AC_218_Lily	NTAG215	04 30 A2 1E F2 8C 4B
BruceRFID/Amiibo/Animal_Crossing/Amiibo_Cards/Series_3/AC_256_Diva.nfc	Amiibo	AC_256_Diva	NTAG215	04 12 84 1A 02 8D 4B
BruceRFID/Amiibo/Animal_Crossing/Amiibo_Cards/Series_3/AC_236_Freckles.nfc	Amiibo	AC_236_Freckles	NTAG215	04 2F 45 E6 FA 8C 4B
BruceRFID/Amiibo/Animal_Crossing/Amiibo_Cards/Series_3/Buck.nfc	Amiibo	Buck	NTAG215	04 AE CC 60 96 F0 CA
BruceRFID/Amiibo/Animal_Crossing/Amiibo_Cards/Series_3/Anchovy.nfc	Amiibo	Anchovy	NTAG215	04 4B 54 DA D7 D2 4E
BruceRFID/Amiibo/Animal_Crossing/Amiibo_Cards/Series_3/Leif.nfc	Amiibo	Leif	NTAG215	04 11 3F 84 27 90 FE
BruceRFID/Amiibo/Animal_Crossing/Amiibo_Cards/Series_3/AC_205_Phyllis.nfc	Amiibo	AC_205_Phyllis	NTAG215	04 3E 49 FB C2 FE 4A
BruceRFID/Amiibo/Animal_Crossing/Amiibo_Cards/Series_3/AC_268_Buck.nfc	Amiibo	AC_268_Buck	NTAG215	04 43 23 EC 72 2C 4C
BruceRFID/Amiibo/Animal_Crossing/Amiibo_Cards/Series_3/AC_276_Astrid.nfc	Amiibo	AC_276_Astrid	NTAG215	04 72 5D A3 C2 8C 4B
BruceRFID/Amiibo/Animal_Crossing/Amiibo_Cards/Series_3/AC_265_Gala.nfc	Amiibo	AC_265_Gala	NTAG215	04 F2 C9 B7 02 8D 4B
BruceRFID/Amiibo/Animal_Crossing/Amiibo_Cards/Series_3/AC_271_Curlos.nfc	Amiibo	AC_271_Curlos	NTAG215	04 1C 20 B0 62 2C 4C
BruceRFID/Amiibo/Animal_Crossing/Amiibo_Cards/Series_3/AC_262_Blanche.nfc	Amiibo	AC_262_Blanche	NTAG215	04 F4 B9 C1 02 8D 4B
BruceRFID/Amiibo/Animal_Crossing/Amiibo_Cards/Series_3/AC_222_Miranda.nfc	Amiibo	AC_222_Miranda	NTAG215	04 3B 5D EA F2 8C 4B
BruceRFID/Amiibo/Animal_Crossing/Amiibo_Cards/Series_3/AC_241_Hans.nfc	Amiibo	AC_241_Hans	NTAG215	04 21 15 B8 EA 8C 4B
BruceRFID/Amiibo/Animal_Crossing/Amiibo_Cards/Series_3/Ava.nfc	Amiibo	Ava	NTAG215	04 AE 19 2F 8C 81 F8
BruceRFID/Amiibo/Animal_Crossing/Amiibo_Cards/Series_3/AC_278_Dora.nfc	Amiibo	AC_278_Dora	NTAG215	04 D9 26 73 62 2C 4C
BruceRFID/Amiibo/Animal_Crossing/Amiibo_Cards/Series_3/AC_264_Marshal.nfc	Amiibo	AC_264_Marshal	NTAG215	04 5B 75 A2 02 8D 4B
BruceRFID/Amiibo/Animal_Crossing/Amiibo_Cards/Series_3/Colton.nfc	Amiibo	Colton	NTAG215	04 90 F5 CE 34 24 71
BruceRFID/Amiibo/Animal_Crossing/Amiibo_Cards/Series_3/AC_260_Tammi.nfc	Amiibo	AC_260_Tammi	NTAG215	04 32 5F E1 EA 8C 4B
BruceRFID/Amiibo/Animal_Crossing/Amiibo_Cards/Series_3/AC_263_Gaston.nfc	Amiibo	AC_263_Gaston	NTAG215	04 55 CB 12 F2 8C 4B
BruceRFID/Amiibo/Animal_Crossing/Amiibo_Cards/Series_3/AC_287_Claudia.nfc	Amiibo	AC_287_Claudia	NTAG215	04 25 D7 7E FA 8C 4B
BruceRFID/Amiibo/Animal_Crossing/Amiibo_Cards/Series_3/AC_216_Franklin.nfc	Amiibo	AC_216_Franklin	NTAG215	04 1C C6 56 D2 8C 4B
BruceRFID/Amiibo/Animal_Crossing/Amiibo_Cards/Series_3/AC_202_Blathers.nfc	Amiibo	AC_202_Blathers	NTAG215	04 C1 08 45 62 2C 4C
BruceRFID/Amiibo/Animal_Crossing/Amiibo_Cards/Series_3/Blanche.nfc	Amiibo	Blanche	NTAG215	04 FA FE 87 63 D0 D6
BruceRFID/Amiibo/Animal_Crossing/Amiibo_Cards/Series_3/AC_275_Hamlet.nfc	Amiibo	AC_275_Hamlet	NTAG215	04 E8 CC A8 C2 8C 4B
BruceRFID/Amiibo/Animal_Crossing/Amiibo_Cards/Series_3/AC_214_Don_Resetti.nfc	Amiibo	AC_214_Don_Resetti	NTAG215	04 37 31 8A 72 2C 4C
BruceRFID/Amiibo/Animal_Crossing/Amiibo_Cards/Series_3/AC_237_Bam.nfc	Amiibo	AC_237_Bam	NTAG215	04 2E 9C 3E EA 8C 4B
BruceRFID/Amiibo/Animal_Crossing/Amiibo_Cards/Series_3/AC_291_Sparro.nfc	Amiibo	AC_291_Sparro	NTAG215	04 B0 01 3D 62 2C 4C
BruceRFID/Amiibo/Animal_Crossing/Amiibo_Cards/Series_3/AC_282_Violet.nfc	Amiibo	AC_282_Violet	NTAG215	04 B6 7B 41 32 8D 4B
BruceRFID/Amiibo/Animal_Crossing/Amiibo_Cards/Series_3/Merry.nfc	Amiibo	Merry	NTAG215	04 95 00 37 D5 76 38
BruceRFID/Amiibo/Animal_Crossing/Amiibo_Cards/Series_3/Astrid.nfc	Amiibo	Astrid	NTAG215	04 69 52 90 AA 65 62
BruceRFID/Amiibo/Animal_Crossing/Amiibo_Cards/Series_3/AC_206_Pete.nfc	Amiibo	AC_206_Pete	NTAG215	04 3D 38 89 C2 FE 4A
BruceRFID/Amiibo/Animal_Crossing/Amiibo_Cards/Series_3/Wendell.nfc	Amiibo	Wendell	NTAG215	04 4E 45 94 5F 24 C6
BruceRFID/Amiibo/Animal_Crossing/Amiibo_Cards/Series_3/AC_289_Boomer.nfc	Amiibo	AC_289_Boomer	NTAG215	04 96 4F 55 32 8D 4B
BruceRFID/Amiibo/Animal_Crossing/Amiibo_Cards/Series_3/AC_213_Digby.nfc	Amiibo	AC_213_Digby	NTAG215	04 86 42 48 42 8D 4B
BruceRFID/Amiibo/Animal_Crossing/Amiibo_Cards/Series_3/Friga.nfc	Amiibo	Friga	NTAG215	04 86 1F FA 0E DF E0
BruceRFID/Amiibo/Animal_Crossing/Amiibo_Cards/Series_3/Pelly.nfc	Amiibo	Pelly	NTAG215	04 19 82 E6 70 6B 01
BruceRFID/Amiibo/Animal_Crossing/Amiibo_Cards/Series_3/AC_292_Baabara.nfc	Amiibo	AC_292_Baabara	NTAG215	04 6B 2D CA 72 2C 4C
BruceRFID/Amiibo/Animal_Crossing/Amiibo_Cards/Series_3/Mabel.nfc	Amiibo	Mabel	NTAG215	04 30 D1 BF 68 CA 04
BruceRFID/Amiibo/Animal_Crossing/Amiibo_Cards/Series_3/Genji.nfc	Amiibo	Genji	NTAG215	04 7C 94 51 D8 D2 E2
BruceRFID/Amiibo/Animal_Crossing/Amiibo_Cards/Series_3/Rover.nfc	Amiibo	Rover	NTAG215	04 71 1F BF 47 8A 70
BruceRFID/Amiibo/Animal_Crossing/Amiibo_Cards/Series_3/Hans.nfc	Amiibo	Hans	NTAG215	04 C5 C3 44 CA 07 58
BruceRFID/Amiibo/Animal_Crossing/Amiibo_Cards/Series_3/AC_208_Leif.nfc	Amiibo	AC_208_Leif	NTAG215	04 49 41 84 C2 FE 4A
BruceRFID/Amiibo/Animal_Crossing/Amiibo_Cards/Series_3/AC_255_Wolfgang.nfc	Amiibo	AC_255_Wolfgang	NTAG215	04 AB E6 C1 02 8D 4B
BruceRFID/Amiibo/Animal_Crossing/Amiibo_Cards/Series_3/AC_254_Greta.nfc	Amiibo	AC_254_Greta	NTAG215	04 85 4E 47 3A 8D 4B
BruceRFID/Amiibo/Animal_Crossing/Amiibo_Cards/Series_3/Mac.nfc	Amiibo	Mac	NTAG215	04 E9 18 2C F4 0B 7A
BruceRFID/Amiibo/Animal_Crossing/Amiibo_Cards/Series_3/AC_234_Marina.nfc	Amiibo	AC_234_Marina	NTAG215	04 54 9C 44 FA 8C 4B
BruceRFID/Amiibo/Animal_Crossing/Amiibo_Cards/Series_3/Rolf.nfc	Amiibo	Rolf	NTAG215	04 0C BB BE EE AB 08
BruceRFID/Amiibo/Animal_Crossing/Amiibo_Cards/Series_3/Lyman.nfc	Amiibo	Lyman	NTAG215	04 89 A4 4A E5 F0 6B
BruceRFID/Amiibo/Animal_Crossing/Amiibo_Cards/Series_3/AC_217_Jingle.nfc	Amiibo	AC_217_Jingle	NTAG215	04 BB 6C 5B 62 2C 4C
BruceRFID/Amiibo/Animal_Crossing/Amiibo_Cards/Series_3/AC_238_Friga.nfc	Amiibo	AC_238_Friga	NTAG215	04 25 84 2D FA 8C 4B
BruceRFID/Amiibo/Animal_Crossing/Amiibo_Cards/Series_3/Francine.nfc	Amiibo	Francine	NTAG215	04 22 C5 7F D5 08 F1
BruceRFID/Amiibo/Animal_Crossing/Amiibo_Cards/Series_3/Isabelle.nfc	Amiibo	Isabelle	NTAG215	04 C9 89 95 20 07 F3
BruceRFID/Amiibo/Animal_Crossing/Amiibo_Cards/Series_3/AC_228_Bubbles.nfc	Amiibo	AC_228_Bubbles	NTAG215	04 15 64 FD F2 8C 4B
BruceRFID/Amiibo/Animal_Crossing/Amiibo_Cards/Series_3/Chevre.nfc	Amiibo	Chevre	NTAG215	04 C7 A9 3C 81 CA FF
BruceRFID/Amiibo/Animal_Crossing/Amiibo_Cards/Series_3/Boomer.nfc	Amiibo	Boomer	NTAG215	04 31 F4 46 48 43 66
BruceRFID/Amiibo/Animal_Crossing/Amiibo_Cards/Series_3/Tucker.nfc	Amiibo	Tucker	NTAG215	04 A6 A2 43 F7 BD 32
BruceRFID/Amiibo/Animal_Crossing/Amiibo_Cards/Series_3/Klaus.nfc	Amiibo	Klaus	NTAG215	04 5D 88 03 02 FE EA
BruceRFID/Amiibo/Animal_Crossing/Amiibo_Cards/Series_3/AC_243_Drago.nfc	Amiibo	AC_243_Drago	NTAG215	04 82 66 68 BA FE 4A
BruceRFID/Amiibo/Animal_Crossing/Amiibo_Cards/Series_3/Deirdre.nfc	Amiibo	Deirdre	NTAG215	04 5F 89 36 03 E7 88
BruceRFID/Amiibo/Animal_Crossing/Amiibo_Cards/Series_3/AC_207_Mabel.nfc	Amiibo	AC_207_Mabel	NTAG215	04 38 8E 3A 5A 8D 4B
BruceRFID/Amiibo/Animal_Crossing/Amiibo_Cards/Series_3/AC_245_Mac.nfc	Amiibo	AC_245_Mac	NTAG215	04 26 85 2F C2 8C 4B
BruceRFID/Amiibo/Animal_Crossing/Amiibo_Cards/Series_3/Digby.nfc	Amiibo	Digby	NTAG215	04 6C B5 41 70 36 83
BruceRFID/Amiibo/Animal_Crossing/Amiibo_Cards/Series_3/AC_281_Lyman.nfc	Amiibo	AC_281_Lyman	NTAG215	04 C9 85 C0 62 2C 4C
BruceRFID/Amiibo/Animal_Crossing/Amiibo_Cards/Series_3/AC_211_Grams.nfc	Amiibo	AC_211_Grams	NTAG215	04 33 F7 48 72 25 4B
BruceRFID/Amiibo/Animal_Crossing/Amiibo_Cards/Series_3/Cube.nfc	Amiibo	Cube	NTAG215	04 22 2A 8E 09 4E 86
BruceRFID/Amiibo/Animal_Crossing/Amiibo_Cards/Series_3/Cyrus.nfc	Amiibo	Cyrus	NTAG215	04 54 96 CA EC 2C A1
BruceRFID/Amiibo/Animal_Crossing/Amiibo_Cards/Series_3/Freckles.nfc	Amiibo	Freckles	NTAG215	04 C5 BC 81 3F A0 B9
BruceRFID/Amiibo/Animal_Crossing/Amiibo_Cards/Series_3/Dora.nfc	Amiibo	Dora	NTAG215	04 E3 09 D1 AE D5 F7
BruceRFID/Amiibo/Animal_Crossing/Amiibo_Cards/Series_3/Victoria.nfc	Amiibo	Victoria	NTAG215	04 46 D8 C9 E7 C8 7C
BruceRFID/Amiibo/Animal_Crossing/Amiibo_Cards/Series_3/AC_227_Rodeo.nfc	Amiibo	AC_227_Rodeo	NTAG215	04 D0 68 34 F2 8C 4B
BruceRFID/Amiibo/Animal_Crossing/Amiibo_Cards/Series_3/AC_224_Paula.nfc	Amiibo	AC_224_Paula	NTAG215	04 F8 5A 2E F2 8C 4B
BruceRFID/Amiibo/Animal_Crossing/Amiibo_Cards/Series_3/AC_231_Elvis.nfc	Amiibo	AC_231_Elvis	NTAG215	04 63 39 D6 CA 8C 4B
BruceRFID/Amiibo/Animal_Crossing/Amiibo_Cards/Series_3/AC_286_Cube.nfc	Amiibo	AC_286_Cube	NTAG215	04 16 BE 24 FA 8C 4B
BruceRFID/Amiibo/Animal_Crossing/Amiibo_Cards/Series_3/Marshal.nfc	Amiibo	Marshal	NTAG215	04 13 71 2D C8 49 FC
BruceRFID/Amiibo/Animal_Crossing/Amiibo_Cards/Series_3/AC_232_Canberra.nfc	Amiibo	AC_232_Canberra	NTAG215	04 5D 7A AB CA 8C 4B
BruceRFID/Amiibo/Animal_Crossing/Amiibo_Cards/Series_3/Rooney.nfc	Amiibo	Rooney	NTAG215	04 E1 79 92 C8 A8 4B
BruceRFID/Amiibo/Animal_Crossing/Amiibo_Cards/Series_3/Velma.nfc	Amiibo	Velma	NTAG215	04 B7 98 DC 0A D1 ED
BruceRFID/Amiibo/Animal_Crossing/Amiibo_Cards/Series_3/AC_267_Pippy.nfc	Amiibo	AC_267_Pippy	NTAG215	04 46 98 52 62 2C 4C
BruceRFID/Amiibo/Animal_Crossing/Amiibo_Cards/Series_3/Don_Resetti.nfc	Amiibo	Don_Resetti	NTAG215	04 0C 3D BE AC 07 0E
BruceRFID/Amiibo/Animal_Crossing/Amiibo_Cards/Series_3/AC_229_Cousteau.nfc	Amiibo	AC_229_Cousteau	NTAG215	04 65 5C B5 F2 8C 4B
BruceRFID/Amiibo/Animal_Crossing/Amiibo_Cards/Series_3/Stinky.nfc	Amiibo	Stinky	NTAG215	04 F1 C3 F1 86 30 02
BruceRFID/Amiibo/Animal_Crossing/Amiibo_Cards/Series_3/Tom_Nook.nfc	Amiibo	Tom_Nook	NTAG215	04 3D CA 40 DF 57 B8
BruceRFID/Amiibo/Animal_Crossing/Amiibo_Cards/Series_3/Wart_Jr.nfc	Amiibo	Wart_Jr	NTAG215	04 1E BC 39 33 21 53
BruceRFID/Amiibo/Animal_Crossing/Amiibo_Cards/Series_3/Joey.nfc	Amiibo	Joey	NTAG215	04 36 15 5C 6B D6 9B
BruceRFID/Amiibo/Animal_Crossing/Amiibo_Cards/Series_3/Daisy.nfc	Amiibo	Daisy	NTAG215	04 A8 12 19 88 C6 B0
BruceRFID/Amiibo/Animal_Crossing/Amiibo_Cards/Series_3/Flora.nfc	Amiibo	Flora	NTAG215	04 22 AC 47 17 06 31
BruceRFID/Amiibo/Animal_Crossing/Amiibo_Cards/Series_3/AC_288_Curly.nfc	Amiibo	AC_288_Curly	NTAG215	04 C0 45 09 32 8D 4B
BruceRFID/Amiibo/Animal_Crossing/Amiibo_Cards/Series_3/Curlos.nfc	Amiibo	Curlos	NTAG215	04 36 B2 2B B7 E8 FE
BruceRFID/Amiibo/Animal_Crossing/Amiibo_Cards/Series_3/AC_225_Ken.nfc	Amiibo	AC_225_Ken	NTAG215	04 68 66 82 F2 8C 4B
BruceRFID/Amiibo/Animal_Crossing/Amiibo_Cards/Series_3/AC_215_Isabelle.nfc	Amiibo	AC_215_Isabelle	NTAG215	04 AB AC 8B 62 2C 4C
BruceRFID/Amiibo/Animal_Crossing/Amiibo_Cards/Series_3/Chester.nfc	Amiibo	Chester	NTAG215	04 FE 91 5A 2E 2A B4
BruceRFID/Amiibo/Animal_Crossing/Amiibo_Cards/Series_3/Monty.nfc	Amiibo	Monty	NTAG215	04 75 29 50 CD CE EC
BruceRFID/Amiibo/Animal_Crossing/Amiibo_Cards/Series_3/AC_223_Del.nfc	Amiibo	AC_223_Del	NTAG215	04 48 D4 10 CA 8C 4B
BruceRFID/Amiibo/Animal_Crossing/Amiibo_Cards/Series_3/Rodeo.nfc	Amiibo	Rodeo	NTAG215	04 46 82 BB 11 8A 38
BruceRFID/Amiibo/Animal_Crossing/Amiibo_Cards/Series_3/Cousteau.nfc	Amiibo	Cousteau	NTAG215	04 DE 85 5E 7B D2 15
BruceRFID/Amiibo/Animal_Crossing/Amiibo_Cards/Series_3/AC_283_Frank.nfc	Amiibo	AC_283_Frank	NTAG215	04 81 B3 BE 32 8D 4B
BruceRFID/Amiibo/Animal_Crossing/Amiibo_Cards/Series_3/AC_257_Klaus.nfc	Amiibo	AC_257_Klaus	NTAG215	04 FF FB 88 02 8D 4B
BruceRFID/Amiibo/Animal_Crossing/Amiibo_Cards/Series_3/Chrissy.nfc	Amiibo	Chrissy	NTAG215	04 A2 F3 BB A7 A3 37
BruceRFID/Amiibo/Animal_Crossing/Amiibo_Cards/Series_3/Ken.nfc	Amiibo	Ken	NTAG215	04 5D EC C9 A9 08 F3
BruceRFID/Amiibo/Animal_Crossing/Amiibo_Cards/Series_3/AC_284_Chadder.nfc	Amiibo	AC_284_Chadder	NTAG215	04 4A B1 77 32 8D 4B
BruceRFID/Amiibo/Animal_Crossing/Amiibo_Cards/Series_3/Drago.nfc	Amiibo	Drago	NTAG215	04 A3 05 F7 DE 4C 23
BruceRFID/Amiibo/Animal_Crossing/Amiibo_Cards/Series_3/AC_201_Rover.nfc	Amiibo	AC_201_Rover	NTAG215	04 57 27 FC 32 8D 4B
BruceRFID/Amiibo/Animal_Crossing/Amiibo_Cards/Series_3/AC_240_Deirdre.nfc	Amiibo	AC_240_Deirdre	NTAG215	04 39 99 2C EA 8C 4B
BruceRFID/Amiibo/Animal_Crossing/Amiibo_Cards/Series_3/Gala.nfc	Amiibo	Gala	NTAG215	04 0C D0 B2 F0 EB 8F
BruceRFID/Amiibo/Animal_Crossing/Amiibo_Cards/Series_3/Bam.nfc	Amiibo	Bam	NTAG215	04 9A DA 2C 14 CB CC
BruceRFID/Amiibo/Animal_Crossing/Amiibo_Cards/Series_3/AC_300_Chrissy.nfc	Amiibo	AC_300_Chrissy	NTAG215	04 6B FC 1B 32 8D 4B
BruceRFID/Amiibo/Animal_Crossing/Amiibo_Cards/Series_3/AC_235_SporkCrackle.nfc	Amiibo	AC_235_SporkCrackle	NTAG215	04 DA 21 77 EA 8C 4B
BruceRFID/Amiibo/Animal_Crossing/Amiibo_Cards/Series_3/Soleil.nfc	Amiibo	Soleil	NTAG215	04 90 54 F5 B7 57 CF
BruceRFID/Amiibo/Animal_Crossing/Amiibo_Cards/Series_3/AC_277_Monty.nfc	Amiibo	AC_277_Monty	NTAG215	04 CF 7A 39 BA FE 4A
BruceRFID/Amiibo/Animal_Crossing/Amiibo_Cards/Series_3/Derwin.nfc	Amiibo	Derwin	NTAG215	04 5C B5 2B DD 8F 1C
BruceRFID/Amiibo/Animal_Crossing/Amiibo_Cards/Series_3/AC_298_Derwin.nfc	Amiibo	AC_298_Derwin	NTAG215	04 BB F4 C3 C2 FE 4A
BruceRFID/Amiibo/Animal_Crossing/Amiibo_Cards/Series_3/Wolfgang.nfc	Amiibo	Wolfgang	NTAG215	04 EF BF 5E 86 0B 66
BruceRFID/Amiibo/Animal_Crossing/Amiibo_Cards/Series_4/Timmy.nfc	Amiibo	Timmy	NTAG215	04 DC FA 49 5A B3 65
BruceRFID/Amiibo/Animal_Crossing/Amiibo_Cards/Series_4/AC_304_Phineas.nfc	Amiibo	AC_304_Phineas	NTAG215	04 9C 7D 6D 92 72 4C
BruceRFID/Amiibo/Animal_Crossing/Amiibo_Cards/Series_4/AC_360_Rod.nfc	Amiibo	AC_360_Rod	NTAG215	04 65 BF 56 B2 76 4C
BruceRFID/Amiibo/Animal_Crossing/Amiibo_Cards/Series_4/AC_355_Mira.nfc	Amiibo	AC_355_Mira	NTAG215	04 5C 81 51 62 31 4C
BruceRFID/Amiibo/Animal_Crossing/Amiibo_Cards/Series_4/AC_329_Broffina.nfc	Amiibo	AC_329_Broffina	NTAG215	04 13 F6 69 7A 31 4C
BruceRFID/Amiibo/Animal_Crossing/Amiibo_Cards/Series_4/Lucky.nfc	Amiibo	Lucky	NTAG215	04 2D 78 85 D6 9C D8
BruceRFID/Amiibo/Animal_Crossing/Amiibo_Cards/Series_4/AC_340_Tex.nfc	Amiibo	AC_340_Tex	NTAG215	04 4A 3A FC 7A 47 4B
BruceRFID/Amiibo/Animal_Crossing/Amiibo_Cards/Series_4/Broffina.nfc	Amiibo	Broffina	NTAG215	04 C4 57 86 24 D3 50
BruceRFID/Amiibo/Animal_Crossing/Amiibo_Cards/Series_4/AC_324_Graham.nfc	Amiibo	AC_324_Graham	NTAG215	04 4B D4 13 BA 76 4C
BruceRFID/Amiibo/Animal_Crossing/Amiibo_Cards/Series_4/Pietro.nfc	Amiibo	Pietro	NTAG215	04 D5 73 92 4C DE 5B
BruceRFID/Amiibo/Animal_Crossing/Amiibo_Cards/Series_4/Rory.nfc	Amiibo	Rory	NTAG215	04 C4 F0 70 52 23 3B
BruceRFID/Amiibo/Animal_Crossing/Amiibo_Cards/Series_4/AC_394_Grizzly.nfc	Amiibo	AC_394_Grizzly	NTAG215	04 90 88 94 F2 47 4B
BruceRFID/Amiibo/Animal_Crossing/Amiibo_Cards/Series_4/AC_371_Sally.nfc	Amiibo	AC_371_Sally	NTAG215	04 0E A8 2A DA 18 4A
BruceRFID/Amiibo/Animal_Crossing/Amiibo_Cards/Series_4/AC_310_Timmy.nfc	Amiibo	AC_310_Timmy	NTAG215	04 78 DA 2E 22 2D 4C
BruceRFID/Amiibo/Animal_Crossing/Amiibo_Cards/Series_4/AC_326_Dizzy.nfc	Amiibo	AC_326_Dizzy	NTAG215	04 86 B5 BF 12 76 4C
BruceRFID/Amiibo/Animal_Crossing/Amiibo_Cards/Series_4/AC_312_Shrunk.nfc	Amiibo	AC_312_Shrunk	NTAG215	04 46 9E 54 AA 72 4C
BruceRFID/Amiibo/Animal_Crossing/Amiibo_Cards/Series_4/AC_335_Dotty.nfc	Amiibo	AC_335_Dotty	NTAG215	04 FA 10 66 AA 2C 4C
BruceRFID/Amiibo/Animal_Crossing/Amiibo_Cards/Series_4/Mira.nfc	Amiibo	Mira	NTAG215	04 E9 CB F7 75 01 3C
BruceRFID/Amiibo/Animal_Crossing/Amiibo_Cards/Series_4/AC_348_Olaf.nfc	Amiibo	AC_348_Olaf	NTAG215	04 41 AE 63 22 31 4C
BruceRFID/Amiibo/Animal_Crossing/Amiibo_Cards/Series_4/Bones.nfc	Amiibo	Bones	NTAG215	04 D4 94 15 D6 E5 BD
BruceRFID/Amiibo/Animal_Crossing/Amiibo_Cards/Series_4/AC_331_Pashmina.nfc	Amiibo	AC_331_Pashmina	NTAG215	04 61 FB 16 B2 2C 4C
BruceRFID/Amiibo/Animal_Crossing/Amiibo_Cards/Series_4/Cranston.nfc	Amiibo	Cranston	NTAG215	04 8A 69 55 EA A9 A8
BruceRFID/Amiibo/Animal_Crossing/Amiibo_Cards/Series_4/Brewster.nfc	Amiibo	Brewster	NTAG215	04 B9 1C CA 60 5C E5
BruceRFID/Amiibo/Animal_Crossing/Amiibo_Cards/Series_4/AC_347_Tammy.nfc	Amiibo	AC_347_Tammy	NTAG215	04 FD 72 03 1A 45 4B
BruceRFID/Amiibo/Animal_Crossing/Amiibo_Cards/Series_4/Annalise.nfc	Amiibo	Annalise	NTAG215	04 AF 6A E6 59 EC ED
BruceRFID/Amiibo/Animal_Crossing/Amiibo_Cards/Series_4/AC_370_Jacques.nfc	Amiibo	AC_370_Jacques	NTAG215	04 CD BB FA 82 72 4C
BruceRFID/Amiibo/Animal_Crossing/Amiibo_Cards/Series_4/AC_383_Hippeux.nfc	Amiibo	AC_383_Hippeux	NTAG215	04 6C 4F AF 8A 31 4C
BruceRFID/Amiibo/Animal_Crossing/Amiibo_Cards/Series_4/AC_345_Naomi.nfc	Amiibo	AC_345_Naomi	NTAG215	04 D9 C4 91 22 31 4C
BruceRFID/Amiibo/Animal_Crossing/Amiibo_Cards/Series_4/AC_330_Croque.nfc	Amiibo	AC_330_Croque	NTAG215	04 59 E2 37 7A 31 4C
BruceRFID/Amiibo/Animal_Crossing/Amiibo_Cards/Series_4/Tank.nfc	Amiibo	Tank	NTAG215	04 B2 3B 4E 6A 62 83
BruceRFID/Amiibo/Animal_Crossing/Amiibo_Cards/Series_4/Papi.nfc	Amiibo	Papi	NTAG215	04 95 01 B3 7D 17 C2
BruceRFID/Amiibo/Animal_Crossing/Amiibo_Cards/Series_4/AC_398_Angus.nfc	Amiibo	AC_398_Angus	NTAG215	04 3A B2 04 9A 31 4C
BruceRFID/Amiibo/Animal_Crossing/Amiibo_Cards/Series_4/AC_366_Ribbot.nfc	Amiibo	AC_366_Ribbot	NTAG215	04 AC 92 B2 7A 47 4B
BruceRFID/Amiibo/Animal_Crossing/Amiibo_Cards/Series_4/Gloria.nfc	Amiibo	Gloria	NTAG215	04 40 8C 4F C5 BA FE
BruceRFID/Amiibo/Animal_Crossing/Amiibo_Cards/Series_4/Jacques.nfc	Amiibo	Jacques	NTAG215	04 25 5B 1F 98 8D EA
BruceRFID/Amiibo/Animal_Crossing/Amiibo_Cards/Series_4/AC_309_Resetti.nfc	Amiibo	AC_309_Resetti	NTAG215	04 F4 07 7F 02 2D 4C
BruceRFID/Amiibo/Animal_Crossing/Amiibo_Cards/Series_4/Olaf.nfc	Amiibo	Olaf	NTAG215	04 20 31 3A BB AB 99
BruceRFID/Amiibo/Animal_Crossing/Amiibo_Cards/Series_4/AC_328_Boone.nfc	Amiibo	AC_328_Boone	NTAG215	04 76 B5 4F 12 76 4C
BruceRFID/Amiibo/Animal_Crossing/Amiibo_Cards/Series_4/Resetti.nfc	Amiibo	Resetti	NTAG215	04 A0 C1 FB E8 6F 0C
BruceRFID/Amiibo/Animal_Crossing/Amiibo_Cards/Series_4/AC_381_Gloria.nfc	Amiibo	AC_381_Gloria	NTAG215	04 7D 4F BE 8A 31 4C
BruceRFID/Amiibo/Animal_Crossing/Amiibo_Cards/Series_4/AC_390_O_Hare.nfc	Amiibo	AC_390_O_Hare	NTAG215	04 BF 7C 4F B2 31 4C
BruceRFID/Amiibo/Animal_Crossing/Amiibo_Cards/Series_4/AC_314_Gulliver.nfc	Amiibo	AC_314_Gulliver	NTAG215	04 D0 97 CB AA 72 4C
BruceRFID/Amiibo/Animal_Crossing/Amiibo_Cards/Series_4/Boone.nfc	Amiibo	Boone	NTAG215	04 CD 0B 42 DE 0A CA
BruceRFID/Amiibo/Animal_Crossing/Amiibo_Cards/Series_4/Grizzly.nfc	Amiibo	Grizzly	NTAG215	04 16 BD 99 7A AC D0
BruceRFID/Amiibo/Animal_Crossing/Amiibo_Cards/Series_4/Sydney.nfc	Amiibo	Sydney	NTAG215	04 1E 30 5B 52 28 34
BruceRFID/Amiibo/Animal_Crossing/Amiibo_Cards/Series_4/Graham.nfc	Amiibo	Graham	NTAG215	04 47 78 94 B7 D9 0D
BruceRFID/Amiibo/Animal_Crossing/Amiibo_Cards/Series_4/Croque.nfc	Amiibo	Croque	NTAG215	04 72 9C 30 C2 0B C0
BruceRFID/Amiibo/Animal_Crossing/Amiibo_Cards/Series_4/Goldie.nfc	Amiibo	Goldie	NTAG215	04 9B 0B D2 C6 AD 48
BruceRFID/Amiibo/Animal_Crossing/Amiibo_Cards/Series_4/AC_369_Sylvia.nfc	Amiibo	AC_369_Sylvia	NTAG215	04 96 9D 87 B2 31 4C
BruceRFID/Amiibo/Animal_Crossing/Amiibo_Cards/Series_4/AC_334_Erik.nfc	Amiibo	AC_334_Erik	NTAG215	04 73 7E 81 FA 2C 4C
BruceRFID/Amiibo/Animal_Crossing/Amiibo_Cards/Series_4/AC_339_Fritta.nfc	Amiibo	AC_339_Fritta	NTAG215	04 B9 12 27 02 2D 4C
BruceRFID/Amiibo/Animal_Crossing/Amiibo_Cards/Series_4/Leilani.nfc	Amiibo	Leilani	NTAG215	04 18 B7 62 6B 13 79
BruceRFID/Amiibo/Animal_Crossing/Amiibo_Cards/Series_4/AC_396_Simon.nfc	Amiibo	AC_396_Simon	NTAG215	04 4C 3B FB 9A 31 4C
BruceRFID/Amiibo/Animal_Crossing/Amiibo_Cards/Series_4/AC_380_Kevin.nfc	Amiibo	AC_380_Kevin	NTAG215	04 D7 38 63 82 47 4B
BruceRFID/Amiibo/Animal_Crossing/Amiibo_Cards/Series_4/AC_387_Rowan.nfc	Amiibo	AC_387_Rowan	NTAG215	04 51 7A A7 FA 47 4B
BruceRFID/Amiibo/Animal_Crossing/Amiibo_Cards/Series_4/Maelle.nfc	Amiibo	Maelle	NTAG215	04 5A 5D 16 E8 6D 98
BruceRFID/Amiibo/Animal_Crossing/Amiibo_Cards/Series_4/AC_358_Papi.nfc	Amiibo	AC_358_Papi	NTAG215	04 FA 59 2F 9A 72 4C
BruceRFID/Amiibo/Animal_Crossing/Amiibo_Cards/Series_4/Celia.nfc	Amiibo	Celia	NTAG215	04 99 55 84 F0 13 22
BruceRFID/Amiibo/Animal_Crossing/Amiibo_Cards/Series_4/Penelope.nfc	Amiibo	Penelope	NTAG215	04 DF 93 49 4B 79 11
BruceRFID/Amiibo/Animal_Crossing/Amiibo_Cards/Series_4/Simon.nfc	Amiibo	Simon	NTAG215	04 AC A5 FA BA D4 46
BruceRFID/Amiibo/Animal_Crossing/Amiibo_Cards/Series_4/Pashmina.nfc	Amiibo	Pashmina	NTAG215	04 45 6A 06 3B 3A 40
BruceRFID/Amiibo/Animal_Crossing/Amiibo_Cards/Series_4/Peggy.nfc	Amiibo	Peggy	NTAG215	04 0A 7E 00 99 F8 F7
BruceRFID/Amiibo/Animal_Crossing/Amiibo_Cards/Series_4/AC_368_Chow.nfc	Amiibo	AC_368_Chow	NTAG215	04 36 32 88 8A 47 4B
BruceRFID/Amiibo/Animal_Crossing/Amiibo_Cards/Series_4/Apple.nfc	Amiibo	Apple	NTAG215	04 82 45 A4 31 14 C4
BruceRFID/Amiibo/Animal_Crossing/Amiibo_Cards/Series_4/AC_313_Pave.nfc	Amiibo	AC_313_Pave	NTAG215	04 DA 2F 79 B2 72 4C
BruceRFID/Amiibo/Animal_Crossing/Amiibo_Cards/Series_4/AC_337_Queenie.nfc	Amiibo	AC_337_Queenie	NTAG215	04 FF 4B 38 72 31 4C
BruceRFID/Amiibo/Animal_Crossing/Amiibo_Cards/Series_4/Celeste.nfc	Amiibo	Celeste	NTAG215	04 76 A2 2C FB 71 AC
BruceRFID/Amiibo/Animal_Crossing/Amiibo_Cards/Series_4/Tommy.nfc	Amiibo	Tommy	NTAG215	04 8C 6A 36 6E 26 94
BruceRFID/Amiibo/Animal_Crossing/Amiibo_Cards/Series_4/AC_315_Redd.nfc	Amiibo	AC_315_Redd	NTAG215	04 60 96 7A B2 72 4C
BruceRFID/Amiibo/Animal_Crossing/Amiibo_Cards/Series_4/Peaches.nfc	Amiibo	Peaches	NTAG215	04 DA 70 30 43 99 54
BruceRFID/Amiibo/Animal_Crossing/Amiibo_Cards/Series_4/Stitches.nfc	Amiibo	Stitches	NTAG215	04 2C C4 B0 B9 38 6F
BruceRFID/Amiibo/Animal_Crossing/Amiibo_Cards/Series_4/Rod.nfc	Amiibo	Rod	NTAG215	04 41 01 C0 21 40 FC
BruceRFID/Amiibo/Animal_Crossing/Amiibo_Cards/Series_4/Cally.nfc	Amiibo	Cally	NTAG215	04 F1 AD 9A 92 B0 55
BruceRFID/Amiibo/Animal_Crossing/Amiibo_Cards/Series_4/AC_386_Rosie.nfc	Amiibo	AC_386_Rosie	NTAG215	04 BD C5 F4 A2 76 4C
BruceRFID/Amiibo/Animal_Crossing/Amiibo_Cards/Series_4/AC_359_Apple.nfc	Amiibo	AC_359_Apple	NTAG215	04 CE 8B C9 82 72 4C
BruceRFID/Amiibo/Animal_Crossing/Amiibo_Cards/Series_4/Anabelle.nfc	Amiibo	Anabelle	NTAG215	04 E7 64 CD DD 41 A2
BruceRFID/Amiibo/Animal_Crossing/Amiibo_Cards/Series_4/Twiggy.nfc	Amiibo	Twiggy	NTAG215	04 B5 4B 08 12 5D 57
BruceRFID/Amiibo/Animal_Crossing/Amiibo_Cards/Series_4/Elmer.nfc	Amiibo	Elmer	NTAG215	04 7A 70 87 E0 0F 0D
BruceRFID/Amiibo/Animal_Crossing/Amiibo_Cards/Series_4/Pierce.nfc	Amiibo	Pierce	NTAG215	04 CF 9A 04 C1 D9 52
BruceRFID/Amiibo/Animal_Crossing/Amiibo_Cards/Series_4/AC_373_Pompom.nfc	Amiibo	AC_373_Pompom	NTAG215	04 4B 86 41 E2 47 4B
BruceRFID/Amiibo/Animal_Crossing/Amiibo_Cards/Series_4/Tammy.nfc	Amiibo	Tammy	NTAG215	04 B7 E3 B3 68 26 AD
BruceRFID/Amiibo/Animal_Crossing/Amiibo_Cards/Series_4/AC_352_Rory.nfc	Amiibo	AC_352_Rory	NTAG215	04 91 4E 53 22 31 4C
BruceRFID/Amiibo/Animal_Crossing/Amiibo_Cards/Series_4/Pompom.nfc	Amiibo	Pompom	NTAG215	04 D1 1E 34 13 15 2E
BruceRFID/Amiibo/Animal_Crossing/Amiibo_Cards/Series_4/Barold.nfc	Amiibo	Barold	NTAG215	04 30 4B 79 A2 0F 64
BruceRFID/Amiibo/Animal_Crossing/Amiibo_Cards/Series_4/Frobert.nfc	Amiibo	Frobert	NTAG215	04 B7 58 6D 8B 3F E7
BruceRFID/Amiibo/Animal_Crossing/Amiibo_Cards/Series_4/AC_319_Pinky.nfc	Amiibo	AC_319_Pinky	NTAG215	04 03 71 FE 22 48 4B
BruceRFID/Amiibo/Animal_Crossing/Amiibo_Cards/Series_4/Queenie.nfc	Amiibo	Queenie	NTAG215	04 3F 97 9C 4E FC 6A
BruceRFID/Amiibo/Animal_Crossing/Amiibo_Cards/Series_4/Erik.nfc	Amiibo	Erik	NTAG215	04 F9 8E F2 14 CF 8F
BruceRFID/Amiibo/Animal_Crossing/Amiibo_Cards/Series_4/Mott.nfc	Amiibo	Mott	NTAG215	04 FE 47 D4 F2 0B FE
BruceRFID/Amiibo/Animal_Crossing/Amiibo_Cards/Series_4/Gulliver.nfc	Amiibo	Gulliver	NTAG215	04 29 F6 71 27 B2 84
BruceRFID/Amiibo/Animal_Crossing/Amiibo_Cards/Series_4/OHare.nfc	Amiibo	OHare	NTAG215	04 6D 34 38 94 EE 71
BruceRFID/Amiibo/Animal_Crossing/Amiibo_Cards/Series_4/AC_385_Lucky.nfc	Amiibo	AC_385_Lucky	NTAG215	04 12 A9 37 82 31 4C
BruceRFID/Amiibo/Animal_Crossing/Amiibo_Cards/Series_4/AC_305_Celeste.nfc	Amiibo	AC_305_Celeste	NTAG215	04 B7 C7 FC 22 31 4C
BruceRFID/Amiibo/Animal_Crossing/Amiibo_Cards/Series_4/Zucker.nfc	Amiibo	Zucker	NTAG215	04 9D 14 0F 43 B1 3D
BruceRFID/Amiibo/Animal_Crossing/Amiibo_Cards/Series_4/AC_376_Rizzo.nfc	Amiibo	AC_376_Rizzo	NTAG215	04 1A 45 D3 B2 76 4C
BruceRFID/Amiibo/Animal_Crossing/Amiibo_Cards/Series_4/AC_318_Stitches.nfc	Amiibo	AC_318_Stitches	NTAG215	04 21 C5 68 1A 2E 4C
BruceRFID/Amiibo/Animal_Crossing/Amiibo_Cards/Series_4/AC_333_Lolly.nfc	Amiibo	AC_333_Lolly	NTAG215	04 80 25 29 52 48 4B
BruceRFID/Amiibo/Animal_Crossing/Amiibo_Cards/Series_4/Lucy.nfc	Amiibo	Lucy	NTAG215	04 E5 76 04 A7 EC F7
BruceRFID/Amiibo/Animal_Crossing/Amiibo_Cards/Series_4/Katrina.nfc	Amiibo	Katrina	NTAG215	04 B3 9B 7A 68 51 82
BruceRFID/Amiibo/Animal_Crossing/Amiibo_Cards/Series_4/Fang.nfc	Amiibo	Fang	NTAG215	04 DC 2E 5C E0 BA 4C
BruceRFID/Amiibo/Animal_Crossing/Amiibo_Cards/Series_4/Pave.nfc	Amiibo	Pave	NTAG215	04 1A 28 AB F6 2C 03
BruceRFID/Amiibo/Animal_Crossing/Amiibo_Cards/Series_4/AC_382_Lobo.nfc	Amiibo	AC_382_Lobo	NTAG215	04 CA BE F8 72 47 4B
BruceRFID/Amiibo/Animal_Crossing/Amiibo_Cards/Series_4/Walt.nfc	Amiibo	Walt	NTAG215	04 36 A8 41 A9 EA 79
BruceRFID/Amiibo/Animal_Crossing/Amiibo_Cards/Series_4/Gracie.nfc	Amiibo	Gracie	NTAG215	04 5E CB FC E7 DD EF
BruceRFID/Amiibo/Animal_Crossing/Amiibo_Cards/Series_4/Sylvia.nfc	Amiibo	Sylvia	NTAG215	04 38 5E C3 46 2B 4A
BruceRFID/Amiibo/Animal_Crossing/Amiibo_Cards/Series_4/Gayle.nfc	Amiibo	Gayle	NTAG215	04 8E 74 6F 06 1E 84
BruceRFID/Amiibo/Animal_Crossing/Amiibo_Cards/Series_4/AC_354_Walt.nfc	Amiibo	AC_354_Walt	NTAG215	04 88 70 74 62 31 4C
BruceRFID/Amiibo/Animal_Crossing/Amiibo_Cards/Series_4/AC_400_Robin.nfc	Amiibo	AC_400_Robin	NTAG215	04 49 54 91 9A 31 4C
BruceRFID/Amiibo/Animal_Crossing/Amiibo_Cards/Series_4/Phineas.nfc	Amiibo	Phineas	NTAG215	04 71 02 61 6E 7B B6
BruceRFID/Amiibo/Animal_Crossing/Amiibo_Cards/Series_4/AC_367_Annalise.nfc	Amiibo	AC_367_Annalise	NTAG215	04 AF 3D 1E 12 48 4B
BruceRFID/Amiibo/Animal_Crossing/Amiibo_Cards/Series_4/AC_389_Bruce.nfc	Amiibo	AC_389_Bruce	NTAG215	04 EF F9 9A 8A 47 4B
BruceRFID/Amiibo/Animal_Crossing/Amiibo_Cards/Series_4/Rizzo.nfc	Amiibo	Rizzo	NTAG215	04 7E 80 69 78 34 10
BruceRFID/Amiibo/Animal_Crossing/Amiibo_Cards/Series_4/Sally.nfc	Amiibo	Sally	NTAG215	04 75 27 FD 45 C2 03
BruceRFID/Amiibo/Animal_Crossing/Amiibo_Cards/Series_4/AC_317_Goldie.nfc	Amiibo	AC_317_Goldie	NTAG215	04 44 77 BF 72 2E 4C
BruceRFID/Amiibo/Animal_Crossing/Amiibo_Cards/Series_4/Puddles.nfc	Amiibo	Puddles	NTAG215	04 27 9D 91 35 C9 28
BruceRFID/Amiibo/Animal_Crossing/Amiibo_Cards/Series_4/Zipper.nfc	Amiibo	Zipper	NTAG215	04 C8 85 45 20 23 E0
BruceRFID/Amiibo/Animal_Crossing/Amiibo_Cards/Series_4/AC_378_Barold.nfc	Amiibo	AC_378_Barold	NTAG215	04 6C 99 79 82 47 4B
BruceRFID/Amiibo/Animal_Crossing/Amiibo_Cards/Series_4/Dotty.nfc	Amiibo	Dotty	NTAG215	04 27 0E 85 B3 BB CF
BruceRFID/Amiibo/Animal_Crossing/Amiibo_Cards/Series_4/Ribbot.nfc	Amiibo	Ribbot	NTAG215	04 7C 0D FA D0 91 B3
BruceRFID/Amiibo/Animal_Crossing/Amiibo_Cards/Series_4/AC_325_Peaches.nfc	Amiibo	AC_325_Peaches	NTAG215	04 4E 50 92 E2 8C 4B
BruceRFID/Amiibo/Animal_Crossing/Amiibo_Cards/Series_4/Aurora.nfc	Amiibo	Aurora	NTAG215	04 71 CB 30 2C C6 F8
BruceRFID/Amiibo/Animal_Crossing/Amiibo_Cards/Series_4/AC_397_Iggly.nfc	Amiibo	AC_397_Iggly	NTAG215	04 77 85 7E B2 31 4C
BruceRFID/Amiibo/Animal_Crossing/Amiibo_Cards/Series_4/AC_302_Brewster.nfc	Amiibo	AC_302_Brewster	NTAG215	04 8C 6A 6A AA 72 4C
BruceRFID/Amiibo/Animal_Crossing/Amiibo_Cards/Series_4/Elise.nfc	Amiibo	Elise	NTAG215	04 97 DB C4 DB 22 26
BruceRFID/Amiibo/Animal_Crossing/Amiibo_Cards/Series_4/AC_332_Shep.nfc	Amiibo	AC_332_Shep	NTAG215	04 85 64 6D FA 2C 4C
BruceRFID/Amiibo/Animal_Crossing/Amiibo_Cards/Series_4/AC_349_Lucy.nfc	Amiibo	AC_349_Lucy	NTAG215	04 69 F2 17 BA 47 4B
BruceRFID/Amiibo/Animal_Crossing/Amiibo_Cards/Series_4/AC_374_Tank.nfc	Amiibo	AC_374_Tank	NTAG215	04 4E 6F AD A2 76 4C
BruceRFID/Amiibo/Animal_Crossing/Amiibo_Cards/Series_4/Rowan.nfc	Amiibo	Rowan	NTAG215	04 40 01 9B 40 96 F9
BruceRFID/Amiibo/Animal_Crossing/Amiibo_Cards/Series_4/AC_342_Bones.nfc	Amiibo	AC_342_Bones	NTAG215	04 18 52 C6 1A 45 4B
BruceRFID/Amiibo/Animal_Crossing/Amiibo_Cards/Series_4/AC_322_Rocco.nfc	Amiibo	AC_322_Rocco	NTAG215	04 B6 44 7E BA 76 4C
BruceRFID/Amiibo/Animal_Crossing/Amiibo_Cards/Series_4/AC_393_Frobert.nfc	Amiibo	AC_393_Frobert	NTAG215	04 0D 83 02 B2 31 4C
BruceRFID/Amiibo/Animal_Crossing/Amiibo_Cards/Series_4/AC_395_Cally.nfc	Amiibo	AC_395_Cally	NTAG215	04 E9 85 E0 B2 31 4C
BruceRFID/Amiibo/Animal_Crossing/Amiibo_Cards/Series_4/Isabelle.nfc	Amiibo	Isabelle	NTAG215	04 4E 4F 01 AC 95 6C
BruceRFID/Amiibo/Animal_Crossing/Amiibo_Cards/Series_4/Melba.nfc	Amiibo	Melba	NTAG215	04 50 9B 46 A8 BE 95
BruceRFID/Amiibo/Animal_Crossing/Amiibo_Cards/Series_4/Mallary.nfc	Amiibo	Mallary	NTAG215	04 56 5B A7 6E 4D 51
BruceRFID/Amiibo/Animal_Crossing/Amiibo_Cards/Series_4/Rudy.nfc	Amiibo	Rudy	NTAG215	04 BE DB 0D 04 8C 29
BruceRFID/Amiibo/Animal_Crossing/Amiibo_Cards/Series_4/AC_364_Zucker.nfc	Amiibo	AC_364_Zucker	NTAG215	04 9D 24 35 82 72 4C
BruceRFID/Amiibo/Animal_Crossing/Amiibo_Cards/Series_4/Peewee.nfc	Amiibo	Peewee	NTAG215	04 D7 55 DC 6B 38 8F
BruceRFID/Amiibo/Animal_Crossing/Amiibo_Cards/Series_4/Bruce.nfc	Amiibo	Bruce	NTAG215	04 07 4A E4 27 75 D5
BruceRFID/Amiibo/Animal_Crossing/Amiibo_Cards/Series_4/Dizzy.nfc	Amiibo	Dizzy	NTAG215	04 94 EA 4A 1F 22 F4
BruceRFID/Amiibo/Animal_Crossing/Amiibo_Cards/Series_4/Purrl.nfc	Amiibo	Purrl	NTAG215	04 42 F9 94 A2 EC 5B
BruceRFID/Amiibo/Animal_Crossing/Amiibo_Cards/Series_4/Margie.nfc	Amiibo	Margie	NTAG215	04 23 F0 01 A3 E8 92
BruceRFID/Amiibo/Animal_Crossing/Amiibo_Cards/Series_4/Rocco.nfc	Amiibo	Rocco	NTAG215	04 A0 D6 7A 53 74 FA
BruceRFID/Amiibo/Animal_Crossing/Amiibo_Cards/Series_4/AC_338_Fang.nfc	Amiibo	AC_338_Fang	NTAG215	04 21 57 FA 62 31 4C
BruceRFID/Amiibo/Animal_Crossing/Amiibo_Cards/Series_4/AC_306_Tommy.nfc	Amiibo	AC_306_Tommy	NTAG215	04 58 32 E6 62 31 4C
BruceRFID/Amiibo/Animal_Crossing/Amiibo_Cards/Series_4/Katt.nfc	Amiibo	Katt	NTAG215	04 7A B1 21 78 87 2A
BruceRFID/Amiibo/Animal_Crossing/Amiibo_Cards/Series_4/AC_375_Becky.nfc	Amiibo	AC_375_Becky	NTAG215	04 60 8B 67 AA 47 4B
BruceRFID/Amiibo/Animal_Crossing/Amiibo_Cards/Series_4/AC_362_Static.nfc	Amiibo	AC_362_Static	NTAG215	04 3A 2E 98 9A 72 4C
BruceRFID/Amiibo/Animal_Crossing/Amiibo_Cards/Series_4/AC_343_Anabelle.nfc	Amiibo	AC_343_Anabelle	NTAG215	04 E0 99 F5 E2 44 4B
BruceRFID/Amiibo/Animal_Crossing/Amiibo_Cards/Series_4/Pinky.nfc	Amiibo	Pinky	NTAG215	04 A1 AC FC 8E AA 78
BruceRFID/Amiibo/Animal_Crossing/Amiibo_Cards/Series_4/AC_320_Mott.nfc	Amiibo	AC_320_Mott	NTAG215	04 7E A0 52 0A 48 4B
BruceRFID/Amiibo/Animal_Crossing/Amiibo_Cards/Series_4/Static.nfc	Amiibo	Static	NTAG215	04 52 4F D7 D7 93 4D
BruceRFID/Amiibo/Animal_Crossing/Amiibo_Cards/Series_4/AC_311_Lottie.nfc	Amiibo	AC_311_Lottie	NTAG215	04 EF 08 6B 02 2D 4C
BruceRFID/Amiibo/Animal_Crossing/Amiibo_Cards/Series_4/Hippeux.nfc	Amiibo	Hippeux	NTAG215	04 42 F3 F3 6D B7 CD
BruceRFID/Amiibo/Animal_Crossing/Amiibo_Cards/Series_4/Nibbles.nfc	Amiibo	Nibbles	NTAG215	04 4A 86 14 98 A2 F9
BruceRFID/Amiibo/Animal_Crossing/Amiibo_Cards/Series_4/AC_351_Puddles.nfc	Amiibo	AC_351_Puddles	NTAG215	04 4C 82 42 62 31 4C
BruceRFID/Amiibo/Animal_Crossing/Amiibo_Cards/Series_4/AC_336_Pierce.nfc	Amiibo	AC_336_Pierce	NTAG215	04 39 B6 03 B2 2C 4C
BruceRFID/Amiibo/Animal_Crossing/Amiibo_Cards/Series_4/Lottie.nfc	Amiibo	Lottie	NTAG215	04 56 F3 59 94 49 25
BruceRFID/Amiibo/Animal_Crossing/Amiibo_Cards/Series_4/AC_377_Sydney.nfc	Amiibo	AC_377_Sydney	NTAG215	04 10 0C 90 B2 31 4C
BruceRFID/Amiibo/Animal_Crossing/Amiibo_Cards/Series_4/AC_379_Nibbles.nfc	Amiibo	AC_379_Nibbles	NTAG215	04 9D D5 C4 8A 31 4C
BruceRFID/Amiibo/Animal_Crossing/Amiibo_Cards/Series_4/AC_316_Zipper.nfc	Amiibo	AC_316_Zipper	NTAG215	04 F2 BD C3 AA 72 4C
BruceRFID/Amiibo/Animal_Crossing/Amiibo_Cards/Series_4/Tex.nfc	Amiibo	Tex	NTAG215	04 3F AA 33 65 44 86
BruceRFID/Amiibo/Animal_Crossing/Amiibo_Cards/Series_4/AC_323_Katt.nfc	Amiibo	AC_323_Katt	NTAG215	04 12 27 B9 22 48 4B
BruceRFID/Amiibo/Animal_Crossing/Amiibo_Cards/Series_4/AC_341_Melba.nfc	Amiibo	AC_341_Melba	NTAG215	04 34 BD 05 62 31 4C
BruceRFID/Amiibo/Animal_Crossing/Amiibo_Cards/Series_4/Rosie.nfc	Amiibo	Rosie	NTAG215	04 6D C9 76 37 D1 81
BruceRFID/Amiibo/Animal_Crossing/Amiibo_Cards/Series_4/AC_388_Maelle.nfc	Amiibo	AC_388_Maelle	NTAG215	04 41 A0 6D A2 76 4C
BruceRFID/Amiibo/Animal_Crossing/Amiibo_Cards/Series_4/Kevin.nfc	Amiibo	Kevin	NTAG215	04 9C 95 ED 4D 14 71
BruceRFID/Amiibo/Animal_Crossing/Amiibo_Cards/Series_4/Robin.nfc	Amiibo	Robin	NTAG215	04 F6 F8 15 53 F2 9E
BruceRFID/Amiibo/Animal_Crossing/Amiibo_Cards/Series_4/AC_365_Peggy.nfc	Amiibo	AC_365_Peggy	NTAG215	04 42 24 EA 82 72 4C
BruceRFID/Amiibo/Animal_Crossing/Amiibo_Cards/Series_4/AC_353_Elise.nfc	Amiibo	AC_353_Elise	NTAG215	04 71 A7 5A 62 31 4C
BruceRFID/Amiibo/Animal_Crossing/Amiibo_Cards/Series_4/AC_391_Gayle.nfc	Amiibo	AC_391_Gayle	NTAG215	04 4A BD 7B AA 47 4B
BruceRFID/Amiibo/Animal_Crossing/Amiibo_Cards/Series_4/AC_372_Doc.nfc	Amiibo	AC_372_Doc	NTAG215	04 88 0D 09 B2 76 4C
BruceRFID/Amiibo/Animal_Crossing/Amiibo_Cards/Series_4/AC_344_Rudy.nfc	Amiibo	AC_344_Rudy	NTAG215	04 51 4B 96 3A 47 4B
BruceRFID/Amiibo/Animal_Crossing/Amiibo_Cards/Series_4/AC_384_Margie.nfc	Amiibo	AC_384_Margie	NTAG215	04 2D 89 28 C2 76 4C
BruceRFID/Amiibo/Animal_Crossing/Amiibo_Cards/Series_4/AC_392_Cranston.nfc	Amiibo	AC_392_Cranston	NTAG215	04 C9 27 62 9A 31 4C
BruceRFID/Amiibo/Animal_Crossing/Amiibo_Cards/Series_4/AC_327_Penelope.nfc	Amiibo	AC_327_Penelope	NTAG215	04 5D 93 42 7A 31 4C
BruceRFID/Amiibo/Animal_Crossing/Amiibo_Cards/Series_4/Doc.nfc	Amiibo	Doc	NTAG215	04 CE 60 28 E7 69 74
BruceRFID/Amiibo/Animal_Crossing/Amiibo_Cards/Series_4/Becky.nfc	Amiibo	Becky	NTAG215	04 11 8A D7 6B 9C 8C
BruceRFID/Amiibo/Animal_Crossing/Amiibo_Cards/Series_4/Lobo.nfc	Amiibo	Lobo	NTAG215	04 52 04 8F 0F 3A 98
BruceRFID/Amiibo/Animal_Crossing/Amiibo_Cards/Series_4/Redd.nfc	Amiibo	Redd	NTAG215	04 3A E4 7A 0B 88 B1
BruceRFID/Amiibo/Animal_Crossing/Amiibo_Cards/Series_4/Naomi.nfc	Amiibo	Naomi	NTAG215	04 DE 85 2C 7D EC 9C
BruceRFID/Amiibo/Animal_Crossing/Amiibo_Cards/Series_4/AC_399_Twiggy.nfc	Amiibo	AC_399_Twiggy	NTAG215	04 0A F8 7E 9A 31 4C
BruceRFID/Amiibo/Animal_Crossing/Amiibo_Cards/Series_4/Lolly.nfc	Amiibo	Lolly	NTAG215	04 71 41 31 C6 B5 C2
BruceRFID/Amiibo/Animal_Crossing/Amiibo_Cards/Series_4/AC_350_Elmer.nfc	Amiibo	AC_350_Elmer	NTAG215	04 CA E8 AE BA 47 4B
BruceRFID/Amiibo/Animal_Crossing/Amiibo_Cards/Series_4/AC_361_Purrl.nfc	Amiibo	AC_361_Purrl	NTAG215	04 8C 69 69 BA 72 4C
BruceRFID/Amiibo/Animal_Crossing/Amiibo_Cards/Series_4/AC_307_Gracie.nfc	Amiibo	AC_307_Gracie	NTAG215	04 47 8C 47 B2 72 4C
BruceRFID/Amiibo/Animal_Crossing/Amiibo_Cards/Series_4/AC_303_Katrina.nfc	Amiibo	AC_303_Katrina	NTAG215	04 AB BD 9A 92 72 4C
BruceRFID/Amiibo/Animal_Crossing/Amiibo_Cards/Series_4/Angus.nfc	Amiibo	Angus	NTAG215	04 EC B1 C5 25 2B AA
BruceRFID/Amiibo/Animal_Crossing/Amiibo_Cards/Series_4/AC_363_Celia.nfc	Amiibo	AC_363_Celia	NTAG215	04 D8 F0 A4 82 72 4C
BruceRFID/Amiibo/Animal_Crossing/Amiibo_Cards/Series_4/Chow.nfc	Amiibo	Chow	NTAG215	04 4F 1F 06 7D 45 37
BruceRFID/Amiibo/Animal_Crossing/Amiibo_Cards/Series_4/AC_321_Mallary.nfc	Amiibo	AC_321_Mallary	NTAG215	04 16 93 09 E2 44 4B
BruceRFID/Amiibo/Animal_Crossing/Amiibo_Cards/Series_4/AC_346_Peewee.nfc	Amiibo	AC_346_Peewee	NTAG215	04 FB 96 E1 22 2D 4C
BruceRFID/Amiibo/Animal_Crossing/Amiibo_Cards/Series_4/Iggly.nfc	Amiibo	Iggly	NTAG215	04 8D A8 DE 3F D7 71
BruceRFID/Amiibo/Animal_Crossing/Amiibo_Cards/Series_4/AC_308_Leilani.nfc	Amiibo	AC_308_Leilani	NTAG215	04 7C 63 93 7A 72 4C
BruceRFID/Amiibo/Animal_Crossing/Amiibo_Cards/Series_4/AC_357_Aurora.nfc	Amiibo	AC_357_Aurora	NTAG215	04 42 69 A7 9A 72 4C
BruceRFID/Amiibo/Animal_Crossing/Amiibo_Cards/Series_4/Shep.nfc	Amiibo	Shep	NTAG215	04 D1 4B C8 C7 D0 B3
BruceRFID/Amiibo/Animal_Crossing/Amiibo_Cards/Series_4/AC_356_Pietro.nfc	Amiibo	AC_356_Pietro	NTAG215	04 C6 96 DC 62 31 4C
BruceRFID/Amiibo/Animal_Crossing/Amiibo_Cards/Series_4/Shrunk.nfc	Amiibo	Shrunk	NTAG215	04 01 B4 45 75 E1 87
BruceRFID/Amiibo/Animal_Crossing/Amiibo_Cards/Series_4/AC_301_Isabelle.nfc	Amiibo	AC_301_Isabelle	NTAG215	04 10 BD 21 02 2D 4C
BruceRFID/Amiibo/Animal_Crossing/Amiibo_Cards/Series_4/Frita.nfc	Amiibo	Frita	NTAG215	04 8F 0E C4 6F DA 99
BruceRFID/Amiibo/Animal_Crossing/Amiibo_Cards/Welcome_Amiibo/AC_W31_Bea.nfc	Amiibo	AC_W31_Bea	NTAG215	04 A7 2B 00 22 78 4C
BruceRFID/Amiibo/Animal_Crossing/Amiibo_Cards/Welcome_Amiibo/Sandy.nfc	Amiibo	Sandy	NTAG215	04 E1 84 EF 2B 4A 49
BruceRFID/Amiibo/Animal_Crossing/Amiibo_Cards/Welcome_Amiibo/AC_W29_Julia.nfc	Amiibo	AC_W29_Julia	NTAG215	04 4D 47 86 22 78 4C
BruceRFID/Amiibo/Animal_Crossing/Amiibo_Cards/Welcome_Amiibo/Ketchup.nfc	Amiibo	Ketchup	NTAG215	04 6D 6D 66 7D 2B F0
BruceRFID/Amiibo/Animal_Crossing/Amiibo_Cards/Welcome_Amiibo/Ursala.nfc	Amiibo	Ursala	NTAG215	04 2C F1 56 3A CA CA
BruceRFID/Amiibo/Animal_Crossing/Amiibo_Cards/Welcome_Amiibo/AC_W15_Rex.nfc	Amiibo	AC_W15_Rex	NTAG215	04 21 84 29 CA 75 4C
BruceRFID/Amiibo/Animal_Crossing/Amiibo_Cards/Welcome_Amiibo/AC_W07_Stella.nfc	Amiibo	AC_W07_Stella	NTAG215	04 5D 41 90 A2 77 4C
BruceRFID/Amiibo/Animal_Crossing/Amiibo_Cards/Welcome_Amiibo/AC_W44_Snooty.nfc	Amiibo	AC_W44_Snooty	NTAG215	04 51 9A 47 CA E9 4C
BruceRFID/Amiibo/Animal_Crossing/Amiibo_Cards/Welcome_Amiibo/AC_W49_Ike.nfc	Amiibo	AC_W49_Ike	NTAG215	04 2A 08 AE AA E9 4C
BruceRFID/Amiibo/Animal_Crossing/Amiibo_Cards/Welcome_Amiibo/AC_W46_Dobie.nfc	Amiibo	AC_W46_Dobie	NTAG215	04 79 C8 3D AA E9 4C
BruceRFID/Amiibo/Animal_Crossing/Amiibo_Cards/Welcome_Amiibo/Snooty.nfc	Amiibo	Snooty	NTAG215	04 FE F0 B8 21 B8 A0
BruceRFID/Amiibo/Animal_Crossing/Amiibo_Cards/Welcome_Amiibo/AC_W41_Norma.nfc	Amiibo	AC_W41_Norma	NTAG215	04 1F A4 37 3A BA 4C
BruceRFID/Amiibo/Animal_Crossing/Amiibo_Cards/Welcome_Amiibo/Wade.nfc	Amiibo	Wade	NTAG215	04 A9 EF 08 F9 5E 44
BruceRFID/Amiibo/Animal_Crossing/Amiibo_Cards/Welcome_Amiibo/AC_W03_June.nfc	Amiibo	AC_W03_June	NTAG215	04 A5 A8 81 A2 77 4C
BruceRFID/Amiibo/Animal_Crossing/Amiibo_Cards/Welcome_Amiibo/AC_W32_Admiral.nfc	Amiibo	AC_W32_Admiral	NTAG215	04 36 B1 0B 1A 78 4C
BruceRFID/Amiibo/Animal_Crossing/Amiibo_Cards/Welcome_Amiibo/June.nfc	Amiibo	June	NTAG215	04 0D 08 13 27 31 87
BruceRFID/Amiibo/Animal_Crossing/Amiibo_Cards/Welcome_Amiibo/Raddle.nfc	Amiibo	Raddle	NTAG215	04 67 B4 95 38 56 7D
BruceRFID/Amiibo/Animal_Crossing/Amiibo_Cards/Welcome_Amiibo/Ellie.nfc	Amiibo	Ellie	NTAG215	04 4C 1A 1A 02 92 7B
BruceRFID/Amiibo/Animal_Crossing/Amiibo_Cards/Welcome_Amiibo/Cashmere.nfc	Amiibo	Cashmere	NTAG215	04 2D E5 C5 88 0B 30
BruceRFID/Amiibo/Animal_Crossing/Amiibo_Cards/Welcome_Amiibo/AC_W27_Claude.nfc	Amiibo	AC_W27_Claude	NTAG215	04 E2 10 7E 12 78 4C
BruceRFID/Amiibo/Animal_Crossing/Amiibo_Cards/Welcome_Amiibo/AC_W37_Leopold.nfc	Amiibo	AC_W37_Leopold	NTAG215	04 7A 87 71 B2 77 4C
BruceRFID/Amiibo/Animal_Crossing/Amiibo_Cards/Welcome_Amiibo/Billy.nfc	Amiibo	Billy	NTAG215	04 18 98 B0 91 ED 2C
BruceRFID/Amiibo/Animal_Crossing/Amiibo_Cards/Welcome_Amiibo/Norma.nfc	Amiibo	Norma	NTAG215	04 59 08 C9 7F 20 40
BruceRFID/Amiibo/Animal_Crossing/Amiibo_Cards/Welcome_Amiibo/Julia.nfc	Amiibo	Julia	NTAG215	04 67 66 A4 9F A7 09
BruceRFID/Amiibo/Animal_Crossing/Amiibo_Cards/Welcome_Amiibo/AC_W43_Sprocket.nfc	Amiibo	AC_W43_Sprocket	NTAG215	04 46 69 A3 CA E9 4C
BruceRFID/Amiibo/Animal_Crossing/Amiibo_Cards/Welcome_Amiibo/Tasha.nfc	Amiibo	Tasha	NTAG215	04 8E 30 3E E9 7E 2D
BruceRFID/Amiibo/Animal_Crossing/Amiibo_Cards/Welcome_Amiibo/Stella.nfc	Amiibo	Stella	NTAG215	04 5A 74 8F 53 48 06
BruceRFID/Amiibo/Animal_Crossing/Amiibo_Cards/Welcome_Amiibo/Olive.nfc	Amiibo	Olive	NTAG215	04 6F 5B 8E 8B B0 FD
BruceRFID/Amiibo/Animal_Crossing/Amiibo_Cards/Welcome_Amiibo/Dobie.nfc	Amiibo	Dobie	NTAG215	04 AA 5A E9 B9 50 E5
BruceRFID/Amiibo/Animal_Crossing/Amiibo_Cards/Welcome_Amiibo/Bitty.nfc	Amiibo	Bitty	NTAG215	04 05 53 55 59 32 58
BruceRFID/Amiibo/Animal_Crossing/Amiibo_Cards/Welcome_Amiibo/Maggie.nfc	Amiibo	Maggie	NTAG215	04 9D CA B2 3A 38 4A
BruceRFID/Amiibo/Animal_Crossing/Amiibo_Cards/Welcome_Amiibo/AC_W01_Vivian.nfc	Amiibo	AC_W01_Vivian	NTAG215	04 49 88 4D DA 77 4C
BruceRFID/Amiibo/Animal_Crossing/Amiibo_Cards/Welcome_Amiibo/AC_W11_Boris.nfc	Amiibo	AC_W11_Boris	NTAG215	04 D4 0A 52 12 78 4C
BruceRFID/Amiibo/Animal_Crossing/Amiibo_Cards/Welcome_Amiibo/AC_W18_Jacob.nfc	Amiibo	AC_W18_Jacob	NTAG215	04 10 A5 39 CA 75 4C
BruceRFID/Amiibo/Animal_Crossing/Amiibo_Cards/Welcome_Amiibo/AC_W22_Bitty.nfc	Amiibo	AC_W22_Bitty	NTAG215	04 95 9A 83 52 BA 4C
BruceRFID/Amiibo/Animal_Crossing/Amiibo_Cards/Welcome_Amiibo/Leopold.nfc	Amiibo	Leopold	NTAG215	04 00 81 41 FD 67 22
BruceRFID/Amiibo/Animal_Crossing/Amiibo_Cards/Welcome_Amiibo/AC_W34_Boots.nfc	Amiibo	AC_W34_Boots	NTAG215	04 FB 84 F3 C2 77 4C
BruceRFID/Amiibo/Animal_Crossing/Amiibo_Cards/Welcome_Amiibo/AC_W23_Maggie.nfc	Amiibo	AC_W23_Maggie	NTAG215	04 68 EF 0B CA 75 4C
BruceRFID/Amiibo/Animal_Crossing/Amiibo_Cards/Welcome_Amiibo/AC_W40_Tad.nfc	Amiibo	AC_W40_Tad	NTAG215	04 80 EF E3 1A 78 4C
BruceRFID/Amiibo/Animal_Crossing/Amiibo_Cards/Welcome_Amiibo/AC_W12_Wade.nfc	Amiibo	AC_W12_Wade	NTAG215	04 7F C0 33 D2 77 4C
BruceRFID/Amiibo/Animal_Crossing/Amiibo_Cards/Welcome_Amiibo/Cleo.nfc	Amiibo	Cleo	NTAG215	04 9F A1 D7 E7 04 07
BruceRFID/Amiibo/Animal_Crossing/Amiibo_Cards/Welcome_Amiibo/AC_W38_Spike.nfc	Amiibo	AC_W38_Spike	NTAG215	04 F9 36 43 22 78 4C
BruceRFID/Amiibo/Animal_Crossing/Amiibo_Cards/Welcome_Amiibo/AC_W35_Weber.nfc	Amiibo	AC_W35_Weber	NTAG215	04 A1 81 AC C2 77 4C
BruceRFID/Amiibo/Animal_Crossing/Amiibo_Cards/Welcome_Amiibo/Gonzo.nfc	Amiibo	Gonzo	NTAG215	04 72 78 74 0E 7C 3F
BruceRFID/Amiibo/Animal_Crossing/Amiibo_Cards/Welcome_Amiibo/AC_W02_Hopkins.nfc	Amiibo	AC_W02_Hopkins	NTAG215	04 CA 77 31 A2 77 4C
BruceRFID/Amiibo/Animal_Crossing/Amiibo_Cards/Welcome_Amiibo/Admiral.nfc	Amiibo	Admiral	NTAG215	04 27 CC 86 BD 44 55
BruceRFID/Amiibo/Animal_Crossing/Amiibo_Cards/Welcome_Amiibo/Plucky.nfc	Amiibo	Plucky	NTAG215	04 B9 89 19 9A 72 A8
BruceRFID/Amiibo/Animal_Crossing/Amiibo_Cards/Welcome_Amiibo/AC_W16_Stu.nfc	Amiibo	AC_W16_Stu	NTAG215	04 C4 C0 88 CA 75 4C
BruceRFID/Amiibo/Animal_Crossing/Amiibo_Cards/Welcome_Amiibo/Boris.nfc	Amiibo	Boris	NTAG215	04 E5 D0 F7 6C 77 0C
BruceRFID/Amiibo/Animal_Crossing/Amiibo_Cards/Welcome_Amiibo/Tybalt.nfc	Amiibo	Tybalt	NTAG215	04 02 7E 37 6F DB 84
BruceRFID/Amiibo/Animal_Crossing/Amiibo_Cards/Welcome_Amiibo/AC_W08_Tybalt.nfc	Amiibo	AC_W08_Tybalt	NTAG215	04 D4 10 48 2A 78 4C
BruceRFID/Amiibo/Animal_Crossing/Amiibo_Cards/Welcome_Amiibo/Louie.nfc	Amiibo	Louie	NTAG215	04 A6 6E 91 6F D7 CA
BruceRFID/Amiibo/Animal_Crossing/Amiibo_Cards/Welcome_Amiibo/AC_W39_Cashmere.nfc	Amiibo	AC_W39_Cashmere	NTAG215	04 0E 3F BD 9A 77 4C
BruceRFID/Amiibo/Animal_Crossing/Amiibo_Cards/Welcome_Amiibo/Paolo.nfc	Amiibo	Paolo	NTAG215	04 D1 69 A4 1F 4D 6A
BruceRFID/Amiibo/Animal_Crossing/Amiibo_Cards/Welcome_Amiibo/AC_W13_Carrie.nfc	Amiibo	AC_W13_Carrie	NTAG215	04 6B BF 58 CA 75 4C
BruceRFID/Amiibo/Animal_Crossing/Amiibo_Cards/Welcome_Amiibo/AC_W24_Murphy.nfc	Amiibo	AC_W24_Murphy	NTAG215	04 70 1B E7 CA 75 4C
BruceRFID/Amiibo/Animal_Crossing/Amiibo_Cards/Welcome_Amiibo/Tad.nfc	Amiibo	Tad	NTAG215	04 69 2B 56 CC 39 A0
BruceRFID/Amiibo/Animal_Crossing/Amiibo_Cards/Welcome_Amiibo/Bea.nfc	Amiibo	Bea	NTAG215	04 7A 22 D1 C8 4D 35
BruceRFID/Amiibo/Animal_Crossing/Amiibo_Cards/Welcome_Amiibo/AC_W05_Paolo.nfc	Amiibo	AC_W05_Paolo	NTAG215	04 65 89 60 22 78 4C
BruceRFID/Amiibo/Animal_Crossing/Amiibo_Cards/Welcome_Amiibo/AC_W42_Gonzo.nfc	Amiibo	AC_W42_Gonzo	NTAG215	04 62 87 69 3A BA 4C
BruceRFID/Amiibo/Animal_Crossing/Amiibo_Cards/Welcome_Amiibo/AC_W26_Sandy.nfc	Amiibo	AC_W26_Sandy	NTAG215	04 2B B4 13 DA 77 4C
BruceRFID/Amiibo/Animal_Crossing/Amiibo_Cards/Welcome_Amiibo/AC_W25_Plucky.nfc	Amiibo	AC_W25_Plucky	NTAG215	04 2A B4 12 DA 77 4C
BruceRFID/Amiibo/Animal_Crossing/Amiibo_Cards/Welcome_Amiibo/AC_W19_Maddie.nfc	Amiibo	AC_W19_Maddie	NTAG215	04 53 65 BA CA 75 4C
BruceRFID/Amiibo/Animal_Crossing/Amiibo_Cards/Welcome_Amiibo/Claude.nfc	Amiibo	Claude	NTAG215	04 AD 66 40 C7 81 16
BruceRFID/Amiibo/Animal_Crossing/Amiibo_Cards/Welcome_Amiibo/AC_W30_Louie.nfc	Amiibo	AC_W30_Louie	NTAG215	04 88 9A 9E 52 72 4C
BruceRFID/Amiibo/Animal_Crossing/Amiibo_Cards/Welcome_Amiibo/Sylvana.nfc	Amiibo	Sylvana	NTAG215	04 7D 6A B6 45 B9 9B
BruceRFID/Amiibo/Animal_Crossing/Amiibo_Cards/Welcome_Amiibo/Weber.nfc	Amiibo	Weber	NTAG215	04 B2 1F 96 A7 2A C0
BruceRFID/Amiibo/Animal_Crossing/Amiibo_Cards/Welcome_Amiibo/Maddie.nfc	Amiibo	Maddie	NTAG215	04 11 75 73 BA 94 83
BruceRFID/Amiibo/Animal_Crossing/Amiibo_Cards/Welcome_Amiibo/AC_W20_Billy.nfc	Amiibo	AC_W20_Billy	NTAG215	04 94 96 8E CA 75 4C
BruceRFID/Amiibo/Animal_Crossing/Amiibo_Cards/Welcome_Amiibo/AC_W50_Tasha.nfc	Amiibo	AC_W50_Tasha	NTAG215	04 44 F7 3F CA E9 4C
BruceRFID/Amiibo/Animal_Crossing/Amiibo_Cards/Welcome_Amiibo/Buzz.nfc	Amiibo	Buzz	NTAG215	04 87 9F CD EC BF 64
BruceRFID/Amiibo/Animal_Crossing/Amiibo_Cards/Welcome_Amiibo/Spike.nfc	Amiibo	Spike	NTAG215	04 0B 6B 3A 36 D3 3A
BruceRFID/Amiibo/Animal_Crossing/Amiibo_Cards/Welcome_Amiibo/Piper.nfc	Amiibo	Piper	NTAG215	04 A1 78 AF FC 99 D3
BruceRFID/Amiibo/Animal_Crossing/Amiibo_Cards/Welcome_Amiibo/Sprocket.nfc	Amiibo	Sprocket	NTAG215	04 46 88 81 56 7F 2D
BruceRFID/Amiibo/Animal_Crossing/Amiibo_Cards/Welcome_Amiibo/AC_W10_Sylvana.nfc	Amiibo	AC_W10_Sylvana	NTAG215	04 BF 2E 1D DA 77 4C
BruceRFID/Amiibo/Animal_Crossing/Amiibo_Cards/Welcome_Amiibo/Jacob.nfc	Amiibo	Jacob	NTAG215	04 DB F0 C0 06 36 A5
BruceRFID/Amiibo/Animal_Crossing/Amiibo_Cards/Welcome_Amiibo/AC_W33_Ellie.nfc	Amiibo	AC_W33_Ellie	NTAG215	04 8F 81 82 C2 77 4C
BruceRFID/Amiibo/Animal_Crossing/Amiibo_Cards/Welcome_Amiibo/Stu.nfc	Amiibo	Stu	NTAG215	04 73 2C 18 F1 16 65
BruceRFID/Amiibo/Animal_Crossing/Amiibo_Cards/Welcome_Amiibo/AC_W09_Huck.nfc	Amiibo	AC_W09_Huck	NTAG215	04 40 3E F2 82 31 4C
BruceRFID/Amiibo/Animal_Crossing/Amiibo_Cards/Welcome_Amiibo/AC_W47_Buzz.nfc	Amiibo	AC_W47_Buzz	NTAG215	04 78 C8 3C AA E9 4C
BruceRFID/Amiibo/Animal_Crossing/Amiibo_Cards/Welcome_Amiibo/Vivian.nfc	Amiibo	Vivian	NTAG215	04 E0 5A C4 4E 1F 41
BruceRFID/Amiibo/Animal_Crossing/Amiibo_Cards/Welcome_Amiibo/AC_W36_Candi.nfc	Amiibo	AC_W36_Candi	NTAG215	04 EB 84 E3 C2 77 4C
BruceRFID/Amiibo/Animal_Crossing/Amiibo_Cards/Welcome_Amiibo/AC_W04_Piper.nfc	Amiibo	AC_W04_Piper	NTAG215	04 C8 64 20 DA 77 4C
BruceRFID/Amiibo/Animal_Crossing/Amiibo_Cards/Welcome_Amiibo/Boyd.nfc	Amiibo	Boyd	NTAG215	04 AA DB 1C FC B6 46
BruceRFID/Amiibo/Animal_Crossing/Amiibo_Cards/Welcome_Amiibo/Boots.nfc	Amiibo	Boots	NTAG215	04 2B 63 6D 10 E6 8F
BruceRFID/Amiibo/Animal_Crossing/Amiibo_Cards/Welcome_Amiibo/AC_W48_Cleo.nfc	Amiibo	AC_W48_Cleo	NTAG215	04 09 38 BD 9A DE 4C
BruceRFID/Amiibo/Animal_Crossing/Amiibo_Cards/Welcome_Amiibo/Huck.nfc	Amiibo	Huck	NTAG215	04 9C ED BF 5E 99 6E
BruceRFID/Amiibo/Animal_Crossing/Amiibo_Cards/Welcome_Amiibo/Candi.nfc	Amiibo	Candi	NTAG215	04 71 C3 C6 99 22 3B
BruceRFID/Amiibo/Animal_Crossing/Amiibo_Cards/Welcome_Amiibo/Hopkins.nfc	Amiibo	Hopkins	NTAG215	04 A9 17 F0 ED F7 20
BruceRFID/Amiibo/Animal_Crossing/Amiibo_Cards/Welcome_Amiibo/AC_W21_Boyd.nfc	Amiibo	AC_W21_Boyd	NTAG215	04 AD 80 A1 CA 75 4C
BruceRFID/Amiibo/Animal_Crossing/Amiibo_Cards/Welcome_Amiibo/Hornsby.nfc	Amiibo	Hornsby	NTAG215	04 05 95 D0 7A 1E BC
BruceRFID/Amiibo/Animal_Crossing/Amiibo_Cards/Welcome_Amiibo/Carrie.nfc	Amiibo	Carrie	NTAG215	04 10 3B 88 C7 CD 8C
BruceRFID/Amiibo/Animal_Crossing/Amiibo_Cards/Welcome_Amiibo/Murphy.nfc	Amiibo	Murphy	NTAG215	04 F6 5D 39 56 F6 4A
BruceRFID/Amiibo/Animal_Crossing/Amiibo_Cards/Welcome_Amiibo/AC_W28_Raddle.nfc	Amiibo	AC_W28_Raddle	NTAG215	04 1B B4 23 DA 77 4C
BruceRFID/Amiibo/Animal_Crossing/Amiibo_Cards/Welcome_Amiibo/AC_W45_Olive.nfc	Amiibo	AC_W45_Olive	NTAG215	04 4B EE 29 32 76 4C
BruceRFID/Amiibo/Animal_Crossing/Amiibo_Cards/Welcome_Amiibo/Ike.nfc	Amiibo	Ike	NTAG215	04 2D AE A3 DC 5A 6E
BruceRFID/Amiibo/Animal_Crossing/Amiibo_Cards/Welcome_Amiibo/AC_W17_Ursala.nfc	Amiibo	AC_W17_Ursala	NTAG215	04 DF 64 37 CA 75 4C
BruceRFID/Amiibo/Animal_Crossing/Amiibo_Cards/Welcome_Amiibo/AC_W06_Hornsby.nfc	Amiibo	AC_W06_Hornsby	NTAG215	04 64 89 61 22 78 4C
BruceRFID/Amiibo/Animal_Crossing/Amiibo_Cards/Welcome_Amiibo/AC_W14_Ketchup.nfc	Amiibo	AC_W14_Ketchup	NTAG215	04 C7 39 72 52 76 4C
BruceRFID/Amiibo/Animal_Crossing/Amiibo_Cards/Welcome_Amiibo/Rex.nfc	Amiibo	Rex	NTAG215	04 8F 0B 22 B8 52 4E
BruceRFID/Amiibo/Animal_Crossing/Amiibo_Cards/Amiibo_Festival/Goldie.nfc	Amiibo	Goldie	NTAG215	04 EC 69 BF D1 46 AF
BruceRFID/Amiibo/Animal_Crossing/Amiibo_Cards/Amiibo_Festival/Stitches.nfc	Amiibo	Stitches	NTAG215	04 A2 BD C8 AD 7B 31
BruceRFID/Amiibo/Animal_Crossing/Amiibo_Cards/Amiibo_Festival/AC_AF1_Stitches.nfc	Amiibo	AC_AF1_Stitches	NTAG215	04 0A 78 FE 22 EE 49
BruceRFID/Amiibo/Animal_Crossing/Amiibo_Cards/Amiibo_Festival/AC_AF2_Rosie.nfc	Amiibo	AC_AF2_Rosie	NTAG215	04 50 4E 92 62 EF 49
BruceRFID/Amiibo/Animal_Crossing/Amiibo_Cards/Amiibo_Festival/AC_AF3_Goldie.nfc	Amiibo	AC_AF3_Goldie	NTAG215	04 FD 69 18 82 EF 49
BruceRFID/Amiibo/Animal_Crossing/Amiibo_Cards/Amiibo_Festival/Rosie.nfc	Amiibo	Rosie	NTAG215	04 CC A8 DE 8D 7E 3C
BruceRFID/Amiibo/Animal_Crossing/Amiibo_Cards/Series_1/Timmy.nfc	Amiibo	Timmy	NTAG215	04 6B 31 B0 88 F1 B8
BruceRFID/Amiibo/Animal_Crossing/Amiibo_Cards/Series_1/AC_073_Flo.nfc	Amiibo	AC_073_Flo	NTAG215	04 37 D4 6F CA C1 48
BruceRFID/Amiibo/Animal_Crossing/Amiibo_Cards/Series_1/AC_077_Cherry.nfc	Amiibo	AC_077_Cherry	NTAG215	04 80 92 9E 42 03 49
BruceRFID/Amiibo/Animal_Crossing/Amiibo_Cards/Series_1/AC_043_Puck.nfc	Amiibo	AC_043_Puck	NTAG215	04 54 ED 35 8A 54 49
BruceRFID/Amiibo/Animal_Crossing/Amiibo_Cards/Series_1/AC_070_Biff.nfc	Amiibo	AC_070_Biff	NTAG215	04 E6 AC C6 2A 03 49
BruceRFID/Amiibo/Animal_Crossing/Amiibo_Cards/Series_1/Sahara.nfc	Amiibo	Sahara	NTAG215	04 13 62 02 6D 04 84
BruceRFID/Amiibo/Animal_Crossing/Amiibo_Cards/Series_1/Al.nfc	Amiibo	Al	NTAG215	04 E2 12 28 3B 55 AD
BruceRFID/Amiibo/Animal_Crossing/Amiibo_Cards/Series_1/AC_020_Curt.nfc	Amiibo	AC_020_Curt	NTAG215	04 74 69 91 72 28 49
BruceRFID/Amiibo/Animal_Crossing/Amiibo_Cards/Series_1/AC_030_Tiffany.nfc	Amiibo	AC_030_Tiffany	NTAG215	04 E2 5C 32 8A 54 49
BruceRFID/Amiibo/Animal_Crossing/Amiibo_Cards/Series_1/Bertha.nfc	Amiibo	Bertha	NTAG215	04 82 7D 00 84 71 D3
BruceRFID/Amiibo/Animal_Crossing/Amiibo_Cards/Series_1/Samson.nfc	Amiibo	Samson	NTAG215	04 12 66 27 2F 81 83
BruceRFID/Amiibo/Animal_Crossing/Amiibo_Cards/Series_1/AC_097_Willow.nfc	Amiibo	AC_097_Willow	NTAG215	04 C8 31 75 72 57 49
BruceRFID/Amiibo/Animal_Crossing/Amiibo_Cards/Series_1/Bonbon.nfc	Amiibo	Bonbon	NTAG215	04 1B 95 1A 7C 85 D7
BruceRFID/Amiibo/Animal_Crossing/Amiibo_Cards/Series_1/Diana.nfc	Amiibo	Diana	NTAG215	04 50 03 0E C3 80 14
BruceRFID/Amiibo/Animal_Crossing/Amiibo_Cards/Series_1/AC_023_Cheri.nfc	Amiibo	AC_023_Cheri	NTAG215	04 3A 87 31 82 55 49
BruceRFID/Amiibo/Animal_Crossing/Amiibo_Cards/Series_1/Henry.nfc	Amiibo	Henry	NTAG215	04 1E 64 9A 0E 1F E2
BruceRFID/Amiibo/Animal_Crossing/Amiibo_Cards/Series_1/AC_065_Midge.nfc	Amiibo	AC_065_Midge	NTAG215	04 20 02 AE 42 03 49
BruceRFID/Amiibo/Animal_Crossing/Amiibo_Cards/Series_1/AC_094_Cyrano.nfc	Amiibo	AC_094_Cyrano	NTAG215	04 6E CE 2C FA C1 48
BruceRFID/Amiibo/Animal_Crossing/Amiibo_Cards/Series_1/AC_064_Pudge.nfc	Amiibo	AC_064_Pudge	NTAG215	04 0E 8B 09 2A 03 49
BruceRFID/Amiibo/Animal_Crossing/Amiibo_Cards/Series_1/Benjamin.nfc	Amiibo	Benjamin	NTAG215	04 D3 2E 4E D3 00 01
BruceRFID/Amiibo/Animal_Crossing/Amiibo_Cards/Series_1/AC_013_Saharah.nfc	Amiibo	AC_013_Saharah	NTAG215	04 C1 A7 EA 72 28 49
BruceRFID/Amiibo/Animal_Crossing/Amiibo_Cards/Series_1/AC_002_Tom_Nook.nfc	Amiibo	AC_002_Tom_Nook	NTAG215	04 22 44 EA 5A B2 48
BruceRFID/Amiibo/Animal_Crossing/Amiibo_Cards/Series_1/Annalisa.nfc	Amiibo	Annalisa	NTAG215	04 EB 62 73 70 E0 24
BruceRFID/Amiibo/Animal_Crossing/Amiibo_Cards/Series_1/AC_026_Renee.nfc	Amiibo	AC_026_Renee	NTAG215	04 BE A3 91 DA C1 48
BruceRFID/Amiibo/Animal_Crossing/Amiibo_Cards/Series_1/AC_053_Limberg.nfc	Amiibo	AC_053_Limberg	NTAG215	04 63 6B 84 1A C2 48
BruceRFID/Amiibo/Animal_Crossing/Amiibo_Cards/Series_1/Nate.nfc	Amiibo	Nate	NTAG215	04 25 B4 65 D5 1B 32
BruceRFID/Amiibo/Animal_Crossing/Amiibo_Cards/Series_1/AC_024_Kyle.nfc	Amiibo	AC_024_Kyle	NTAG215	04 D3 CB 94 8A 54 49
BruceRFID/Amiibo/Animal_Crossing/Amiibo_Cards/Series_1/Tortimer.nfc	Amiibo	Tortimer	NTAG215	04 A9 9C 37 A6 8E D3
BruceRFID/Amiibo/Animal_Crossing/Amiibo_Cards/Series_1/AC_014_Luna.nfc	Amiibo	AC_014_Luna	NTAG215	04 22 5B F5 D2 C1 48
BruceRFID/Amiibo/Animal_Crossing/Amiibo_Cards/Series_1/AC_082_Goose.nfc	Amiibo	AC_082_Goose	NTAG215	04 8A 62 64 52 88 49
BruceRFID/Amiibo/Animal_Crossing/Amiibo_Cards/Series_1/AC_093_Bertha.nfc	Amiibo	AC_093_Bertha	NTAG215	04 04 76 FE 5A 57 49
BruceRFID/Amiibo/Animal_Crossing/Amiibo_Cards/Series_1/AC_099_Molly.nfc	Amiibo	AC_099_Molly	NTAG215	04 2D DA 7B 5A 57 49
BruceRFID/Amiibo/Animal_Crossing/Amiibo_Cards/Series_1/AC_018_Bob.nfc	Amiibo	AC_018_Bob	NTAG215	04 48 DA 1E 9A 02 49
BruceRFID/Amiibo/Animal_Crossing/Amiibo_Cards/Series_1/AC_022_Leonardo.nfc	Amiibo	AC_022_Leonardo	NTAG215	04 0A 2F A9 82 55 49
BruceRFID/Amiibo/Animal_Crossing/Amiibo_Cards/Series_1/AC_050_Punchy.nfc	Amiibo	AC_050_Punchy	NTAG215	04 6A 26 C0 42 03 49
BruceRFID/Amiibo/Animal_Crossing/Amiibo_Cards/Series_1/Flurry.nfc	Amiibo	Flurry	NTAG215	04 AC 63 F6 65 CC 4B
BruceRFID/Amiibo/Animal_Crossing/Amiibo_Cards/Series_1/Sterling.nfc	Amiibo	Sterling	NTAG215	04 2F 94 24 1A C1 B6
BruceRFID/Amiibo/Animal_Crossing/Amiibo_Cards/Series_1/Deena.nfc	Amiibo	Deena	NTAG215	04 51 4C D8 07 31 32
BruceRFID/Amiibo/Animal_Crossing/Amiibo_Cards/Series_1/Snake.nfc	Amiibo	Snake	NTAG215	04 42 2C AF 63 DE 5E
BruceRFID/Amiibo/Animal_Crossing/Amiibo_Cards/Series_1/Jambette.nfc	Amiibo	Jambette	NTAG215	04 4B 06 E3 17 21 6F
BruceRFID/Amiibo/Animal_Crossing/Amiibo_Cards/Series_1/AC_011_Harriet.nfc	Amiibo	AC_011_Harriet	NTAG215	04 90 88 94 4A 54 49
BruceRFID/Amiibo/Animal_Crossing/Amiibo_Cards/Series_1/AC_072_Lionel.nfc	Amiibo	AC_072_Lionel	NTAG215	04 31 92 2F CA C1 48
BruceRFID/Amiibo/Animal_Crossing/Amiibo_Cards/Series_1/Resetti.nfc	Amiibo	Resetti	NTAG215	04 EA 3A 93 63 18 F7
BruceRFID/Amiibo/Animal_Crossing/Amiibo_Cards/Series_1/AC_015_Tortimer.nfc	Amiibo	AC_015_Tortimer	NTAG215	04 6C 56 B6 D2 C1 48
BruceRFID/Amiibo/Animal_Crossing/Amiibo_Cards/Series_1/AC_055_Snake.nfc	Amiibo	AC_055_Snake	NTAG215	04 0C 7A FA 42 03 49
BruceRFID/Amiibo/Animal_Crossing/Amiibo_Cards/Series_1/Poppy.nfc	Amiibo	Poppy	NTAG215	04 68 0B 89 10 59 9B
BruceRFID/Amiibo/Animal_Crossing/Amiibo_Cards/Series_1/Portia.nfc	Amiibo	Portia	NTAG215	04 E3 34 BD 1C AB 49
BruceRFID/Amiibo/Animal_Crossing/Amiibo_Cards/Series_1/Lopez.nfc	Amiibo	Lopez	NTAG215	04 23 E7 C7 59 96 D3
BruceRFID/Amiibo/Animal_Crossing/Amiibo_Cards/Series_1/AC_032_Bluebear.nfc	Amiibo	AC_032_Bluebear	NTAG215	04 3E 94 26 8A 54 49
BruceRFID/Amiibo/Animal_Crossing/Amiibo_Cards/Series_1/AC_008_Timmy.nfc	Amiibo	AC_008_Timmy	NTAG215	04 B7 BB 80 D2 C1 48
BruceRFID/Amiibo/Animal_Crossing/Amiibo_Cards/Series_1/Bill.nfc	Amiibo	Bill	NTAG215	04 87 B8 1D 4E D9 B7
BruceRFID/Amiibo/Animal_Crossing/Amiibo_Cards/Series_1/Leonardo.nfc	Amiibo	Leonardo	NTAG215	04 EB 33 20 4E C0 1A
BruceRFID/Amiibo/Animal_Crossing/Amiibo_Cards/Series_1/AC_052_Poppy.nfc	Amiibo	AC_052_Poppy	NTAG215	04 6D 66 87 1A C2 48
BruceRFID/Amiibo/Animal_Crossing/Amiibo_Cards/Series_1/Cole.nfc	Amiibo	Cole	NTAG215	04 09 3F 31 21 19 D8
BruceRFID/Amiibo/Animal_Crossing/Amiibo_Cards/Series_1/Goose.nfc	Amiibo	Goose	NTAG215	04 E3 4D 1C 6F ED 48
BruceRFID/Amiibo/Animal_Crossing/Amiibo_Cards/Series_1/Joan.nfc	Amiibo	Joan	NTAG215	04 DF 85 29 EF 8E AA
BruceRFID/Amiibo/Animal_Crossing/Amiibo_Cards/Series_1/Lyle.nfc	Amiibo	Lyle	NTAG215	04 05 7E 80 75 0D D5
BruceRFID/Amiibo/Animal_Crossing/Amiibo_Cards/Series_1/AC_086_Chief.nfc	Amiibo	AC_086_Chief	NTAG215	04 F5 F7 8E 5A 57 49
BruceRFID/Amiibo/Animal_Crossing/Amiibo_Cards/Series_1/Peanut.nfc	Amiibo	Peanut	NTAG215	04 50 D4 E2 27 E8 82
BruceRFID/Amiibo/Animal_Crossing/Amiibo_Cards/Series_1/AC_079_Truffles.nfc	Amiibo	AC_079_Truffles	NTAG215	04 15 A1 38 2A 03 49
BruceRFID/Amiibo/Animal_Crossing/Amiibo_Cards/Series_1/Cyrano.nfc	Amiibo	Cyrano	NTAG215	04 11 86 8A 86 06 31
BruceRFID/Amiibo/Animal_Crossing/Amiibo_Cards/Series_1/Curt.nfc	Amiibo	Curt	NTAG215	04 95 B2 C2 B9 00 DF
BruceRFID/Amiibo/Animal_Crossing/Amiibo_Cards/Series_1/AC_089_Diana.nfc	Amiibo	AC_089_Diana	NTAG215	04 8B 8E 89 5A 57 49
BruceRFID/Amiibo/Animal_Crossing/Amiibo_Cards/Series_1/AC_034_Kiki.nfc	Amiibo	AC_034_Kiki	NTAG215	04 E7 5E 35 CA C1 48
BruceRFID/Amiibo/Animal_Crossing/Amiibo_Cards/Series_1/Rosco.nfc	Amiibo	Rosco	NTAG215	04 8E C8 11 28 09 5B
BruceRFID/Amiibo/Animal_Crossing/Amiibo_Cards/Series_1/AC_081_Eunice.nfc	Amiibo	AC_081_Eunice	NTAG215	04 F2 9A E4 42 03 49
BruceRFID/Amiibo/Animal_Crossing/Amiibo_Cards/Series_1/T-Bone.nfc	Amiibo	T-Bone	NTAG215	04 B9 27 23 0F 51 34
BruceRFID/Amiibo/Animal_Crossing/Amiibo_Cards/Series_1/Amelia.nfc	Amiibo	Amelia	NTAG215	04 B3 38 FA 49 51 70
BruceRFID/Amiibo/Animal_Crossing/Amiibo_Cards/Series_1/Clyde.nfc	Amiibo	Clyde	NTAG215	04 FF 2A 8D 7E 1C 14
BruceRFID/Amiibo/Animal_Crossing/Amiibo_Cards/Series_1/Jitters.nfc	Amiibo	Jitters	NTAG215	04 7E 28 1C D8 99 98
BruceRFID/Amiibo/Animal_Crossing/Amiibo_Cards/Series_1/Luna.nfc	Amiibo	Luna	NTAG215	04 0E 94 22 3A 53 9C
BruceRFID/Amiibo/Animal_Crossing/Amiibo_Cards/Series_1/AC_028_Jambette.nfc	Amiibo	AC_028_Jambette	NTAG215	04 28 93 37 DA C1 48
BruceRFID/Amiibo/Animal_Crossing/Amiibo_Cards/Series_1/AC_083_Annalisa.nfc	Amiibo	AC_083_Annalisa	NTAG215	04 70 01 FD 92 89 49
BruceRFID/Amiibo/Animal_Crossing/Amiibo_Cards/Series_1/AC_061_Tutu.nfc	Amiibo	AC_061_Tutu	NTAG215	04 18 2C B8 2A 03 49
BruceRFID/Amiibo/Animal_Crossing/Amiibo_Cards/Series_1/AC_029_Rasher.nfc	Amiibo	AC_029_Rasher	NTAG215	04 83 A2 AD DA C1 48
BruceRFID/Amiibo/Animal_Crossing/Amiibo_Cards/Series_1/AC_096_Cole.nfc	Amiibo	AC_096_Cole	NTAG215	04 8C A7 A7 72 57 49
BruceRFID/Amiibo/Animal_Crossing/Amiibo_Cards/Series_1/Cherry.nfc	Amiibo	Cherry	NTAG215	04 D7 6B D4 F9 15 39
BruceRFID/Amiibo/Animal_Crossing/Amiibo_Cards/Series_1/AC_006_Resetti.nfc	Amiibo	AC_006_Resetti	NTAG215	04 99 E3 F6 D2 C1 48
BruceRFID/Amiibo/Animal_Crossing/Amiibo_Cards/Series_1/AC_047_Knox.nfc	Amiibo	AC_047_Knox	NTAG215	04 74 E8 10 8A 54 49
BruceRFID/Amiibo/Animal_Crossing/Amiibo_Cards/Series_1/AC_098_Roald.nfc	Amiibo	AC_098_Roald	NTAG215	04 5D 8B 5A 72 57 49
BruceRFID/Amiibo/Animal_Crossing/Amiibo_Cards/Series_1/Lionel.nfc	Amiibo	Lionel	NTAG215	04 C0 F8 CE 30 12 96
BruceRFID/Amiibo/Animal_Crossing/Amiibo_Cards/Series_1/Knox.nfc	Amiibo	Knox	NTAG215	04 A4 29 66 DD 1A A0
BruceRFID/Amiibo/Animal_Crossing/Amiibo_Cards/Series_1/AC_084_Benjamin.nfc	Amiibo	AC_084_Benjamin	NTAG215	04 31 4F F2 22 03 49
BruceRFID/Amiibo/Animal_Crossing/Amiibo_Cards/Series_1/Cheri.nfc	Amiibo	Cheri	NTAG215	04 48 E7 5A 00 B7 73
BruceRFID/Amiibo/Animal_Crossing/Amiibo_Cards/Series_1/AC_075_Amelia.nfc	Amiibo	AC_075_Amelia	NTAG215	04 76 A3 59 2A 03 49
BruceRFID/Amiibo/Animal_Crossing/Amiibo_Cards/Series_1/AC_044_Shari.nfc	Amiibo	AC_044_Shari	NTAG215	04 3B 30 87 82 55 49
BruceRFID/Amiibo/Animal_Crossing/Amiibo_Cards/Series_1/Kabuki.nfc	Amiibo	Kabuki	NTAG215	04 AC C2 8A A7 02 16
BruceRFID/Amiibo/Animal_Crossing/Amiibo_Cards/Series_1/AC_088_Clay.nfc	Amiibo	AC_088_Clay	NTAG215	04 7A 85 73 5A C9 48
BruceRFID/Amiibo/Animal_Crossing/Amiibo_Cards/Series_1/AC_045_Octavian.nfc	Amiibo	AC_045_Octavian	NTAG215	04 1F 87 14 82 55 49
BruceRFID/Amiibo/Animal_Crossing/Amiibo_Cards/Series_1/AC_100_Walker.nfc	Amiibo	AC_100_Walker	NTAG215	04 4A E5 23 FA C1 48
BruceRFID/Amiibo/Animal_Crossing/Amiibo_Cards/Series_1/AC_076_Jeramiah.nfc	Amiibo	AC_076_Jeramiah	NTAG215	04 6F FD 1E 2A 03 49
BruceRFID/Amiibo/Animal_Crossing/Amiibo_Cards/Series_1/AC_062_TBone.nfc	Amiibo	AC_062_TBone	NTAG215	04 75 7A 83 42 03 49
BruceRFID/Amiibo/Animal_Crossing/Amiibo_Cards/Series_1/AC_054_Deena.nfc	Amiibo	AC_054_Deena	NTAG215	04 59 8D 58 2A 03 49
BruceRFID/Amiibo/Animal_Crossing/Amiibo_Cards/Series_1/AC_038_Patty.nfc	Amiibo	AC_038_Patty	NTAG215	04 7E B0 42 82 55 49
BruceRFID/Amiibo/Animal_Crossing/Amiibo_Cards/Series_1/AC_035_Deli.nfc	Amiibo	AC_035_Deli	NTAG215	04 0B 95 12 DA C1 48
BruceRFID/Amiibo/Animal_Crossing/Amiibo_Cards/Series_1/AC_091_Muffy.nfc	Amiibo	AC_091_Muffy	NTAG215	04 82 8F 81 5A 57 49
BruceRFID/Amiibo/Animal_Crossing/Amiibo_Cards/Series_1/AC_019_Fauna.nfc	Amiibo	AC_019_Fauna	NTAG215	04 BA 6A 5C 72 28 49
BruceRFID/Amiibo/Animal_Crossing/Amiibo_Cards/Series_1/Muffy.nfc	Amiibo	Muffy	NTAG215	04 B1 5A DF 71 45 48
BruceRFID/Amiibo/Animal_Crossing/Amiibo_Cards/Series_1/AC_069_Bella.nfc	Amiibo	AC_069_Bella	NTAG215	04 2D D5 74 42 03 49
BruceRFID/Amiibo/Animal_Crossing/Amiibo_Cards/Series_1/Yuka.nfc	Amiibo	Yuka	NTAG215	04 1D D5 66 4A B0 EF
BruceRFID/Amiibo/Animal_Crossing/Amiibo_Cards/Series_1/AC_046_Winnie.nfc	Amiibo	AC_046_Winnie	NTAG215	04 0F 12 91 82 55 49
BruceRFID/Amiibo/Animal_Crossing/Amiibo_Cards/Series_1/Chief.nfc	Amiibo	Chief	NTAG215	04 00 87 DF FE E8 60
BruceRFID/Amiibo/Animal_Crossing/Amiibo_Cards/Series_1/Kyle.nfc	Amiibo	Kyle	NTAG215	04 4F 2E D6 35 AE 90
BruceRFID/Amiibo/Animal_Crossing/Amiibo_Cards/Series_1/AC_031_Sheldon.nfc	Amiibo	AC_031_Sheldon	NTAG215	04 39 4D F8 8A 54 49
BruceRFID/Amiibo/Animal_Crossing/Amiibo_Cards/Series_1/Gigi.nfc	Amiibo	Gigi	NTAG215	04 55 F2 91 0A 32 CD
BruceRFID/Amiibo/Animal_Crossing/Amiibo_Cards/Series_1/AC_078_Roscoe.nfc	Amiibo	AC_078_Roscoe	NTAG215	04 60 EA 06 CA C1 48
BruceRFID/Amiibo/Animal_Crossing/Amiibo_Cards/Series_1/Harriet.nfc	Amiibo	Harriet	NTAG215	04 E9 AD 80 4A A2 03
BruceRFID/Amiibo/Animal_Crossing/Amiibo_Cards/Series_1/AC_033_Bill.nfc	Amiibo	AC_033_Bill	NTAG215	04 39 22 97 2A BF 48
BruceRFID/Amiibo/Animal_Crossing/Amiibo_Cards/Series_1/Kappn.nfc	Amiibo	Kappn	NTAG215	04 90 58 78 70 85 B2
BruceRFID/Amiibo/Animal_Crossing/Amiibo_Cards/Series_1/AC_090_Axel.nfc	Amiibo	AC_090_Axel	NTAG215	04 40 75 B9 72 57 49
BruceRFID/Amiibo/Animal_Crossing/Amiibo_Cards/Series_1/AC_041_Quillson.nfc	Amiibo	AC_041_Quillson	NTAG215	04 24 A6 0E 82 55 49
BruceRFID/Amiibo/Animal_Crossing/Amiibo_Cards/Series_1/Quillson.nfc	Amiibo	Quillson	NTAG215	04 D1 58 F2 06 68 FA
BruceRFID/Amiibo/Animal_Crossing/Amiibo_Cards/Series_1/AC_021_Portia.nfc	Amiibo	AC_021_Portia	NTAG215	04 2F B0 13 72 28 49
BruceRFID/Amiibo/Animal_Crossing/Amiibo_Cards/Series_1/Eunice.nfc	Amiibo	Eunice	NTAG215	04 E6 73 D6 88 94 45
BruceRFID/Amiibo/Animal_Crossing/Amiibo_Cards/Series_1/Walker.nfc	Amiibo	Walker	NTAG215	04 55 01 A5 34 7D 8E
BruceRFID/Amiibo/Animal_Crossing/Amiibo_Cards/Series_1/Opal.nfc	Amiibo	Opal	NTAG215	04 FF DF 5B FE B5 83
BruceRFID/Amiibo/Animal_Crossing/Amiibo_Cards/Series_1/Kiki.nfc	Amiibo	Kiki	NTAG215	04 43 9A 3F C2 C4 CB
BruceRFID/Amiibo/Animal_Crossing/Amiibo_Cards/Series_1/AC_060_Samson.nfc	Amiibo	AC_060_Samson	NTAG215	04 62 41 AF 2A 03 49
BruceRFID/Amiibo/Animal_Crossing/Amiibo_Cards/Series_1/Jeremiah.nfc	Amiibo	Jeremiah	NTAG215	04 52 4C B0 80 B7 CA
BruceRFID/Amiibo/Animal_Crossing/Amiibo_Cards/Series_1/Shari.nfc	Amiibo	Shari	NTAG215	04 C5 D1 D1 73 AD 10
BruceRFID/Amiibo/Animal_Crossing/Amiibo_Cards/Series_1/AC_059_Nate.nfc	Amiibo	AC_059_Nate	NTAG215	04 DC 75 25 1A C2 48
BruceRFID/Amiibo/Animal_Crossing/Amiibo_Cards/Series_1/Phil.nfc	Amiibo	Phil	NTAG215	04 36 56 61 3F 17 84
BruceRFID/Amiibo/Animal_Crossing/Amiibo_Cards/Series_1/AC_048_Sterling.nfc	Amiibo	AC_048_Sterling	NTAG215	04 FA 89 FF 8A 54 49
BruceRFID/Amiibo/Animal_Crossing/Amiibo_Cards/Series_1/Sable.nfc	Amiibo	Sable	NTAG215	04 A1 9D 42 45 81 88
BruceRFID/Amiibo/Animal_Crossing/Amiibo_Cards/Series_1/Octavian.nfc	Amiibo	Octavian	NTAG215	04 1D 49 8B 87 C0 85
BruceRFID/Amiibo/Animal_Crossing/Amiibo_Cards/Series_1/Limberg.nfc	Amiibo	Limberg	NTAG215	04 40 F0 07 2F A1 CD
BruceRFID/Amiibo/Animal_Crossing/Amiibo_Cards/Series_1/AC_016_Lyle.nfc	Amiibo	AC_016_Lyle	NTAG215	04 7C 32 C2 D2 C1 48
BruceRFID/Amiibo/Animal_Crossing/Amiibo_Cards/Series_1/AC_085_Pancetti.nfc	Amiibo	AC_085_Pancetti	NTAG215	04 34 C2 7A 22 03 49
BruceRFID/Amiibo/Animal_Crossing/Amiibo_Cards/Series_1/Patty.nfc	Amiibo	Patty	NTAG215	04 63 3D 38 DF 73 05
BruceRFID/Amiibo/Animal_Crossing/Amiibo_Cards/Series_1/AC_036_Alli.nfc	Amiibo	AC_036_Alli	NTAG215	04 27 45 EE 52 03 49
BruceRFID/Amiibo/Animal_Crossing/Amiibo_Cards/Series_1/Pudge.nfc	Amiibo	Pudge	NTAG215	04 87 0B 86 39 27 8D
BruceRFID/Amiibo/Animal_Crossing/Amiibo_Cards/Series_1/AC_005_Kappn.nfc	Amiibo	AC_005_Kappn	NTAG215	04 7C D8 28 D2 C1 48
BruceRFID/Amiibo/Animal_Crossing/Amiibo_Cards/Series_1/Pascal.nfc	Amiibo	Pascal	NTAG215	04 EB 6B 08 D4 60 32
BruceRFID/Amiibo/Animal_Crossing/Amiibo_Cards/Series_1/AC_068_Clyde.nfc	Amiibo	AC_068_Clyde	NTAG215	04 4F 70 B3 42 03 49
BruceRFID/Amiibo/Animal_Crossing/Amiibo_Cards/Series_1/Fauna.nfc	Amiibo	Fauna	NTAG215	04 C5 F8 E4 29 9F E1
BruceRFID/Amiibo/Animal_Crossing/Amiibo_Cards/Series_1/Deli.nfc	Amiibo	Deli	NTAG215	04 5F AC 6F D6 C1 D1
BruceRFID/Amiibo/Animal_Crossing/Amiibo_Cards/Series_1/Biff.nfc	Amiibo	Biff	NTAG215	04 CA 83 30 CE 1A FA
BruceRFID/Amiibo/Animal_Crossing/Amiibo_Cards/Series_1/AC_051_Opal.nfc	Amiibo	AC_051_Opal	NTAG215	04 AD AA 8B 42 03 49
BruceRFID/Amiibo/Animal_Crossing/Amiibo_Cards/Series_1/Cobb.nfc	Amiibo	Cobb	NTAG215	04 5D 7C 46 6B 92 E5
BruceRFID/Amiibo/Animal_Crossing/Amiibo_Cards/Series_1/Eugene.nfc	Amiibo	Eugene	NTAG215	04 BA 59 AA 8F 03 50
BruceRFID/Amiibo/Animal_Crossing/Amiibo_Cards/Series_1/Renee.nfc	Amiibo	Renee	NTAG215	04 9A ED AB 6A DE 44
BruceRFID/Amiibo/Animal_Crossing/Amiibo_Cards/Series_1/AC_001_Isabelle.nfc	Amiibo	AC_001_Isabelle	NTAG215	04 E8 92 F6 5A 57 49
BruceRFID/Amiibo/Animal_Crossing/Amiibo_Cards/Series_1/AC_039_Jitters.nfc	Amiibo	AC_039_Jitters	NTAG215	04 1F C0 53 8A 54 49
BruceRFID/Amiibo/Animal_Crossing/Amiibo_Cards/Series_1/AC_095_Peanut.nfc	Amiibo	AC_095_Peanut	NTAG215	04 0D 88 09 72 57 49
BruceRFID/Amiibo/Animal_Crossing/Amiibo_Cards/Series_1/Willow.nfc	Amiibo	Willow	NTAG215	04 61 A2 90 07 39 14
BruceRFID/Amiibo/Animal_Crossing/Amiibo_Cards/Series_1/Isabelle.nfc	Amiibo	Isabelle	NTAG215	04 4E C9 3B 37 9E E5
BruceRFID/Amiibo/Animal_Crossing/Amiibo_Cards/Series_1/Mint.nfc	Amiibo	Mint	NTAG215	04 49 48 8B 27 3E 7C
BruceRFID/Amiibo/Animal_Crossing/Amiibo_Cards/Series_1/AC_058_Monique.nfc	Amiibo	AC_058_Monique	NTAG215	04 48 89 4D 1A C2 48
BruceRFID/Amiibo/Animal_Crossing/Amiibo_Cards/Series_1/AC_003_DJ_KK.nfc	Amiibo	AC_003_DJ_KK	NTAG215	04 65 91 78 72 57 49
BruceRFID/Amiibo/Animal_Crossing/Amiibo_Cards/Series_1/DJ_KK.nfc	Amiibo	DJ_KK	NTAG215	04 D8 BB 5A 1E 17 07
BruceRFID/Amiibo/Animal_Crossing/Amiibo_Cards/Series_1/Tutu.nfc	Amiibo	Tutu	NTAG215	04 C7 51 19 6A 95 87
BruceRFID/Amiibo/Animal_Crossing/Amiibo_Cards/Series_1/AC_009_Digby.nfc	Amiibo	AC_009_Digby	NTAG215	04 5C 5E 8E 72 28 49
BruceRFID/Amiibo/Animal_Crossing/Amiibo_Cards/Series_1/AC_037_Kabuki.nfc	Amiibo	AC_037_Kabuki	NTAG215	04 91 93 8E 52 03 49
BruceRFID/Amiibo/Animal_Crossing/Amiibo_Cards/Series_1/AC_087_Bunnie.nfc	Amiibo	AC_087_Bunnie	NTAG215	04 83 83 8C 72 57 49
BruceRFID/Amiibo/Animal_Crossing/Amiibo_Cards/Series_1/Pancetti.nfc	Amiibo	Pancetti	NTAG215	04 03 35 CD 07 7E 8A
BruceRFID/Amiibo/Animal_Crossing/Amiibo_Cards/Series_1/Bunnie.nfc	Amiibo	Bunnie	NTAG215	04 D5 11 26 F6 AF 07
BruceRFID/Amiibo/Animal_Crossing/Amiibo_Cards/Series_1/Rasher.nfc	Amiibo	Rasher	NTAG215	04 ED 6E DB 41 25 D0
BruceRFID/Amiibo/Animal_Crossing/Amiibo_Cards/Series_1/Bangle.nfc	Amiibo	Bangle	NTAG215	04 F8 5A 5C 8F B8 C5
BruceRFID/Amiibo/Animal_Crossing/Amiibo_Cards/Series_1/Punchy.nfc	Amiibo	Punchy	NTAG215	04 44 B0 A4 01 6E C3
BruceRFID/Amiibo/Animal_Crossing/Amiibo_Cards/Series_1/AC_067_Flurry.nfc	Amiibo	AC_067_Flurry	NTAG215	04 DF 6D 3E 42 03 49
BruceRFID/Amiibo/Animal_Crossing/Amiibo_Cards/Series_1/AC_017_Lottie.nfc	Amiibo	AC_017_Lottie	NTAG215	04 77 28 D3 D2 C1 48
BruceRFID/Amiibo/Animal_Crossing/Amiibo_Cards/Series_1/Digby.nfc	Amiibo	Digby	NTAG215	04 DA 1C 93 30 6F 3E
BruceRFID/Amiibo/Animal_Crossing/Amiibo_Cards/Series_1/AC_004_Sable.nfc	Amiibo	AC_004_Sable	NTAG215	04 BD 07 36 72 57 49
BruceRFID/Amiibo/Animal_Crossing/Amiibo_Cards/Series_1/AC_066_Gruff.nfc	Amiibo	AC_066_Gruff	NTAG215	04 4A E8 2E 42 03 49
BruceRFID/Amiibo/Animal_Crossing/Amiibo_Cards/Series_1/AC_074_Cobb.nfc	Amiibo	AC_074_Cobb	NTAG215	04 A2 00 2E 2A 03 49
BruceRFID/Amiibo/Animal_Crossing/Amiibo_Cards/Series_1/AC_010_Pascal.nfc	Amiibo	AC_010_Pascal	NTAG215	04 7F 51 A2 9A 02 49
BruceRFID/Amiibo/Animal_Crossing/Amiibo_Cards/Series_1/Alli.nfc	Amiibo	Alli	NTAG215	04 D5 34 46 C0 FC DE
BruceRFID/Amiibo/Animal_Crossing/Amiibo_Cards/Series_1/Bob.nfc	Amiibo	Bob	NTAG215	04 B1 E3 3C 26 34 3C
BruceRFID/Amiibo/Animal_Crossing/Amiibo_Cards/Series_1/AC_080_Eugene.nfc	Amiibo	AC_080_Eugene	NTAG215	04 E3 0F 60 2A 03 49
BruceRFID/Amiibo/Animal_Crossing/Amiibo_Cards/Series_1/Bluebear.nfc	Amiibo	Bluebear	NTAG215	04 29 D9 52 12 F0 E9
BruceRFID/Amiibo/Animal_Crossing/Amiibo_Cards/Series_1/Puck.nfc	Amiibo	Puck	NTAG215	04 1D 9B 95 0A F3 39
BruceRFID/Amiibo/Animal_Crossing/Amiibo_Cards/Series_1/AC_025_Al.nfc	Amiibo	AC_025_Al	NTAG215	04 4E C3 01 8A 54 49
BruceRFID/Amiibo/Animal_Crossing/Amiibo_Cards/Series_1/Monique.nfc	Amiibo	Monique	NTAG215	04 D8 05 89 E3 2E A7
BruceRFID/Amiibo/Animal_Crossing/Amiibo_Cards/Series_1/AC_049_Bonbon.nfc	Amiibo	AC_049_Bonbon	NTAG215	04 3C FD 4D 8A 54 49
BruceRFID/Amiibo/Animal_Crossing/Amiibo_Cards/Series_1/AC_092_Henry.nfc	Amiibo	AC_092_Henry	NTAG215	04 87 A4 AF 5A 57 49
BruceRFID/Amiibo/Animal_Crossing/Amiibo_Cards/Series_1/AC_012_Redd.nfc	Amiibo	AC_012_Redd	NTAG215	04 0C 8C 0C 4A 54 49
BruceRFID/Amiibo/Animal_Crossing/Amiibo_Cards/Series_1/Sheldon.nfc	Amiibo	Sheldon	NTAG215	04 D1 B6 72 DD D7 66
BruceRFID/Amiibo/Animal_Crossing/Amiibo_Cards/Series_1/AC_071_Yuka.nfc	Amiibo	AC_071_Yuka	NTAG215	04 35 B9 00 CA C1 48
BruceRFID/Amiibo/Animal_Crossing/Amiibo_Cards/Series_1/Lottie.nfc	Amiibo	Lottie	NTAG215	04 CA 14 81 E1 58 7C
BruceRFID/Amiibo/Animal_Crossing/Amiibo_Cards/Series_1/AC_027_Lopez.nfc	Amiibo	AC_027_Lopez	NTAG215	04 8F 59 5A DA C1 48
BruceRFID/Amiibo/Animal_Crossing/Amiibo_Cards/Series_1/AC_057_Phil.nfc	Amiibo	AC_057_Phil	NTAG215	04 6F CC 2F 42 03 49
BruceRFID/Amiibo/Animal_Crossing/Amiibo_Cards/Series_1/Molly.nfc	Amiibo	Molly	NTAG215	04 69 17 B6 66 8E CC
BruceRFID/Amiibo/Animal_Crossing/Amiibo_Cards/Series_1/Tom_Nook.nfc	Amiibo	Tom_Nook	NTAG215	04 B6 C1 24 77 D5 8C
BruceRFID/Amiibo/Animal_Crossing/Amiibo_Cards/Series_1/Bella.nfc	Amiibo	Bella	NTAG215	04 C4 98 FD 13 78 DC
BruceRFID/Amiibo/Animal_Crossing/Amiibo_Cards/Series_1/AC_040_Gigi.nfc	Amiibo	AC_040_Gigi	NTAG215	04 A7 01 2A 8A 54 49
BruceRFID/Amiibo/Animal_Crossing/Amiibo_Cards/Series_1/Tiffany.nfc	Amiibo	Tiffany	NTAG215	04 6E F1 39 C6 E7 19
BruceRFID/Amiibo/Animal_Crossing/Amiibo_Cards/Series_1/AC_063_Mint.nfc	Amiibo	AC_063_Mint	NTAG215	04 45 89 40 2A 03 49
BruceRFID/Amiibo/Animal_Crossing/Amiibo_Cards/Series_1/AC_007_Joan.nfc	Amiibo	AC_007_Joan	NTAG215	04 6A A9 4F 5A C9 48
BruceRFID/Amiibo/Animal_Crossing/Amiibo_Cards/Series_1/Redd.nfc	Amiibo	Redd	NTAG215	04 EA AD 4E 03 8A B7
BruceRFID/Amiibo/Animal_Crossing/Amiibo_Cards/Series_1/Roald.nfc	Amiibo	Roald	NTAG215	04 A0 E6 64 44 DA 5C
BruceRFID/Amiibo/Animal_Crossing/Amiibo_Cards/Series_1/Midge.nfc	Amiibo	Midge	NTAG215	04 D7 95 CB A3 F4 8A
BruceRFID/Amiibo/Animal_Crossing/Amiibo_Cards/Series_1/AC_042_Marcie.nfc	Amiibo	AC_042_Marcie	NTAG215	04 0F 5E DD 8A 54 49
BruceRFID/Amiibo/Animal_Crossing/Amiibo_Cards/Series_1/Truffles.nfc	Amiibo	Truffles	NTAG215	04 CA 09 20 6C 09 26
BruceRFID/Amiibo/Animal_Crossing/Amiibo_Cards/Series_1/Gruff.nfc	Amiibo	Gruff	NTAG215	04 2E 30 CD 9D 95 E9
BruceRFID/Amiibo/Animal_Crossing/Amiibo_Cards/Series_1/Axel.nfc	Amiibo	Axel	NTAG215	04 A9 5B 53 33 CD F6
BruceRFID/Amiibo/Animal_Crossing/Amiibo_Cards/Series_1/Flo.nfc	Amiibo	Flo	NTAG215	04 69 BA C1 FA 6E F6
BruceRFID/Amiibo/Animal_Crossing/Amiibo_Cards/Series_1/Clay.nfc	Amiibo	Clay	NTAG215	04 9B 77 97 5D CE F7
BruceRFID/Amiibo/Animal_Crossing/Amiibo_Cards/Series_1/Marcie.nfc	Amiibo	Marcie	NTAG215	04 A0 B1 DF 7C 6F 95
BruceRFID/Amiibo/Animal_Crossing/Amiibo_Cards/Series_1/Winnie.nfc	Amiibo	Winnie	NTAG215	04 E9 5A E5 B8 05 09
BruceRFID/Amiibo/Animal_Crossing/Amiibo_Cards/Series_1/AC_056_Bangle.nfc	Amiibo	AC_056_Bangle	NTAG215	04 A5 82 AB 42 03 49
BruceRFID/Amiibo/Animal_Crossing/Amiibo_Cards/Special_Edition/AC_CP1_Isabelle.nfc	Amiibo	AC_CP1_Isabelle	NTAG215	04 D6 9C C6 52 BF 48
BruceRFID/Amiibo/Animal_Crossing/Amiibo_Cards/Special_Edition/AC_CP2_KK_Slider.nfc	Amiibo	AC_CP2_KK_Slider	NTAG215	04 F3 35 4A F2 39 4A
BruceRFID/Amiibo/Animal_Crossing/Amiibo_Cards/Special_Edition/Isabelle.nfc	Amiibo	Isabelle	NTAG215	04 A1 85 D8 7F 8C 7D
BruceRFID/Amiibo/Animal_Crossing/Amiibo_Cards/Special_Edition/KK_Slider.nfc	Amiibo	KK_Slider	NTAG215	04 9F BF D4 94 36 E2
BruceRFID/Amiibo/Animal_Crossing/Amiibo_Cards/Sanrio_Cards/AC_XS3_Etoile.nfc	Amiibo	AC_XS3_Etoile	NTAG215	04 9D 1C 0D DA 77 4C
BruceRFID/Amiibo/Animal_Crossing/Amiibo_Cards/Sanrio_Cards/AC_XS6_Toby.nfc	Amiibo	AC_XS6_Toby	NTAG215	04 D6 DC 86 32 31 4C
BruceRFID/Amiibo/Animal_Crossing/Amiibo_Cards/Sanrio_Cards/AC_XS1_Rilla.nfc	Amiibo	AC_XS1_Rilla	NTAG215	04 87 BC B7 7A 76 4C
BruceRFID/Amiibo/Animal_Crossing/Amiibo_Cards/Sanrio_Cards/Rilla.nfc	Amiibo	Rilla	NTAG215	04 F5 81 05 B9 0D 29
BruceRFID/Amiibo/Animal_Crossing/Amiibo_Cards/Sanrio_Cards/AC_XS2_Marty.nfc	Amiibo	AC_XS2_Marty	NTAG215	04 4E BB 79 A2 2D 4C
BruceRFID/Amiibo/Animal_Crossing/Amiibo_Cards/Sanrio_Cards/Chelsea.nfc	Amiibo	Chelsea	NTAG215	04 A9 B9 7E 69 BF 56
BruceRFID/Amiibo/Animal_Crossing/Amiibo_Cards/Sanrio_Cards/Marty.nfc	Amiibo	Marty	NTAG215	04 49 75 56 25 C5 99
BruceRFID/Amiibo/Animal_Crossing/Amiibo_Cards/Sanrio_Cards/AC_XS4_Chai.nfc	Amiibo	AC_XS4_Chai	NTAG215	04 2C 38 98 BA 77 4C
BruceRFID/Amiibo/Animal_Crossing/Amiibo_Cards/Sanrio_Cards/AC_XS5_Chelsea.nfc	Amiibo	AC_XS5_Chelsea	NTAG215	04 55 CD 14 7A 76 4C
BruceRFID/Amiibo/Animal_Crossing/Amiibo_Cards/Sanrio_Cards/Etoile.nfc	Amiibo	Etoile	NTAG215	04 5B C3 4B 3E 0C F9
BruceRFID/Amiibo/Animal_Crossing/Amiibo_Cards/Sanrio_Cards/Toby.nfc	Amiibo	Toby	NTAG215	04 7F 33 43 10 F3 E2
BruceRFID/Amiibo/Animal_Crossing/Amiibo_Cards/Sanrio_Cards/Chai.nfc	Amiibo	Chai	NTAG215	04 92 B1 F0 B1 19 18
BruceRFID/Amiibo/Animal_Crossing/Cards/Series_5/[AC]_448_-_Faith.nfc	Amiibo	[AC]_448_-_Faith	NTAG215	04 C4 39 68 31 A8 4A
BruceRFID/Amiibo/Animal_Crossing/Cards/Series_5/[AC]_421_-_Niko.nfc	Amiibo	[AC]_421_-_Niko	NTAG215	04 02 CF CC 75 A7 76
BruceRFID/Amiibo/Animal_Crossing/Cards/Series_5/[AC]_420_-_Lottie.nfc	Amiibo	[AC]_420_-_Lottie	NTAG215	04 07 95 35 C7 F5 19
BruceRFID/Amiibo/Animal_Crossing/Cards/Series_5/[AC]_440_-_Quinn.nfc	Amiibo	[AC]_440_-_Quinn	NTAG215	04 AB 18 03 E2 18 AA
BruceRFID/Amiibo/Animal_Crossing/Cards/Series_5/[AC]_423_-_Tom_Nook_(Coat).nfc	Amiibo	[AC]_423_-_Tom_Nook_(Coat)	NTAG215	04 F5 EE 52 7C BC D2
BruceRFID/Amiibo/Animal_Crossing/Cards/Series_5/[AC]_439_-_Cephalobot.nfc	Amiibo	[AC]_439_-_Cephalobot	NTAG215	04 D5 B1 73 5F 8F D8
BruceRFID/Amiibo/Animal_Crossing/Cards/Series_5/[AC]_426_-_Megan.nfc	Amiibo	[AC]_426_-_Megan	NTAG215	04 6F 21 BC 69 B2 71
BruceRFID/Amiibo/Animal_Crossing/Cards/Series_5/[AC]_434_-_Ione.nfc	Amiibo	[AC]_434_-_Ione	NTAG215	04 09 77 E4 E9 8E 45
BruceRFID/Amiibo/Animal_Crossing/Cards/Series_5/[AC]_419_-_Wisp.nfc	Amiibo	[AC]_419_-_Wisp	NTAG215	04 4D 00 FD 89 FF 26
BruceRFID/Amiibo/Animal_Crossing/Cards/Series_5/[AC]_409_-_Sable.nfc	Amiibo	[AC]_409_-_Sable	NTAG215	04 77 6C 43 D2 AF A8
BruceRFID/Amiibo/Animal_Crossing/Cards/Series_5/[AC]_437_-_Marlo.nfc	Amiibo	[AC]_437_-_Marlo	NTAG215	04 AF 7E 41 0D AC 6F
BruceRFID/Amiibo/Animal_Crossing/Cards/Series_5/[AC]_406_-_Blathers.nfc	Amiibo	[AC]_406_-_Blathers	NTAG215	04 01 78 C3 3B D1 14
BruceRFID/Amiibo/Animal_Crossing/Cards/Series_5/[AC]_410_-_Label.nfc	Amiibo	[AC]_410_-_Label	NTAG215	04 5C B9 A9 A5 6D A5
BruceRFID/Amiibo/Animal_Crossing/Cards/Series_5/[AC]_416_-_Saharah.nfc	Amiibo	[AC]_416_-_Saharah	NTAG215	04 29 13 2E AA CB F7
BruceRFID/Amiibo/Animal_Crossing/Cards/Series_5/[AC]_425_-_Sherb.nfc	Amiibo	[AC]_425_-_Sherb	NTAG215	04 50 C0 EE 8A BF BA
BruceRFID/Amiibo/Animal_Crossing/Cards/Series_5/[AC]_418_-_Gulliver.nfc	Amiibo	[AC]_418_-_Gulliver	NTAG215	04 AE 40 AC CE 13 B1
BruceRFID/Amiibo/Animal_Crossing/Cards/Series_5/[AC]_432_-_Reneigh.nfc	Amiibo	[AC]_432_-_Reneigh	NTAG215	04 5D C4 F9 C4 52 98
BruceRFID/Amiibo/Animal_Crossing/Cards/Series_5/[AC]_438_-_Petri.nfc	Amiibo	[AC]_438_-_Petri	NTAG215	04 D1 CF 09 52 C3 3B
BruceRFID/Amiibo/Animal_Crossing/Cards/Series_5/[AC]_424_-_Isabelle_(Sweater).nfc	Amiibo	[AC]_424_-_Isabelle_(Sweater)	NTAG215	04 B2 4C AC 68 5D D7
BruceRFID/Amiibo/Animal_Crossing/Cards/Series_5/[AC]_428_-_Audie.nfc	Amiibo	[AC]_428_-_Audie	NTAG215	04 24 95 77 A9 83 36
BruceRFID/Amiibo/Animal_Crossing/Cards/Series_5/[AC]_447_-_Roswell.nfc	Amiibo	[AC]_447_-_Roswell	NTAG215	04 06 4F CE 56 66 91
BruceRFID/Amiibo/Animal_Crossing/Cards/Series_5/[AC]_405_-_Wilbur.nfc	Amiibo	[AC]_405_-_Wilbur	NTAG215	04 4B D8 8D F1 9D 3B
BruceRFID/Amiibo/Animal_Crossing/Cards/Series_5/[AC]_446_-_Azalea.nfc	Amiibo	[AC]_446_-_Azalea	NTAG215	04 1B 97 2C 6A 7E 90
BruceRFID/Amiibo/Animal_Crossing/Cards/Series_5/[AC]_445_-_Frett.nfc	Amiibo	[AC]_445_-_Frett	NTAG215	04 DD D5 18 F0 7A CF
BruceRFID/Amiibo/Animal_Crossing/Cards/Series_5/[AC]_412_-_C.J..nfc	Amiibo	[AC]_412_-_C.J.	NTAG215	04 2D 24 AD EE 87 5B
BruceRFID/Amiibo/Animal_Crossing/Cards/Series_5/[AC]_422_-_Wardell.nfc	Amiibo	[AC]_422_-_Wardell	NTAG215	04 97 C6 D7 DE 3D E1
BruceRFID/Amiibo/Animal_Crossing/Cards/Series_5/[AC]_427_-_Dom.nfc	Amiibo	[AC]_427_-_Dom	NTAG215	04 AC F7 55 FF A2 D6
BruceRFID/Amiibo/Animal_Crossing/Cards/Series_5/[AC]_413_-_Flick.nfc	Amiibo	[AC]_413_-_Flick	NTAG215	04 0C 32 84 DF 7A B6
BruceRFID/Amiibo/Animal_Crossing/Cards/Series_5/[AC]_402_-_Timmy_and_Tommy.nfc	Amiibo	[AC]_402_-_Timmy_and_Tommy	NTAG215	04 28 1C 0F 25 8F 5C
BruceRFID/Amiibo/Animal_Crossing/Cards/Series_5/[AC]_444_-_Rio.nfc	Amiibo	[AC]_444_-_Rio	NTAG215	04 A3 A6 A8 2B 37 86
BruceRFID/Amiibo/Animal_Crossing/Cards/Series_5/[AC]_404_-_Orville.nfc	Amiibo	[AC]_404_-_Orville	NTAG215	04 82 81 71 AD D3 98
BruceRFID/Amiibo/Animal_Crossing/Cards/Series_5/[AC]_408_-_Mabel.nfc	Amiibo	[AC]_408_-_Mabel	NTAG215	04 4E B7 1B 87 28 96
BruceRFID/Amiibo/Animal_Crossing/Cards/Series_5/[AC]_414_-_Daisy_Mae.nfc	Amiibo	[AC]_414_-_Daisy_Mae	NTAG215	04 58 63 49 03 74 F1
BruceRFID/Amiibo/Animal_Crossing/Cards/Series_5/[AC]_415_-_Kicks.nfc	Amiibo	[AC]_415_-_Kicks	NTAG215	04 CE B6 A2 EA 92 FA
BruceRFID/Amiibo/Animal_Crossing/Cards/Series_5/[AC]_443_-_Ace.nfc	Amiibo	[AC]_443_-_Ace	NTAG215	04 32 18 A6 3F F4 CF
BruceRFID/Amiibo/Animal_Crossing/Cards/Series_5/[AC]_441_-_Chabwick.nfc	Amiibo	[AC]_441_-_Chabwick	NTAG215	04 FA B7 C3 83 75 04
BruceRFID/Amiibo/Animal_Crossing/Cards/Series_5/[AC]_411_-_K.K..nfc	Amiibo	[AC]_411_-_K.K.	NTAG215	04 D3 10 13 1C B8 16
BruceRFID/Amiibo/Animal_Crossing/Cards/Series_5/[AC]_401_-_Tom_Nook.nfc	Amiibo	[AC]_401_-_Tom_Nook	NTAG215	04 A5 51 63 2F F6 49
BruceRFID/Amiibo/Animal_Crossing/Cards/Series_5/[AC]_431_-_Raymond.nfc	Amiibo	[AC]_431_-_Raymond	NTAG215	04 F8 EB 58 05 69 5F
BruceRFID/Amiibo/Animal_Crossing/Cards/Series_5/[AC]_407_-_Celeste.nfc	Amiibo	[AC]_407_-_Celeste	NTAG215	04 B1 D3 CA 1A AC 12
BruceRFID/Amiibo/Animal_Crossing/Cards/Series_5/[AC]_436_-_Shino.nfc	Amiibo	[AC]_436_-_Shino	NTAG215	04 50 25 57 C4 BA D1
BruceRFID/Amiibo/Animal_Crossing/Cards/Series_5/[AC]_403_-_Isabelle.nfc	Amiibo	[AC]_403_-_Isabelle	NTAG215	04 3E 5D 09 95 ED 7F
BruceRFID/Amiibo/Animal_Crossing/Cards/Series_5/[AC]_442_-_Zoe.nfc	Amiibo	[AC]_442_-_Zoe	NTAG215	04 0F 84 AB 98 A2 25
BruceRFID/Amiibo/Animal_Crossing/Cards/Series_5/[AC]_430_-_Judy.nfc	Amiibo	[AC]_430_-_Judy	NTAG215	04 B5 6A 5C 78 E4 8F
BruceRFID/Amiibo/Animal_Crossing/Cards/Series_5/[AC]_417_-_Harvey.nfc	Amiibo	[AC]_417_-_Harvey	NTAG215	04 45 48 7D 5F EB 74
BruceRFID/Amiibo/Animal_Crossing/Cards/Series_5/[AC]_429_-_Cyd.nfc	Amiibo	[AC]_429_-_Cyd	NTAG215	04 B8 01 EC 4D DB 50
BruceRFID/Amiibo/Animal_Crossing/Cards/Series_5/[AC]_435_-_Tiansheng.nfc	Amiibo	[AC]_435_-_Tiansheng	NTAG215	04 50 F3 A8 D0 4B 8D
BruceRFID/Amiibo/Animal_Crossing/Cards/Series_5/[AC]_433_-_Sasha.nfc	Amiibo	[AC]_433_-_Sasha	NTAG215	04 A1 29 12 1E 86 AB
BruceRFID/Amiibo/Animal_Crossing/Cards/Series_2/[AC]_187_-_Vic.nfc	Amiibo	[AC]_187_-_Vic	NTAG215	04 C7 DA BB 68 06 72
BruceRFID/Amiibo/Animal_Crossing/Cards/Series_2/[AC]_169_-_Bud.nfc	Amiibo	[AC]_169_-_Bud	NTAG215	04 8C 30 CF 8E 9B 9D
BruceRFID/Amiibo/Animal_Crossing/Cards/Series_2/[AC]_177_-_Flip.nfc	Amiibo	[AC]_177_-_Flip	NTAG215	04 EC 70 84 EC 9C 4D
BruceRFID/Amiibo/Animal_Crossing/Cards/Series_2/[AC]_193_-_Keaton.nfc	Amiibo	[AC]_193_-_Keaton	NTAG215	04 35 42 97 D4 0C A2
BruceRFID/Amiibo/Animal_Crossing/Cards/Series_2/[AC]_183_-_Camofrog.nfc	Amiibo	[AC]_183_-_Camofrog	NTAG215	04 FD E3 3A 9B 4A D4
BruceRFID/Amiibo/Animal_Crossing/Cards/Series_2/[AC]_124_-_Harry.nfc	Amiibo	[AC]_124_-_Harry	NTAG215	04 AA D9 05 B5 0B 08
BruceRFID/Amiibo/Animal_Crossing/Cards/Series_2/[AC]_184_-_Anicotti.nfc	Amiibo	[AC]_184_-_Anicotti	NTAG215	04 64 01 22 93 CE 8C
BruceRFID/Amiibo/Animal_Crossing/Cards/Series_2/[AC]_189_-_Drift.nfc	Amiibo	[AC]_189_-_Drift	NTAG215	04 A0 21 77 D2 D3 C8
BruceRFID/Amiibo/Animal_Crossing/Cards/Series_2/[AC]_141_-_Nana.nfc	Amiibo	[AC]_141_-_Nana	NTAG215	04 01 45 64 D0 9B 7C
BruceRFID/Amiibo/Animal_Crossing/Cards/Series_2/[AC]_176_-_Sprinkle.nfc	Amiibo	[AC]_176_-_Sprinkle	NTAG215	04 C8 DD BD 9F F2 7C
BruceRFID/Amiibo/Animal_Crossing/Cards/Series_2/[AC]_116_-_Chip.nfc	Amiibo	[AC]_116_-_Chip	NTAG215	04 98 58 8C 94 C7 59
BruceRFID/Amiibo/Animal_Crossing/Cards/Series_2/[AC]_103_-_Kicks.nfc	Amiibo	[AC]_103_-_Kicks	NTAG215	04 CB A5 B0 8D 6F 97
BruceRFID/Amiibo/Animal_Crossing/Cards/Series_2/[AC]_191_-_Marcel.nfc	Amiibo	[AC]_191_-_Marcel	NTAG215	04 B2 22 59 D2 83 DC
BruceRFID/Amiibo/Animal_Crossing/Cards/Series_2/[AC]_190_-_Vesta.nfc	Amiibo	[AC]_190_-_Vesta	NTAG215	04 79 73 24 21 BA 00
BruceRFID/Amiibo/Animal_Crossing/Cards/Series_2/[AC]_133_-_Savannah.nfc	Amiibo	[AC]_133_-_Savannah	NTAG215	04 0D ED BE FD C8 E1
BruceRFID/Amiibo/Animal_Crossing/Cards/Series_2/[AC]_125_-_Gwen.nfc	Amiibo	[AC]_125_-_Gwen	NTAG215	04 C2 35 EE 33 9B 93
BruceRFID/Amiibo/Animal_Crossing/Cards/Series_2/[AC]_136_-_Egbert.nfc	Amiibo	[AC]_136_-_Egbert	NTAG215	04 18 B2 DA 0A 94 79
BruceRFID/Amiibo/Animal_Crossing/Cards/Series_2/[AC]_178_-_Hugh.nfc	Amiibo	[AC]_178_-_Hugh	NTAG215	04 CD CD 46 41 56 99
BruceRFID/Amiibo/Animal_Crossing/Cards/Series_2/[AC]_143_-_Olivia.nfc	Amiibo	[AC]_143_-_Olivia	NTAG215	04 77 6B 6E 99 83 71
BruceRFID/Amiibo/Animal_Crossing/Cards/Series_2/[AC]_121_-_Tia.nfc	Amiibo	[AC]_121_-_Tia	NTAG215	04 20 2F AE 9E BE 80
BruceRFID/Amiibo/Animal_Crossing/Cards/Series_2/[AC]_122_-_Lucha.nfc	Amiibo	[AC]_122_-_Lucha	NTAG215	04 98 D8 21 B0 22 A5
BruceRFID/Amiibo/Animal_Crossing/Cards/Series_2/[AC]_168_-_Nan.nfc	Amiibo	[AC]_168_-_Nan	NTAG215	04 3A 8C A4 D9 8B 3E
BruceRFID/Amiibo/Animal_Crossing/Cards/Series_2/[AC]_166_-_Kitty.nfc	Amiibo	[AC]_166_-_Kitty	NTAG215	04 5C 2F 81 0A 5E 0B
BruceRFID/Amiibo/Animal_Crossing/Cards/Series_2/[AC]_197_-_Kid_Cat.nfc	Amiibo	[AC]_197_-_Kid_Cat	NTAG215	04 0D 48 7E 2A EC 50
BruceRFID/Amiibo/Animal_Crossing/Cards/Series_2/[AC]_131_-_Pate.nfc	Amiibo	[AC]_131_-_Pate	NTAG215	04 03 0A 18 C2 2D 18
BruceRFID/Amiibo/Animal_Crossing/Cards/Series_2/[AC]_146_-_Rodney.nfc	Amiibo	[AC]_146_-_Rodney	NTAG215	04 79 2E D5 07 CA 83
BruceRFID/Amiibo/Animal_Crossing/Cards/Series_2/[AC]_165_-_Filbert.nfc	Amiibo	[AC]_165_-_Filbert	NTAG215	04 FD E5 A6 09 12 E1
BruceRFID/Amiibo/Animal_Crossing/Cards/Series_2/[AC]_128_-_Tom.nfc	Amiibo	[AC]_128_-_Tom	NTAG215	04 B8 FE BB 89 77 A4
BruceRFID/Amiibo/Animal_Crossing/Cards/Series_2/[AC]_111_-_Shrunk.nfc	Amiibo	[AC]_111_-_Shrunk	NTAG215	04 99 EE 2B 67 C1 55
BruceRFID/Amiibo/Animal_Crossing/Cards/Series_2/[AC]_117_-_Jack.nfc	Amiibo	[AC]_117_-_Jack	NTAG215	04 4B 8B 5C 6A 2C 0A
BruceRFID/Amiibo/Animal_Crossing/Cards/Series_2/[AC]_142_-_Peck.nfc	Amiibo	[AC]_142_-_Peck	NTAG215	04 B8 2A 5F 6D CD 6B
BruceRFID/Amiibo/Animal_Crossing/Cards/Series_2/[AC]_118_-_Poncho.nfc	Amiibo	[AC]_118_-_Poncho	NTAG215	04 73 4E 18 A5 9B 04
BruceRFID/Amiibo/Animal_Crossing/Cards/Series_2/[AC]_157_-_Moose.nfc	Amiibo	[AC]_157_-_Moose	NTAG215	04 A8 87 0C AF 0D 54
BruceRFID/Amiibo/Animal_Crossing/Cards/Series_2/[AC]_110_-_Leila.nfc	Amiibo	[AC]_110_-_Leila	NTAG215	04 68 69 B4 20 8B D6
BruceRFID/Amiibo/Animal_Crossing/Cards/Series_2/[AC]_129_-_Tipper.nfc	Amiibo	[AC]_129_-_Tipper	NTAG215	04 98 4C 6A B3 3D F9
BruceRFID/Amiibo/Animal_Crossing/Cards/Series_2/[AC]_120_-_Ozzie.nfc	Amiibo	[AC]_120_-_Ozzie	NTAG215	04 83 80 FA D4 EB 20
BruceRFID/Amiibo/Animal_Crossing/Cards/Series_2/[AC]_200_-_Rocket.nfc	Amiibo	[AC]_200_-_Rocket	NTAG215	04 76 B9 C6 33 FC B4
BruceRFID/Amiibo/Animal_Crossing/Cards/Series_2/[AC]_185_-_Chops.nfc	Amiibo	[AC]_185_-_Chops	NTAG215	04 B5 A8 10 81 3C AA
BruceRFID/Amiibo/Animal_Crossing/Cards/Series_2/[AC]_138_-_Sly.nfc	Amiibo	[AC]_138_-_Sly	NTAG215	04 79 53 F9 48 C3 9C
BruceRFID/Amiibo/Animal_Crossing/Cards/Series_2/[AC]_112_-_Don_Resetti.nfc	Amiibo	[AC]_112_-_Don_Resetti	NTAG215	04 36 66 BE D2 5D A9
BruceRFID/Amiibo/Animal_Crossing/Cards/Series_2/[AC]_102_-_Reese.nfc	Amiibo	[AC]_102_-_Reese	NTAG215	04 95 A1 CD 96 F3 E1
BruceRFID/Amiibo/Animal_Crossing/Cards/Series_2/[AC]_127_-_Kitt.nfc	Amiibo	[AC]_127_-_Kitt	NTAG215	04 71 40 67 8D 3B B3
BruceRFID/Amiibo/Animal_Crossing/Cards/Series_2/[AC]_186_-_Charlise.nfc	Amiibo	[AC]_186_-_Charlise	NTAG215	04 29 6B F4 C8 B3 B7
BruceRFID/Amiibo/Animal_Crossing/Cards/Series_2/[AC]_135_-_Phoebe.nfc	Amiibo	[AC]_135_-_Phoebe	NTAG215	04 45 28 E8 50 92 D2
BruceRFID/Amiibo/Animal_Crossing/Cards/Series_2/[AC]_155_-_Butch.nfc	Amiibo	[AC]_155_-_Butch	NTAG215	04 BA 57 E9 F7 CC 23
BruceRFID/Amiibo/Animal_Crossing/Cards/Series_2/[AC]_101_-_K.K._Slider.nfc	Amiibo	[AC]_101_-_K.K._Slider	NTAG215	04 41 F6 B9 EF B3 96
BruceRFID/Amiibo/Animal_Crossing/Cards/Series_2/[AC]_164_-_Bianca.nfc	Amiibo	[AC]_164_-_Bianca	NTAG215	04 AE DB 8F 15 44 5D
BruceRFID/Amiibo/Animal_Crossing/Cards/Series_2/[AC]_195_-_Hamphrey.nfc	Amiibo	[AC]_195_-_Hamphrey	NTAG215	04 0B B7 75 43 6D B5
BruceRFID/Amiibo/Animal_Crossing/Cards/Series_2/[AC]_151_-_Groucho.nfc	Amiibo	[AC]_151_-_Groucho	NTAG215	04 48 BC B5 6E E4 21
BruceRFID/Amiibo/Animal_Crossing/Cards/Series_2/[AC]_181_-_Drake.nfc	Amiibo	[AC]_181_-_Drake	NTAG215	04 C7 0C 86 EA 4C 70
BruceRFID/Amiibo/Animal_Crossing/Cards/Series_2/[AC]_150_-_Coco.nfc	Amiibo	[AC]_150_-_Coco	NTAG215	04 D8 98 00 61 71 AC
BruceRFID/Amiibo/Animal_Crossing/Cards/Series_2/[AC]_108_-_Tommy.nfc	Amiibo	[AC]_108_-_Tommy	NTAG215	04 6D F5 0D 4E E4 2D
BruceRFID/Amiibo/Animal_Crossing/Cards/Series_2/[AC]_171_-_Benedict.nfc	Amiibo	[AC]_171_-_Benedict	NTAG215	04 2A A8 FC 8D ED 9D
BruceRFID/Amiibo/Animal_Crossing/Cards/Series_2/[AC]_198_-_Agent_S.nfc	Amiibo	[AC]_198_-_Agent_S	NTAG215	04 A9 32 05 C4 33 AB
BruceRFID/Amiibo/Animal_Crossing/Cards/Series_2/[AC]_172_-_Agnes.nfc	Amiibo	[AC]_172_-_Agnes	NTAG215	04 5B 41 82 A0 49 3F
BruceRFID/Amiibo/Animal_Crossing/Cards/Series_2/[AC]_163_-_Ed.nfc	Amiibo	[AC]_163_-_Ed	NTAG215	04 80 7A 9A 5D 7E 92
BruceRFID/Amiibo/Animal_Crossing/Cards/Series_2/[AC]_145_-_Carmen.nfc	Amiibo	[AC]_145_-_Carmen	NTAG215	04 6A 91 1E 93 AC 9F
BruceRFID/Amiibo/Animal_Crossing/Cards/Series_2/[AC]_192_-_Pango.nfc	Amiibo	[AC]_192_-_Pango	NTAG215	04 4D 61 A7 9E F9 EC
BruceRFID/Amiibo/Animal_Crossing/Cards/Series_2/[AC]_134_-_Kidd.nfc	Amiibo	[AC]_134_-_Kidd	NTAG215	04 D1 46 00 47 43 87
BruceRFID/Amiibo/Animal_Crossing/Cards/Series_2/[AC]_196_-_Freya.nfc	Amiibo	[AC]_196_-_Freya	NTAG215	04 37 55 51 FA B8 A0
BruceRFID/Amiibo/Animal_Crossing/Cards/Series_2/[AC]_160_-_Pekoe.nfc	Amiibo	[AC]_160_-_Pekoe	NTAG215	04 D2 61 C1 81 18 0D
BruceRFID/Amiibo/Animal_Crossing/Cards/Series_2/[AC]_147_-_Scoot.nfc	Amiibo	[AC]_147_-_Scoot	NTAG215	04 35 81 9D BD 90 85
BruceRFID/Amiibo/Animal_Crossing/Cards/Series_2/[AC]_179_-_Hopper.nfc	Amiibo	[AC]_179_-_Hopper	NTAG215	04 36 BE 89 9B 1A 62
BruceRFID/Amiibo/Animal_Crossing/Cards/Series_2/[AC]_148_-_Whitney.nfc	Amiibo	[AC]_148_-_Whitney	NTAG215	04 25 10 B1 F5 87 29
BruceRFID/Amiibo/Animal_Crossing/Cards/Series_2/[AC]_132_-_Vladimir.nfc	Amiibo	[AC]_132_-_Vladimir	NTAG215	04 C3 E4 02 00 5A 24
BruceRFID/Amiibo/Animal_Crossing/Cards/Series_2/[AC]_159_-_Zell.nfc	Amiibo	[AC]_159_-_Zell	NTAG215	04 CD BE 53 94 61 FF
BruceRFID/Amiibo/Animal_Crossing/Cards/Series_2/[AC]_114_-_Blanca.nfc	Amiibo	[AC]_114_-_Blanca	NTAG215	04 FE C3 6B 71 24 E1
BruceRFID/Amiibo/Animal_Crossing/Cards/Series_2/[AC]_161_-_Teddy.nfc	Amiibo	[AC]_161_-_Teddy	NTAG215	04 0A 63 DF 23 69 16
BruceRFID/Amiibo/Animal_Crossing/Cards/Series_2/[AC]_139_-_Blaire.nfc	Amiibo	[AC]_139_-_Blaire	NTAG215	04 28 6B DE 5D 42 07
BruceRFID/Amiibo/Animal_Crossing/Cards/Series_2/[AC]_115_-_Nat.nfc	Amiibo	[AC]_115_-_Nat	NTAG215	04 94 4B 64 31 7E BE
BruceRFID/Amiibo/Animal_Crossing/Cards/Series_2/[AC]_109_-_Porter.nfc	Amiibo	[AC]_109_-_Porter	NTAG215	04 72 CF ED 03 07 01
BruceRFID/Amiibo/Animal_Crossing/Cards/Series_2/[AC]_130_-_Prince.nfc	Amiibo	[AC]_130_-_Prince	NTAG215	04 6A D6 7F 44 D0 1C
BruceRFID/Amiibo/Animal_Crossing/Cards/Series_2/[AC]_113_-_Isabelle.nfc	Amiibo	[AC]_113_-_Isabelle	NTAG215	04 9B C8 24 97 35 AA
BruceRFID/Amiibo/Animal_Crossing/Cards/Series_2/[AC]_156_-_Gabi.nfc	Amiibo	[AC]_156_-_Gabi	NTAG215	04 49 8B 50 3A F2 8D
BruceRFID/Amiibo/Animal_Crossing/Cards/Series_2/[AC]_194_-_Gladys.nfc	Amiibo	[AC]_194_-_Gladys	NTAG215	04 0B A9 85 EE 6B F2
BruceRFID/Amiibo/Animal_Crossing/Cards/Series_2/[AC]_104_-_Labelle.nfc	Amiibo	[AC]_104_-_Labelle	NTAG215	04 9E EF 9F 8C AC 92
BruceRFID/Amiibo/Animal_Crossing/Cards/Series_2/[AC]_180_-_Pecan.nfc	Amiibo	[AC]_180_-_Pecan	NTAG215	04 FD B8 94 86 EA B8
BruceRFID/Amiibo/Animal_Crossing/Cards/Series_2/[AC]_106_-_Booker.nfc	Amiibo	[AC]_106_-_Booker	NTAG215	04 35 08 07 21 F0 EB
BruceRFID/Amiibo/Animal_Crossing/Cards/Series_2/[AC]_105_-_Copper.nfc	Amiibo	[AC]_105_-_Copper	NTAG215	04 01 D9 B5 9C 7A F8
BruceRFID/Amiibo/Animal_Crossing/Cards/Series_2/[AC]_199_-_Big_Top.nfc	Amiibo	[AC]_199_-_Big_Top	NTAG215	04 77 61 3E 37 C2 14
BruceRFID/Amiibo/Animal_Crossing/Cards/Series_2/[AC]_123_-_Fuchsia.nfc	Amiibo	[AC]_123_-_Fuchsia	NTAG215	04 C5 41 77 4E A3 E3
BruceRFID/Amiibo/Animal_Crossing/Cards/Series_2/[AC]_154_-_Rhonda.nfc	Amiibo	[AC]_154_-_Rhonda	NTAG215	04 DF D8 0E 07 D5 73
BruceRFID/Amiibo/Animal_Crossing/Cards/Series_2/[AC]_137_-_Cookie.nfc	Amiibo	[AC]_137_-_Cookie	NTAG215	04 52 C8 3C 20 FA D3
BruceRFID/Amiibo/Animal_Crossing/Cards/Series_2/[AC]_170_-_Ruby.nfc	Amiibo	[AC]_170_-_Ruby	NTAG215	04 FD 0B 0C F9 7C 6B
BruceRFID/Amiibo/Animal_Crossing/Cards/Series_2/[AC]_175_-_Jay.nfc	Amiibo	[AC]_175_-_Jay	NTAG215	04 E5 92 4A 2F 16 06
BruceRFID/Amiibo/Animal_Crossing/Cards/Series_2/[AC]_126_-_Coach.nfc	Amiibo	[AC]_126_-_Coach	NTAG215	04 93 BF 66 29 54 28
BruceRFID/Amiibo/Animal_Crossing/Cards/Series_2/[AC]_173_-_Julian.nfc	Amiibo	[AC]_173_-_Julian	NTAG215	04 7E 86 A8 9C 61 AD
BruceRFID/Amiibo/Animal_Crossing/Cards/Series_2/[AC]_153_-_Alfonso.nfc	Amiibo	[AC]_153_-_Alfonso	NTAG215	04 C4 CE 07 59 7C 86
BruceRFID/Amiibo/Animal_Crossing/Cards/Series_2/[AC]_174_-_Bettina.nfc	Amiibo	[AC]_174_-_Bettina	NTAG215	04 B7 B9 02 2A 62 78
BruceRFID/Amiibo/Animal_Crossing/Cards/Series_2/[AC]_188_-_Ankha.nfc	Amiibo	[AC]_188_-_Ankha	NTAG215	04 5A 51 6A 14 BC 28
BruceRFID/Amiibo/Animal_Crossing/Cards/Series_2/[AC]_182_-_Alice.nfc	Amiibo	[AC]_182_-_Alice	NTAG215	04 AD 69 75 C8 C8 68
BruceRFID/Amiibo/Animal_Crossing/Cards/Series_2/[AC]_119_-_Felicity.nfc	Amiibo	[AC]_119_-_Felicity	NTAG215	04 73 03 C6 B4 6F 2E
BruceRFID/Amiibo/Animal_Crossing/Cards/Series_2/[AC]_162_-_Mathilda.nfc	Amiibo	[AC]_162_-_Mathilda	NTAG215	04 8A 3C 1E F3 A8 54
BruceRFID/Amiibo/Animal_Crossing/Cards/Series_2/[AC]_158_-_Timbra.nfc	Amiibo	[AC]_158_-_Timbra	NTAG215	04 16 55 2D 35 00 3E
BruceRFID/Amiibo/Animal_Crossing/Cards/Series_2/[AC]_144_-_Cesar.nfc	Amiibo	[AC]_144_-_Cesar	NTAG215	04 2C 0C 5C A5 34 EB
BruceRFID/Amiibo/Animal_Crossing/Cards/Series_2/[AC]_167_-_Beau.nfc	Amiibo	[AC]_167_-_Beau	NTAG215	04 D5 25 82 D4 BF D6
BruceRFID/Amiibo/Animal_Crossing/Cards/Series_2/[AC]_149_-_Broccolo.nfc	Amiibo	[AC]_149_-_Broccolo	NTAG215	04 10 D8 9A F8 33 FF
BruceRFID/Amiibo/Animal_Crossing/Cards/Series_2/[AC]_107_-_Katie.nfc	Amiibo	[AC]_107_-_Katie	NTAG215	04 71 4B E3 18 64 90
BruceRFID/Amiibo/Animal_Crossing/Cards/Series_2/[AC]_140_-_Avery.nfc	Amiibo	[AC]_140_-_Avery	NTAG215	04 93 92 51 08 58 03
BruceRFID/Amiibo/Animal_Crossing/Cards/Series_2/[AC]_152_-_Wendy.nfc	Amiibo	[AC]_152_-_Wendy	NTAG215	04 A7 88 90 16 AA F6
BruceRFID/Amiibo/Animal_Crossing/Cards/Series_3/[AC]_209_-_Wendell.nfc	Amiibo	[AC]_209_-_Wendell	NTAG215	04 70 3A 54 66 B2 2E
BruceRFID/Amiibo/Animal_Crossing/Cards/Series_3/[AC]_298_-_Derwin.nfc	Amiibo	[AC]_298_-_Derwin	NTAG215	04 03 F9 93 41 41 DF
BruceRFID/Amiibo/Animal_Crossing/Cards/Series_3/[AC]_295_-_Antonio.nfc	Amiibo	[AC]_295_-_Antonio	NTAG215	04 ED 4B B3 FC AD 05
BruceRFID/Amiibo/Animal_Crossing/Cards/Series_3/[AC]_232_-_Canberra.nfc	Amiibo	[AC]_232_-_Canberra	NTAG215	04 6F D4 14 19 B8 AA
BruceRFID/Amiibo/Animal_Crossing/Cards/Series_3/[AC]_221_-_Kody.nfc	Amiibo	[AC]_221_-_Kody	NTAG215	04 7F 83 4E DB 84 28
BruceRFID/Amiibo/Animal_Crossing/Cards/Series_3/[AC]_207_-_Mabel.nfc	Amiibo	[AC]_207_-_Mabel	NTAG215	04 61 2A 8F EF C2 2B
BruceRFID/Amiibo/Animal_Crossing/Cards/Series_3/[AC]_203_-_Tom_Nook.nfc	Amiibo	[AC]_203_-_Tom_Nook	NTAG215	04 C5 DF AC 52 08 9D
BruceRFID/Amiibo/Animal_Crossing/Cards/Series_3/[AC]_274_-_Flora.nfc	Amiibo	[AC]_274_-_Flora	NTAG215	04 5D 85 74 8C 3A 5F
BruceRFID/Amiibo/Animal_Crossing/Cards/Series_3/[AC]_278_-_Dora.nfc	Amiibo	[AC]_278_-_Dora	NTAG215	04 DC 8F D1 05 42 BC
BruceRFID/Amiibo/Animal_Crossing/Cards/Series_3/[AC]_264_-_Marshal.nfc	Amiibo	[AC]_264_-_Marshal	NTAG215	04 BA 3E 55 73 FE CF
BruceRFID/Amiibo/Animal_Crossing/Cards/Series_3/[AC]_219_-_Anchovy.nfc	Amiibo	[AC]_219_-_Anchovy	NTAG215	04 C7 59 AF 24 43 19
BruceRFID/Amiibo/Animal_Crossing/Cards/Series_3/[AC]_243_-_Drago.nfc	Amiibo	[AC]_243_-_Drago	NTAG215	04 76 58 31 0C ED C7
BruceRFID/Amiibo/Animal_Crossing/Cards/Series_3/[AC]_224_-_Paula.nfc	Amiibo	[AC]_224_-_Paula	NTAG215	04 C3 DF CE 5A E5 51
BruceRFID/Amiibo/Animal_Crossing/Cards/Series_3/[AC]_297_-_Apollo.nfc	Amiibo	[AC]_297_-_Apollo	NTAG215	04 50 F0 28 85 EE EB
BruceRFID/Amiibo/Animal_Crossing/Cards/Series_3/[AC]_214_-_Don_Resetti.nfc	Amiibo	[AC]_214_-_Don_Resetti	NTAG215	04 92 E9 67 AC 41 D8
BruceRFID/Amiibo/Animal_Crossing/Cards/Series_3/[AC]_222_-_Miranda.nfc	Amiibo	[AC]_222_-_Miranda	NTAG215	04 D9 8B 6A E1 38 42
BruceRFID/Amiibo/Animal_Crossing/Cards/Series_3/[AC]_254_-_Greta.nfc	Amiibo	[AC]_254_-_Greta	NTAG215	04 5B D8 9E 20 82 31
BruceRFID/Amiibo/Animal_Crossing/Cards/Series_3/[AC]_282_-_Violet.nfc	Amiibo	[AC]_282_-_Violet	NTAG215	04 F2 A9 37 56 51 17
BruceRFID/Amiibo/Animal_Crossing/Cards/Series_3/[AC]_260_-_Tammi.nfc	Amiibo	[AC]_260_-_Tammi	NTAG215	04 9C D7 B0 15 9C EF
BruceRFID/Amiibo/Animal_Crossing/Cards/Series_3/[AC]_292_-_Baabara.nfc	Amiibo	[AC]_292_-_Baabara	NTAG215	04 22 01 A0 BF 3D 84
BruceRFID/Amiibo/Animal_Crossing/Cards/Series_3/[AC]_248_-_Hazel.nfc	Amiibo	[AC]_248_-_Hazel	NTAG215	04 1F BB 3C 52 4C 01
BruceRFID/Amiibo/Animal_Crossing/Cards/Series_3/[AC]_228_-_Bubbles.nfc	Amiibo	[AC]_228_-_Bubbles	NTAG215	04 59 B7 21 98 BC 01
BruceRFID/Amiibo/Animal_Crossing/Cards/Series_3/[AC]_263_-_Gaston.nfc	Amiibo	[AC]_263_-_Gaston	NTAG215	04 3A A8 71 8C F6 53
BruceRFID/Amiibo/Animal_Crossing/Cards/Series_3/[AC]_294_-_Maple.nfc	Amiibo	[AC]_294_-_Maple	NTAG215	04 1D 0F 99 98 99 84
BruceRFID/Amiibo/Animal_Crossing/Cards/Series_3/[AC]_215_-_Isabelle.nfc	Amiibo	[AC]_215_-_Isabelle	NTAG215	04 6B 25 9C E0 DD 68
BruceRFID/Amiibo/Animal_Crossing/Cards/Series_3/[AC]_205_-_Phyllis.nfc	Amiibo	[AC]_205_-_Phyllis	NTAG215	04 CD D6 8C 71 39 5D
BruceRFID/Amiibo/Animal_Crossing/Cards/Series_3/[AC]_233_-_Colton.nfc	Amiibo	[AC]_233_-_Colton	NTAG215	04 B8 B0 8D 96 43 07
BruceRFID/Amiibo/Animal_Crossing/Cards/Series_3/[AC]_231_-_Elvis.nfc	Amiibo	[AC]_231_-_Elvis	NTAG215	04 60 64 DF 54 AE 8C
BruceRFID/Amiibo/Animal_Crossing/Cards/Series_3/[AC]_266_-_Joey.nfc	Amiibo	[AC]_266_-_Joey	NTAG215	04 45 B0 D0 ED 4E 07
BruceRFID/Amiibo/Animal_Crossing/Cards/Series_3/[AC]_246_-_Eloise.nfc	Amiibo	[AC]_246_-_Eloise	NTAG215	04 25 17 E0 5B DC 9B
BruceRFID/Amiibo/Animal_Crossing/Cards/Series_3/[AC]_299_-_Francine.nfc	Amiibo	[AC]_299_-_Francine	NTAG215	04 DF EA F0 58 AC A8
BruceRFID/Amiibo/Animal_Crossing/Cards/Series_3/[AC]_277_-_Monty.nfc	Amiibo	[AC]_277_-_Monty	NTAG215	04 8E 91 79 3C 19 50
BruceRFID/Amiibo/Animal_Crossing/Cards/Series_3/[AC]_247_-_Wart_Jr.nfc	Amiibo	[AC]_247_-_Wart_Jr	NTAG215	04 65 5E A3 9E 18 85
BruceRFID/Amiibo/Animal_Crossing/Cards/Series_3/[AC]_291_-_Sparro.nfc	Amiibo	[AC]_291_-_Sparro	NTAG215	04 E5 14 56 4F 45 6B
BruceRFID/Amiibo/Animal_Crossing/Cards/Series_3/[AC]_293_-_Rolf.nfc	Amiibo	[AC]_293_-_Rolf	NTAG215	04 A3 2C CF 03 2B 8F
BruceRFID/Amiibo/Animal_Crossing/Cards/Series_3/[AC]_201_-_Rover.nfc	Amiibo	[AC]_201_-_Rover	NTAG215	04 50 BD 65 EF 86 27
BruceRFID/Amiibo/Animal_Crossing/Cards/Series_3/[AC]_225_-_Ken.nfc	Amiibo	[AC]_225_-_Ken	NTAG215	04 9D D2 39 BA 7D D8
BruceRFID/Amiibo/Animal_Crossing/Cards/Series_3/[AC]_230_-_Velma.nfc	Amiibo	[AC]_230_-_Velma	NTAG215	04 1E 8D C8 85 87 80
BruceRFID/Amiibo/Animal_Crossing/Cards/Series_3/[AC]_300_-_Chrissy.nfc	Amiibo	[AC]_300_-_Chrissy	NTAG215	04 92 FB 40 F9 F1 68
BruceRFID/Amiibo/Animal_Crossing/Cards/Series_3/[AC]_244_-_Tangy.nfc	Amiibo	[AC]_244_-_Tangy	NTAG215	04 AA D3 7B E3 8D 04
BruceRFID/Amiibo/Animal_Crossing/Cards/Series_3/[AC]_261_-_Tucker.nfc	Amiibo	[AC]_261_-_Tucker	NTAG215	04 01 3F 47 69 5C 73
BruceRFID/Amiibo/Animal_Crossing/Cards/Series_3/[AC]_237_-_Bam.nfc	Amiibo	[AC]_237_-_Bam	NTAG215	04 E5 F9 2C 27 8B FA
BruceRFID/Amiibo/Animal_Crossing/Cards/Series_3/[AC]_280_-_Victoria.nfc	Amiibo	[AC]_280_-_Victoria	NTAG215	04 E3 66 E9 3F A9 6B
BruceRFID/Amiibo/Animal_Crossing/Cards/Series_3/[AC]_204_-_Pelly.nfc	Amiibo	[AC]_204_-_Pelly	NTAG215	04 D6 6E 61 33 A7 BB
BruceRFID/Amiibo/Animal_Crossing/Cards/Series_3/[AC]_240_-_Deirdre.nfc	Amiibo	[AC]_240_-_Deirdre	NTAG215	04 BD 68 37 CF 19 42
BruceRFID/Amiibo/Animal_Crossing/Cards/Series_3/[AC]_288_-_Curly.nfc	Amiibo	[AC]_288_-_Curly	NTAG215	04 30 9F 20 A6 2A DF
BruceRFID/Amiibo/Animal_Crossing/Cards/Series_3/[AC]_253_-_Genji.nfc	Amiibo	[AC]_253_-_Genji	NTAG215	04 13 5F 5F 9F 1C 99
BruceRFID/Amiibo/Animal_Crossing/Cards/Series_3/[AC]_242_-_Chevre.nfc	Amiibo	[AC]_242_-_Chevre	NTAG215	04 3E 5A F6 52 32 7F
BruceRFID/Amiibo/Animal_Crossing/Cards/Series_3/[AC]_238_-_Friga.nfc	Amiibo	[AC]_238_-_Friga	NTAG215	04 88 FD F1 33 D2 97
BruceRFID/Amiibo/Animal_Crossing/Cards/Series_3/[AC]_218_-_Lily.nfc	Amiibo	[AC]_218_-_Lily	NTAG215	04 86 CB 33 41 BA 3B
BruceRFID/Amiibo/Animal_Crossing/Cards/Series_3/[AC]_217_-_Jingle.nfc	Amiibo	[AC]_217_-_Jingle	NTAG215	04 E4 25 57 D6 C8 77
BruceRFID/Amiibo/Animal_Crossing/Cards/Series_3/[AC]_265_-_Gala.nfc	Amiibo	[AC]_265_-_Gala	NTAG215	04 E2 97 34 0E FB 8D
BruceRFID/Amiibo/Animal_Crossing/Cards/Series_3/[AC]_251_-_Chester.nfc	Amiibo	[AC]_251_-_Chester	NTAG215	04 A5 72 85 1E 0B 47
BruceRFID/Amiibo/Animal_Crossing/Cards/Series_3/[AC]_241_-_Hans.nfc	Amiibo	[AC]_241_-_Hans	NTAG215	04 10 2F 1D FA F9 47
BruceRFID/Amiibo/Animal_Crossing/Cards/Series_3/[AC]_239_-_Ricky.nfc	Amiibo	[AC]_239_-_Ricky	NTAG215	04 86 34 C9 A7 43 E3
BruceRFID/Amiibo/Animal_Crossing/Cards/Series_3/[AC]_289_-_Boomer.nfc	Amiibo	[AC]_289_-_Boomer	NTAG215	04 2A 07 6E 77 1B 43
BruceRFID/Amiibo/Animal_Crossing/Cards/Series_3/[AC]_269_-_Bree.nfc	Amiibo	[AC]_269_-_Bree	NTAG215	04 D3 2F 44 A2 88 9F
BruceRFID/Amiibo/Animal_Crossing/Cards/Series_3/[AC]_249_-_Beardo.nfc	Amiibo	[AC]_249_-_Beardo	NTAG215	04 C9 50 86 C1 82 FB
BruceRFID/Amiibo/Animal_Crossing/Cards/Series_3/[AC]_262_-_Blanche.nfc	Amiibo	[AC]_262_-_Blanche	NTAG215	04 D2 4D C6 DB A6 85
BruceRFID/Amiibo/Animal_Crossing/Cards/Series_3/[AC]_256_-_Diva.nfc	Amiibo	[AC]_256_-_Diva	NTAG215	04 5C CA 21 95 FB BD
BruceRFID/Amiibo/Animal_Crossing/Cards/Series_3/[AC]_275_-_Hamlet.nfc	Amiibo	[AC]_275_-_Hamlet	NTAG215	04 04 64 87 4B B5 17
BruceRFID/Amiibo/Animal_Crossing/Cards/Series_3/[AC]_220_-_Tabby.nfc	Amiibo	[AC]_220_-_Tabby	NTAG215	04 03 59 99 DF 05 37
BruceRFID/Amiibo/Animal_Crossing/Cards/Series_3/[AC]_229_-_Cousteau.nfc	Amiibo	[AC]_229_-_Cousteau	NTAG215	04 1D CF F1 A2 39 FB
BruceRFID/Amiibo/Animal_Crossing/Cards/Series_3/[AC]_272_-_Skye.nfc	Amiibo	[AC]_272_-_Skye	NTAG215	04 B5 0F CD 6B 93 D8
BruceRFID/Amiibo/Animal_Crossing/Cards/Series_3/[AC]_210_-_Cyrus.nfc	Amiibo	[AC]_210_-_Cyrus	NTAG215	04 4B FC 61 97 2C 4A
BruceRFID/Amiibo/Animal_Crossing/Cards/Series_3/[AC]_276_-_Astrid.nfc	Amiibo	[AC]_276_-_Astrid	NTAG215	04 AF A4 9D B1 97 09
BruceRFID/Amiibo/Animal_Crossing/Cards/Series_3/[AC]_206_-_Pete.nfc	Amiibo	[AC]_206_-_Pete	NTAG215	04 2E 91 09 94 D6 45
BruceRFID/Amiibo/Animal_Crossing/Cards/Series_3/[AC]_250_-_Ava.nfc	Amiibo	[AC]_250_-_Ava	NTAG215	04 27 12 E4 17 9A 0D
BruceRFID/Amiibo/Animal_Crossing/Cards/Series_3/[AC]_283_-_Frank.nfc	Amiibo	[AC]_283_-_Frank	NTAG215	04 1F 41 AE DB 54 4A
BruceRFID/Amiibo/Animal_Crossing/Cards/Series_3/[AC]_259_-_Stinky.nfc	Amiibo	[AC]_259_-_Stinky	NTAG215	04 FB 96 F9 18 4F 97
BruceRFID/Amiibo/Animal_Crossing/Cards/Series_3/[AC]_234_-_Marina.nfc	Amiibo	[AC]_234_-_Marina	NTAG215	04 77 A2 0E 5B 03 1C
BruceRFID/Amiibo/Animal_Crossing/Cards/Series_3/[AC]_212_-_Timmy.nfc	Amiibo	[AC]_212_-_Timmy	NTAG215	04 50 A8 FA B7 FE C6
BruceRFID/Amiibo/Animal_Crossing/Cards/Series_3/[AC]_208_-_Leif.nfc	Amiibo	[AC]_208_-_Leif	NTAG215	04 03 3C 9D F0 56 71
BruceRFID/Amiibo/Animal_Crossing/Cards/Series_3/[AC]_285_-_Merengue.nfc	Amiibo	[AC]_285_-_Merengue	NTAG215	04 53 B1 25 5C 00 1E
BruceRFID/Amiibo/Animal_Crossing/Cards/Series_3/[AC]_296_-_Soleil.nfc	Amiibo	[AC]_296_-_Soleil	NTAG215	04 5D F0 B1 DB EB 12
BruceRFID/Amiibo/Animal_Crossing/Cards/Series_3/[AC]_286_-_Cube.nfc	Amiibo	[AC]_286_-_Cube	NTAG215	04 56 05 6C CA FE 38
BruceRFID/Amiibo/Animal_Crossing/Cards/Series_3/[AC]_290_-_Caroline.nfc	Amiibo	[AC]_290_-_Caroline	NTAG215	04 7E 26 04 CA E9 ED
BruceRFID/Amiibo/Animal_Crossing/Cards/Series_3/[AC]_227_-_Rodeo.nfc	Amiibo	[AC]_227_-_Rodeo	NTAG215	04 17 C8 C9 47 5F B4
BruceRFID/Amiibo/Animal_Crossing/Cards/Series_3/[AC]_279_-_Biskit.nfc	Amiibo	[AC]_279_-_Biskit	NTAG215	04 E6 31 6D 94 6E 9A
BruceRFID/Amiibo/Animal_Crossing/Cards/Series_3/[AC]_245_-_Mac.nfc	Amiibo	[AC]_245_-_Mac	NTAG215	04 6C DF CE D4 0B EB
BruceRFID/Amiibo/Animal_Crossing/Cards/Series_3/[AC]_270_-_Rooney.nfc	Amiibo	[AC]_270_-_Rooney	NTAG215	04 8A 29 4C 20 27 C7
BruceRFID/Amiibo/Animal_Crossing/Cards/Series_3/[AC]_216_-_Franklin.nfc	Amiibo	[AC]_216_-_Franklin	NTAG215	04 3F 57 6F 73 F7 B7
BruceRFID/Amiibo/Animal_Crossing/Cards/Series_3/[AC]_236_-_Freckles.nfc	Amiibo	[AC]_236_-_Freckles	NTAG215	04 B3 B8 33 BD 0D 0A
BruceRFID/Amiibo/Animal_Crossing/Cards/Series_3/[AC]_281_-_Lyman.nfc	Amiibo	[AC]_281_-_Lyman	NTAG215	04 93 F3 02 BD 6F A1
BruceRFID/Amiibo/Animal_Crossing/Cards/Series_3/[AC]_202_-_Blathers.nfc	Amiibo	[AC]_202_-_Blathers	NTAG215	04 E2 83 0C D5 CF 52
BruceRFID/Amiibo/Animal_Crossing/Cards/Series_3/[AC]_258_-_Daisy.nfc	Amiibo	[AC]_258_-_Daisy	NTAG215	04 E9 5E B3 F9 FC 44
BruceRFID/Amiibo/Animal_Crossing/Cards/Series_3/[AC]_213_-_Digby.nfc	Amiibo	[AC]_213_-_Digby	NTAG215	04 F9 6F 92 B4 A1 C3
BruceRFID/Amiibo/Animal_Crossing/Cards/Series_3/[AC]_287_-_Claudia.nfc	Amiibo	[AC]_287_-_Claudia	NTAG215	04 87 01 F5 9D C5 EF
BruceRFID/Amiibo/Animal_Crossing/Cards/Series_3/[AC]_271_-_Curlos.nfc	Amiibo	[AC]_271_-_Curlos	NTAG215	04 BE A8 86 2D 6E CC
BruceRFID/Amiibo/Animal_Crossing/Cards/Series_3/[AC]_223_-_Del.nfc	Amiibo	[AC]_223_-_Del	NTAG215	04 41 C7 44 7B 69 1E
BruceRFID/Amiibo/Animal_Crossing/Cards/Series_3/[AC]_268_-_Buck.nfc	Amiibo	[AC]_268_-_Buck	NTAG215	04 42 75 0F 7D C2 91
BruceRFID/Amiibo/Animal_Crossing/Cards/Series_3/[AC]_255_-_Wolfgang.nfc	Amiibo	[AC]_255_-_Wolfgang	NTAG215	04 DC 35 26 D5 29 84
BruceRFID/Amiibo/Animal_Crossing/Cards/Series_3/[AC]_284_-_Chadder.nfc	Amiibo	[AC]_284_-_Chadder	NTAG215	04 A3 8C 45 C8 24 B8
BruceRFID/Amiibo/Animal_Crossing/Cards/Series_3/[AC]_257_-_Klaus.nfc	Amiibo	[AC]_257_-_Klaus	NTAG215	04 20 56 AB 4D 65 4D
BruceRFID/Amiibo/Animal_Crossing/Cards/Series_3/[AC]_211_-_Grams.nfc	Amiibo	[AC]_211_-_Grams	NTAG215	04 54 22 E9 AB 9E 82
BruceRFID/Amiibo/Animal_Crossing/Cards/Series_3/[AC]_226_-_Mitzi.nfc	Amiibo	[AC]_226_-_Mitzi	NTAG215	04 3A 4F 65 25 74 06
BruceRFID/Amiibo/Animal_Crossing/Cards/Series_3/[AC]_235_-_Spork-Crackle.nfc	Amiibo	[AC]_235_-_Spork-Crackle	NTAG215	04 09 EA 41 9D 03 2E
BruceRFID/Amiibo/Animal_Crossing/Cards/Series_3/[AC]_267_-_Pippy.nfc	Amiibo	[AC]_267_-_Pippy	NTAG215	04 42 3C A8 E1 88 CE
BruceRFID/Amiibo/Animal_Crossing/Cards/Series_3/[AC]_273_-_Moe.nfc	Amiibo	[AC]_273_-_Moe	NTAG215	04 A1 5A 3F 99 A6 C3
BruceRFID/Amiibo/Animal_Crossing/Cards/Series_3/[AC]_252_-_Merry.nfc	Amiibo	[AC]_252_-_Merry	NTAG215	04 B6 CA 00 21 5C E7
BruceRFID/Amiibo/Animal_Crossing/Cards/Series_4/[AC]_311_-_Lottie.nfc	Amiibo	[AC]_311_-_Lottie	NTAG215	04 D9 3A FA 5A 8B 32
BruceRFID/Amiibo/Animal_Crossing/Cards/Series_4/[AC]_379_-_Nibbles.nfc	Amiibo	[AC]_379_-_Nibbles	NTAG215	04 72 9C 20 E2 76 F8
BruceRFID/Amiibo/Animal_Crossing/Cards/Series_4/[AC]_396_-_Simon.nfc	Amiibo	[AC]_396_-_Simon	NTAG215	04 F1 A3 86 F0 42 9F
BruceRFID/Amiibo/Animal_Crossing/Cards/Series_4/[AC]_331_-_Pashmina.nfc	Amiibo	[AC]_331_-_Pashmina	NTAG215	04 BF 01 9F CE 46 58
BruceRFID/Amiibo/Animal_Crossing/Cards/Series_4/[AC]_385_-_Lucky.nfc	Amiibo	[AC]_385_-_Lucky	NTAG215	04 58 BB C3 C3 C3 CE
BruceRFID/Amiibo/Animal_Crossing/Cards/Series_4/[AC]_359_-_Apple.nfc	Amiibo	[AC]_359_-_Apple	NTAG215	04 4A D4 BA 83 A0 2B
BruceRFID/Amiibo/Animal_Crossing/Cards/Series_4/[AC]_354_-_Walt.nfc	Amiibo	[AC]_354_-_Walt	NTAG215	04 D9 7E 99 28 3F F2
BruceRFID/Amiibo/Animal_Crossing/Cards/Series_4/[AC]_358_-_Papi.nfc	Amiibo	[AC]_358_-_Papi	NTAG215	04 1B 70 93 26 32 22
BruceRFID/Amiibo/Animal_Crossing/Cards/Series_4/[AC]_397_-_Iggly.nfc	Amiibo	[AC]_397_-_Iggly	NTAG215	04 A6 CC FB F7 A5 4B
BruceRFID/Amiibo/Animal_Crossing/Cards/Series_4/[AC]_360_-_Rod.nfc	Amiibo	[AC]_360_-_Rod	NTAG215	04 B4 E3 E9 BA 9D 1B
BruceRFID/Amiibo/Animal_Crossing/Cards/Series_4/[AC]_304_-_Phineas.nfc	Amiibo	[AC]_304_-_Phineas	NTAG215	04 57 2F 58 B1 0C 34
BruceRFID/Amiibo/Animal_Crossing/Cards/Series_4/[AC]_350_-_Elmer.nfc	Amiibo	[AC]_350_-_Elmer	NTAG215	04 85 8C 3C 36 2A E8
BruceRFID/Amiibo/Animal_Crossing/Cards/Series_4/[AC]_382_-_Lobo.nfc	Amiibo	[AC]_382_-_Lobo	NTAG215	04 2C 19 A9 2E BF F8
BruceRFID/Amiibo/Animal_Crossing/Cards/Series_4/[AC]_339_-_Fritta.nfc	Amiibo	[AC]_339_-_Fritta	NTAG215	04 BD C1 F7 A7 D3 43
BruceRFID/Amiibo/Animal_Crossing/Cards/Series_4/[AC]_391_-_Gayle.nfc	Amiibo	[AC]_391_-_Gayle	NTAG215	04 4E 60 B3 80 8B 8F
BruceRFID/Amiibo/Animal_Crossing/Cards/Series_4/[AC]_305_-_Celeste.nfc	Amiibo	[AC]_305_-_Celeste	NTAG215	04 1A 97 F3 A8 51 CA
BruceRFID/Amiibo/Animal_Crossing/Cards/Series_4/[AC]_355_-_Mira.nfc	Amiibo	[AC]_355_-_Mira	NTAG215	04 16 A9 EA B5 83 28
BruceRFID/Amiibo/Animal_Crossing/Cards/Series_4/[AC]_303_-_Katrina.nfc	Amiibo	[AC]_303_-_Katrina	NTAG215	04 E8 18 2B E6 A7 C2
BruceRFID/Amiibo/Animal_Crossing/Cards/Series_4/[AC]_329_-_Broffina.nfc	Amiibo	[AC]_329_-_Broffina	NTAG215	04 D3 37 51 F9 BA 3F
BruceRFID/Amiibo/Animal_Crossing/Cards/Series_4/[AC]_327_-_Penelope.nfc	Amiibo	[AC]_327_-_Penelope	NTAG215	04 51 D9 28 3C 41 6C
BruceRFID/Amiibo/Animal_Crossing/Cards/Series_4/[AC]_319_-_Pinky.nfc	Amiibo	[AC]_319_-_Pinky	NTAG215	04 F9 D8 A6 61 A4 C6
BruceRFID/Amiibo/Animal_Crossing/Cards/Series_4/[AC]_324_-_Graham.nfc	Amiibo	[AC]_324_-_Graham	NTAG215	04 F6 84 B5 82 B5 E8
BruceRFID/Amiibo/Animal_Crossing/Cards/Series_4/[AC]_301_-_Isabelle.nfc	Amiibo	[AC]_301_-_Isabelle	NTAG215	04 86 2A 64 AD 2D 5E
BruceRFID/Amiibo/Animal_Crossing/Cards/Series_4/[AC]_366_-_Ribbot.nfc	Amiibo	[AC]_366_-_Ribbot	NTAG215	04 60 4A 59 EC DC 78
BruceRFID/Amiibo/Animal_Crossing/Cards/Series_4/[AC]_315_-_Redd.nfc	Amiibo	[AC]_315_-_Redd	NTAG215	04 9B 6C ED FE AB 10
BruceRFID/Amiibo/Animal_Crossing/Cards/Series_4/[AC]_395_-_Cally.nfc	Amiibo	[AC]_395_-_Cally	NTAG215	04 8A B7 92 8C 32 65
BruceRFID/Amiibo/Animal_Crossing/Cards/Series_4/[AC]_400_-_Robin.nfc	Amiibo	[AC]_400_-_Robin	NTAG215	04 C2 27 6C 8A DB 86
BruceRFID/Amiibo/Animal_Crossing/Cards/Series_4/[AC]_352_-_Rory.nfc	Amiibo	[AC]_352_-_Rory	NTAG215	04 60 A0 A0 F6 9F 80
BruceRFID/Amiibo/Animal_Crossing/Cards/Series_4/[AC]_322_-_Rocco.nfc	Amiibo	[AC]_322_-_Rocco	NTAG215	04 92 F7 43 D0 5A 38
BruceRFID/Amiibo/Animal_Crossing/Cards/Series_4/[AC]_398_-_Angus.nfc	Amiibo	[AC]_398_-_Angus	NTAG215	04 E2 E5 54 CF 23 21
BruceRFID/Amiibo/Animal_Crossing/Cards/Series_4/[AC]_357_-_Aurora.nfc	Amiibo	[AC]_357_-_Aurora	NTAG215	04 89 A9 FD D6 09 ED
BruceRFID/Amiibo/Animal_Crossing/Cards/Series_4/[AC]_336_-_Pierce.nfc	Amiibo	[AC]_336_-_Pierce	NTAG215	04 E7 15 B7 11 63 29
BruceRFID/Amiibo/Animal_Crossing/Cards/Series_4/[AC]_388_-_Maelle.nfc	Amiibo	[AC]_388_-_Maelle	NTAG215	04 6B 24 A1 EF 68 89
BruceRFID/Amiibo/Animal_Crossing/Cards/Series_4/[AC]_383_-_Hippeux.nfc	Amiibo	[AC]_383_-_Hippeux	NTAG215	04 89 FA D8 D2 EF D5
BruceRFID/Amiibo/Animal_Crossing/Cards/Series_4/[AC]_330_-_Croque.nfc	Amiibo	[AC]_330_-_Croque	NTAG215	04 BD 61 CD F3 97 B3
BruceRFID/Amiibo/Animal_Crossing/Cards/Series_4/[AC]_374_-_Tank.nfc	Amiibo	[AC]_374_-_Tank	NTAG215	04 49 5F B2 53 EF 63
BruceRFID/Amiibo/Animal_Crossing/Cards/Series_4/[AC]_341_-_Melba.nfc	Amiibo	[AC]_341_-_Melba	NTAG215	04 21 C0 47 8E 8A A4
BruceRFID/Amiibo/Animal_Crossing/Cards/Series_4/[AC]_390_-_O_Hare.nfc	Amiibo	[AC]_390_-_O_Hare	NTAG215	04 5F 7C 7A 4B 90 4A
BruceRFID/Amiibo/Animal_Crossing/Cards/Series_4/[AC]_377_-_Sydney.nfc	Amiibo	[AC]_377_-_Sydney	NTAG215	04 F7 C4 A7 A9 96 CB
BruceRFID/Amiibo/Animal_Crossing/Cards/Series_4/[AC]_308_-_Leilani.nfc	Amiibo	[AC]_308_-_Leilani	NTAG215	04 B2 E6 EE DA 9C FB
BruceRFID/Amiibo/Animal_Crossing/Cards/Series_4/[AC]_364_-_Zucker.nfc	Amiibo	[AC]_364_-_Zucker	NTAG215	04 A3 FD 84 51 61 64
BruceRFID/Amiibo/Animal_Crossing/Cards/Series_4/[AC]_343_-_Anabelle.nfc	Amiibo	[AC]_343_-_Anabelle	NTAG215	04 83 41 7F 9C CC 0E
BruceRFID/Amiibo/Animal_Crossing/Cards/Series_4/[AC]_387_-_Rowan.nfc	Amiibo	[AC]_387_-_Rowan	NTAG215	04 7B 26 2F 0E 45 75
BruceRFID/Amiibo/Animal_Crossing/Cards/Series_4/[AC]_316_-_Zipper.nfc	Amiibo	[AC]_316_-_Zipper	NTAG215	04 35 F9 3D 66 E0 44
BruceRFID/Amiibo/Animal_Crossing/Cards/Series_4/[AC]_375_-_Becky.nfc	Amiibo	[AC]_375_-_Becky	NTAG215	04 AE B3 1D 8A 6C 5A
BruceRFID/Amiibo/Animal_Crossing/Cards/Series_4/[AC]_376_-_Rizzo.nfc	Amiibo	[AC]_376_-_Rizzo	NTAG215	04 11 98 4E 5A BD 91
BruceRFID/Amiibo/Animal_Crossing/Cards/Series_4/[AC]_325_-_Peaches.nfc	Amiibo	[AC]_325_-_Peaches	NTAG215	04 32 01 9E 01 92 CD
BruceRFID/Amiibo/Animal_Crossing/Cards/Series_4/[AC]_310_-_Timmy.nfc	Amiibo	[AC]_310_-_Timmy	NTAG215	04 05 14 1E E5 95 D3
BruceRFID/Amiibo/Animal_Crossing/Cards/Series_4/[AC]_314_-_Gulliver.nfc	Amiibo	[AC]_314_-_Gulliver	NTAG215	04 D4 77 BF 63 D8 7D
BruceRFID/Amiibo/Animal_Crossing/Cards/Series_4/[AC]_399_-_Twiggy.nfc	Amiibo	[AC]_399_-_Twiggy	NTAG215	04 08 85 FF C4 0A AA
BruceRFID/Amiibo/Animal_Crossing/Cards/Series_4/[AC]_344_-_Rudy.nfc	Amiibo	[AC]_344_-_Rudy	NTAG215	04 2E 6F E1 1E 23 2F
BruceRFID/Amiibo/Animal_Crossing/Cards/Series_4/[AC]_373_-_Pompom.nfc	Amiibo	[AC]_373_-_Pompom	NTAG215	04 9D D5 95 7F 4D 24
BruceRFID/Amiibo/Animal_Crossing/Cards/Series_4/[AC]_346_-_Peewee.nfc	Amiibo	[AC]_346_-_Peewee	NTAG215	04 A5 2F 34 98 CA BF
BruceRFID/Amiibo/Animal_Crossing/Cards/Series_4/[AC]_337_-_Queenie.nfc	Amiibo	[AC]_337_-_Queenie	NTAG215	04 D8 E4 83 CB 37 D6
BruceRFID/Amiibo/Animal_Crossing/Cards/Series_4/[AC]_394_-_Grizzly.nfc	Amiibo	[AC]_394_-_Grizzly	NTAG215	04 EC CB 84 62 FA D8
BruceRFID/Amiibo/Animal_Crossing/Cards/Series_4/[AC]_371_-_Sally.nfc	Amiibo	[AC]_371_-_Sally	NTAG215	04 ED 3E 48 F1 26 DD
BruceRFID/Amiibo/Animal_Crossing/Cards/Series_4/[AC]_320_-_Mott.nfc	Amiibo	[AC]_320_-_Mott	NTAG215	04 1E E6 83 0E 11 54
BruceRFID/Amiibo/Animal_Crossing/Cards/Series_4/[AC]_351_-_Puddles.nfc	Amiibo	[AC]_351_-_Puddles	NTAG215	04 D4 C0 58 15 C3 1A
BruceRFID/Amiibo/Animal_Crossing/Cards/Series_4/[AC]_302_-_Brewster.nfc	Amiibo	[AC]_302_-_Brewster	NTAG215	04 85 04 89 5D 59 C1
BruceRFID/Amiibo/Animal_Crossing/Cards/Series_4/[AC]_389_-_Bruce.nfc	Amiibo	[AC]_389_-_Bruce	NTAG215	04 2C E3 AF 1E 72 BC
BruceRFID/Amiibo/Animal_Crossing/Cards/Series_4/[AC]_353_-_Elise.nfc	Amiibo	[AC]_353_-_Elise	NTAG215	04 97 87 37 64 49 39
BruceRFID/Amiibo/Animal_Crossing/Cards/Series_4/[AC]_307_-_Gracie.nfc	Amiibo	[AC]_307_-_Gracie	NTAG215	04 AE DE CB D9 9D 4E
BruceRFID/Amiibo/Animal_Crossing/Cards/Series_4/[AC]_386_-_Rosie.nfc	Amiibo	[AC]_386_-_Rosie	NTAG215	04 35 4C 10 73 90 FA
BruceRFID/Amiibo/Animal_Crossing/Cards/Series_4/[AC]_367_-_Annalise.nfc	Amiibo	[AC]_367_-_Annalise	NTAG215	04 9B CB 27 94 BD 72
BruceRFID/Amiibo/Animal_Crossing/Cards/Series_4/[AC]_349_-_Lucy.nfc	Amiibo	[AC]_349_-_Lucy	NTAG215	04 D8 A3 F9 AE 96 85
BruceRFID/Amiibo/Animal_Crossing/Cards/Series_4/[AC]_321_-_Mallary.nfc	Amiibo	[AC]_321_-_Mallary	NTAG215	04 8B 95 2B 51 D9 86
BruceRFID/Amiibo/Animal_Crossing/Cards/Series_4/[AC]_370_-_Jacques.nfc	Amiibo	[AC]_370_-_Jacques	NTAG215	04 5B 3E 66 D2 55 79
BruceRFID/Amiibo/Animal_Crossing/Cards/Series_4/[AC]_381_-_Gloria.nfc	Amiibo	[AC]_381_-_Gloria	NTAG215	04 CD 17 74 FF AC D1
BruceRFID/Amiibo/Animal_Crossing/Cards/Series_4/[AC]_363_-_Celia.nfc	Amiibo	[AC]_363_-_Celia	NTAG215	04 0A FA A8 CA 80 C5
BruceRFID/Amiibo/Animal_Crossing/Cards/Series_4/[AC]_345_-_Naomi.nfc	Amiibo	[AC]_345_-_Naomi	NTAG215	04 48 85 69 57 49 B6
BruceRFID/Amiibo/Animal_Crossing/Cards/Series_4/[AC]_372_-_Doc.nfc	Amiibo	[AC]_372_-_Doc	NTAG215	04 9E A4 55 86 AA 72
BruceRFID/Amiibo/Animal_Crossing/Cards/Series_4/[AC]_306_-_Tommy.nfc	Amiibo	[AC]_306_-_Tommy	NTAG215	04 13 D0 AB 03 34 04
BruceRFID/Amiibo/Animal_Crossing/Cards/Series_4/[AC]_384_-_Margie.nfc	Amiibo	[AC]_384_-_Margie	NTAG215	04 95 E1 AF 4D 0A CE
BruceRFID/Amiibo/Animal_Crossing/Cards/Series_4/[AC]_368_-_Chow.nfc	Amiibo	[AC]_368_-_Chow	NTAG215	04 D0 6A 30 4A D1 08
BruceRFID/Amiibo/Animal_Crossing/Cards/Series_4/[AC]_342_-_Bones.nfc	Amiibo	[AC]_342_-_Bones	NTAG215	04 45 9F 0F 1A 47 15
BruceRFID/Amiibo/Animal_Crossing/Cards/Series_4/[AC]_334_-_Erik.nfc	Amiibo	[AC]_334_-_Erik	NTAG215	04 53 6E FE 59 74 57
BruceRFID/Amiibo/Animal_Crossing/Cards/Series_4/[AC]_317_-_Goldie.nfc	Amiibo	[AC]_317_-_Goldie	NTAG215	04 5B 5A E0 4C 69 A7
BruceRFID/Amiibo/Animal_Crossing/Cards/Series_4/[AC]_348_-_Olaf.nfc	Amiibo	[AC]_348_-_Olaf	NTAG215	04 94 16 10 52 FA C5
BruceRFID/Amiibo/Animal_Crossing/Cards/Series_4/[AC]_318_-_Stitches.nfc	Amiibo	[AC]_318_-_Stitches	NTAG215	04 58 BE 64 6F B5 D9
BruceRFID/Amiibo/Animal_Crossing/Cards/Series_4/[AC]_323_-_Katt.nfc	Amiibo	[AC]_323_-_Katt	NTAG215	04 19 46 C2 6B A9 B3
BruceRFID/Amiibo/Animal_Crossing/Cards/Series_4/[AC]_326_-_Dizzy.nfc	Amiibo	[AC]_326_-_Dizzy	NTAG215	04 DE 3E F5 77 B0 7E
BruceRFID/Amiibo/Animal_Crossing/Cards/Series_4/[AC]_356_-_Pietro.nfc	Amiibo	[AC]_356_-_Pietro	NTAG215	04 9D 27 DC C8 75 7C
BruceRFID/Amiibo/Animal_Crossing/Cards/Series_4/[AC]_378_-_Barold.nfc	Amiibo	[AC]_378_-_Barold	NTAG215	04 84 33 01 6F AA 18
BruceRFID/Amiibo/Animal_Crossing/Cards/Series_4/[AC]_328_-_Boone.nfc	Amiibo	[AC]_328_-_Boone	NTAG215	04 54 0F B4 23 CB 0D
BruceRFID/Amiibo/Animal_Crossing/Cards/Series_4/[AC]_392_-_Cranston.nfc	Amiibo	[AC]_392_-_Cranston	NTAG215	04 08 13 C3 5E 7A 0B
BruceRFID/Amiibo/Animal_Crossing/Cards/Series_4/[AC]_365_-_Peggy.nfc	Amiibo	[AC]_365_-_Peggy	NTAG215	04 C8 5E 5D 4C 6A B6
BruceRFID/Amiibo/Animal_Crossing/Cards/Series_4/[AC]_369_-_Sylvia.nfc	Amiibo	[AC]_369_-_Sylvia	NTAG215	04 4F D1 8C 94 01 A8
BruceRFID/Amiibo/Animal_Crossing/Cards/Series_4/[AC]_393_-_Frobert.nfc	Amiibo	[AC]_393_-_Frobert	NTAG215	04 55 3D BD 52 BE C5
BruceRFID/Amiibo/Animal_Crossing/Cards/Series_4/[AC]_312_-_Shrunk.nfc	Amiibo	[AC]_312_-_Shrunk	NTAG215	04 19 9D 1C 7A 1E 65
BruceRFID/Amiibo/Animal_Crossing/Cards/Series_4/[AC]_380_-_Kevin.nfc	Amiibo	[AC]_380_-_Kevin	NTAG215	04 B3 E0 DF 15 2A 1C
BruceRFID/Amiibo/Animal_Crossing/Cards/Series_4/[AC]_340_-_Tex.nfc	Amiibo	[AC]_340_-_Tex	NTAG215	04 A9 96 AA 03 7C D3
BruceRFID/Amiibo/Animal_Crossing/Cards/Series_4/[AC]_332_-_Shep.nfc	Amiibo	[AC]_332_-_Shep	NTAG215	04 E4 7B CA BB 51 EB
BruceRFID/Amiibo/Animal_Crossing/Cards/Series_4/[AC]_309_-_Resetti.nfc	Amiibo	[AC]_309_-_Resetti	NTAG215	04 05 5A D0 45 F6 FE
BruceRFID/Amiibo/Animal_Crossing/Cards/Series_4/[AC]_333_-_Lolly.nfc	Amiibo	[AC]_333_-_Lolly	NTAG215	04 D2 68 F6 93 8B D9
BruceRFID/Amiibo/Animal_Crossing/Cards/Series_4/[AC]_313_-_Pave.nfc	Amiibo	[AC]_313_-_Pave	NTAG215	04 AD D0 02 26 34 AE
BruceRFID/Amiibo/Animal_Crossing/Cards/Series_4/[AC]_362_-_Static.nfc	Amiibo	[AC]_362_-_Static	NTAG215	04 CF 18 DD 71 87 02
BruceRFID/Amiibo/Animal_Crossing/Cards/Series_4/[AC]_335_-_Dotty.nfc	Amiibo	[AC]_335_-_Dotty	NTAG215	04 01 C2 07 16 D3 17
BruceRFID/Amiibo/Animal_Crossing/Cards/Series_4/[AC]_361_-_Purrl.nfc	Amiibo	[AC]_361_-_Purrl	NTAG215	04 B6 EA 15 C9 DC 33
BruceRFID/Amiibo/Animal_Crossing/Cards/Series_4/[AC]_338_-_Fang.nfc	Amiibo	[AC]_338_-_Fang	NTAG215	04 8A 8A 90 54 62 E6
BruceRFID/Amiibo/Animal_Crossing/Cards/Series_4/[AC]_347_-_Tammy.nfc	Amiibo	[AC]_347_-_Tammy	NTAG215	04 1E 8F 36 CC 11 41
BruceRFID/Amiibo/Animal_Crossing/Cards/Welcome_amiibo_Series/[AC]_W25_-_Plucky.nfc	Amiibo	[AC]_W25_-_Plucky	NTAG215	04 77 2D 3A F5 1E 02
BruceRFID/Amiibo/Animal_Crossing/Cards/Welcome_amiibo_Series/[AC]_W37_-_Leopold.nfc	Amiibo	[AC]_W37_-_Leopold	NTAG215	04 C1 96 62 87 B4 A1
BruceRFID/Amiibo/Animal_Crossing/Cards/Welcome_amiibo_Series/[AC]_W23_-_Maggie.nfc	Amiibo	[AC]_W23_-_Maggie	NTAG215	04 CE 33 82 13 54 43
BruceRFID/Amiibo/Animal_Crossing/Cards/Welcome_amiibo_Series/[AC]_W49_-_Ike.nfc	Amiibo	[AC]_W49_-_Ike	NTAG215	04 EB EF 40 0E DC 4A
BruceRFID/Amiibo/Animal_Crossing/Cards/Welcome_amiibo_Series/[AC]_W11_-_Boris.nfc	Amiibo	[AC]_W11_-_Boris	NTAG215	04 65 5B 98 24 58 FE
BruceRFID/Amiibo/Animal_Crossing/Cards/Welcome_amiibo_Series/[AC]_W07_-_Stella.nfc	Amiibo	[AC]_W07_-_Stella	NTAG215	04 29 52 02 71 06 9D
BruceRFID/Amiibo/Animal_Crossing/Cards/Welcome_amiibo_Series/[AC]_W14_-_Ketchup.nfc	Amiibo	[AC]_W14_-_Ketchup	NTAG215	04 F0 0D 90 F3 D6 DC
BruceRFID/Amiibo/Animal_Crossing/Cards/Welcome_amiibo_Series/[AC]_W02_-_Hopkins.nfc	Amiibo	[AC]_W02_-_Hopkins	NTAG215	04 8F 90 8B 7C 55 3D
BruceRFID/Amiibo/Animal_Crossing/Cards/Welcome_amiibo_Series/[AC]_W06_-_Hornsby.nfc	Amiibo	[AC]_W06_-_Hornsby	NTAG215	04 04 17 A4 8B 48 84
BruceRFID/Amiibo/Animal_Crossing/Cards/Welcome_amiibo_Series/[AC]_W28_-_Raddle.nfc	Amiibo	[AC]_W28_-_Raddle	NTAG215	04 6F BF 8E 51 9B BF
BruceRFID/Amiibo/Animal_Crossing/Cards/Welcome_amiibo_Series/[AC]_W29_-_Julia.nfc	Amiibo	[AC]_W29_-_Julia	NTAG215	04 3A 8A 46 E7 D6 2B
BruceRFID/Amiibo/Animal_Crossing/Cards/Welcome_amiibo_Series/[AC]_W27_-_Claude.nfc	Amiibo	[AC]_W27_-_Claude	NTAG215	04 7C AF 22 FE 71 F5
BruceRFID/Amiibo/Animal_Crossing/Cards/Welcome_amiibo_Series/[AC]_W46_-_Dobie.nfc	Amiibo	[AC]_W46_-_Dobie	NTAG215	04 08 79 D1 DC 34 77
BruceRFID/Amiibo/Animal_Crossing/Cards/Welcome_amiibo_Series/[AC]_W38_-_Spike.nfc	Amiibo	[AC]_W38_-_Spike	NTAG215	04 F5 DB A1 F5 D4 8B
BruceRFID/Amiibo/Animal_Crossing/Cards/Welcome_amiibo_Series/[AC]_W20_-_Billy.nfc	Amiibo	[AC]_W20_-_Billy	NTAG215	04 27 D7 13 73 47 83
BruceRFID/Amiibo/Animal_Crossing/Cards/Welcome_amiibo_Series/[AC]_W26_-_Sandy.nfc	Amiibo	[AC]_W26_-_Sandy	NTAG215	04 E1 3D 13 AE 91 99
BruceRFID/Amiibo/Animal_Crossing/Cards/Welcome_amiibo_Series/[AC]_W50_-_Tasha.nfc	Amiibo	[AC]_W50_-_Tasha	NTAG215	04 1E C1 A2 36 76 C7
BruceRFID/Amiibo/Animal_Crossing/Cards/Welcome_amiibo_Series/[AC]_W09_-_Huck.nfc	Amiibo	[AC]_W09_-_Huck	NTAG215	04 63 3C B8 01 AF 46
BruceRFID/Amiibo/Animal_Crossing/Cards/Welcome_amiibo_Series/[AC]_W47_-_Buzz.nfc	Amiibo	[AC]_W47_-_Buzz	NTAG215	04 22 94 9C 70 A1 A2
BruceRFID/Amiibo/Animal_Crossing/Cards/Welcome_amiibo_Series/[AC]_W45_-_Olive.nfc	Amiibo	[AC]_W45_-_Olive	NTAG215	04 AF D9 CF 52 37 5C
BruceRFID/Amiibo/Animal_Crossing/Cards/Welcome_amiibo_Series/[AC]_W05_-_Paolo.nfc	Amiibo	[AC]_W05_-_Paolo	NTAG215	04 04 0D 4C 20 70 88
BruceRFID/Amiibo/Animal_Crossing/Cards/Welcome_amiibo_Series/[AC]_W08_-_Tybalt.nfc	Amiibo	[AC]_W08_-_Tybalt	NTAG215	04 17 6E D9 D2 29 A4
BruceRFID/Amiibo/Animal_Crossing/Cards/Welcome_amiibo_Series/[AC]_W15_-_Rex.nfc	Amiibo	[AC]_W15_-_Rex	NTAG215	04 42 D4 B2 E0 70 C8
BruceRFID/Amiibo/Animal_Crossing/Cards/Welcome_amiibo_Series/[AC]_W43_-_Sprocket.nfc	Amiibo	[AC]_W43_-_Sprocket	NTAG215	04 6D 58 64 67 82 C9
BruceRFID/Amiibo/Animal_Crossing/Cards/Welcome_amiibo_Series/[AC]_W34_-_Boots.nfc	Amiibo	[AC]_W34_-_Boots	NTAG215	04 77 45 51 F4 A6 15
BruceRFID/Amiibo/Animal_Crossing/Cards/Welcome_amiibo_Series/[AC]_W33_-_Ellie.nfc	Amiibo	[AC]_W33_-_Ellie	NTAG215	04 56 BE C5 11 29 60
BruceRFID/Amiibo/Animal_Crossing/Cards/Welcome_amiibo_Series/[AC]_W13_-_Carrie.nfc	Amiibo	[AC]_W13_-_Carrie	NTAG215	04 E2 53 7A 72 60 8A
BruceRFID/Amiibo/Animal_Crossing/Cards/Welcome_amiibo_Series/[AC]_W16_-_Stu.nfc	Amiibo	[AC]_W16_-_Stu	NTAG215	04 FA 86 C2 6B B7 07
BruceRFID/Amiibo/Animal_Crossing/Cards/Welcome_amiibo_Series/[AC]_W22_-_Bitty.nfc	Amiibo	[AC]_W22_-_Bitty	NTAG215	04 06 4B 12 60 A0 51
BruceRFID/Amiibo/Animal_Crossing/Cards/Welcome_amiibo_Series/[AC]_W42_-_Gonzo.nfc	Amiibo	[AC]_W42_-_Gonzo	NTAG215	04 40 A0 8C 8F FA EF
BruceRFID/Amiibo/Animal_Crossing/Cards/Welcome_amiibo_Series/[AC]_W10_-_Sylvana.nfc	Amiibo	[AC]_W10_-_Sylvana	NTAG215	04 BB 30 B7 81 BF 86
BruceRFID/Amiibo/Animal_Crossing/Cards/Welcome_amiibo_Series/[AC]_W18_-_Jacob.nfc	Amiibo	[AC]_W18_-_Jacob	NTAG215	04 94 30 93 AF F6 8B
BruceRFID/Amiibo/Animal_Crossing/Cards/Welcome_amiibo_Series/[AC]_W44_-_Snooty.nfc	Amiibo	[AC]_W44_-_Snooty	NTAG215	04 C9 F7 F0 3E FB 68
BruceRFID/Amiibo/Animal_Crossing/Cards/Welcome_amiibo_Series/[AC]_W21_-_Boyd.nfc	Amiibo	[AC]_W21_-_Boyd	NTAG215	04 C3 26 BD FF 6D 0B
BruceRFID/Amiibo/Animal_Crossing/Cards/Welcome_amiibo_Series/[AC]_W30_-_Louie.nfc	Amiibo	[AC]_W30_-_Louie	NTAG215	04 8C 11 56 25 07 12
BruceRFID/Amiibo/Animal_Crossing/Cards/Welcome_amiibo_Series/[AC]_W41_-_Norma.nfc	Amiibo	[AC]_W41_-_Norma	NTAG215	04 BD 03 3D FF 2E 45
BruceRFID/Amiibo/Animal_Crossing/Cards/Welcome_amiibo_Series/[AC]_W19_-_Maddie.nfc	Amiibo	[AC]_W19_-_Maddie	NTAG215	04 CE A2 0C 53 75 F1
BruceRFID/Amiibo/Animal_Crossing/Cards/Welcome_amiibo_Series/[AC]_W35_-_Weber.nfc	Amiibo	[AC]_W35_-_Weber	NTAG215	04 E5 09 1F 2A 3F 85
BruceRFID/Amiibo/Animal_Crossing/Cards/Welcome_amiibo_Series/[AC]_W17_-_Ursala.nfc	Amiibo	[AC]_W17_-_Ursala	NTAG215	04 35 EA EC B5 86 42
BruceRFID/Amiibo/Animal_Crossing/Cards/Welcome_amiibo_Series/[AC]_W36_-_Candi.nfc	Amiibo	[AC]_W36_-_Candi	NTAG215	04 A7 DE 3A FB BE A5
BruceRFID/Amiibo/Animal_Crossing/Cards/Welcome_amiibo_Series/[AC]_W01_-_Vivian.nfc	Amiibo	[AC]_W01_-_Vivian	NTAG215	04 DE 60 A2 17 19 6B
BruceRFID/Amiibo/Animal_Crossing/Cards/Welcome_amiibo_Series/[AC]_W24_-_Murphy.nfc	Amiibo	[AC]_W24_-_Murphy	NTAG215	04 E5 48 83 E1 F5 EC
BruceRFID/Amiibo/Animal_Crossing/Cards/Welcome_amiibo_Series/[AC]_W39_-_Cashmere.nfc	Amiibo	[AC]_W39_-_Cashmere	NTAG215	04 59 7B 9C 95 C2 7F
BruceRFID/Amiibo/Animal_Crossing/Cards/Welcome_amiibo_Series/[AC]_W32_-_Admiral.nfc	Amiibo	[AC]_W32_-_Admiral	NTAG215	04 B4 49 2A 16 58 0C
BruceRFID/Amiibo/Animal_Crossing/Cards/Welcome_amiibo_Series/[AC]_W12_-_Wade.nfc	Amiibo	[AC]_W12_-_Wade	NTAG215	04 79 30 3E 1C 8C 21
BruceRFID/Amiibo/Animal_Crossing/Cards/Welcome_amiibo_Series/[AC]_W04_-_Piper.nfc	Amiibo	[AC]_W04_-_Piper	NTAG215	04 D2 01 90 77 23 40
BruceRFID/Amiibo/Animal_Crossing/Cards/Welcome_amiibo_Series/[AC]_W40_-_Tad.nfc	Amiibo	[AC]_W40_-_Tad	NTAG215	04 0E 5A A0 3D FC 9C
BruceRFID/Amiibo/Animal_Crossing/Cards/Welcome_amiibo_Series/[AC]_W03_-_June.nfc	Amiibo	[AC]_W03_-_June	NTAG215	04 D1 1E 72 5A 4F 8D
BruceRFID/Amiibo/Animal_Crossing/Cards/Welcome_amiibo_Series/[AC]_W48_-_Cleo.nfc	Amiibo	[AC]_W48_-_Cleo	NTAG215	04 0F B8 02 08 36 D6
BruceRFID/Amiibo/Animal_Crossing/Cards/Welcome_amiibo_Series/[AC]_W31_-_Bea.nfc	Amiibo	[AC]_W31_-_Bea	NTAG215	04 CA 84 7B 02 CB AA
BruceRFID/Amiibo/Animal_Crossing/Cards/Animal_Crossing_x_Sanrio_Series/[AC]_XS2_-_Marty.nfc	Amiibo	[AC]_XS2_-_Marty	NTAG215	04 15 78 58 03 06 E6
BruceRFID/Amiibo/Animal_Crossing/Cards/Animal_Crossing_x_Sanrio_Series/[AC]_XS6_-_Toby.nfc	Amiibo	[AC]_XS6_-_Toby	NTAG215	04 0D 4C 5F AA B0 73
BruceRFID/Amiibo/Animal_Crossing/Cards/Animal_Crossing_x_Sanrio_Series/[AC]_XS4_-_Chai.nfc	Amiibo	[AC]_XS4_-_Chai	NTAG215	04 A7 E7 3B 24 17 FE
BruceRFID/Amiibo/Animal_Crossing/Cards/Animal_Crossing_x_Sanrio_Series/[AC]_XS3_-_Ètoile.nfc	Amiibo	[AC]_XS3_-_Ètoile	NTAG215	04 29 31 EB D8 81 5E
BruceRFID/Amiibo/Animal_Crossing/Cards/Animal_Crossing_x_Sanrio_Series/[AC]_XS1_-_Rilla.nfc	Amiibo	[AC]_XS1_-_Rilla	NTAG215	04 D0 F1 13 32 BD 52
BruceRFID/Amiibo/Animal_Crossing/Cards/Animal_Crossing_x_Sanrio_Series/[AC]_XS5_-_Chelsea.nfc	Amiibo	[AC]_XS5_-_Chelsea	NTAG215	04 A2 38 0B 9C 1B A1
BruceRFID/Amiibo/Animal_Crossing/Cards/Series_1/[AC]_090_-_Axel.nfc	Amiibo	[AC]_090_-_Axel	NTAG215	04 A0 45 E6 CB 90 28
BruceRFID/Amiibo/Animal_Crossing/Cards/Series_1/[AC]_037_-_Kabuki.nfc	Amiibo	[AC]_037_-_Kabuki	NTAG215	04 25 7C 00 8A 24 E2
BruceRFID/Amiibo/Animal_Crossing/Cards/Series_1/[AC]_089_-_Diana.nfc	Amiibo	[AC]_089_-_Diana	NTAG215	04 C5 25 E6 33 1B A5
BruceRFID/Amiibo/Animal_Crossing/Cards/Series_1/[AC]_015_-_Tortimer.nfc	Amiibo	[AC]_015_-_Tortimer	NTAG215	04 56 CA D6 2E A7 64
BruceRFID/Amiibo/Animal_Crossing/Cards/Series_1/[AC]_019_-_Fauna.nfc	Amiibo	[AC]_019_-_Fauna	NTAG215	04 4D 81 D6 0A 2E 56
BruceRFID/Amiibo/Animal_Crossing/Cards/Series_1/[AC]_066_-_Gruff.nfc	Amiibo	[AC]_066_-_Gruff	NTAG215	04 D9 C7 44 BB 5A E5
BruceRFID/Amiibo/Animal_Crossing/Cards/Series_1/[AC]_032_-_Bluebear.nfc	Amiibo	[AC]_032_-_Bluebear	NTAG215	04 96 5C 9B 45 90 35
BruceRFID/Amiibo/Animal_Crossing/Cards/Series_1/[AC]_035_-_Deli.nfc	Amiibo	[AC]_035_-_Deli	NTAG215	04 9A 98 41 C2 8D B1
BruceRFID/Amiibo/Animal_Crossing/Cards/Series_1/[AC]_010_-_Pascal.nfc	Amiibo	[AC]_010_-_Pascal	NTAG215	04 C6 4B 70 48 E6 0E
BruceRFID/Amiibo/Animal_Crossing/Cards/Series_1/[AC]_062_-_T-Bone.nfc	Amiibo	[AC]_062_-_T-Bone	NTAG215	04 31 6B 61 35 4C AE
BruceRFID/Amiibo/Animal_Crossing/Cards/Series_1/[AC]_005_-_Kappn.nfc	Amiibo	[AC]_005_-_Kappn	NTAG215	04 91 70 16 3B F7 6F
BruceRFID/Amiibo/Animal_Crossing/Cards/Series_1/[AC]_008_-_Timmy.nfc	Amiibo	[AC]_008_-_Timmy	NTAG215	04 16 9E 3D EA D3 B7
BruceRFID/Amiibo/Animal_Crossing/Cards/Series_1/[AC]_058_-_Monique.nfc	Amiibo	[AC]_058_-_Monique	NTAG215	04 F0 A2 52 4C 86 0C
BruceRFID/Amiibo/Animal_Crossing/Cards/Series_1/[AC]_024_-_Kyle.nfc	Amiibo	[AC]_024_-_Kyle	NTAG215	04 2B D4 9E 1C 3C 85
BruceRFID/Amiibo/Animal_Crossing/Cards/Series_1/[AC]_087_-_Bunnie.nfc	Amiibo	[AC]_087_-_Bunnie	NTAG215	04 53 41 5A 8A 76 4E
BruceRFID/Amiibo/Animal_Crossing/Cards/Series_1/[AC]_057_-_Phil.nfc	Amiibo	[AC]_057_-_Phil	NTAG215	04 6B CE 9F 0C BD FF
BruceRFID/Amiibo/Animal_Crossing/Cards/Series_1/[AC]_074_-_Cobb.nfc	Amiibo	[AC]_074_-_Cobb	NTAG215	04 FA 85 B1 D8 CF 94
BruceRFID/Amiibo/Animal_Crossing/Cards/Series_1/[AC]_041_-_Quillson.nfc	Amiibo	[AC]_041_-_Quillson	NTAG215	04 BF 0C 06 72 39 DD
BruceRFID/Amiibo/Animal_Crossing/Cards/Series_1/[AC]_077_-_Cherry.nfc	Amiibo	[AC]_077_-_Cherry	NTAG215	04 17 30 33 EA 60 79
BruceRFID/Amiibo/Animal_Crossing/Cards/Series_1/[AC]_081_-_Eunice.nfc	Amiibo	[AC]_081_-_Eunice	NTAG215	04 32 33 F0 87 C4 B5
BruceRFID/Amiibo/Animal_Crossing/Cards/Series_1/[AC]_044_-_Shari.nfc	Amiibo	[AC]_044_-_Shari	NTAG215	04 68 B8 25 5F 54 CB
BruceRFID/Amiibo/Animal_Crossing/Cards/Series_1/[AC]_059_-_Nate.nfc	Amiibo	[AC]_059_-_Nate	NTAG215	04 22 3B A6 D0 0F 0B
BruceRFID/Amiibo/Animal_Crossing/Cards/Series_1/[AC]_033_-_Bill.nfc	Amiibo	[AC]_033_-_Bill	NTAG215	04 81 32 9E 02 07 DC
BruceRFID/Amiibo/Animal_Crossing/Cards/Series_1/[AC]_047_-_Knox.nfc	Amiibo	[AC]_047_-_Knox	NTAG215	04 87 B7 2B FE 4A 01
BruceRFID/Amiibo/Animal_Crossing/Cards/Series_1/[AC]_018_-_Bob.nfc	Amiibo	[AC]_018_-_Bob	NTAG215	04 1E E8 29 6F E0 C7
BruceRFID/Amiibo/Animal_Crossing/Cards/Series_1/[AC]_080_-_Eugene.nfc	Amiibo	[AC]_080_-_Eugene	NTAG215	04 B2 7E 4C 4D D3 55
BruceRFID/Amiibo/Animal_Crossing/Cards/Series_1/[AC]_042_-_Marcie.nfc	Amiibo	[AC]_042_-_Marcie	NTAG215	04 2D 0A 22 8D 77 28
BruceRFID/Amiibo/Animal_Crossing/Cards/Series_1/[AC]_045_-_Octavian.nfc	Amiibo	[AC]_045_-_Octavian	NTAG215	04 B7 D4 E9 66 6C 4A
BruceRFID/Amiibo/Animal_Crossing/Cards/Series_1/[AC]_009_-_Digby.nfc	Amiibo	[AC]_009_-_Digby	NTAG215	04 A9 90 1B 74 CE 35
BruceRFID/Amiibo/Animal_Crossing/Cards/Series_1/[AC]_013_-_Saharah.nfc	Amiibo	[AC]_013_-_Saharah	NTAG215	04 47 78 C1 CA 49 C5
BruceRFID/Amiibo/Animal_Crossing/Cards/Series_1/[AC]_076_-_Jeramiah.nfc	Amiibo	[AC]_076_-_Jeramiah	NTAG215	04 73 75 5C 32 73 B4
BruceRFID/Amiibo/Animal_Crossing/Cards/Series_1/[AC]_056_-_Bangle.nfc	Amiibo	[AC]_056_-_Bangle	NTAG215	04 71 4B 7B F1 AF F6
BruceRFID/Amiibo/Animal_Crossing/Cards/Series_1/[AC]_031_-_Sheldon.nfc	Amiibo	[AC]_031_-_Sheldon	NTAG215	04 8C 53 9A 3C 21 C4
BruceRFID/Amiibo/Animal_Crossing/Cards/Series_1/[AC]_068_-_Clyde.nfc	Amiibo	[AC]_068_-_Clyde	NTAG215	04 08 2C F2 9C A2 28
BruceRFID/Amiibo/Animal_Crossing/Cards/Series_1/[AC]_003_-_DJ_KK.nfc	Amiibo	[AC]_003_-_DJ_KK	NTAG215	04 7E 96 0D 43 96 DF
BruceRFID/Amiibo/Animal_Crossing/Cards/Series_1/[AC]_038_-_Patty.nfc	Amiibo	[AC]_038_-_Patty	NTAG215	04 33 B6 0D 22 BB A4
BruceRFID/Amiibo/Animal_Crossing/Cards/Series_1/[AC]_023_-_Cheri.nfc	Amiibo	[AC]_023_-_Cheri	NTAG215	04 6F 8A 19 3C 69 9E
BruceRFID/Amiibo/Animal_Crossing/Cards/Series_1/[AC]_043_-_Puck.nfc	Amiibo	[AC]_043_-_Puck	NTAG215	04 3F AB E9 F6 30 AB
BruceRFID/Amiibo/Animal_Crossing/Cards/Series_1/[AC]_065_-_Midge.nfc	Amiibo	[AC]_065_-_Midge	NTAG215	04 81 85 CF 0B C2 E4
BruceRFID/Amiibo/Animal_Crossing/Cards/Series_1/[AC]_098_-_Roald.nfc	Amiibo	[AC]_098_-_Roald	NTAG215	04 BE 7F 34 2D B7 A5
BruceRFID/Amiibo/Animal_Crossing/Cards/Series_1/[AC]_096_-_Cole.nfc	Amiibo	[AC]_096_-_Cole	NTAG215	04 BE 66 59 81 95 E3
BruceRFID/Amiibo/Animal_Crossing/Cards/Series_1/[AC]_017_-_Lottie.nfc	Amiibo	[AC]_017_-_Lottie	NTAG215	04 E5 07 DE 12 BE FB
BruceRFID/Amiibo/Animal_Crossing/Cards/Series_1/[AC]_055_-_Snake.nfc	Amiibo	[AC]_055_-_Snake	NTAG215	04 98 02 34 51 7B 4F
BruceRFID/Amiibo/Animal_Crossing/Cards/Series_1/[AC]_039_-_Jitters.nfc	Amiibo	[AC]_039_-_Jitters	NTAG215	04 6A 1A 9A 67 F4 B2
BruceRFID/Amiibo/Animal_Crossing/Cards/Series_1/[AC]_083_-_Annalisa.nfc	Amiibo	[AC]_083_-_Annalisa	NTAG215	04 48 17 52 BA F4 BD
BruceRFID/Amiibo/Animal_Crossing/Cards/Series_1/[AC]_020_-_Curt.nfc	Amiibo	[AC]_020_-_Curt	NTAG215	04 A3 C0 53 09 0E E9
BruceRFID/Amiibo/Animal_Crossing/Cards/Series_1/[AC]_011_-_Harriet.nfc	Amiibo	[AC]_011_-_Harriet	NTAG215	04 BF B8 1F 8F A0 DC
BruceRFID/Amiibo/Animal_Crossing/Cards/Series_1/[AC]_084_-_Benjamin.nfc	Amiibo	[AC]_084_-_Benjamin	NTAG215	04 32 99 17 94 AB B9
BruceRFID/Amiibo/Animal_Crossing/Cards/Series_1/[AC]_078_-_Roscoe.nfc	Amiibo	[AC]_078_-_Roscoe	NTAG215	04 C1 07 0D DA 49 85
BruceRFID/Amiibo/Animal_Crossing/Cards/Series_1/[AC]_050_-_Punchy.nfc	Amiibo	[AC]_050_-_Punchy	NTAG215	04 8B 97 21 0E 5A E4
BruceRFID/Amiibo/Animal_Crossing/Cards/Series_1/[AC]_069_-_Bella.nfc	Amiibo	[AC]_069_-_Bella	NTAG215	04 3B 1B F1 42 0B BB
BruceRFID/Amiibo/Animal_Crossing/Cards/Series_1/[AC]_082_-_Goose.nfc	Amiibo	[AC]_082_-_Goose	NTAG215	04 89 A6 CC EC EE 72
BruceRFID/Amiibo/Animal_Crossing/Cards/Series_1/[AC]_046_-_Winnie.nfc	Amiibo	[AC]_046_-_Winnie	NTAG215	04 93 76 64 16 D4 06
BruceRFID/Amiibo/Animal_Crossing/Cards/Series_1/[AC]_060_-_Samson.nfc	Amiibo	[AC]_060_-_Samson	NTAG215	04 14 59 FA 95 81 26
BruceRFID/Amiibo/Animal_Crossing/Cards/Series_1/[AC]_026_-_Renee.nfc	Amiibo	[AC]_026_-_Renee	NTAG215	04 06 4E 87 3A 61 17
BruceRFID/Amiibo/Animal_Crossing/Cards/Series_1/[AC]_036_-_Alli.nfc	Amiibo	[AC]_036_-_Alli	NTAG215	04 7E 4F 60 50 03 F9
BruceRFID/Amiibo/Animal_Crossing/Cards/Series_1/[AC]_014_-_Luna.nfc	Amiibo	[AC]_014_-_Luna	NTAG215	04 1C 40 D7 94 96 A9
BruceRFID/Amiibo/Animal_Crossing/Cards/Series_1/[AC]_030_-_Tiffany.nfc	Amiibo	[AC]_030_-_Tiffany	NTAG215	04 18 0F 46 9F F9 95
BruceRFID/Amiibo/Animal_Crossing/Cards/Series_1/[AC]_052_-_Poppy.nfc	Amiibo	[AC]_052_-_Poppy	NTAG215	04 5D 9B 28 D4 D4 18
BruceRFID/Amiibo/Animal_Crossing/Cards/Series_1/[AC]_021_-_Portia.nfc	Amiibo	[AC]_021_-_Portia	NTAG215	04 71 D9 6D C5 D8 AD
BruceRFID/Amiibo/Animal_Crossing/Cards/Series_1/[AC]_034_-_Kiki.nfc	Amiibo	[AC]_034_-_Kiki	NTAG215	04 55 49 9D DE 50 53
BruceRFID/Amiibo/Animal_Crossing/Cards/Series_1/[AC]_073_-_Flo.nfc	Amiibo	[AC]_073_-_Flo	NTAG215	04 6A 78 78 A0 1A 14
BruceRFID/Amiibo/Animal_Crossing/Cards/Series_1/[AC]_085_-_Pancetti.nfc	Amiibo	[AC]_085_-_Pancetti	NTAG215	04 7F B3 42 95 8C B2
BruceRFID/Amiibo/Animal_Crossing/Cards/Series_1/[AC]_022_-_Leonardo.nfc	Amiibo	[AC]_022_-_Leonardo	NTAG215	04 F5 C2 45 11 1B D2
BruceRFID/Amiibo/Animal_Crossing/Cards/Series_1/[AC]_001_-_Isabelle.nfc	Amiibo	[AC]_001_-_Isabelle	NTAG215	04 CD 77 10 78 FC D1
BruceRFID/Amiibo/Animal_Crossing/Cards/Series_1/[AC]_064_-_Pudge.nfc	Amiibo	[AC]_064_-_Pudge	NTAG215	04 A5 F0 00 27 03 80
BruceRFID/Amiibo/Animal_Crossing/Cards/Series_1/[AC]_094_-_Cyrano.nfc	Amiibo	[AC]_094_-_Cyrano	NTAG215	04 EE AE AC 82 2D 09
BruceRFID/Amiibo/Animal_Crossing/Cards/Series_1/[AC]_088_-_Clay.nfc	Amiibo	[AC]_088_-_Clay	NTAG215	04 BD 48 9E 9A AB 57
BruceRFID/Amiibo/Animal_Crossing/Cards/Series_1/[AC]_097_-_Willow.nfc	Amiibo	[AC]_097_-_Willow	NTAG215	04 18 6C A0 AB A2 DD
BruceRFID/Amiibo/Animal_Crossing/Cards/Series_1/[AC]_048_-_Sterling.nfc	Amiibo	[AC]_048_-_Sterling	NTAG215	04 DC B5 45 73 64 E9
BruceRFID/Amiibo/Animal_Crossing/Cards/Series_1/[AC]_025_-_Al.nfc	Amiibo	[AC]_025_-_Al	NTAG215	04 E1 F6 27 91 F8 51
BruceRFID/Amiibo/Animal_Crossing/Cards/Series_1/[AC]_067_-_Flurry.nfc	Amiibo	[AC]_067_-_Flurry	NTAG215	04 E7 24 2C 4C AF 83
BruceRFID/Amiibo/Animal_Crossing/Cards/Series_1/[AC]_070_-_Biff.nfc	Amiibo	[AC]_070_-_Biff	NTAG215	04 B0 93 4D 05 2E AC
BruceRFID/Amiibo/Animal_Crossing/Cards/Series_1/[AC]_002_-_Tom_Nook.nfc	Amiibo	[AC]_002_-_Tom_Nook	NTAG215	04 F2 64 58 8D 54 6D
BruceRFID/Amiibo/Animal_Crossing/Cards/Series_1/[AC]_095_-_Peanut.nfc	Amiibo	[AC]_095_-_Peanut	NTAG215	04 39 30 FC C1 8D D7
BruceRFID/Amiibo/Animal_Crossing/Cards/Series_1/[AC]_004_-_Sable.nfc	Amiibo	[AC]_004_-_Sable	NTAG215	04 CB D3 59 98 9B B9
BruceRFID/Amiibo/Animal_Crossing/Cards/Series_1/[AC]_027_-_Lopez.nfc	Amiibo	[AC]_027_-_Lopez	NTAG215	04 00 A4 57 91 EA 0B
BruceRFID/Amiibo/Animal_Crossing/Cards/Series_1/[AC]_061_-_Tutu.nfc	Amiibo	[AC]_061_-_Tutu	NTAG215	04 85 C9 E2 0E AA 54
BruceRFID/Amiibo/Animal_Crossing/Cards/Series_1/[AC]_006_-_Resetti.nfc	Amiibo	[AC]_006_-_Resetti	NTAG215	04 BD 58 AA AD 3B 29
BruceRFID/Amiibo/Animal_Crossing/Cards/Series_1/[AC]_071_-_Yuka.nfc	Amiibo	[AC]_071_-_Yuka	NTAG215	04 0E DA 87 40 49 CA
BruceRFID/Amiibo/Animal_Crossing/Cards/Series_1/[AC]_086_-_Chief.nfc	Amiibo	[AC]_086_-_Chief	NTAG215	04 35 77 2D 99 06 CC
BruceRFID/Amiibo/Animal_Crossing/Cards/Series_1/[AC]_075_-_Amelia.nfc	Amiibo	[AC]_075_-_Amelia	NTAG215	04 41 47 80 F8 29 64
BruceRFID/Amiibo/Animal_Crossing/Cards/Series_1/[AC]_016_-_Lyle.nfc	Amiibo	[AC]_016_-_Lyle	NTAG215	04 3B 43 10 81 D7 24
BruceRFID/Amiibo/Animal_Crossing/Cards/Series_1/[AC]_093_-_Bertha.nfc	Amiibo	[AC]_093_-_Bertha	NTAG215	04 02 5E 70 43 3D 39
BruceRFID/Amiibo/Animal_Crossing/Cards/Series_1/[AC]_007_-_Joan.nfc	Amiibo	[AC]_007_-_Joan	NTAG215	04 7A 2A 63 CB 99 0F
BruceRFID/Amiibo/Animal_Crossing/Cards/Series_1/[AC]_053_-_Limberg.nfc	Amiibo	[AC]_053_-_Limberg	NTAG215	04 68 E8 AC 24 BF 19
BruceRFID/Amiibo/Animal_Crossing/Cards/Series_1/[AC]_054_-_Deena.nfc	Amiibo	[AC]_054_-_Deena	NTAG215	04 7D 56 F5 A5 D8 85
BruceRFID/Amiibo/Animal_Crossing/Cards/Series_1/[AC]_072_-_Lionel.nfc	Amiibo	[AC]_072_-_Lionel	NTAG215	04 2F 40 CC A1 9A 17
BruceRFID/Amiibo/Animal_Crossing/Cards/Series_1/[AC]_099_-_Molly.nfc	Amiibo	[AC]_099_-_Molly	NTAG215	04 8F A7 78 94 3F 39
BruceRFID/Amiibo/Animal_Crossing/Cards/Series_1/[AC]_040_-_Gigi.nfc	Amiibo	[AC]_040_-_Gigi	NTAG215	04 0D 59 C0 E7 BE 6E
BruceRFID/Amiibo/Animal_Crossing/Cards/Series_1/[AC]_091_-_Muffy.nfc	Amiibo	[AC]_091_-_Muffy	NTAG215	04 89 56 3B D6 76 07
BruceRFID/Amiibo/Animal_Crossing/Cards/Series_1/[AC]_051_-_Opal.nfc	Amiibo	[AC]_051_-_Opal	NTAG215	04 C2 AE 62 61 0F D2
BruceRFID/Amiibo/Animal_Crossing/Cards/Series_1/[AC]_049_-_Bonbon.nfc	Amiibo	[AC]_049_-_Bonbon	NTAG215	04 F3 53 C0 8D 55 D7
BruceRFID/Amiibo/Animal_Crossing/Cards/Series_1/[AC]_063_-_Mint.nfc	Amiibo	[AC]_063_-_Mint	NTAG215	04 3E F1 1C 2E 90 36
BruceRFID/Amiibo/Animal_Crossing/Cards/Series_1/[AC]_028_-_Jambette.nfc	Amiibo	[AC]_028_-_Jambette	NTAG215	04 B6 A3 2C AB 88 74
BruceRFID/Amiibo/Animal_Crossing/Cards/Series_1/[AC]_029_-_Rasher.nfc	Amiibo	[AC]_029_-_Rasher	NTAG215	04 F9 63 00 50 D1 05
BruceRFID/Amiibo/Animal_Crossing/Cards/Series_1/[AC]_100_-_Walker.nfc	Amiibo	[AC]_100_-_Walker	NTAG215	04 E9 23 0A C1 52 F9
BruceRFID/Amiibo/Animal_Crossing/Cards/Series_1/[AC]_079_-_Truffles.nfc	Amiibo	[AC]_079_-_Truffles	NTAG215	04 0E 7F BD 40 A7 02
BruceRFID/Amiibo/Animal_Crossing/Cards/Series_1/[AC]_012_-_Redd.nfc	Amiibo	[AC]_012_-_Redd	NTAG215	04 E9 55 C7 48 BD 56
BruceRFID/Amiibo/Animal_Crossing/Cards/Series_1/[AC]_092_-_Henry.nfc	Amiibo	[AC]_092_-_Henry	NTAG215	04 1E 40 2D 5C BB 32
BruceRFID/Amiibo/Animal_Crossing/Cards/Promo/[AC]_AF3_-_Goldie.nfc	Amiibo	[AC]_AF3_-_Goldie	NTAG215	04 48 BB 14 2B 8B 10
BruceRFID/Amiibo/Animal_Crossing/Cards/Promo/[AC]_AF1_-_Stitches.nfc	Amiibo	[AC]_AF1_-_Stitches	NTAG215	04 76 73 A7 8D FB AC
BruceRFID/Amiibo/Animal_Crossing/Cards/Promo/[AC]_AF2_-_Rosie.nfc	Amiibo	[AC]_AF2_-_Rosie	NTAG215	04 11 29 37 0A 3E 92
BruceRFID/Amiibo/Animal_Crossing/Cards/Promo/[AC]_CP2_-_K.K_Slider.nfc	Amiibo	[AC]_CP2_-_K.K_Slider	NTAG215	04 23 23 84 79 99 E3
BruceRFID/Amiibo/Animal_Crossing/Cards/Promo/[AC]_CP1_-_Isabelle.nfc	Amiibo	[AC]_CP1_-_Isabelle	NTAG215	04 5A 32 13 31 BB A4
BruceRFID/Amiibo/Animal_Crossing/Happy_Home_Designer/-HHD-_Items_-_01.nfc	Amiibo	-HHD-_Items_-_01	NTAG215	04 78 AF D2 7F 0E AF
BruceRFID/Amiibo/Animal_Crossing/Happy_Home_Designer/-HHD-_Items_-_15.nfc	Amiibo	-HHD-_Items_-_15	NTAG215	04 1D 4B BE F4 0B 09
BruceRFID/Amiibo/Animal_Crossing/Happy_Home_Designer/-HHD-_Items_-_29.nfc	Amiibo	-HHD-_Items_-_29	NTAG215	04 6D 5F D6 6C 90 D9
BruceRFID/Amiibo/Animal_Crossing/Happy_Home_Designer/-HHD-_Items_-_28.nfc	Amiibo	-HHD-_Items_-_28	NTAG215	04 CE 28 EE 19 E5 00
BruceRFID/Amiibo/Animal_Crossing/Happy_Home_Designer/-HHD-_Items_-_14.nfc	Amiibo	-HHD-_Items_-_14	NTAG215	04 0A 3E C0 9D F9 58
BruceRFID/Amiibo/Animal_Crossing/Happy_Home_Designer/-HHD-_Items_-_16.nfc	Amiibo	-HHD-_Items_-_16	NTAG215	04 12 CD 11 74 85 C7
BruceRFID/Amiibo/Animal_Crossing/Happy_Home_Designer/-HHD-_Items_-_02.nfc	Amiibo	-HHD-_Items_-_02	NTAG215	04 43 BE E4 89 A1 07
BruceRFID/Amiibo/Animal_Crossing/Happy_Home_Designer/-HHD-_Items_-_03.nfc	Amiibo	-HHD-_Items_-_03	NTAG215	04 00 DE 14 C6 63 66
BruceRFID/Amiibo/Animal_Crossing/Happy_Home_Designer/-HHD-_Items_-_17.nfc	Amiibo	-HHD-_Items_-_17	NTAG215	04 38 FD 00 73 81 86
BruceRFID/Amiibo/Animal_Crossing/Happy_Home_Designer/-HHD-_Items_-_13.nfc	Amiibo	-HHD-_Items_-_13	NTAG215	04 F0 81 D5 E2 A1 19
BruceRFID/Amiibo/Animal_Crossing/Happy_Home_Designer/-HHD-_Items_-_07.nfc	Amiibo	-HHD-_Items_-_07	NTAG215	04 B3 60 F1 E9 67 21
BruceRFID/Amiibo/Animal_Crossing/Happy_Home_Designer/-HHD-_Items_-_06.nfc	Amiibo	-HHD-_Items_-_06	NTAG215	04 CF A9 AC D1 55 DE
BruceRFID/Amiibo/Animal_Crossing/Happy_Home_Designer/-HHD-_Items_-_12.nfc	Amiibo	-HHD-_Items_-_12	NTAG215	04 0F E3 7E F6 D3 E8
BruceRFID/Amiibo/Animal_Crossing/Happy_Home_Designer/-HHD-_Items_-_38.nfc	Amiibo	-HHD-_Items_-_38	NTAG215	04 BB AF B8 98 FB AF
BruceRFID/Amiibo/Animal_Crossing/Happy_Home_Designer/-HHD-_Items_-_04.nfc	Amiibo	-HHD-_Items_-_04	NTAG215	04 98 B7 DE E2 B1 82
BruceRFID/Amiibo/Animal_Crossing/Happy_Home_Designer/-HHD-_Items_-_10.nfc	Amiibo	-HHD-_Items_-_10	NTAG215	04 36 63 8B 24 4E B1
BruceRFID/Amiibo/Animal_Crossing/Happy_Home_Designer/-HHD-_Items_-_11.nfc	Amiibo	-HHD-_Items_-_11	NTAG215	04 12 52 A7 9B 6E 51
BruceRFID/Amiibo/Animal_Crossing/Happy_Home_Designer/-HHD-_Items_-_05.nfc	Amiibo	-HHD-_Items_-_05	NTAG215	04 F4 DB D5 1E 78 39
BruceRFID/Amiibo/Animal_Crossing/Happy_Home_Designer/-HHD-_Items_-_39.nfc	Amiibo	-HHD-_Items_-_39	NTAG215	04 05 1B 92 6A F3 9A
BruceRFID/Amiibo/Animal_Crossing/Happy_Home_Designer/-HHD-_Items_-_89.nfc	Amiibo	-HHD-_Items_-_89	NTAG215	04 A5 5C 99 5B 75 60
BruceRFID/Amiibo/Animal_Crossing/Happy_Home_Designer/-HHD-_Items_-_62.nfc	Amiibo	-HHD-_Items_-_62	NTAG215	04 66 65 B4 90 FA D8
BruceRFID/Amiibo/Animal_Crossing/Happy_Home_Designer/-HHD-_Items_-_76.nfc	Amiibo	-HHD-_Items_-_76	NTAG215	04 53 54 CB 38 72 DD
BruceRFID/Amiibo/Animal_Crossing/Happy_Home_Designer/-HHD-_Items_-_77.nfc	Amiibo	-HHD-_Items_-_77	NTAG215	04 2D FE 1C 42 5A B9
BruceRFID/Amiibo/Animal_Crossing/Happy_Home_Designer/-HHD-_Items_-_63.nfc	Amiibo	-HHD-_Items_-_63	NTAG215	04 EC 0D 33 26 49 D9
BruceRFID/Amiibo/Animal_Crossing/Happy_Home_Designer/-HHD-_Items_-_88.nfc	Amiibo	-HHD-_Items_-_88	NTAG215	04 B9 F4 9C 18 7A AE
BruceRFID/Amiibo/Animal_Crossing/Happy_Home_Designer/-HHD-_Items_-_75.nfc	Amiibo	-HHD-_Items_-_75	NTAG215	04 B0 9B D5 7C E7 4B
BruceRFID/Amiibo/Animal_Crossing/Happy_Home_Designer/-HHD-_Items_-_61.nfc	Amiibo	-HHD-_Items_-_61	NTAG215	04 29 3D 20 DB 44 3B
BruceRFID/Amiibo/Animal_Crossing/Happy_Home_Designer/-HHD-_Items_-_49.nfc	Amiibo	-HHD-_Items_-_49	NTAG215	04 A2 9A 6D E3 85 9A
BruceRFID/Amiibo/Animal_Crossing/Happy_Home_Designer/-HHD-_Items_-_48.nfc	Amiibo	-HHD-_Items_-_48	NTAG215	04 A9 BB 93 CB 93 3D
BruceRFID/Amiibo/Animal_Crossing/Happy_Home_Designer/-HHD-_Items_-_60.nfc	Amiibo	-HHD-_Items_-_60	NTAG215	04 83 9F 1E 86 6D 47
BruceRFID/Amiibo/Animal_Crossing/Happy_Home_Designer/-HHD-_Items_-_74.nfc	Amiibo	-HHD-_Items_-_74	NTAG215	04 51 FF C3 E0 4C 71
BruceRFID/Amiibo/Animal_Crossing/Happy_Home_Designer/-HHD-_Items_-_58.nfc	Amiibo	-HHD-_Items_-_58	NTAG215	04 E1 D4 9C A4 98 31
BruceRFID/Amiibo/Animal_Crossing/Happy_Home_Designer/-HHD-_Items_-_70.nfc	Amiibo	-HHD-_Items_-_70	NTAG215	04 6D 56 76 E2 5C 65
BruceRFID/Amiibo/Animal_Crossing/Happy_Home_Designer/-HHD-_Items_-_64.nfc	Amiibo	-HHD-_Items_-_64	NTAG215	04 66 B9 20 7D 82 B1
BruceRFID/Amiibo/Animal_Crossing/Happy_Home_Designer/-HHD-_Items_-_65.nfc	Amiibo	-HHD-_Items_-_65	NTAG215	04 FF AE EC 09 B3 61
BruceRFID/Amiibo/Animal_Crossing/Happy_Home_Designer/-HHD-_Items_-_71.nfc	Amiibo	-HHD-_Items_-_71	NTAG215	04 49 48 30 38 B0 CE
BruceRFID/Amiibo/Animal_Crossing/Happy_Home_Designer/-HHD-_Items_-_59.nfc	Amiibo	-HHD-_Items_-_59	NTAG215	04 99 2B C7 7D C8 4F
BruceRFID/Amiibo/Animal_Crossing/Happy_Home_Designer/-HHD-_Items_-_67.nfc	Amiibo	-HHD-_Items_-_67	NTAG215	04 ED 0B F9 A5 DF E2
BruceRFID/Amiibo/Animal_Crossing/Happy_Home_Designer/-HHD-_Items_-_73.nfc	Amiibo	-HHD-_Items_-_73	NTAG215	04 A2 0A 30 CB E6 BE
BruceRFID/Amiibo/Animal_Crossing/Happy_Home_Designer/-HHD-_Items_-_72.nfc	Amiibo	-HHD-_Items_-_72	NTAG215	04 8C 2A 9A D4 B9 A7
BruceRFID/Amiibo/Animal_Crossing/Happy_Home_Designer/-HHD-_Items_-_66.nfc	Amiibo	-HHD-_Items_-_66	NTAG215	04 DF D6 B9 BC D8 B1
BruceRFID/Amiibo/Animal_Crossing/Happy_Home_Designer/-HHD-_Items_-_80.nfc	Amiibo	-HHD-_Items_-_80	NTAG215	04 EC E4 A9 47 53 31
BruceRFID/Amiibo/Animal_Crossing/Happy_Home_Designer/-HHD-_Items_-_43.nfc	Amiibo	-HHD-_Items_-_43	NTAG215	04 EB B3 FF 26 6E FA
BruceRFID/Amiibo/Animal_Crossing/Happy_Home_Designer/-HHD-_Items_-_57.nfc	Amiibo	-HHD-_Items_-_57	NTAG215	04 9B 65 5C 33 F5 B2
BruceRFID/Amiibo/Animal_Crossing/Happy_Home_Designer/-HHD-_Items_-_56.nfc	Amiibo	-HHD-_Items_-_56	NTAG215	04 01 1E 67 5A 0F 21
BruceRFID/Amiibo/Animal_Crossing/Happy_Home_Designer/-HHD-_Items_-_42.nfc	Amiibo	-HHD-_Items_-_42	NTAG215	04 5E BA 76 3F BF 36
BruceRFID/Amiibo/Animal_Crossing/Happy_Home_Designer/-HHD-_Items_-_81.nfc	Amiibo	-HHD-_Items_-_81	NTAG215	04 3C DA 1B 56 6B 19
BruceRFID/Amiibo/Animal_Crossing/Happy_Home_Designer/-HHD-_Items_-_83.nfc	Amiibo	-HHD-_Items_-_83	NTAG215	04 EE 54 72 D2 07 DD
BruceRFID/Amiibo/Animal_Crossing/Happy_Home_Designer/-HHD-_Items_-_54.nfc	Amiibo	-HHD-_Items_-_54	NTAG215	04 A3 97 F4 25 E3 01
BruceRFID/Amiibo/Animal_Crossing/Happy_Home_Designer/-HHD-_Items_-_40.nfc	Amiibo	-HHD-_Items_-_40	NTAG215	04 7A 54 9E 8C 37 3F
BruceRFID/Amiibo/Animal_Crossing/Happy_Home_Designer/-HHD-_Items_-_68.nfc	Amiibo	-HHD-_Items_-_68	NTAG215	04 C7 C7 0A 2A FD CE
BruceRFID/Amiibo/Animal_Crossing/Happy_Home_Designer/-HHD-_Items_-_69.nfc	Amiibo	-HHD-_Items_-_69	NTAG215	04 28 10 28 11 10 EB
BruceRFID/Amiibo/Animal_Crossing/Happy_Home_Designer/-HHD-_Items_-_41.nfc	Amiibo	-HHD-_Items_-_41	NTAG215	04 10 3F D4 F8 88 59
BruceRFID/Amiibo/Animal_Crossing/Happy_Home_Designer/-HHD-_Items_-_55.nfc	Amiibo	-HHD-_Items_-_55	NTAG215	04 4A 9C 11 A0 81 DF
BruceRFID/Amiibo/Animal_Crossing/Happy_Home_Designer/-HHD-_Items_-_82.nfc	Amiibo	-HHD-_Items_-_82	NTAG215	04 C2 D5 A1 EC 62 E8
BruceRFID/Amiibo/Animal_Crossing/Happy_Home_Designer/-HHD-_Items_-_86.nfc	Amiibo	-HHD-_Items_-_86	NTAG215	04 B5 E3 FC 05 53 A3
BruceRFID/Amiibo/Animal_Crossing/Happy_Home_Designer/-HHD-_Items_-_79.nfc	Amiibo	-HHD-_Items_-_79	NTAG215	04 5B 04 BC 08 86 9F
BruceRFID/Amiibo/Animal_Crossing/Happy_Home_Designer/-HHD-_Items_-_51.nfc	Amiibo	-HHD-_Items_-_51	NTAG215	04 0B B8 F1 78 D3 FC
BruceRFID/Amiibo/Animal_Crossing/Happy_Home_Designer/-HHD-_Items_-_45.nfc	Amiibo	-HHD-_Items_-_45	NTAG215	04 23 11 00 3A 24 38
BruceRFID/Amiibo/Animal_Crossing/Happy_Home_Designer/-HHD-_Items_-_44.nfc	Amiibo	-HHD-_Items_-_44	NTAG215	04 6F 77 8A 86 E0 F1
BruceRFID/Amiibo/Animal_Crossing/Happy_Home_Designer/-HHD-_Items_-_50.nfc	Amiibo	-HHD-_Items_-_50	NTAG215	04 20 B7 E2 2B 53 DC
BruceRFID/Amiibo/Animal_Crossing/Happy_Home_Designer/-HHD-_Items_-_78.nfc	Amiibo	-HHD-_Items_-_78	NTAG215	04 4A FB 66 5D CE 93
BruceRFID/Amiibo/Animal_Crossing/Happy_Home_Designer/-HHD-_Items_-_87.nfc	Amiibo	-HHD-_Items_-_87	NTAG215	04 85 8A CD 5C 3A 57
BruceRFID/Amiibo/Animal_Crossing/Happy_Home_Designer/-HHD-_Items_-_85.nfc	Amiibo	-HHD-_Items_-_85	NTAG215	04 74 DB 5B 75 EF 0C
BruceRFID/Amiibo/Animal_Crossing/Happy_Home_Designer/-HHD-_Items_-_91.nfc	Amiibo	-HHD-_Items_-_91	NTAG215	04 69 09 0D B2 68 BD
BruceRFID/Amiibo/Animal_Crossing/Happy_Home_Designer/-HHD-_Items_-_46.nfc	Amiibo	-HHD-_Items_-_46	NTAG215	04 F0 DE F2 4A B1 20
BruceRFID/Amiibo/Animal_Crossing/Happy_Home_Designer/-HHD-_Items_-_52.nfc	Amiibo	-HHD-_Items_-_52	NTAG215	04 A2 7C 13 C9 AC 94
BruceRFID/Amiibo/Animal_Crossing/Happy_Home_Designer/-HHD-_Items_-_53.nfc	Amiibo	-HHD-_Items_-_53	NTAG215	04 EF 57 14 15 76 00
BruceRFID/Amiibo/Animal_Crossing/Happy_Home_Designer/-HHD-_Items_-_47.nfc	Amiibo	-HHD-_Items_-_47	NTAG215	04 AA F7 F7 B1 2D C7
BruceRFID/Amiibo/Animal_Crossing/Happy_Home_Designer/-HHD-_Items_-_90.nfc	Amiibo	-HHD-_Items_-_90	NTAG215	04 A5 39 1E AE C2 C7
BruceRFID/Amiibo/Animal_Crossing/Happy_Home_Designer/-HHD-_Items_-_84.nfc	Amiibo	-HHD-_Items_-_84	NTAG215	04 7B BD E3 8A E8 D9
BruceRFID/Amiibo/Animal_Crossing/Happy_Home_Designer/-HHD-_Items_-_20.nfc	Amiibo	-HHD-_Items_-_20	NTAG215	04 55 82 FD 61 9A 54
BruceRFID/Amiibo/Animal_Crossing/Happy_Home_Designer/-HHD-_Items_-_34.nfc	Amiibo	-HHD-_Items_-_34	NTAG215	04 70 E6 92 49 90 74
BruceRFID/Amiibo/Animal_Crossing/Happy_Home_Designer/-HHD-_Items_-_08.nfc	Amiibo	-HHD-_Items_-_08	NTAG215	04 CF EE 18 20 4E B2
BruceRFID/Amiibo/Animal_Crossing/Happy_Home_Designer/-HHD-_Items_-_09.nfc	Amiibo	-HHD-_Items_-_09	NTAG215	04 3E AB 35 31 87 DF
BruceRFID/Amiibo/Animal_Crossing/Happy_Home_Designer/-HHD-_Items_-_35.nfc	Amiibo	-HHD-_Items_-_35	NTAG215	04 03 A5 A0 E4 46 C6
BruceRFID/Amiibo/Animal_Crossing/Happy_Home_Designer/-HHD-_Items_-_21.nfc	Amiibo	-HHD-_Items_-_21	NTAG215	04 5F D2 7C CB AB 9D
BruceRFID/Amiibo/Animal_Crossing/Happy_Home_Designer/-HHD-_Items_-_37.nfc	Amiibo	-HHD-_Items_-_37	NTAG215	04 7B 78 83 54 53 4A
BruceRFID/Amiibo/Animal_Crossing/Happy_Home_Designer/-HHD-_Items_-_23.nfc	Amiibo	-HHD-_Items_-_23	NTAG215	04 8C 2C C3 A0 BC E9
BruceRFID/Amiibo/Animal_Crossing/Happy_Home_Designer/-HHD-_Items_-_22.nfc	Amiibo	-HHD-_Items_-_22	NTAG215	04 63 60 83 ED FC 5B
BruceRFID/Amiibo/Animal_Crossing/Happy_Home_Designer/-HHD-_Items_-_36.nfc	Amiibo	-HHD-_Items_-_36	NTAG215	04 06 AD E6 A3 AC 02
BruceRFID/Amiibo/Animal_Crossing/Happy_Home_Designer/-HHD-_Items_-_32.nfc	Amiibo	-HHD-_Items_-_32	NTAG215	04 DE 80 60 B4 AD DE
BruceRFID/Amiibo/Animal_Crossing/Happy_Home_Designer/-HHD-_Items_-_26.nfc	Amiibo	-HHD-_Items_-_26	NTAG215	04 D7 A2 68 71 00 4F
BruceRFID/Amiibo/Animal_Crossing/Happy_Home_Designer/-HHD-_Items_-_27.nfc	Amiibo	-HHD-_Items_-_27	NTAG215	04 8F 32 E6 AC 49 20
BruceRFID/Amiibo/Animal_Crossing/Happy_Home_Designer/-HHD-_Items_-_33.nfc	Amiibo	-HHD-_Items_-_33	NTAG215	04 0A 4A C8 41 75 16
BruceRFID/Amiibo/Animal_Crossing/Happy_Home_Designer/-HHD-_Items_-_19.nfc	Amiibo	-HHD-_Items_-_19	NTAG215	04 C1 DD 76 C3 D5 B2
BruceRFID/Amiibo/Animal_Crossing/Happy_Home_Designer/-HHD-_Items_-_25.nfc	Amiibo	-HHD-_Items_-_25	NTAG215	04 72 E4 AF EF A4 36
BruceRFID/Amiibo/Animal_Crossing/Happy_Home_Designer/-HHD-_Items_-_31.nfc	Amiibo	-HHD-_Items_-_31	NTAG215	04 8A A9 35 80 17 E4
BruceRFID/Amiibo/Animal_Crossing/Happy_Home_Designer/-HHD-_Items_-_30.nfc	Amiibo	-HHD-_Items_-_30	NTAG215	04 53 C9 B1 E1 BA 0F
BruceRFID/Amiibo/Animal_Crossing/Happy_Home_Designer/-HHD-_Items_-_24.nfc	Amiibo	-HHD-_Items_-_24	NTAG215	04 ED A4 1D 05 B7 E2
BruceRFID/Amiibo/Animal_Crossing/Happy_Home_Designer/-HHD-_Items_-_18.nfc	Amiibo	-HHD-_Items_-_18	NTAG215	04 A3 C4 68 F2 4F A1
BruceRFID/Amiibo/Animal_Crossing/Figures/[AC]_12_-_Celeste.nfc	Amiibo	[AC]_12_-_Celeste	NTAG215	04 58 02 32 02 8D 6B
BruceRFID/Amiibo/Animal_Crossing/Figures/[AC]_11_-_Kicks.nfc	Amiibo	[AC]_11_-_Kicks	NTAG215	04 4B BA 66 C6 07 A3
BruceRFID/Amiibo/Animal_Crossing/Figures/[AC]_15_-_Kapp_n.nfc	Amiibo	[AC]_15_-_Kapp_n	NTAG215	04 DE 6E 7C 8B 61 09
BruceRFID/Amiibo/Animal_Crossing/Figures/[AC]_06_-_Tom_Nook.nfc	Amiibo	[AC]_06_-_Tom_Nook	NTAG215	04 6D 43 D4 96 38 0C
BruceRFID/Amiibo/Animal_Crossing/Figures/[AC]_01_-_Isabelle.nfc	Amiibo	[AC]_01_-_Isabelle	NTAG215	04 10 81 59 33 8B B9
BruceRFID/Amiibo/Animal_Crossing/Figures/[AC]_10_-_Blathers.nfc	Amiibo	[AC]_10_-_Blathers	NTAG215	04 19 E3 55 B4 5D 79
BruceRFID/Amiibo/Animal_Crossing/Figures/[AC]_03_-_Lottie.nfc	Amiibo	[AC]_03_-_Lottie	NTAG215	04 98 EE C4 F5 C4 CA
BruceRFID/Amiibo/Animal_Crossing/Figures/[AC]_14_-_Rover.nfc	Amiibo	[AC]_14_-_Rover	NTAG215	04 AC 0B 56 77 E7 14
BruceRFID/Amiibo/Animal_Crossing/Figures/[AC]_16_-_Isabelle_(Summer_Outfit).nfc	Amiibo	[AC]_16_-_Isabelle_(Summer_Outfit)	NTAG215	04 DB EB D9 76 D5 34
BruceRFID/Amiibo/Animal_Crossing/Figures/[AC]_13_-_Timmy___Tommy.nfc	Amiibo	[AC]_13_-_Timmy___Tommy	NTAG215	04 64 74 97 C4 1F 9C
BruceRFID/Amiibo/Animal_Crossing/Figures/[AC]_02_-_K.K._Slider.nfc	Amiibo	[AC]_02_-_K.K._Slider	NTAG215	04 B0 47 B9 3F 14 A4
BruceRFID/Amiibo/Animal_Crossing/Figures/[AC]_08_-_Digby.nfc	Amiibo	[AC]_08_-_Digby	NTAG215	04 73 3C 20 77 1B F0
BruceRFID/Amiibo/Animal_Crossing/Figures/[AC]_09_-_Resetti.nfc	Amiibo	[AC]_09_-_Resetti	NTAG215	04 91 4F D0 7F F9 A4
BruceRFID/Amiibo/Animal_Crossing/Figures/[AC]_05_-_Cyrrus.nfc	Amiibo	[AC]_05_-_Cyrrus	NTAG215	04 1C CB D1 7E 12 39
BruceRFID/Amiibo/Animal_Crossing/Figures/[AC]_04_-_Reese.nfc	Amiibo	[AC]_04_-_Reese	NTAG215	04 87 7B CA C9 CA 7F
BruceRFID/Amiibo/Animal_Crossing/Figures/[AC]_07_-_Mabel.nfc	Amiibo	[AC]_07_-_Mabel	NTAG215	04 C2 B9 7C 68 36 C8
BruceRFID/Amiibo/Animal_Crossing/Amiibo_Figures/Blathers.nfc	Amiibo	Blathers	NTAG215	04 7E 85 44 23 12 1E
BruceRFID/Amiibo/Animal_Crossing/Amiibo_Figures/Timmy_and_Tommy.nfc	Amiibo	Timmy_and_Tommy	NTAG215	04 B3 73 45 AC E3 82
BruceRFID/Amiibo/Animal_Crossing/Amiibo_Figures/Kicks.nfc	Amiibo	Kicks	NTAG215	04 E0 8B 6E A9 A2 96
BruceRFID/Amiibo/Animal_Crossing/Amiibo_Figures/Resetti.nfc	Amiibo	Resetti	NTAG215	04 27 B5 FB F8 7F CD
BruceRFID/Amiibo/Animal_Crossing/Amiibo_Figures/Celeste.nfc	Amiibo	Celeste	NTAG215	04 C1 49 AB A9 68 F7
BruceRFID/Amiibo/Animal_Crossing/Amiibo_Figures/Isabelle_Summer_Outfit.nfc	Amiibo	Isabelle_Summer_Outfit	NTAG215	04 4D 18 73 C7 CE D6
BruceRFID/Amiibo/Animal_Crossing/Amiibo_Figures/Summertime_Isabelle.nfc	Amiibo	Summertime_Isabelle	NTAG215	04 6D 6F 8E FA EE 49
BruceRFID/Amiibo/Animal_Crossing/Amiibo_Figures/Kappn.nfc	Amiibo	Kappn	NTAG215	04 E7 D6 9B DD 7F 47
BruceRFID/Amiibo/Animal_Crossing/Amiibo_Figures/Cyrrus.nfc	Amiibo	Cyrrus	NTAG215	04 5B D4 03 5A 55 49
BruceRFID/Amiibo/Animal_Crossing/Amiibo_Figures/Kapp_n.nfc	Amiibo	Kapp_n	NTAG215	04 37 AC 17 7A 2D 4C
BruceRFID/Amiibo/Animal_Crossing/Amiibo_Figures/Mabel.nfc	Amiibo	Mabel	NTAG215	04 E4 12 DF 41 DB 87
BruceRFID/Amiibo/Animal_Crossing/Amiibo_Figures/Rover.nfc	Amiibo	Rover	NTAG215	04 6F DE 9E 37 C0 60
BruceRFID/Amiibo/Animal_Crossing/Amiibo_Figures/Isabelle.nfc	Amiibo	Isabelle	NTAG215	04 68 72 79 7B B7 F3
BruceRFID/Amiibo/Animal_Crossing/Amiibo_Figures/Reese.nfc	Amiibo	Reese	NTAG215	04 90 11 5B 72 1A AA
BruceRFID/Amiibo/Animal_Crossing/Amiibo_Figures/Digby.nfc	Amiibo	Digby	NTAG215	04 DC D5 AA B9 64 BB
BruceRFID/Amiibo/Animal_Crossing/Amiibo_Figures/Cyrus.nfc	Amiibo	Cyrus	NTAG215	04 0B 64 D4 81 16 8D
BruceRFID/Amiibo/Animal_Crossing/Amiibo_Figures/Lottie.nfc	Amiibo	Lottie	NTAG215	04 EF F2 5C 58 62 54
BruceRFID/Amiibo/Animal_Crossing/Amiibo_Figures/Tom_Nook.nfc	Amiibo	Tom_Nook	NTAG215	04 42 64 6E 04 6D D4
BruceRFID/Amiibo/Animal_Crossing/Amiibo_Figures/Timmy_Tommy.nfc	Amiibo	Timmy_Tommy	NTAG215	04 85 6E 67 CA E0 49
BruceRFID/Amiibo/Animal_Crossing/Amiibo_Figures/KK_Slider.nfc	Amiibo	KK_Slider	NTAG215	04 10 FE 37 AA 94 F0
BruceRFID/Amiibo/Animal_Crossing/Happy_Home_Designer_Items/HHD_Items-87.nfc	Amiibo	HHD_Items-87	NTAG215	04 04 09 26 49 40 80
BruceRFID/Amiibo/Animal_Crossing/Happy_Home_Designer_Items/HHD_Items-44.nfc	Amiibo	HHD_Items-44	NTAG215	04 84 AB 7A EE 40 80
BruceRFID/Amiibo/Animal_Crossing/Happy_Home_Designer_Items/HHD_Items-50.nfc	Amiibo	HHD_Items-50	NTAG215	04 B3 6D 49 D7 40 80
BruceRFID/Amiibo/Animal_Crossing/Happy_Home_Designer_Items/HHD_Items-78.nfc	Amiibo	HHD_Items-78	NTAG215	04 68 5B 9C 11 40 80
BruceRFID/Amiibo/Animal_Crossing/Happy_Home_Designer_Items/HHD_Items_17.nfc	Amiibo	HHD_Items_17	NTAG215	04 3D E7 56 D8 13 40
BruceRFID/Amiibo/Animal_Crossing/Happy_Home_Designer_Items/HHD_Items_03.nfc	Amiibo	HHD_Items_03	NTAG215	04 EA 50 36 A6 F1 40
BruceRFID/Amiibo/Animal_Crossing/Happy_Home_Designer_Items/HHD_Items_02.nfc	Amiibo	HHD_Items_02	NTAG215	04 0C 11 91 CA CF 40
BruceRFID/Amiibo/Animal_Crossing/Happy_Home_Designer_Items/HHD_Items_16.nfc	Amiibo	HHD_Items_16	NTAG215	04 EB 3F 58 C4 E0 40
BruceRFID/Amiibo/Animal_Crossing/Happy_Home_Designer_Items/HHD_Items-79.nfc	Amiibo	HHD_Items-79	NTAG215	04 B5 1E 63 AF 40 80
BruceRFID/Amiibo/Animal_Crossing/Happy_Home_Designer_Items/HHD_Items-51.nfc	Amiibo	HHD_Items-51	NTAG215	04 D6 7E 6E DA 40 80
BruceRFID/Amiibo/Animal_Crossing/Happy_Home_Designer_Items/HHD_Items-45.nfc	Amiibo	HHD_Items-45	NTAG215	04 5C 9E C2 8E 40 80
BruceRFID/Amiibo/Animal_Crossing/Happy_Home_Designer_Items/HHD_Items-86.nfc	Amiibo	HHD_Items-86	NTAG215	04 3E 88 3F BA 40 80
BruceRFID/Amiibo/Animal_Crossing/Happy_Home_Designer_Items/HHD_Items-90.nfc	Amiibo	HHD_Items-90	NTAG215	04 D7 E4 F4 FB 40 80
BruceRFID/Amiibo/Animal_Crossing/Happy_Home_Designer_Items/HHD_Items-84.nfc	Amiibo	HHD_Items-84	NTAG215	04 79 14 B3 BE 40 80
BruceRFID/Amiibo/Animal_Crossing/Happy_Home_Designer_Items/HHD_Items-53.nfc	Amiibo	HHD_Items-53	NTAG215	04 D2 83 99 A7 40 80
BruceRFID/Amiibo/Animal_Crossing/Happy_Home_Designer_Items/HHD_Items-47.nfc	Amiibo	HHD_Items-47	NTAG215	04 3D A0 8D 1B 40 80
BruceRFID/Amiibo/Animal_Crossing/Happy_Home_Designer_Items/HHD_Items_14.nfc	Amiibo	HHD_Items_14	NTAG215	04 0D A1 20 34 2C 40
BruceRFID/Amiibo/Animal_Crossing/Happy_Home_Designer_Items/HHD_Items_28.nfc	Amiibo	HHD_Items_28	NTAG215	04 98 B6 A2 F9 B8 40
BruceRFID/Amiibo/Animal_Crossing/Happy_Home_Designer_Items/HHD_Items_29.nfc	Amiibo	HHD_Items_29	NTAG215	04 52 2F F1 81 6F 40
BruceRFID/Amiibo/Animal_Crossing/Happy_Home_Designer_Items/HHD_Items_15.nfc	Amiibo	HHD_Items_15	NTAG215	04 AB 17 30 FC 2E 40
BruceRFID/Amiibo/Animal_Crossing/Happy_Home_Designer_Items/HHD_Items_01.nfc	Amiibo	HHD_Items_01	NTAG215	04 50 9A 46 4D 2A 40
BruceRFID/Amiibo/Animal_Crossing/Happy_Home_Designer_Items/HHD_Items-46.nfc	Amiibo	HHD_Items-46	NTAG215	04 9C 5A 7A 19 40 80
BruceRFID/Amiibo/Animal_Crossing/Happy_Home_Designer_Items/HHD_Items-52.nfc	Amiibo	HHD_Items-52	NTAG215	04 47 11 4A A5 40 80
BruceRFID/Amiibo/Animal_Crossing/Happy_Home_Designer_Items/HHD_Items-85.nfc	Amiibo	HHD_Items-85	NTAG215	04 87 E2 DB EC 40 80
BruceRFID/Amiibo/Animal_Crossing/Happy_Home_Designer_Items/HHD_Items-91.nfc	Amiibo	HHD_Items-91	NTAG215	04 49 4D FF C1 40 80
BruceRFID/Amiibo/Animal_Crossing/Happy_Home_Designer_Items/HHD_Items-81.nfc	Amiibo	HHD_Items-81	NTAG215	04 F0 F8 7E 1E 40 80
BruceRFID/Amiibo/Animal_Crossing/Happy_Home_Designer_Items/HHD_Items-56.nfc	Amiibo	HHD_Items-56	NTAG215	04 94 29 CB F4 40 80
BruceRFID/Amiibo/Animal_Crossing/Happy_Home_Designer_Items/HHD_Items-42.nfc	Amiibo	HHD_Items-42	NTAG215	04 A3 AD D8 11 40 80
BruceRFID/Amiibo/Animal_Crossing/Happy_Home_Designer_Items/HHD_Items_39.nfc	Amiibo	HHD_Items_39	NTAG215	04 43 F8 37 46 26 40
BruceRFID/Amiibo/Animal_Crossing/Happy_Home_Designer_Items/HHD_Items_05.nfc	Amiibo	HHD_Items_05	NTAG215	04 8C 61 61 FB BD 40
BruceRFID/Amiibo/Animal_Crossing/Happy_Home_Designer_Items/HHD_Items_11.nfc	Amiibo	HHD_Items_11	NTAG215	04 57 5A 81 3D 1F 40
BruceRFID/Amiibo/Animal_Crossing/Happy_Home_Designer_Items/HHD_Items_10.nfc	Amiibo	HHD_Items_10	NTAG215	04 41 77 BA 7F BE 40
BruceRFID/Amiibo/Animal_Crossing/Happy_Home_Designer_Items/HHD_Items_04.nfc	Amiibo	HHD_Items_04	NTAG215	04 2B 2E 89 8D 5B 40
BruceRFID/Amiibo/Animal_Crossing/Happy_Home_Designer_Items/HHD_Items_38.nfc	Amiibo	HHD_Items_38	NTAG215	04 49 71 B4 43 7E 40
BruceRFID/Amiibo/Animal_Crossing/Happy_Home_Designer_Items/HHD_Items-43.nfc	Amiibo	HHD_Items-43	NTAG215	04 11 4F EB 37 40 80
BruceRFID/Amiibo/Animal_Crossing/Happy_Home_Designer_Items/HHD_Items-57.nfc	Amiibo	HHD_Items-57	NTAG215	04 63 22 64 F4 40 80
BruceRFID/Amiibo/Animal_Crossing/Happy_Home_Designer_Items/HHD_Items-80.nfc	Amiibo	HHD_Items-80	NTAG215	04 CC E2 11 CD 40 80
BruceRFID/Amiibo/Animal_Crossing/Happy_Home_Designer_Items/HHD_Items-82.nfc	Amiibo	HHD_Items-82	NTAG215	04 AD 7F 66 47 40 80
BruceRFID/Amiibo/Animal_Crossing/Happy_Home_Designer_Items/HHD_Items-69.nfc	Amiibo	HHD_Items-69	NTAG215	04 DE DF 25 19 40 80
BruceRFID/Amiibo/Animal_Crossing/Happy_Home_Designer_Items/HHD_Items-41.nfc	Amiibo	HHD_Items-41	NTAG215	04 A8 99 97 63 40 80
BruceRFID/Amiibo/Animal_Crossing/Happy_Home_Designer_Items/HHD_Items-55.nfc	Amiibo	HHD_Items-55	NTAG215	04 23 B8 6D CF 40 80
BruceRFID/Amiibo/Animal_Crossing/Happy_Home_Designer_Items/HHD_Items_12.nfc	Amiibo	HHD_Items_12	NTAG215	04 71 79 84 05 E0 40
BruceRFID/Amiibo/Animal_Crossing/Happy_Home_Designer_Items/HHD_Items_06.nfc	Amiibo	HHD_Items_06	NTAG215	04 2D A3 02 E4 0F 40
BruceRFID/Amiibo/Animal_Crossing/Happy_Home_Designer_Items/HHD_Items_07.nfc	Amiibo	HHD_Items_07	NTAG215	04 FE 73 01 1A 6D 40
BruceRFID/Amiibo/Animal_Crossing/Happy_Home_Designer_Items/HHD_Items_13.nfc	Amiibo	HHD_Items_13	NTAG215	04 BC 1F 2F C7 4D 40
BruceRFID/Amiibo/Animal_Crossing/Happy_Home_Designer_Items/HHD_Items-54.nfc	Amiibo	HHD_Items-54	NTAG215	04 A6 6E AB 85 40 80
BruceRFID/Amiibo/Animal_Crossing/Happy_Home_Designer_Items/HHD_Items-40.nfc	Amiibo	HHD_Items-40	NTAG215	04 69 D8 B5 29 40 80
BruceRFID/Amiibo/Animal_Crossing/Happy_Home_Designer_Items/HHD_Items-68.nfc	Amiibo	HHD_Items-68	NTAG215	04 24 FE B7 EB 40 80
BruceRFID/Amiibo/Animal_Crossing/Happy_Home_Designer_Items/HHD_Items-83.nfc	Amiibo	HHD_Items-83	NTAG215	04 C8 BF 5C E7 40 80
BruceRFID/Amiibo/Animal_Crossing/Happy_Home_Designer_Items/HHD_Items-27.nfc	Amiibo	HHD_Items-27	NTAG215	04 6E 0E 42 4F 40 80
BruceRFID/Amiibo/Animal_Crossing/Happy_Home_Designer_Items/HHD_Items-33.nfc	Amiibo	HHD_Items-33	NTAG215	04 C8 8B BC 49 40 80
BruceRFID/Amiibo/Animal_Crossing/Happy_Home_Designer_Items/HHD_Items_74.nfc	Amiibo	HHD_Items_74	NTAG215	04 78 D7 23 22 70 40
BruceRFID/Amiibo/Animal_Crossing/Happy_Home_Designer_Items/HHD_Items_60.nfc	Amiibo	HHD_Items_60	NTAG215	04 08 C8 4C FE 3C 40
BruceRFID/Amiibo/Animal_Crossing/Happy_Home_Designer_Items/HHD_Items_48.nfc	Amiibo	HHD_Items_48	NTAG215	04 E4 C2 AA 49 8E 40
BruceRFID/Amiibo/Animal_Crossing/Happy_Home_Designer_Items/HHD_Items_49.nfc	Amiibo	HHD_Items_49	NTAG215	04 03 A0 2F B7 91 40
BruceRFID/Amiibo/Animal_Crossing/Happy_Home_Designer_Items/HHD_Items_61.nfc	Amiibo	HHD_Items_61	NTAG215	04 E5 05 6C 0B 86 40
BruceRFID/Amiibo/Animal_Crossing/Happy_Home_Designer_Items/HHD_Items_75.nfc	Amiibo	HHD_Items_75	NTAG215	04 8A 75 73 95 9D 40
BruceRFID/Amiibo/Animal_Crossing/Happy_Home_Designer_Items/HHD_Items-32.nfc	Amiibo	HHD_Items-32	NTAG215	04 9B 89 3B 03 40 80
BruceRFID/Amiibo/Animal_Crossing/Happy_Home_Designer_Items/HHD_Items-26.nfc	Amiibo	HHD_Items-26	NTAG215	04 6A C3 8D 54 40 80
BruceRFID/Amiibo/Animal_Crossing/Happy_Home_Designer_Items/HHD_Items-30.nfc	Amiibo	HHD_Items-30	NTAG215	04 5D 58 E0 DC 40 80
BruceRFID/Amiibo/Animal_Crossing/Happy_Home_Designer_Items/HHD_Items-24.nfc	Amiibo	HHD_Items-24	NTAG215	04 48 C8 95 56 40 80
BruceRFID/Amiibo/Animal_Crossing/Happy_Home_Designer_Items/HHD_Items-18.nfc	Amiibo	HHD_Items-18	NTAG215	04 92 A4 4F 52 40 80
BruceRFID/Amiibo/Animal_Crossing/Happy_Home_Designer_Items/HHD_Items_63.nfc	Amiibo	HHD_Items_63	NTAG215	04 79 87 72 8D AF 40
BruceRFID/Amiibo/Animal_Crossing/Happy_Home_Designer_Items/HHD_Items_77.nfc	Amiibo	HHD_Items_77	NTAG215	04 D8 90 C4 8E 45 40
BruceRFID/Amiibo/Animal_Crossing/Happy_Home_Designer_Items/HHD_Items_88.nfc	Amiibo	HHD_Items_88	NTAG215	04 31 C6 7B 3F BD 40
BruceRFID/Amiibo/Animal_Crossing/Happy_Home_Designer_Items/HHD_Items_89.nfc	Amiibo	HHD_Items_89	NTAG215	04 8D C7 C6 F6 1E 40
BruceRFID/Amiibo/Animal_Crossing/Happy_Home_Designer_Items/HHD_Items_76.nfc	Amiibo	HHD_Items_76	NTAG215	04 3E 01 B3 CD 25 40
BruceRFID/Amiibo/Animal_Crossing/Happy_Home_Designer_Items/HHD_Items_62.nfc	Amiibo	HHD_Items_62	NTAG215	04 BC 91 A1 BD 76 40
BruceRFID/Amiibo/Animal_Crossing/Happy_Home_Designer_Items/HHD_Items-19.nfc	Amiibo	HHD_Items-19	NTAG215	04 D8 41 DB FD 40 80
BruceRFID/Amiibo/Animal_Crossing/Happy_Home_Designer_Items/HHD_Items-25.nfc	Amiibo	HHD_Items-25	NTAG215	04 BB F1 D1 5E 40 80
BruceRFID/Amiibo/Animal_Crossing/Happy_Home_Designer_Items/HHD_Items-31.nfc	Amiibo	HHD_Items-31	NTAG215	04 91 CB 4B 31 40 80
BruceRFID/Amiibo/Animal_Crossing/Happy_Home_Designer_Items/HHD_Items-09.nfc	Amiibo	HHD_Items-09	NTAG215	04 D7 08 24 99 40 80
BruceRFID/Amiibo/Animal_Crossing/Happy_Home_Designer_Items/HHD_Items-35.nfc	Amiibo	HHD_Items-35	NTAG215	04 BB 42 17 59 40 80
BruceRFID/Amiibo/Animal_Crossing/Happy_Home_Designer_Items/HHD_Items-21.nfc	Amiibo	HHD_Items-21	NTAG215	04 4A 25 D1 AE 40 80
BruceRFID/Amiibo/Animal_Crossing/Happy_Home_Designer_Items/HHD_Items_66.nfc	Amiibo	HHD_Items_66	NTAG215	04 7A 68 9E E4 DB 40
BruceRFID/Amiibo/Animal_Crossing/Happy_Home_Designer_Items/HHD_Items_72.nfc	Amiibo	HHD_Items_72	NTAG215	04 EE D8 BA 14 7A 40
BruceRFID/Amiibo/Animal_Crossing/Happy_Home_Designer_Items/HHD_Items_73.nfc	Amiibo	HHD_Items_73	NTAG215	04 C1 32 7F 0F 68 40
BruceRFID/Amiibo/Animal_Crossing/Happy_Home_Designer_Items/HHD_Items_67.nfc	Amiibo	HHD_Items_67	NTAG215	04 8D 3F 3E 42 CA 40
BruceRFID/Amiibo/Animal_Crossing/Happy_Home_Designer_Items/HHD_Items-20.nfc	Amiibo	HHD_Items-20	NTAG215	04 01 94 C1 11 40 80
BruceRFID/Amiibo/Animal_Crossing/Happy_Home_Designer_Items/HHD_Items-34.nfc	Amiibo	HHD_Items-34	NTAG215	04 59 8F B5 D8 40 80
BruceRFID/Amiibo/Animal_Crossing/Happy_Home_Designer_Items/HHD_Items-08.nfc	Amiibo	HHD_Items-08	NTAG215	04 9F B1 DA 10 40 80
BruceRFID/Amiibo/Animal_Crossing/Happy_Home_Designer_Items/HHD_Items-22.nfc	Amiibo	HHD_Items-22	NTAG215	04 5C 25 B1 DC 40 80
BruceRFID/Amiibo/Animal_Crossing/Happy_Home_Designer_Items/HHD_Items-36.nfc	Amiibo	HHD_Items-36	NTAG215	04 14 57 ED EE 40 80
BruceRFID/Amiibo/Animal_Crossing/Happy_Home_Designer_Items/HHD_Items_59.nfc	Amiibo	HHD_Items_59	NTAG215	04 5B A5 72 5E 66 40
BruceRFID/Amiibo/Animal_Crossing/Happy_Home_Designer_Items/HHD_Items_71.nfc	Amiibo	HHD_Items_71	NTAG215	04 90 53 4F C2 38 40
BruceRFID/Amiibo/Animal_Crossing/Happy_Home_Designer_Items/HHD_Items_65.nfc	Amiibo	HHD_Items_65	NTAG215	04 E5 04 6D 88 5D 40
BruceRFID/Amiibo/Animal_Crossing/Happy_Home_Designer_Items/HHD_Items_64.nfc	Amiibo	HHD_Items_64	NTAG215	04 A4 6C 44 09 C4 40
BruceRFID/Amiibo/Animal_Crossing/Happy_Home_Designer_Items/HHD_Items_70.nfc	Amiibo	HHD_Items_70	NTAG215	04 1F B8 2B E3 D4 40
BruceRFID/Amiibo/Animal_Crossing/Happy_Home_Designer_Items/HHD_Items_58.nfc	Amiibo	HHD_Items_58	NTAG215	04 5A DE 08 45 4C 40
BruceRFID/Amiibo/Animal_Crossing/Happy_Home_Designer_Items/HHD_Items-37.nfc	Amiibo	HHD_Items-37	NTAG215	04 7F 78 8E E2 40 80
BruceRFID/Amiibo/Animal_Crossing/Happy_Home_Designer_Items/HHD_Items-23.nfc	Amiibo	HHD_Items-23	NTAG215	04 62 8E 6A 07 40 80
BruceRFID/Amiibo/Animal_Crossing/Happy_Home_Designer_Items/HHD_Items-06.nfc	Amiibo	HHD_Items-06	NTAG215	04 2D A3 E4 0F 40 80
BruceRFID/Amiibo/Animal_Crossing/Happy_Home_Designer_Items/HHD_Items-12.nfc	Amiibo	HHD_Items-12	NTAG215	04 71 79 05 E0 40 80
BruceRFID/Amiibo/Animal_Crossing/Happy_Home_Designer_Items/HHD_Items_55.nfc	Amiibo	HHD_Items_55	NTAG215	04 23 B8 17 6D CF 40
BruceRFID/Amiibo/Animal_Crossing/Happy_Home_Designer_Items/HHD_Items_41.nfc	Amiibo	HHD_Items_41	NTAG215	04 A8 99 BD 97 63 40
BruceRFID/Amiibo/Animal_Crossing/Happy_Home_Designer_Items/HHD_Items_69.nfc	Amiibo	HHD_Items_69	NTAG215	04 DE DF 8D 25 19 40
BruceRFID/Amiibo/Animal_Crossing/Happy_Home_Designer_Items/HHD_Items_82.nfc	Amiibo	HHD_Items_82	NTAG215	04 AD 7F 5E 66 47 40
BruceRFID/Amiibo/Animal_Crossing/Happy_Home_Designer_Items/HHD_Items_83.nfc	Amiibo	HHD_Items_83	NTAG215	04 C8 BF FB 5C E7 40
BruceRFID/Amiibo/Animal_Crossing/Happy_Home_Designer_Items/HHD_Items_68.nfc	Amiibo	HHD_Items_68	NTAG215	04 24 FE 56 B7 EB 40
BruceRFID/Amiibo/Animal_Crossing/Happy_Home_Designer_Items/HHD_Items_40.nfc	Amiibo	HHD_Items_40	NTAG215	04 69 D8 3D B5 29 40
BruceRFID/Amiibo/Animal_Crossing/Happy_Home_Designer_Items/HHD_Items_54.nfc	Amiibo	HHD_Items_54	NTAG215	04 A6 6E 44 AB 85 40
BruceRFID/Amiibo/Animal_Crossing/Happy_Home_Designer_Items/HHD_Items-13.nfc	Amiibo	HHD_Items-13	NTAG215	04 BC 1F C7 4D 40 80
BruceRFID/Amiibo/Animal_Crossing/Happy_Home_Designer_Items/HHD_Items-07.nfc	Amiibo	HHD_Items-07	NTAG215	04 FE 73 1A 6D 40 80
BruceRFID/Amiibo/Animal_Crossing/Happy_Home_Designer_Items/HHD_Items-11.nfc	Amiibo	HHD_Items-11	NTAG215	04 57 5A 3D 1F 40 80
BruceRFID/Amiibo/Animal_Crossing/Happy_Home_Designer_Items/HHD_Items-05.nfc	Amiibo	HHD_Items-05	NTAG215	04 8C 61 FB BD 40 80
BruceRFID/Amiibo/Animal_Crossing/Happy_Home_Designer_Items/HHD_Items-39.nfc	Amiibo	HHD_Items-39	NTAG215	04 43 F8 46 26 40 80
BruceRFID/Amiibo/Animal_Crossing/Happy_Home_Designer_Items/HHD_Items_42.nfc	Amiibo	HHD_Items_42	NTAG215	04 A3 AD 82 D8 11 40
BruceRFID/Amiibo/Animal_Crossing/Happy_Home_Designer_Items/HHD_Items_56.nfc	Amiibo	HHD_Items_56	NTAG215	04 94 29 31 CB F4 40
BruceRFID/Amiibo/Animal_Crossing/Happy_Home_Designer_Items/HHD_Items_81.nfc	Amiibo	HHD_Items_81	NTAG215	04 F0 F8 84 7E 1E 40
BruceRFID/Amiibo/Animal_Crossing/Happy_Home_Designer_Items/HHD_Items_80.nfc	Amiibo	HHD_Items_80	NTAG215	04 CC E2 A2 11 CD 40
BruceRFID/Amiibo/Animal_Crossing/Happy_Home_Designer_Items/HHD_Items_57.nfc	Amiibo	HHD_Items_57	NTAG215	04 63 22 CD 64 F4 40
BruceRFID/Amiibo/Animal_Crossing/Happy_Home_Designer_Items/HHD_Items_43.nfc	Amiibo	HHD_Items_43	NTAG215	04 11 4F D2 EB 37 40
BruceRFID/Amiibo/Animal_Crossing/Happy_Home_Designer_Items/HHD_Items-38.nfc	Amiibo	HHD_Items-38	NTAG215	04 49 71 43 7E 40 80
BruceRFID/Amiibo/Animal_Crossing/Happy_Home_Designer_Items/HHD_Items-04.nfc	Amiibo	HHD_Items-04	NTAG215	04 2B 2E 8D 5B 40 80
BruceRFID/Amiibo/Animal_Crossing/Happy_Home_Designer_Items/HHD_Items-10.nfc	Amiibo	HHD_Items-10	NTAG215	04 41 77 7F BE 40 80
BruceRFID/Amiibo/Animal_Crossing/Happy_Home_Designer_Items/HHD_Items-28.nfc	Amiibo	HHD_Items-28	NTAG215	04 98 B6 F9 B8 40 80
BruceRFID/Amiibo/Animal_Crossing/Happy_Home_Designer_Items/HHD_Items-14.nfc	Amiibo	HHD_Items-14	NTAG215	04 0D A1 34 2C 40 80
BruceRFID/Amiibo/Animal_Crossing/Happy_Home_Designer_Items/HHD_Items_47.nfc	Amiibo	HHD_Items_47	NTAG215	04 3D A0 11 8D 1B 40
BruceRFID/Amiibo/Animal_Crossing/Happy_Home_Designer_Items/HHD_Items_53.nfc	Amiibo	HHD_Items_53	NTAG215	04 D2 83 DD 99 A7 40
BruceRFID/Amiibo/Animal_Crossing/Happy_Home_Designer_Items/HHD_Items_84.nfc	Amiibo	HHD_Items_84	NTAG215	04 79 14 E1 B3 BE 40
BruceRFID/Amiibo/Animal_Crossing/Happy_Home_Designer_Items/HHD_Items_90.nfc	Amiibo	HHD_Items_90	NTAG215	04 D7 E4 BF F4 FB 40
BruceRFID/Amiibo/Animal_Crossing/Happy_Home_Designer_Items/HHD_Items_91.nfc	Amiibo	HHD_Items_91	NTAG215	04 49 4D 88 FF C1 40
BruceRFID/Amiibo/Animal_Crossing/Happy_Home_Designer_Items/HHD_Items_85.nfc	Amiibo	HHD_Items_85	NTAG215	04 87 E2 E9 DB EC 40
BruceRFID/Amiibo/Animal_Crossing/Happy_Home_Designer_Items/HHD_Items_52.nfc	Amiibo	HHD_Items_52	NTAG215	04 47 11 DA 4A A5 40
BruceRFID/Amiibo/Animal_Crossing/Happy_Home_Designer_Items/HHD_Items_46.nfc	Amiibo	HHD_Items_46	NTAG215	04 9C 5A 4A 7A 19 40
BruceRFID/Amiibo/Animal_Crossing/Happy_Home_Designer_Items/HHD_Items-01.nfc	Amiibo	HHD_Items-01	NTAG215	04 50 9A 4D 2A 40 80
BruceRFID/Amiibo/Animal_Crossing/Happy_Home_Designer_Items/HHD_Items-15.nfc	Amiibo	HHD_Items-15	NTAG215	04 AB 17 FC 2E 40 80
BruceRFID/Amiibo/Animal_Crossing/Happy_Home_Designer_Items/HHD_Items-29.nfc	Amiibo	HHD_Items-29	NTAG215	04 52 2F 81 6F 40 80
BruceRFID/Amiibo/Animal_Crossing/Happy_Home_Designer_Items/HHD_Items-03.nfc	Amiibo	HHD_Items-03	NTAG215	04 EA 50 A6 F1 40 80
BruceRFID/Amiibo/Animal_Crossing/Happy_Home_Designer_Items/HHD_Items-17.nfc	Amiibo	HHD_Items-17	NTAG215	04 3D E7 D8 13 40 80
BruceRFID/Amiibo/Animal_Crossing/Happy_Home_Designer_Items/HHD_Items_78.nfc	Amiibo	HHD_Items_78	NTAG215	04 68 5B BF 9C 11 40
BruceRFID/Amiibo/Animal_Crossing/Happy_Home_Designer_Items/HHD_Items_50.nfc	Amiibo	HHD_Items_50	NTAG215	04 B3 6D 52 49 D7 40
BruceRFID/Amiibo/Animal_Crossing/Happy_Home_Designer_Items/HHD_Items_44.nfc	Amiibo	HHD_Items_44	NTAG215	04 84 AB A3 7A EE 40
BruceRFID/Amiibo/Animal_Crossing/Happy_Home_Designer_Items/HHD_Items_87.nfc	Amiibo	HHD_Items_87	NTAG215	04 04 09 81 26 49 40
BruceRFID/Amiibo/Animal_Crossing/Happy_Home_Designer_Items/HHD_Items_86.nfc	Amiibo	HHD_Items_86	NTAG215	04 3E 88 3A 3F BA 40
BruceRFID/Amiibo/Animal_Crossing/Happy_Home_Designer_Items/HHD_Items_45.nfc	Amiibo	HHD_Items_45	NTAG215	04 5C 9E 4E C2 8E 40
BruceRFID/Amiibo/Animal_Crossing/Happy_Home_Designer_Items/HHD_Items_51.nfc	Amiibo	HHD_Items_51	NTAG215	04 D6 7E 24 6E DA 40
BruceRFID/Amiibo/Animal_Crossing/Happy_Home_Designer_Items/HHD_Items_79.nfc	Amiibo	HHD_Items_79	NTAG215	04 B5 1E 27 63 AF 40
BruceRFID/Amiibo/Animal_Crossing/Happy_Home_Designer_Items/HHD_Items-16.nfc	Amiibo	HHD_Items-16	NTAG215	04 EB 3F C4 E0 40 80
BruceRFID/Amiibo/Animal_Crossing/Happy_Home_Designer_Items/HHD_Items-02.nfc	Amiibo	HHD_Items-02	NTAG215	04 0C 11 CA CF 40 80
BruceRFID/Amiibo/Animal_Crossing/Happy_Home_Designer_Items/HHD_Items-65.nfc	Amiibo	HHD_Items-65	NTAG215	04 E5 04 88 5D 40 80
BruceRFID/Amiibo/Animal_Crossing/Happy_Home_Designer_Items/HHD_Items-71.nfc	Amiibo	HHD_Items-71	NTAG215	04 90 53 C2 38 40 80
BruceRFID/Amiibo/Animal_Crossing/Happy_Home_Designer_Items/HHD_Items-59.nfc	Amiibo	HHD_Items-59	NTAG215	04 5B A5 5E 66 40 80
BruceRFID/Amiibo/Animal_Crossing/Happy_Home_Designer_Items/HHD_Items_36.nfc	Amiibo	HHD_Items_36	NTAG215	04 14 57 CF ED EE 40
BruceRFID/Amiibo/Animal_Crossing/Happy_Home_Designer_Items/HHD_Items_22.nfc	Amiibo	HHD_Items_22	NTAG215	04 5C 25 F5 B1 DC 40
BruceRFID/Amiibo/Animal_Crossing/Happy_Home_Designer_Items/HHD_Items_23.nfc	Amiibo	HHD_Items_23	NTAG215	04 62 8E 60 6A 07 40
BruceRFID/Amiibo/Animal_Crossing/Happy_Home_Designer_Items/HHD_Items_37.nfc	Amiibo	HHD_Items_37	NTAG215	04 7F 78 8B 8E E2 40
BruceRFID/Amiibo/Animal_Crossing/Happy_Home_Designer_Items/HHD_Items-58.nfc	Amiibo	HHD_Items-58	NTAG215	04 5A DE 45 4C 40 80
BruceRFID/Amiibo/Animal_Crossing/Happy_Home_Designer_Items/HHD_Items-70.nfc	Amiibo	HHD_Items-70	NTAG215	04 1F B8 E3 D4 40 80
BruceRFID/Amiibo/Animal_Crossing/Happy_Home_Designer_Items/HHD_Items-64.nfc	Amiibo	HHD_Items-64	NTAG215	04 A4 6C 09 C4 40 80
BruceRFID/Amiibo/Animal_Crossing/Happy_Home_Designer_Items/HHD_Items-72.nfc	Amiibo	HHD_Items-72	NTAG215	04 EE D8 14 7A 40 80
BruceRFID/Amiibo/Animal_Crossing/Happy_Home_Designer_Items/HHD_Items-66.nfc	Amiibo	HHD_Items-66	NTAG215	04 7A 68 E4 DB 40 80
BruceRFID/Amiibo/Animal_Crossing/Happy_Home_Designer_Items/HHD_Items_21.nfc	Amiibo	HHD_Items_21	NTAG215	04 4A 25 E3 D1 AE 40
BruceRFID/Amiibo/Animal_Crossing/Happy_Home_Designer_Items/HHD_Items_35.nfc	Amiibo	HHD_Items_35	NTAG215	04 BB 42 75 17 59 40
BruceRFID/Amiibo/Animal_Crossing/Happy_Home_Designer_Items/HHD_Items_09.nfc	Amiibo	HHD_Items_09	NTAG215	04 D7 08 53 24 99 40
BruceRFID/Amiibo/Animal_Crossing/Happy_Home_Designer_Items/HHD_Items_08.nfc	Amiibo	HHD_Items_08	NTAG215	04 9F B1 A2 DA 10 40
BruceRFID/Amiibo/Animal_Crossing/Happy_Home_Designer_Items/HHD_Items_34.nfc	Amiibo	HHD_Items_34	NTAG215	04 59 8F 5A B5 D8 40
BruceRFID/Amiibo/Animal_Crossing/Happy_Home_Designer_Items/HHD_Items_20.nfc	Amiibo	HHD_Items_20	NTAG215	04 01 94 19 C1 11 40
BruceRFID/Amiibo/Animal_Crossing/Happy_Home_Designer_Items/HHD_Items-67.nfc	Amiibo	HHD_Items-67	NTAG215	04 8D 3F 42 CA 40 80
BruceRFID/Amiibo/Animal_Crossing/Happy_Home_Designer_Items/HHD_Items-73.nfc	Amiibo	HHD_Items-73	NTAG215	04 C1 32 0F 68 40 80
BruceRFID/Amiibo/Animal_Crossing/Happy_Home_Designer_Items/HHD_Items-88.nfc	Amiibo	HHD_Items-88	NTAG215	04 31 C6 3F BD 40 80
BruceRFID/Amiibo/Animal_Crossing/Happy_Home_Designer_Items/HHD_Items-77.nfc	Amiibo	HHD_Items-77	NTAG215	04 D8 90 8E 45 40 80
BruceRFID/Amiibo/Animal_Crossing/Happy_Home_Designer_Items/HHD_Items-63.nfc	Amiibo	HHD_Items-63	NTAG215	04 79 87 8D AF 40 80
BruceRFID/Amiibo/Animal_Crossing/Happy_Home_Designer_Items/HHD_Items_18.nfc	Amiibo	HHD_Items_18	NTAG215	04 92 A4 BA 4F 52 40
BruceRFID/Amiibo/Animal_Crossing/Happy_Home_Designer_Items/HHD_Items_24.nfc	Amiibo	HHD_Items_24	NTAG215	04 48 C8 0C 95 56 40
BruceRFID/Amiibo/Animal_Crossing/Happy_Home_Designer_Items/HHD_Items_30.nfc	Amiibo	HHD_Items_30	NTAG215	04 5D 58 89 E0 DC 40
BruceRFID/Amiibo/Animal_Crossing/Happy_Home_Designer_Items/HHD_Items_31.nfc	Amiibo	HHD_Items_31	NTAG215	04 91 CB D6 4B 31 40
BruceRFID/Amiibo/Animal_Crossing/Happy_Home_Designer_Items/HHD_Items_25.nfc	Amiibo	HHD_Items_25	NTAG215	04 BB F1 C6 D1 5E 40
BruceRFID/Amiibo/Animal_Crossing/Happy_Home_Designer_Items/HHD_Items_19.nfc	Amiibo	HHD_Items_19	NTAG215	04 D8 41 15 DB FD 40
BruceRFID/Amiibo/Animal_Crossing/Happy_Home_Designer_Items/HHD_Items-62.nfc	Amiibo	HHD_Items-62	NTAG215	04 BC 91 BD 76 40 80
BruceRFID/Amiibo/Animal_Crossing/Happy_Home_Designer_Items/HHD_Items-76.nfc	Amiibo	HHD_Items-76	NTAG215	04 3E 01 CD 25 40 80
BruceRFID/Amiibo/Animal_Crossing/Happy_Home_Designer_Items/HHD_Items-89.nfc	Amiibo	HHD_Items-89	NTAG215	04 8D C7 F6 1E 40 80
BruceRFID/Amiibo/Animal_Crossing/Happy_Home_Designer_Items/HHD_Items-48.nfc	Amiibo	HHD_Items-48	NTAG215	04 E4 C2 49 8E 40 80
BruceRFID/Amiibo/Animal_Crossing/Happy_Home_Designer_Items/HHD_Items-60.nfc	Amiibo	HHD_Items-60	NTAG215	04 08 C8 FE 3C 40 80
BruceRFID/Amiibo/Animal_Crossing/Happy_Home_Designer_Items/HHD_Items-74.nfc	Amiibo	HHD_Items-74	NTAG215	04 78 D7 22 70 40 80
BruceRFID/Amiibo/Animal_Crossing/Happy_Home_Designer_Items/HHD_Items_33.nfc	Amiibo	HHD_Items_33	NTAG215	04 C8 8B CF BC 49 40
BruceRFID/Amiibo/Animal_Crossing/Happy_Home_Designer_Items/HHD_Items_27.nfc	Amiibo	HHD_Items_27	NTAG215	04 6E 0E EC 42 4F 40
BruceRFID/Amiibo/Animal_Crossing/Happy_Home_Designer_Items/HHD_Items_26.nfc	Amiibo	HHD_Items_26	NTAG215	04 6A C3 25 8D 54 40
BruceRFID/Amiibo/Animal_Crossing/Happy_Home_Designer_Items/HHD_Items_32.nfc	Amiibo	HHD_Items_32	NTAG215	04 9B 89 9E 3B 03 40
BruceRFID/Amiibo/Animal_Crossing/Happy_Home_Designer_Items/HHD_Items-75.nfc	Amiibo	HHD_Items-75	NTAG215	04 8A 75 95 9D 40 80
BruceRFID/Amiibo/Animal_Crossing/Happy_Home_Designer_Items/HHD_Items-61.nfc	Amiibo	HHD_Items-61	NTAG215	04 E5 05 0B 86 40 80
BruceRFID/Amiibo/Animal_Crossing/Happy_Home_Designer_Items/HHD_Items-49.nfc	Amiibo	HHD_Items-49	NTAG215	04 03 A0 B7 91 40 80
BruceRFID/Amiibo/Super_Mario_Cereal/SuperMarioCereal.nfc	Amiibo	SuperMarioCereal	NTAG215	04 BD 21 10 A2 1B 4E
BruceRFID/Amiibo/Splatoon/Inkling_Boy_Green.nfc	Amiibo	Inkling_Boy_Green	NTAG215	04 17 7A E1 3A 72 4C
BruceRFID/Amiibo/Splatoon/Inkling_Yellow.nfc	Amiibo	Inkling_Yellow	NTAG215	04 62 B8 F2 79 11 90
BruceRFID/Amiibo/Splatoon/[Splatoon]_15_-_Octoling_Boy.nfc	Amiibo	[Splatoon]_15_-_Octoling_Boy	NTAG215	04 1D D4 B4 EB 4B 70
BruceRFID/Amiibo/Splatoon/Smallfry.nfc	Amiibo	Smallfry	NTAG215	04 D2 8E E2 79 11 90
BruceRFID/Amiibo/Splatoon/[Splatoon]_10_-_Inkling_Girl_(Neon_Pink).nfc	Amiibo	[Splatoon]_10_-_Inkling_Girl_(Neon_Pink)	NTAG215	04 21 BA 7E AE 06 72
BruceRFID/Amiibo/Splatoon/Inkling_Boy.nfc	Amiibo	Inkling_Boy	NTAG215	04 77 45 BE BA 7C 48
BruceRFID/Amiibo/Splatoon/[Splatoon]_05_-_Marie.nfc	Amiibo	[Splatoon]_05_-_Marie	NTAG215	04 3B B8 BE 95 A2 AC
BruceRFID/Amiibo/Splatoon/[Splatoon]_03_-_Inkling_Squid.nfc	Amiibo	[Splatoon]_03_-_Inkling_Squid	NTAG215	04 A0 9C 1B D6 9D B0
BruceRFID/Amiibo/Splatoon/[Splatoon]_02_-_Inkling_Girl.nfc	Amiibo	[Splatoon]_02_-_Inkling_Girl	NTAG215	04 25 CC 6F E3 78 6E
BruceRFID/Amiibo/Splatoon/[Splatoon]_17_-_Octoling_Blue.nfc	Amiibo	[Splatoon]_17_-_Octoling_Blue	NTAG215	04 FF 2F E1 C9 88 89
BruceRFID/Amiibo/Splatoon/Pearl.nfc	Amiibo	Pearl	NTAG215	04 BA EB DD 7A FA 59
BruceRFID/Amiibo/Splatoon/Octoling_Octopus.nfc	Amiibo	Octoling_Octopus	NTAG215	04 57 80 5B AA FA 59
BruceRFID/Amiibo/Splatoon/Octoling_Boy.nfc	Amiibo	Octoling_Boy	NTAG215	04 A9 AE 8B 5A 0D 59
BruceRFID/Amiibo/Splatoon/[Splatoon]_12_-_Pearl.nfc	Amiibo	[Splatoon]_12_-_Pearl	NTAG215	04 AE 54 36 B1 7C 57
BruceRFID/Amiibo/Splatoon/[Splatoon]_14_-_Octoling_Girl.nfc	Amiibo	[Splatoon]_14_-_Octoling_Girl	NTAG215	04 76 E9 A9 CC F5 34
BruceRFID/Amiibo/Splatoon/Marina.nfc	Amiibo	Marina	NTAG215	04 67 66 8D 2A A0 59
BruceRFID/Amiibo/Splatoon/Inkling_Girl_Pink.nfc	Amiibo	Inkling_Girl_Pink	NTAG215	04 BC 97 A7 4A BA 4C
BruceRFID/Amiibo/Splatoon/[Splatoon]_22_-_Big_Man.nfc	Amiibo	[Splatoon]_22_-_Big_Man	NTAG215	04 53 7A 82 C3 21 95
BruceRFID/Amiibo/Splatoon/[Splatoon]_06_-_Inkling_Boy_(Purple).nfc	Amiibo	[Splatoon]_06_-_Inkling_Boy_(Purple)	NTAG215	04 E1 E4 01 43 54 B2
BruceRFID/Amiibo/Splatoon/[Splatoon]_18_-_Inkling_Yellow.nfc	Amiibo	[Splatoon]_18_-_Inkling_Yellow	NTAG215	04 67 04 AA 26 38 39
BruceRFID/Amiibo/Splatoon/[Splatoon]_08_-_Inkling_Squid_(Orange).nfc	Amiibo	[Splatoon]_08_-_Inkling_Squid_(Orange)	NTAG215	04 22 48 38 18 6F 1E
BruceRFID/Amiibo/Splatoon/[Splatoon]_01_-_Inkling_Boy.nfc	Amiibo	[Splatoon]_01_-_Inkling_Boy	NTAG215	04 B3 E8 D0 4E 6F 82
BruceRFID/Amiibo/Splatoon/[Splatoon]_16_-_Octoling_Octopus.nfc	Amiibo	[Splatoon]_16_-_Octoling_Octopus	NTAG215	04 F2 D7 BE BE 83 FD
BruceRFID/Amiibo/Splatoon/Octoling_Girl.nfc	Amiibo	Octoling_Girl	NTAG215	04 F9 08 7D 22 A0 59
BruceRFID/Amiibo/Splatoon/Inkling_Squid_Purple.nfc	Amiibo	Inkling_Squid_Purple	NTAG215	04 DA AB FD 42 46 4B
BruceRFID/Amiibo/Splatoon/Octoling_Blue.nfc	Amiibo	Octoling_Blue	NTAG215	04 CE DB BA 79 11 90
BruceRFID/Amiibo/Splatoon/[Splatoon]_11_-_Squid_(Neon_Purple).nfc	Amiibo	[Splatoon]_11_-_Squid_(Neon_Purple)	NTAG215	04 1D 25 C9 4A 7E CC
BruceRFID/Amiibo/Splatoon/Inkling_Squid.nfc	Amiibo	Inkling_Squid	NTAG215	04 4D 2E EF A2 C6 40
BruceRFID/Amiibo/Splatoon/[Splatoon]_13_-_Marina.nfc	Amiibo	[Splatoon]_13_-_Marina	NTAG215	04 31 9B 12 5D 77 2F
BruceRFID/Amiibo/Splatoon/[Splatoon]_20_-_Shiver.nfc	Amiibo	[Splatoon]_20_-_Shiver	NTAG215	04 C1 2B FA 24 06 A0
BruceRFID/Amiibo/Splatoon/[Splatoon]_07_-_Inkling_Girl_(Lime_Green).nfc	Amiibo	[Splatoon]_07_-_Inkling_Girl_(Lime_Green)	NTAG215	04 F5 64 F0 E2 28 DD
BruceRFID/Amiibo/Splatoon/[Splatoon]_09_-_Inkling_Boy_(Neon_Green).nfc	Amiibo	[Splatoon]_09_-_Inkling_Boy_(Neon_Green)	NTAG215	04 F1 37 9F 4A 1B 47
BruceRFID/Amiibo/Splatoon/[Splatoon]_21_-_Frye.nfc	Amiibo	[Splatoon]_21_-_Frye	NTAG215	04 77 29 F0 69 6E 63
BruceRFID/Amiibo/Splatoon/Inkling_Girl.nfc	Amiibo	Inkling_Girl	NTAG215	04 50 71 AD EA A0 40
BruceRFID/Amiibo/Splatoon/Inkling_Squid_Orange.nfc	Amiibo	Inkling_Squid_Orange	NTAG215	04 DD 7D 2C 72 46 4B
BruceRFID/Amiibo/Splatoon/Callie.nfc	Amiibo	Callie	NTAG215	04 F0 8D F1 F2 44 4B
BruceRFID/Amiibo/Splatoon/[Splatoon]_19_-_Smallfry.nfc	Amiibo	[Splatoon]_19_-_Smallfry	NTAG215	04 93 70 96 AB 71 35
BruceRFID/Amiibo/Splatoon/Inkling_Girl_Green.nfc	Amiibo	Inkling_Girl_Green	NTAG215	04 BD 31 00 6A 46 4B
BruceRFID/Amiibo/Splatoon/Inkling_Boy_Purple.nfc	Amiibo	Inkling_Boy_Purple	NTAG215	04 1F 2F BC 7A 48 4B
BruceRFID/Amiibo/Splatoon/[Splatoon]_04_-_Callie.nfc	Amiibo	[Splatoon]_04_-_Callie	NTAG215	04 B6 5B DA C9 06 38
BruceRFID/Amiibo/Splatoon/Marie.nfc	Amiibo	Marie	NTAG215	04 EB C2 A5 42 48 4B
BruceRFID/Amiibo/Mario/Super_Mario_Figures/[SM]_04_-_Luigi.nfc	Amiibo	[SM]_04_-_Luigi	NTAG215	04 06 AE 17 8F 12 E2
BruceRFID/Amiibo/Mario/Super_Mario_Figures/[SM]_10_-_Waluigi.nfc	Amiibo	[SM]_10_-_Waluigi	NTAG215	04 32 F3 3B 9B D7 CF
BruceRFID/Amiibo/Mario/Super_Mario_Figures/[SM]_21_-_Cat_Mario.nfc	Amiibo	[SM]_21_-_Cat_Mario	NTAG215	04 DA BE 12 1D E9 D8
BruceRFID/Amiibo/Mario/Super_Mario_Figures/[SM]_05_-_Yoshi.nfc	Amiibo	[SM]_05_-_Yoshi	NTAG215	04 94 7A 64 66 ED 53
BruceRFID/Amiibo/Mario/Super_Mario_Figures/[SM]_13_-_Donkey_Kong.nfc	Amiibo	[SM]_13_-_Donkey_Kong	NTAG215	04 F1 C3 A2 F0 A9 4F
BruceRFID/Amiibo/Mario/Super_Mario_Figures/[SM]_08_-_Mario_(Silver_Edition).nfc	Amiibo	[SM]_08_-_Mario_(Silver_Edition)	NTAG215	04 CD 03 90 A4 91 BB
BruceRFID/Amiibo/Mario/Super_Mario_Figures/[SM]_11_-_Daisy.nfc	Amiibo	[SM]_11_-_Daisy	NTAG215	04 F3 2F 73 7B 53 12
BruceRFID/Amiibo/Mario/Super_Mario_Figures/[SM]_03_-_Toad.nfc	Amiibo	[SM]_03_-_Toad	NTAG215	04 6F C3 70 0E 42 B4
BruceRFID/Amiibo/Mario/Super_Mario_Figures/[SM]_22_-_Cat_Peach.nfc	Amiibo	[SM]_22_-_Cat_Peach	NTAG215	04 DD 67 F8 6B A9 36
BruceRFID/Amiibo/Mario/Super_Mario_Figures/[SM]_02_-_Peach.nfc	Amiibo	[SM]_02_-_Peach	NTAG215	04 A0 44 35 B7 BF BE
BruceRFID/Amiibo/Mario/Super_Mario_Figures/[SM]_07_-_Mario_(Gold_Edition).nfc	Amiibo	[SM]_07_-_Mario_(Gold_Edition)	NTAG215	04 29 0B 67 D6 FB 9A
BruceRFID/Amiibo/Mario/Super_Mario_Figures/[SM]_19_-_Peach_(Wedding).nfc	Amiibo	[SM]_19_-_Peach_(Wedding)	NTAG215	04 4A F6 ED 67 75 C0
BruceRFID/Amiibo/Mario/Super_Mario_Figures/[SM]_17_-_Koopa_Troopa.nfc	Amiibo	[SM]_17_-_Koopa_Troopa	NTAG215	04 C4 69 DC B5 EC 54
BruceRFID/Amiibo/Mario/Super_Mario_Figures/[SM]_20_-_Bowser_(Wedding).nfc	Amiibo	[SM]_20_-_Bowser_(Wedding)	NTAG215	04 0D 65 34 AD 51 FF
BruceRFID/Amiibo/Mario/Super_Mario_Figures/[SM]_18_-_Mario_(Wedding).nfc	Amiibo	[SM]_18_-_Mario_(Wedding)	NTAG215	04 2E 09 26 94 98 5E
BruceRFID/Amiibo/Mario/Super_Mario_Figures/[SM]_15_-_Boo.nfc	Amiibo	[SM]_15_-_Boo	NTAG215	04 8C 1A 2B E5 74 46
BruceRFID/Amiibo/Mario/Super_Mario_Figures/[SM]_12_-_Rosalina.nfc	Amiibo	[SM]_12_-_Rosalina	NTAG215	04 DA 49 D2 64 8E 99
BruceRFID/Amiibo/Mario/Super_Mario_Figures/[SM]_14_-_Diddy_Kong.nfc	Amiibo	[SM]_14_-_Diddy_Kong	NTAG215	04 00 77 4D 0E 4E 2C
BruceRFID/Amiibo/Mario/Super_Mario_Figures/[SM]_01_-_Mario.nfc	Amiibo	[SM]_01_-_Mario	NTAG215	04 BA 03 B3 80 8F E7
BruceRFID/Amiibo/Mario/Super_Mario_Figures/[SM]_06_-_Bowser.nfc	Amiibo	[SM]_06_-_Bowser	NTAG215	04 BD 81 38 29 68 08
BruceRFID/Amiibo/Mario/Super_Mario_Figures/[SM]_16_-_Goomba.nfc	Amiibo	[SM]_16_-_Goomba	NTAG215	04 D4 CE B2 D7 2C 67
BruceRFID/Amiibo/Mario/Super_Mario_Figures/[SM]_09_-_Wario.nfc	Amiibo	[SM]_09_-_Wario	NTAG215	04 9C F3 EB 26 B0 3D
BruceRFID/Amiibo/Mario/Super_Mario_Bros._30th_Anniversary. 30th Anniversary/[3AM]_02_-_Mario_Modern_Colors.nfc	Amiibo	[3AM]_02_-_Mario_Modern_Colors	NTAG215	04 06 C7 F5 CD CE 3F
BruceRFID/Amiibo/Mario/Super_Mario_Bros._30th_Anniversary. 30th Anniversary/[3AM]_01_-_Mario_Classic_Colors.nfc	Amiibo	[3AM]_01_-_Mario_Classic_Colors	NTAG215	04 84 93 0B FF 4A 91
BruceRFID/Amiibo/Mario/Super_Mario_Cereal/[SMC]_01_-_Super_Mario_Cereal.nfc	Amiibo	[SMC]_01_-_Super_Mario_Cereal	NTAG215	04 A8 70 76 E6 3E 77
BruceRFID/Amiibo/Mario/Super_Nintendo_World_Power-Up_Bands/[SNW]_03_-_Peach_Power-Up_Band.nfc	Amiibo	[SNW]_03_-_Peach_Power-Up_Band	NTAG215	04 E7 C5 AE FC CB 13
BruceRFID/Amiibo/Mario/Super_Nintendo_World_Power-Up_Bands/[SNW]_02_-_Luigi_Power-Up_Band.nfc	Amiibo	[SNW]_02_-_Luigi_Power-Up_Band	NTAG215	04 72 4E 08 E0 10 74
BruceRFID/Amiibo/Mario/Super_Nintendo_World_Power-Up_Bands/[SNW]_01_-_Mario_Power-Up_Band.nfc	Amiibo	[SNW]_01_-_Mario_Power-Up_Band	NTAG215	04 2A A2 F9 B3 9A 7F
BruceRFID/Amiibo/Mario/Super_Nintendo_World_Power-Up_Bands/[SNW]_06_-_Yoshi_Power-Up_Band.nfc	Amiibo	[SNW]_06_-_Yoshi_Power-Up_Band	NTAG215	04 16 C7 03 BE 5C 89
BruceRFID/Amiibo/Mario/Super_Nintendo_World_Power-Up_Bands/[SNW]_07_-_Gold_Mario_Power-Up_Band.nfc	Amiibo	[SNW]_07_-_Gold_Mario_Power-Up_Band	NTAG215	04 38 69 20 2F 38 CA
BruceRFID/Amiibo/Mario/Super_Nintendo_World_Power-Up_Bands/[SNW]_04_-_Daisy_Power-Up_Band.nfc	Amiibo	[SNW]_04_-_Daisy_Power-Up_Band	NTAG215	04 7A A3 35 BA DC 99
BruceRFID/Amiibo/Mario/Super_Nintendo_World_Power-Up_Bands/[SNW]_05_-_Toad_Power-Up_Band.nfc	Amiibo	[SNW]_05_-_Toad_Power-Up_Band	NTAG215	04 E7 B6 5E FD FD EA
BruceRFID/Amiibo/Mario/Mario_Sports_Superstars/[MSS]_22_-_Yoshi_(Baseball).nfc	Amiibo	[MSS]_22_-_Yoshi_(Baseball)	NTAG215	04 4E 79 08 7F 4F 17
BruceRFID/Amiibo/Mario/Mario_Sports_Superstars/[MSS]_07_-_Luigi_(Baseball).nfc	Amiibo	[MSS]_07_-_Luigi_(Baseball)	NTAG215	04 B0 D1 1C 16 9A 30
BruceRFID/Amiibo/Mario/Mario_Sports_Superstars/[MSS]_84_-_Metal_Mario_(Golf).nfc	Amiibo	[MSS]_84_-_Metal_Mario_(Golf)	NTAG215	04 BA AF 5E 13 8F 30
BruceRFID/Amiibo/Mario/Mario_Sports_Superstars/[MSS]_54_-_Bowser_Jr._(Golf).nfc	Amiibo	[MSS]_54_-_Bowser_Jr._(Golf)	NTAG215	04 D4 2D 71 17 9E 90
BruceRFID/Amiibo/Mario/Mario_Sports_Superstars/[MSS]_83_-_Metal_Mario_(Tennis).nfc	Amiibo	[MSS]_83_-_Metal_Mario_(Tennis)	NTAG215	04 29 CE 07 CA 5D 43
BruceRFID/Amiibo/Mario/Mario_Sports_Superstars/[MSS]_74_-_Birdo_(Golf).nfc	Amiibo	[MSS]_74_-_Birdo_(Golf)	NTAG215	04 FC E5 15 F7 C4 D6
BruceRFID/Amiibo/Mario/Mario_Sports_Superstars/[MSS]_46_-_Bowser_(Soccer).nfc	Amiibo	[MSS]_46_-_Bowser_(Soccer)	NTAG215	04 4B EA 03 81 29 C6
BruceRFID/Amiibo/Mario/Mario_Sports_Superstars/[MSS]_63_-_Baby_Mario_(Tennis).nfc	Amiibo	[MSS]_63_-_Baby_Mario_(Tennis)	NTAG215	04 96 9D A2 32 30 4D
BruceRFID/Amiibo/Mario/Mario_Sports_Superstars/[MSS]_89_-_Pink_Gold_Peach_(Golf).nfc	Amiibo	[MSS]_89_-_Pink_Gold_Peach_(Golf)	NTAG215	04 61 FE C6 92 73 1B
BruceRFID/Amiibo/Mario/Mario_Sports_Superstars/[MSS]_71_-_Birdo_(Soccer).nfc	Amiibo	[MSS]_71_-_Birdo_(Soccer)	NTAG215	04 92 1D 6E 49 5C F3
BruceRFID/Amiibo/Mario/Mario_Sports_Superstars/[MSS]_56_-_Boo_(Soccer).nfc	Amiibo	[MSS]_56_-_Boo_(Soccer)	NTAG215	04 8C 4C 1F 73 B5 DE
BruceRFID/Amiibo/Mario/Mario_Sports_Superstars/[MSS]_04_-_Mario_(Golf).nfc	Amiibo	[MSS]_04_-_Mario_(Golf)	NTAG215	04 06 8D 24 1E B7 AD
BruceRFID/Amiibo/Mario/Mario_Sports_Superstars/[MSS]_10_-_Luigi_(Horse_Racing).nfc	Amiibo	[MSS]_10_-_Luigi_(Horse_Racing)	NTAG215	04 1D 16 80 16 69 94
BruceRFID/Amiibo/Mario/Mario_Sports_Superstars/[MSS]_21_-_Yoshi_(Soccer).nfc	Amiibo	[MSS]_21_-_Yoshi_(Soccer)	NTAG215	04 A1 95 18 DF 36 A6
BruceRFID/Amiibo/Mario/Mario_Sports_Superstars/[MSS]_59_-_Boo_(Golf).nfc	Amiibo	[MSS]_59_-_Boo_(Golf)	NTAG215	04 4A 38 A7 DA 35 DC
BruceRFID/Amiibo/Mario/Mario_Sports_Superstars/[MSS]_66_-_Baby_Luigi_(Soccer).nfc	Amiibo	[MSS]_66_-_Baby_Luigi_(Soccer)	NTAG215	04 6B 22 96 6E 2E D4
BruceRFID/Amiibo/Mario/Mario_Sports_Superstars/[MSS]_53_-_Bowser_Jr.__(Tennis).nfc	Amiibo	[MSS]_53_-_Bowser_Jr.__(Tennis)	NTAG215	04 61 D2 25 76 70 3C
BruceRFID/Amiibo/Mario/Mario_Sports_Superstars/[MSS]_57_-_Boo_(Baseball).nfc	Amiibo	[MSS]_57_-_Boo_(Baseball)	NTAG215	04 F9 1C 70 CE CA 4B
BruceRFID/Amiibo/Mario/Mario_Sports_Superstars/[MSS]_69_-_Baby_Luigi_(Golf).nfc	Amiibo	[MSS]_69_-_Baby_Luigi_(Golf)	NTAG215	04 EB 03 DD C0 FF 1F
BruceRFID/Amiibo/Mario/Mario_Sports_Superstars/[MSS]_62_-_Baby_Mario_(Baseball).nfc	Amiibo	[MSS]_62_-_Baby_Mario_(Baseball)	NTAG215	04 63 D9 2B 0B FB 12
BruceRFID/Amiibo/Mario/Mario_Sports_Superstars/[MSS]_05_-_Mario_(Horse_Racing).nfc	Amiibo	[MSS]_05_-_Mario_(Horse_Racing)	NTAG215	04 CE D1 D6 35 4E 0A
BruceRFID/Amiibo/Mario/Mario_Sports_Superstars/[MSS]_68_-_Baby_Luigi_(Tennis).nfc	Amiibo	[MSS]_68_-_Baby_Luigi_(Tennis)	NTAG215	04 24 01 FD 4E A2 11
BruceRFID/Amiibo/Mario/Mario_Sports_Superstars/[MSS]_08_-_Luigi_(Tennis).nfc	Amiibo	[MSS]_08_-_Luigi_(Tennis)	NTAG215	04 55 35 EF BC C8 B4
BruceRFID/Amiibo/Mario/Mario_Sports_Superstars/[MSS]_67_-_Baby_Luigi_(Baseball).nfc	Amiibo	[MSS]_67_-_Baby_Luigi_(Baseball)	NTAG215	04 2B DC 18 08 8B C0
BruceRFID/Amiibo/Mario/Mario_Sports_Superstars/[MSS]_81_-_Metal_Mario_(Soccer).nfc	Amiibo	[MSS]_81_-_Metal_Mario_(Soccer)	NTAG215	04 40 25 53 DA BD 5B
BruceRFID/Amiibo/Mario/Mario_Sports_Superstars/[MSS]_09_-_Luigi_(Golf).nfc	Amiibo	[MSS]_09_-_Luigi_(Golf)	NTAG215	04 CC 00 74 9D 3D 88
BruceRFID/Amiibo/Mario/Mario_Sports_Superstars/[MSS]_73_-_Birdo_(Tennis).nfc	Amiibo	[MSS]_73_-_Birdo_(Tennis)	NTAG215	04 B9 A6 D0 3D F2 51
BruceRFID/Amiibo/Mario/Mario_Sports_Superstars/[MSS]_31_-_Waluigi_(Soccer).nfc	Amiibo	[MSS]_31_-_Waluigi_(Soccer)	NTAG215	04 6E 8E F5 4A 08 FF
BruceRFID/Amiibo/Mario/Mario_Sports_Superstars/[MSS]_23_-_Yoshi_(Tennis).nfc	Amiibo	[MSS]_23_-_Yoshi_(Tennis)	NTAG215	04 3D 83 FE E4 A7 F5
BruceRFID/Amiibo/Mario/Mario_Sports_Superstars/[MSS]_60_-_Boo_(Horse_Racing).nfc	Amiibo	[MSS]_60_-_Boo_(Horse_Racing)	NTAG215	04 7F 27 4D 97 D7 20
BruceRFID/Amiibo/Mario/Mario_Sports_Superstars/[MSS]_12_-_Peach_(Baseball).nfc	Amiibo	[MSS]_12_-_Peach_(Baseball)	NTAG215	04 10 58 82 6A F9 B9
BruceRFID/Amiibo/Mario/Mario_Sports_Superstars/[MSS]_02_-_Mario_(Baseball).nfc	Amiibo	[MSS]_02_-_Mario_(Baseball)	NTAG215	04 47 1C 7B E8 80 1A
BruceRFID/Amiibo/Mario/Mario_Sports_Superstars/[MSS]_44_-_Diddy_Kong_(Golf).nfc	Amiibo	[MSS]_44_-_Diddy_Kong_(Golf)	NTAG215	04 AC 31 4E 0B 43 E6
BruceRFID/Amiibo/Mario/Mario_Sports_Superstars/[MSS]_47_-_Bowser_(Baseball).nfc	Amiibo	[MSS]_47_-_Bowser_(Baseball)	NTAG215	04 70 8C B1 8A A7 22
BruceRFID/Amiibo/Mario/Mario_Sports_Superstars/[MSS]_26_-_Wario_(Soccer).nfc	Amiibo	[MSS]_26_-_Wario_(Soccer)	NTAG215	04 F1 85 D5 2C 99 76
BruceRFID/Amiibo/Mario/Mario_Sports_Superstars/[MSS]_41_-_Diddy_Kong_(Soccer).nfc	Amiibo	[MSS]_41_-_Diddy_Kong_(Soccer)	NTAG215	04 30 4C 3A D9 0B 58
BruceRFID/Amiibo/Mario/Mario_Sports_Superstars/[MSS]_25_-_Yoshi_(Horse_Racing).nfc	Amiibo	[MSS]_25_-_Yoshi_(Horse_Racing)	NTAG215	04 3F CB 98 FE AC 03
BruceRFID/Amiibo/Mario/Mario_Sports_Superstars/[MSS]_18_-_Daisy_(Tennis).nfc	Amiibo	[MSS]_18_-_Daisy_(Tennis)	NTAG215	04 90 DC 60 DD C4 F6
BruceRFID/Amiibo/Mario/Mario_Sports_Superstars/[MSS]_50_-_Bowser_(Horse_Racing).nfc	Amiibo	[MSS]_50_-_Bowser_(Horse_Racing)	NTAG215	04 73 7A 79 0D E7 BD
BruceRFID/Amiibo/Mario/Mario_Sports_Superstars/[MSS]_14_-_Peach_(Golf).nfc	Amiibo	[MSS]_14_-_Peach_(Golf)	NTAG215	04 52 5C BD 96 62 25
BruceRFID/Amiibo/Mario/Mario_Sports_Superstars/[MSS]_45_-_Diddy_Kong_(Horse_Racing).nfc	Amiibo	[MSS]_45_-_Diddy_Kong_(Horse_Racing)	NTAG215	04 4B 4E A7 AA 4C 76
BruceRFID/Amiibo/Mario/Mario_Sports_Superstars/[MSS]_86_-_Pink_Gold_Peach_(Soccer).nfc	Amiibo	[MSS]_86_-_Pink_Gold_Peach_(Soccer)	NTAG215	04 05 3E 4D 82 48 FB
BruceRFID/Amiibo/Mario/Mario_Sports_Superstars/[MSS]_06_-_Luigi_(Soccer).nfc	Amiibo	[MSS]_06_-_Luigi_(Soccer)	NTAG215	04 22 55 7A B0 CD 94
BruceRFID/Amiibo/Mario/Mario_Sports_Superstars/[MSS]_42_-_Diddy_Kong_(Baseball).nfc	Amiibo	[MSS]_42_-_Diddy_Kong_(Baseball)	NTAG215	04 9F C3 F0 D7 BA 0B
BruceRFID/Amiibo/Mario/Mario_Sports_Superstars/[MSS]_36_-_Donkey_Kong_(Soccer).nfc	Amiibo	[MSS]_36_-_Donkey_Kong_(Soccer)	NTAG215	04 6F 5C 59 90 9C FF
BruceRFID/Amiibo/Mario/Mario_Sports_Superstars/[MSS]_78_-_Rosalina_(Tennis).nfc	Amiibo	[MSS]_78_-_Rosalina_(Tennis)	NTAG215	04 32 51 2F D2 D6 79
BruceRFID/Amiibo/Mario/Mario_Sports_Superstars/[MSS]_48_-_Bowser_(Tennis).nfc	Amiibo	[MSS]_48_-_Bowser_(Tennis)	NTAG215	04 74 74 3C DA D8 BC
BruceRFID/Amiibo/Mario/Mario_Sports_Superstars/[MSS]_52_-_Bowser_Jr._(Baseball).nfc	Amiibo	[MSS]_52_-_Bowser_Jr._(Baseball)	NTAG215	04 A0 D5 AA 5E 5B 50
BruceRFID/Amiibo/Mario/Mario_Sports_Superstars/[MSS]_37_-_Donkey_Kong_(Baseball).nfc	Amiibo	[MSS]_37_-_Donkey_Kong_(Baseball)	NTAG215	04 BB F4 71 CD A2 C2
BruceRFID/Amiibo/Mario/Mario_Sports_Superstars/[MSS]_11_-_Peach_(Soccer).nfc	Amiibo	[MSS]_11_-_Peach_(Soccer)	NTAG215	04 5B FF B9 B4 74 8C
BruceRFID/Amiibo/Mario/Mario_Sports_Superstars/[MSS]_75_-_Birdo_(Horse_Racing).nfc	Amiibo	[MSS]_75_-_Birdo_(Horse_Racing)	NTAG215	04 F3 DB BA D3 7B 02
BruceRFID/Amiibo/Mario/Mario_Sports_Superstars/[MSS]_40_-_Donkey_Kong_(Horse_Racing).nfc	Amiibo	[MSS]_40_-_Donkey_Kong_(Horse_Racing)	NTAG215	04 67 C6 83 1E C2 4E
BruceRFID/Amiibo/Mario/Mario_Sports_Superstars/[MSS]_17_-_Daisy_(Baseball).nfc	Amiibo	[MSS]_17_-_Daisy_(Baseball)	NTAG215	04 CA 0D 2F 2E 66 B9
BruceRFID/Amiibo/Mario/Mario_Sports_Superstars/[MSS]_30_-_Wario_(Horse_Racing).nfc	Amiibo	[MSS]_30_-_Wario_(Horse_Racing)	NTAG215	04 62 CE 75 8A 31 0F
BruceRFID/Amiibo/Mario/Mario_Sports_Superstars/[MSS]_61_-_Baby_Mario_(Soccer).nfc	Amiibo	[MSS]_61_-_Baby_Mario_(Soccer)	NTAG215	04 16 66 FC 08 B1 C6
BruceRFID/Amiibo/Mario/Mario_Sports_Superstars/[MSS]_38_-_Donkey_Kong_(Tennis).nfc	Amiibo	[MSS]_38_-_Donkey_Kong_(Tennis)	NTAG215	04 6B 62 43 83 E6 F3
BruceRFID/Amiibo/Mario/Mario_Sports_Superstars/[MSS]_01_-_Mario_(Soccer).nfc	Amiibo	[MSS]_01_-_Mario_(Soccer)	NTAG215	04 49 24 02 76 5B DF
BruceRFID/Amiibo/Mario/Mario_Sports_Superstars/[MSS]_39_-_Donkey_Kong_(Golf).nfc	Amiibo	[MSS]_39_-_Donkey_Kong_(Golf)	NTAG215	04 7A 28 57 34 32 A9
BruceRFID/Amiibo/Mario/Mario_Sports_Superstars/[MSS]_80_-_Rosalina_(Horse_Racing).nfc	Amiibo	[MSS]_80_-_Rosalina_(Horse_Racing)	NTAG215	04 35 EF DF 0F 40 72
BruceRFID/Amiibo/Mario/Mario_Sports_Superstars/[MSS]_87_-_Pink_Gold_Peach_(Baseball).nfc	Amiibo	[MSS]_87_-_Pink_Gold_Peach_(Baseball)	NTAG215	04 21 B2 C7 2F A1 A9
BruceRFID/Amiibo/Mario/Mario_Sports_Superstars/[MSS]_64_-_Baby_Mario_(Golf).nfc	Amiibo	[MSS]_64_-_Baby_Mario_(Golf)	NTAG215	04 5E 42 C3 BF AF 02
BruceRFID/Amiibo/Mario/Mario_Sports_Superstars/[MSS]_34_-_Waluigi_(Golf).nfc	Amiibo	[MSS]_34_-_Waluigi_(Golf)	NTAG215	04 D8 FB BB F6 13 1B
BruceRFID/Amiibo/Mario/Mario_Sports_Superstars/[MSS]_77_-_Rosalina_(Baseball).nfc	Amiibo	[MSS]_77_-_Rosalina_(Baseball)	NTAG215	04 84 48 01 96 4D A1
BruceRFID/Amiibo/Mario/Mario_Sports_Superstars/[MSS]_16_-_Daisy_(Soccer).nfc	Amiibo	[MSS]_16_-_Daisy_(Soccer)	NTAG215	04 49 77 38 D1 A4 50
BruceRFID/Amiibo/Mario/Mario_Sports_Superstars/[MSS]_27_-_Wario_(Baseball).nfc	Amiibo	[MSS]_27_-_Wario_(Baseball)	NTAG215	04 ED 96 2D 9B BA FF
BruceRFID/Amiibo/Mario/Mario_Sports_Superstars/[MSS]_24_-_Yoshi_(Golf).nfc	Amiibo	[MSS]_24_-_Yoshi_(Golf)	NTAG215	04 64 B9 28 4A 3A 55
BruceRFID/Amiibo/Mario/Mario_Sports_Superstars/[MSS]_76_-_Rosalina_(Soccer).nfc	Amiibo	[MSS]_76_-_Rosalina_(Soccer)	NTAG215	04 F3 5C A3 E7 65 AA
BruceRFID/Amiibo/Mario/Mario_Sports_Superstars/[MSS]_43_-_Diddy_Kong_(Tennis).nfc	Amiibo	[MSS]_43_-_Diddy_Kong_(Tennis)	NTAG215	04 AB E4 6A F2 F0 6F
BruceRFID/Amiibo/Mario/Mario_Sports_Superstars/[MSS]_29_-_Wario_(Golf).nfc	Amiibo	[MSS]_29_-_Wario_(Golf)	NTAG215	04 4E 98 35 D6 A8 B3
BruceRFID/Amiibo/Mario/Mario_Sports_Superstars/[MSS]_58_-_Boo_(Tennis).nfc	Amiibo	[MSS]_58_-_Boo_(Tennis)	NTAG215	04 F4 61 34 3E E2 24
BruceRFID/Amiibo/Mario/Mario_Sports_Superstars/[MSS]_85_-_Metal_Mario_(Horse_Racing).nfc	Amiibo	[MSS]_85_-_Metal_Mario_(Horse_Racing)	NTAG215	04 DF 59 C2 7F CC AC
BruceRFID/Amiibo/Mario/Mario_Sports_Superstars/[MSS]_79_-_Rosalina_(Golf).nfc	Amiibo	[MSS]_79_-_Rosalina_(Golf)	NTAG215	04 4A 55 AF FE 56 DF
BruceRFID/Amiibo/Mario/Mario_Sports_Superstars/[MSS]_32_-_Waluigi_(Baseball).nfc	Amiibo	[MSS]_32_-_Waluigi_(Baseball)	NTAG215	04 49 F4 23 5B 36 1A
BruceRFID/Amiibo/Mario/Mario_Sports_Superstars/[MSS]_82_-_Metal_Mario_(Baseball).nfc	Amiibo	[MSS]_82_-_Metal_Mario_(Baseball)	NTAG215	04 42 DD 72 DA DB AB
BruceRFID/Amiibo/Mario/Mario_Sports_Superstars/[MSS]_20_-_Daisy_(Horse_Racing).nfc	Amiibo	[MSS]_20_-_Daisy_(Horse_Racing)	NTAG215	04 CE A3 E4 6F F6 0F
BruceRFID/Amiibo/Mario/Mario_Sports_Superstars/[MSS]_72_-_Birdo_(Baseball).nfc	Amiibo	[MSS]_72_-_Birdo_(Baseball)	NTAG215	04 1A A8 53 F0 96 60
BruceRFID/Amiibo/Mario/Mario_Sports_Superstars/[MSS]_65_-_Baby_Mario_(Horse_Racing).nfc	Amiibo	[MSS]_65_-_Baby_Mario_(Horse_Racing)	NTAG215	04 23 7F 2F 19 8D 18
BruceRFID/Amiibo/Mario/Mario_Sports_Superstars/[MSS]_49_-_Bowser_(Golf).nfc	Amiibo	[MSS]_49_-_Bowser_(Golf)	NTAG215	04 80 87 CA 18 01 EF
BruceRFID/Amiibo/Mario/Mario_Sports_Superstars/[MSS]_55_-_Bowser_Jr._(Horse_Racing).nfc	Amiibo	[MSS]_55_-_Bowser_Jr._(Horse_Racing)	NTAG215	04 14 14 1C 57 D4 9F
BruceRFID/Amiibo/Mario/Mario_Sports_Superstars/[MSS]_03_-_Mario_(Tennis).nfc	Amiibo	[MSS]_03_-_Mario_(Tennis)	NTAG215	04 E4 E4 FA DF D4 79
BruceRFID/Amiibo/Mario/Mario_Sports_Superstars/[MSS]_19_-_Daisy_(Golf).nfc	Amiibo	[MSS]_19_-_Daisy_(Golf)	NTAG215	04 3D 8D FD B8 A3 A9
BruceRFID/Amiibo/Mario/Mario_Sports_Superstars/[MSS]_70_-_Baby_Luigi_(Horse_Racing).nfc	Amiibo	[MSS]_70_-_Baby_Luigi_(Horse_Racing)	NTAG215	04 EC 10 23 D4 83 EF
BruceRFID/Amiibo/Mario/Mario_Sports_Superstars/[MSS]_28_-_Wario_(Tennis).nfc	Amiibo	[MSS]_28_-_Wario_(Tennis)	NTAG215	04 04 5E C7 99 59 50
BruceRFID/Amiibo/Mario/Mario_Sports_Superstars/[MSS]_13_-_Peach_(Tennis).nfc	Amiibo	[MSS]_13_-_Peach_(Tennis)	NTAG215	04 38 0C F1 2C 54 41
BruceRFID/Amiibo/Mario/Mario_Sports_Superstars/[MSS]_90_-_Pink_Gold_Peach_(Horse_Racing).nfc	Amiibo	[MSS]_90_-_Pink_Gold_Peach_(Horse_Racing)	NTAG215	04 D2 4B 50 EE EB 39
BruceRFID/Amiibo/Mario/Mario_Sports_Superstars/[MSS]_51_-_Bowser_Jr._(Soccer).nfc	Amiibo	[MSS]_51_-_Bowser_Jr._(Soccer)	NTAG215	04 22 07 3A 2D 1A AD
BruceRFID/Amiibo/Mario/Mario_Sports_Superstars/[MSS]_33_-_Waluigi_(Tennis).nfc	Amiibo	[MSS]_33_-_Waluigi_(Tennis)	NTAG215	04 3B C2 D1 1F 4A BC
BruceRFID/Amiibo/Mario/Mario_Sports_Superstars/[MSS]_35_-_Waluigi_(Horse_Racing).nfc	Amiibo	[MSS]_35_-_Waluigi_(Horse_Racing)	NTAG215	04 BA 9E B9 B9 B3 4F
BruceRFID/Amiibo/Mario/Mario_Sports_Superstars/[MSS]_88_-_Pink_Gold_Peach_(Tennis).nfc	Amiibo	[MSS]_88_-_Pink_Gold_Peach_(Tennis)	NTAG215	04 D9 58 35 14 A2 0A
BruceRFID/Amiibo/Mario/Mario_Sports_Superstars/[MSS]_15_-_Peach_(Horse_Racing).nfc	Amiibo	[MSS]_15_-_Peach_(Horse_Racing)	NTAG215	04 3B 4F 10 77 AD 65
BruceRFID/Amiibo/Shovel_Knight/[SN]_02_-_Plague_Knight.nfc	Amiibo	[SN]_02_-_Plague_Knight	NTAG215	04 88 30 90 A1 EC 62
BruceRFID/Amiibo/Shovel_Knight/[SN]_05_-_Shovel_Knight_(Gold_Edition).nfc	Amiibo	[SN]_05_-_Shovel_Knight_(Gold_Edition)	NTAG215	04 22 FC 5B 29 80 70
BruceRFID/Amiibo/Shovel_Knight/[SN]_04_-_King_Knight.nfc	Amiibo	[SN]_04_-_King_Knight	NTAG215	04 7A 0A AE 86 B9 83
BruceRFID/Amiibo/Shovel_Knight/[SN]_03_-_Specter_Knight.nfc	Amiibo	[SN]_03_-_Specter_Knight	NTAG215	04 98 94 C6 30 81 55
BruceRFID/Amiibo/Shovel_Knight/[SN]_01_-_Shovel_Knight.nfc	Amiibo	[SN]_01_-_Shovel_Knight	NTAG215	04 8A 89 B9 82 B5 12
BruceRFID/Amiibo/Monster_Hunter/Monster_Hunter_Rise/[MHR]_02_-_Magnamalo.nfc	Amiibo	[MHR]_02_-_Magnamalo	NTAG215	04 E3 66 1F F6 6F 15
BruceRFID/Amiibo/Monster_Hunter/Monster_Hunter_Rise/[MHR]_01_-_Palamute.nfc	Amiibo	[MHR]_01_-_Palamute	NTAG215	04 8C E2 2B 72 DC 3B
BruceRFID/Amiibo/Monster_Hunter/Monster_Hunter_Rise/[MHR]_03_-_Palico.nfc	Amiibo	[MHR]_03_-_Palico	NTAG215	04 83 70 BD EB 3E 26
BruceRFID/Amiibo/Monster_Hunter/Monster_Hunter_Rise/Sunbreak/[MHR]_01_-_Malzeno.nfc	Amiibo	[MHR]_01_-_Malzeno	NTAG215	04 C1 30 9E 3E EB 89
BruceRFID/Amiibo/Monster_Hunter/Monster_Hunter_Rise/Sunbreak/[MHR]_03_-_Palico_Felyne_Malzeno.nfc	Amiibo	[MHR]_03_-_Palico_Felyne_Malzeno	NTAG215	04 A1 C1 1F 12 88 09
BruceRFID/Amiibo/Monster_Hunter/Monster_Hunter_Rise/Sunbreak/[MHR]_02_-_Palamute_Canyne_Malzeno.nfc	Amiibo	[MHR]_02_-_Palamute_Canyne_Malzeno	NTAG215	04 54 B1 61 2A E6 95
BruceRFID/Amiibo/Monster_Hunter/MH_Stories_2/Ena.nfc	Amiibo	Ena	NTAG215	04 89 3E 3B AA 04 6C
BruceRFID/Amiibo/Monster_Hunter/MH_Stories_2/Razewing_Ratha.nfc	Amiibo	Razewing_Ratha	NTAG215	04 16 A8 32 AA 04 6C
BruceRFID/Amiibo/Monster_Hunter/MH_Stories_2/Tsukino.nfc	Amiibo	Tsukino	NTAG215	04 84 A4 AC 6A FB 6B
BruceRFID/Amiibo/Monster_Hunter/Monster_Hunter_Stories/[MHS]_05_-_Barioth_and_Ayuria.nfc	Amiibo	[MHS]_05_-_Barioth_and_Ayuria	NTAG215	04 8A 98 51 39 3D E5
BruceRFID/Amiibo/Monster_Hunter/Monster_Hunter_Stories/[MHS]_02_-_One-Eyed_Rathalos_and_Rider_(Male).nfc	Amiibo	[MHS]_02_-_One-Eyed_Rathalos_and_Rider_(Male)	NTAG215	04 68 96 FF C9 8A 10
BruceRFID/Amiibo/Monster_Hunter/Monster_Hunter_Stories/[MHS]_04_-_Rathian_and_Cheval.nfc	Amiibo	[MHS]_04_-_Rathian_and_Cheval	NTAG215	04 7C 08 5F A3 1F 48
BruceRFID/Amiibo/Monster_Hunter/Monster_Hunter_Stories/[MHS]_06_-_Qurupeco_and_Dan.nfc	Amiibo	[MHS]_06_-_Qurupeco_and_Dan	NTAG215	04 0B 53 C0 5D F9 B3
BruceRFID/Amiibo/Monster_Hunter/Monster_Hunter_Stories/[MHS]_01_-_One-Eyed_Rathalos_and_Rider_(Female).nfc	Amiibo	[MHS]_01_-_One-Eyed_Rathalos_and_Rider_(Female)	NTAG215	04 F7 3E 3D 5A 32 0B
BruceRFID/Amiibo/Monster_Hunter/Monster_Hunter_Stories/[MHS]_03_-_Nabiru.nfc	Amiibo	[MHS]_03_-_Nabiru	NTAG215	04 90 C7 2E CF C2 8A
BruceRFID/Amiibo/Monster_Hunter/Monster_Hunter_Stories_2/[MHS]_03_-_Tsukino.nfc	Amiibo	[MHS]_03_-_Tsukino	NTAG215	04 16 03 19 52 98 45
BruceRFID/Amiibo/Monster_Hunter/Monster_Hunter_Stories_2/[MHS]_02_-_Razewing_Ratha.nfc	Amiibo	[MHS]_02_-_Razewing_Ratha	NTAG215	04 7C 44 9B D5 21 0E
BruceRFID/Amiibo/Monster_Hunter/Monster_Hunter_Stories_2/[MHS]_01_-_Ena.nfc	Amiibo	[MHS]_01_-_Ena	NTAG215	04 83 7F C2 EC 3D 1D
BruceRFID/Amiibo/Monster_Hunter/MH_Stories/Nabiru.nfc	Amiibo	Nabiru	NTAG215	04 79 8E 7B 4A 3A 4D
BruceRFID/Amiibo/Monster_Hunter/MH_Stories/Qurupeco_and_Dan.nfc	Amiibo	Qurupeco_and_Dan	NTAG215	04 BA 16 20 6A 72 4C
BruceRFID/Amiibo/Monster_Hunter/MH_Stories/OneEyed_Rider_Male.nfc	Amiibo	OneEyed_Rider_Male	NTAG215	04 E4 68 00 6A 30 4D
BruceRFID/Amiibo/Monster_Hunter/MH_Stories/Rathian_and_Cheval.nfc	Amiibo	Rathian_and_Cheval	NTAG215	04 54 F5 2D DA EE 4A
BruceRFID/Amiibo/Monster_Hunter/MH_Stories/OneEyed_Rider_Female.nfc	Amiibo	OneEyed_Rider_Female	NTAG215	04 C4 40 08 72 30 4D
BruceRFID/Amiibo/Monster_Hunter/MH_Stories/Barioth_and_Ayuria.nfc	Amiibo	Barioth_and_Ayuria	NTAG215	04 0E DE 5C F2 E9 4C
BruceRFID/Amiibo/Monster_Hunter/MH_Rise/Malzeno.nfc	Amiibo	Malzeno	NTAG215	04 AF D9 F1 BC 0C 88
BruceRFID/Amiibo/Monster_Hunter/MH_Rise/Magnamalo.nfc	Amiibo	Magnamalo	NTAG215	04 80 7E 72 52 FB 6B
BruceRFID/Amiibo/Monster_Hunter/MH_Rise/Palico.nfc	Amiibo	Palico	NTAG215	04 0A 38 1F BD 64 88
BruceRFID/Amiibo/Monster_Hunter/MH_Rise/Palamute_Canyne.nfc	Amiibo	Palamute_Canyne	NTAG215	04 F2 8F 3B 82 DB 8C
BruceRFID/Amiibo/Monster_Hunter/MH_Rise/Palico_Felyne_Malzeno.nfc	Amiibo	Palico_Felyne_Malzeno	NTAG215	04 E6 73 02 FD 59 80
BruceRFID/Amiibo/Monster_Hunter/MH_Rise/Palamute.nfc	Amiibo	Palamute	NTAG215	04 AB 1F 25 AE CE 8D
BruceRFID/Amiibo/Mario_Sports_Superstars/Golf/Bowser_Jr.nfc	Amiibo	Bowser_Jr	NTAG215	04 8F 83 80 6A E8 4C
BruceRFID/Amiibo/Mario_Sports_Superstars/Golf/Baby_Luigi.nfc	Amiibo	Baby_Luigi	NTAG215	04 7D 82 73 62 3C 4D
BruceRFID/Amiibo/Mario_Sports_Superstars/Golf/Mario.nfc	Amiibo	Mario	NTAG215	04 A1 D1 FC C2 3C 4D
BruceRFID/Amiibo/Mario_Sports_Superstars/Golf/Boo.nfc	Amiibo	Boo	NTAG215	04 8E 3A 38 B2 E8 4C
BruceRFID/Amiibo/Mario_Sports_Superstars/Golf/Pink_Gold_Peach.nfc	Amiibo	Pink_Gold_Peach	NTAG215	04 4C 92 52 22 78 4C
BruceRFID/Amiibo/Mario_Sports_Superstars/Golf/Rosalina.nfc	Amiibo	Rosalina	NTAG215	04 40 62 AE 62 3C 4D
BruceRFID/Amiibo/Mario_Sports_Superstars/Golf/Waluigi.nfc	Amiibo	Waluigi	NTAG215	04 3E 88 3A 4A 38 4D
BruceRFID/Amiibo/Mario_Sports_Superstars/Golf/Yoshi.nfc	Amiibo	Yoshi	NTAG215	04 02 76 F8 C2 3C 4D
BruceRFID/Amiibo/Mario_Sports_Superstars/Golf/Metal_Mario.nfc	Amiibo	Metal_Mario	NTAG215	04 F4 B0 C8 CA 72 4C
BruceRFID/Amiibo/Mario_Sports_Superstars/Golf/Wario.nfc	Amiibo	Wario	NTAG215	04 DD 34 65 6A 38 4D
BruceRFID/Amiibo/Mario_Sports_Superstars/Golf/Baby_Mario.nfc	Amiibo	Baby_Mario	NTAG215	04 F3 D5 AA CA 3C 4D
BruceRFID/Amiibo/Mario_Sports_Superstars/Golf/Donkey_Kong.nfc	Amiibo	Donkey_Kong	NTAG215	04 3F 88 3B 4A 38 4D
BruceRFID/Amiibo/Mario_Sports_Superstars/Golf/Peach.nfc	Amiibo	Peach	NTAG215	04 DC D3 83 C2 3C 4D
BruceRFID/Amiibo/Mario_Sports_Superstars/Golf/Birdo.nfc	Amiibo	Birdo	NTAG215	04 31 62 DF 62 3C 4D
BruceRFID/Amiibo/Mario_Sports_Superstars/Golf/Bowser.nfc	Amiibo	Bowser	NTAG215	04 59 DF 0A D2 E8 4C
BruceRFID/Amiibo/Mario_Sports_Superstars/Golf/Daisy.nfc	Amiibo	Daisy	NTAG215	04 55 B7 6E C2 3C 4D
BruceRFID/Amiibo/Mario_Sports_Superstars/Golf/Luigi.nfc	Amiibo	Luigi	NTAG215	04 5D 9E 4F 52 38 4D
BruceRFID/Amiibo/Mario_Sports_Superstars/Golf/Diddy_Kong.nfc	Amiibo	Diddy_Kong	NTAG215	04 9D 3A 2B B2 E8 4C
BruceRFID/Amiibo/Mario_Sports_Superstars/Baseball/Bowser_Jr.nfc	Amiibo	Bowser_Jr	NTAG215	04 99 FE EB 12 73 4C
BruceRFID/Amiibo/Mario_Sports_Superstars/Baseball/Baby_Luigi.nfc	Amiibo	Baby_Luigi	NTAG215	04 05 BA 33 02 73 4C
BruceRFID/Amiibo/Mario_Sports_Superstars/Baseball/Mario.nfc	Amiibo	Mario	NTAG215	04 B1 31 0C 5A 76 4C
BruceRFID/Amiibo/Mario_Sports_Superstars/Baseball/Boo.nfc	Amiibo	Boo	NTAG215	04 D8 26 72 CA 72 4C
BruceRFID/Amiibo/Mario_Sports_Superstars/Baseball/Pink_Gold_Peach.nfc	Amiibo	Pink_Gold_Peach	NTAG215	04 2B C1 66 C2 77 4C
BruceRFID/Amiibo/Mario_Sports_Superstars/Baseball/Rosalina.nfc	Amiibo	Rosalina	NTAG215	04 42 33 FD D2 75 4C
BruceRFID/Amiibo/Mario_Sports_Superstars/Baseball/Waluigi.nfc	Amiibo	Waluigi	NTAG215	04 57 55 8E 2A 31 4C
BruceRFID/Amiibo/Mario_Sports_Superstars/Baseball/Yoshi.nfc	Amiibo	Yoshi	NTAG215	04 86 5E 54 32 31 4C
BruceRFID/Amiibo/Mario_Sports_Superstars/Baseball/Metal_Mario.nfc	Amiibo	Metal_Mario	NTAG215	04 F6 C2 B8 22 76 4C
BruceRFID/Amiibo/Mario_Sports_Superstars/Baseball/Wario.nfc	Amiibo	Wario	NTAG215	04 97 5E 45 32 31 4C
BruceRFID/Amiibo/Mario_Sports_Superstars/Baseball/Baby_Mario.nfc	Amiibo	Baby_Mario	NTAG215	04 41 33 FE D2 75 4C
BruceRFID/Amiibo/Mario_Sports_Superstars/Baseball/Donkey_Kong.nfc	Amiibo	Donkey_Kong	NTAG215	04 87 5E 55 32 31 4C
BruceRFID/Amiibo/Mario_Sports_Superstars/Baseball/Peach.nfc	Amiibo	Peach	NTAG215	04 AC D6 F6 62 76 4C
BruceRFID/Amiibo/Mario_Sports_Superstars/Baseball/Birdo.nfc	Amiibo	Birdo	NTAG215	04 14 BA 22 02 73 4C
BruceRFID/Amiibo/Mario_Sports_Superstars/Baseball/Bowser.nfc	Amiibo	Bowser	NTAG215	04 53 3A E5 CA 72 4C
BruceRFID/Amiibo/Mario_Sports_Superstars/Baseball/Daisy.nfc	Amiibo	Daisy	NTAG215	04 BB D6 E1 62 76 4C
BruceRFID/Amiibo/Mario_Sports_Superstars/Baseball/Luigi.nfc	Amiibo	Luigi	NTAG215	04 10 C8 54 6A 76 4C
BruceRFID/Amiibo/Mario_Sports_Superstars/Baseball/Diddy_Kong.nfc	Amiibo	Diddy_Kong	NTAG215	04 BE CD FF 02 73 4C
BruceRFID/Amiibo/Mario_Sports_Superstars/Horse_Racing/Bowser_Jr.nfc	Amiibo	Bowser_Jr	NTAG215	04 3D 3C 8D 2A EA 4C
BruceRFID/Amiibo/Mario_Sports_Superstars/Horse_Racing/Baby_Luigi.nfc	Amiibo	Baby_Luigi	NTAG215	04 31 3E 83 D2 E8 4C
BruceRFID/Amiibo/Mario_Sports_Superstars/Horse_Racing/Mario.nfc	Amiibo	Mario	NTAG215	04 E3 95 FA 62 3C 4D
BruceRFID/Amiibo/Mario_Sports_Superstars/Horse_Racing/Boo.nfc	Amiibo	Boo	NTAG215	04 7D 2D DC 2A EA 4C
BruceRFID/Amiibo/Mario_Sports_Superstars/Horse_Racing/Pink_Gold_Peach.nfc	Amiibo	Pink_Gold_Peach	NTAG215	04 45 A7 6E 62 E8 4C
BruceRFID/Amiibo/Mario_Sports_Superstars/Horse_Racing/Rosalina.nfc	Amiibo	Rosalina	NTAG215	04 AC 8F AF 6A E8 4C
BruceRFID/Amiibo/Mario_Sports_Superstars/Horse_Racing/Waluigi.nfc	Amiibo	Waluigi	NTAG215	04 E9 2D 48 7A 38 4D
BruceRFID/Amiibo/Mario_Sports_Superstars/Horse_Racing/Yoshi.nfc	Amiibo	Yoshi	NTAG215	04 CF BA F9 B2 E0 4C
BruceRFID/Amiibo/Mario_Sports_Superstars/Horse_Racing/Metal_Mario.nfc	Amiibo	Metal_Mario	NTAG215	04 87 EC E7 62 E8 4C
BruceRFID/Amiibo/Mario_Sports_Superstars/Horse_Racing/Wario.nfc	Amiibo	Wario	NTAG215	04 EA 2D 4B 7A 38 4D
BruceRFID/Amiibo/Mario_Sports_Superstars/Horse_Racing/Baby_Mario.nfc	Amiibo	Baby_Mario	NTAG215	04 40 5A 96 D2 E8 4C
BruceRFID/Amiibo/Mario_Sports_Superstars/Horse_Racing/Donkey_Kong.nfc	Amiibo	Donkey_Kong	NTAG215	04 DA 2D 7B 7A 38 4D
BruceRFID/Amiibo/Mario_Sports_Superstars/Horse_Racing/Peach.nfc	Amiibo	Peach	NTAG215	04 E5 8D E4 CA E8 4C
BruceRFID/Amiibo/Mario_Sports_Superstars/Horse_Racing/Birdo.nfc	Amiibo	Birdo	NTAG215	04 AD 8F AE 6A E8 4C
BruceRFID/Amiibo/Mario_Sports_Superstars/Horse_Racing/Bowser.nfc	Amiibo	Bowser	NTAG215	04 F1 86 FB 62 E8 4C
BruceRFID/Amiibo/Mario_Sports_Superstars/Horse_Racing/Daisy.nfc	Amiibo	Daisy	NTAG215	04 2B A5 02 CA E8 4C
BruceRFID/Amiibo/Mario_Sports_Superstars/Horse_Racing/Luigi.nfc	Amiibo	Luigi	NTAG215	04 11 FD 60 CA E8 4C
BruceRFID/Amiibo/Mario_Sports_Superstars/Horse_Racing/Diddy_Kong.nfc	Amiibo	Diddy_Kong	NTAG215	04 F0 86 FA 62 E8 4C
BruceRFID/Amiibo/Mario_Sports_Superstars/Soccer/Bowser_Jr.nfc	Amiibo	Bowser_Jr	NTAG215	04 DD 0B 5A 3A 31 4C
BruceRFID/Amiibo/Mario_Sports_Superstars/Soccer/Baby_Luigi.nfc	Amiibo	Baby_Luigi	NTAG215	04 55 8A 53 3A 76 4C
BruceRFID/Amiibo/Mario_Sports_Superstars/Soccer/Mario.nfc	Amiibo	Mario	NTAG215	04 B9 71 44 FA 75 4C
BruceRFID/Amiibo/Mario_Sports_Superstars/Soccer/Boo.nfc	Amiibo	Boo	NTAG215	04 27 25 8E 1A 78 4C
BruceRFID/Amiibo/Mario_Sports_Superstars/Soccer/Pink_Gold_Peach.nfc	Amiibo	Pink_Gold_Peach	NTAG215	04 29 74 D1 6A 76 4C
BruceRFID/Amiibo/Mario_Sports_Superstars/Soccer/Rosalina.nfc	Amiibo	Rosalina	NTAG215	04 55 CB 12 2A 76 4C
BruceRFID/Amiibo/Mario_Sports_Superstars/Soccer/Waluigi.nfc	Amiibo	Waluigi	NTAG215	04 52 99 47 DA 75 4C
BruceRFID/Amiibo/Mario_Sports_Superstars/Soccer/Yoshi.nfc	Amiibo	Yoshi	NTAG215	04 F6 3C 46 A2 72 4C
BruceRFID/Amiibo/Mario_Sports_Superstars/Soccer/Metal_Mario.nfc	Amiibo	Metal_Mario	NTAG215	04 57 E4 3F 22 76 4C
BruceRFID/Amiibo/Mario_Sports_Superstars/Soccer/Wario.nfc	Amiibo	Wario	NTAG215	04 15 F8 61 9A 72 4C
BruceRFID/Amiibo/Mario_Sports_Superstars/Soccer/Baby_Mario.nfc	Amiibo	Baby_Mario	NTAG215	04 83 30 3F 32 76 4C
BruceRFID/Amiibo/Mario_Sports_Superstars/Soccer/Donkey_Kong.nfc	Amiibo	Donkey_Kong	NTAG215	04 43 99 56 DA 75 4C
BruceRFID/Amiibo/Mario_Sports_Superstars/Soccer/Peach.nfc	Amiibo	Peach	NTAG215	04 52 9E 40 FA 75 4C
BruceRFID/Amiibo/Mario_Sports_Superstars/Soccer/Birdo.nfc	Amiibo	Birdo	NTAG215	04 64 8A 62 3A 76 4C
BruceRFID/Amiibo/Mario_Sports_Superstars/Soccer/Bowser.nfc	Amiibo	Bowser	NTAG215	04 C1 2E 63 FA 75 4C
BruceRFID/Amiibo/Mario_Sports_Superstars/Soccer/Daisy.nfc	Amiibo	Daisy	NTAG215	04 34 51 E9 FA 75 4C
BruceRFID/Amiibo/Mario_Sports_Superstars/Soccer/Luigi.nfc	Amiibo	Luigi	NTAG215	04 93 2D 32 12 73 4C
BruceRFID/Amiibo/Mario_Sports_Superstars/Soccer/Diddy_Kong.nfc	Amiibo	Diddy_Kong	NTAG215	04 26 25 8F 1A 78 4C
BruceRFID/Amiibo/Mario_Sports_Superstars/Tennis/Bowser_Jr.nfc	Amiibo	Bowser_Jr	NTAG215	04 4C 73 B3 C2 3C 4D
BruceRFID/Amiibo/Mario_Sports_Superstars/Tennis/Baby_Luigi.nfc	Amiibo	Baby_Luigi	NTAG215	04 86 92 98 FA 75 4C
BruceRFID/Amiibo/Mario_Sports_Superstars/Tennis/Mario.nfc	Amiibo	Mario	NTAG215	04 2E D9 7B 5A 76 4C
BruceRFID/Amiibo/Mario_Sports_Superstars/Tennis/Boo.nfc	Amiibo	Boo	NTAG215	04 3D 73 C2 C2 3C 4D
BruceRFID/Amiibo/Mario_Sports_Superstars/Tennis/Pink_Gold_Peach.nfc	Amiibo	Pink_Gold_Peach	NTAG215	04 06 4D C7 A2 E3 4C
BruceRFID/Amiibo/Mario_Sports_Superstars/Tennis/Rosalina.nfc	Amiibo	Rosalina	NTAG215	04 73 3E C1 CA 3C 4D
BruceRFID/Amiibo/Mario_Sports_Superstars/Tennis/Waluigi.nfc	Amiibo	Waluigi	NTAG215	04 52 47 99 5A 76 4C
BruceRFID/Amiibo/Mario_Sports_Superstars/Tennis/Yoshi.nfc	Amiibo	Yoshi	NTAG215	04 EA 84 E2 DA 75 4C
BruceRFID/Amiibo/Mario_Sports_Superstars/Tennis/Metal_Mario.nfc	Amiibo	Metal_Mario	NTAG215	04 9C 91 81 A2 E3 4C
BruceRFID/Amiibo/Mario_Sports_Superstars/Tennis/Wario.nfc	Amiibo	Wario	NTAG215	04 3D 88 39 DA 75 4C
BruceRFID/Amiibo/Mario_Sports_Superstars/Tennis/Baby_Mario.nfc	Amiibo	Baby_Mario	NTAG215	04 93 BB A4 CA 3C 4D
BruceRFID/Amiibo/Mario_Sports_Superstars/Tennis/Donkey_Kong.nfc	Amiibo	Donkey_Kong	NTAG215	04 1F AC 3F F2 75 4C
BruceRFID/Amiibo/Mario_Sports_Superstars/Tennis/Peach.nfc	Amiibo	Peach	NTAG215	04 64 96 7E AA 2C 4C
BruceRFID/Amiibo/Mario_Sports_Superstars/Tennis/Birdo.nfc	Amiibo	Birdo	NTAG215	04 64 3E D6 CA 3C 4D
BruceRFID/Amiibo/Mario_Sports_Superstars/Tennis/Bowser.nfc	Amiibo	Bowser	NTAG215	04 6B D1 36 C2 3C 4D
BruceRFID/Amiibo/Mario_Sports_Superstars/Tennis/Daisy.nfc	Amiibo	Daisy	NTAG215	04 63 96 79 AA 2C 4C
BruceRFID/Amiibo/Mario_Sports_Superstars/Tennis/Luigi.nfc	Amiibo	Luigi	NTAG215	04 1B CD 5A EA 75 4C
BruceRFID/Amiibo/Mario_Sports_Superstars/Tennis/Diddy_Kong.nfc	Amiibo	Diddy_Kong	NTAG215	04 6B 5C BB A2 E3 4C
BruceRFID/Amiibo/Jikkyou_Powerful_Pro_Baseball/[JPPB]_05_-_Ganda.nfc	Amiibo	[JPPB]_05_-_Ganda	NTAG215	04 E8 52 07 CF 38 17
BruceRFID/Amiibo/Jikkyou_Powerful_Pro_Baseball/[JPPB]_03_-_Yabe.nfc	Amiibo	[JPPB]_03_-_Yabe	NTAG215	04 89 91 FD 0C 98 40
BruceRFID/Amiibo/Jikkyou_Powerful_Pro_Baseball/[JPPB]_02_-_Ikari.nfc	Amiibo	[JPPB]_02_-_Ikari	NTAG215	04 AE AA C2 E3 64 2C
BruceRFID/Amiibo/Jikkyou_Powerful_Pro_Baseball/[JPPB]_01_-_Pawapuro.nfc	Amiibo	[JPPB]_01_-_Pawapuro	NTAG215	04 63 BB B0 3C 11 FF
BruceRFID/Amiibo/Jikkyou_Powerful_Pro_Baseball/[JPPB]_06_-_Daijobu.nfc	Amiibo	[JPPB]_06_-_Daijobu	NTAG215	04 9F 8A BE 38 64 DA
BruceRFID/Amiibo/Jikkyou_Powerful_Pro_Baseball/[JPPB]_04_-_Hayakawa.nfc	Amiibo	[JPPB]_04_-_Hayakawa	NTAG215	04 64 17 03 C4 E7 F6
BruceRFID/Amiibo/Skylanders_SuperChargers/[SS]_01_-_Hammer_Slam_Bowser.nfc	Amiibo	[SS]_01_-_Hammer_Slam_Bowser	NTAG215	04 5D 1E 24 89 8E 81
BruceRFID/Amiibo/Skylanders_SuperChargers/[SS]_03_-_Dark_Hammer_Slam_Bowser.nfc	Amiibo	[SS]_03_-_Dark_Hammer_Slam_Bowser	NTAG215	04 EA 17 43 50 21 81
BruceRFID/Amiibo/Skylanders_SuperChargers/[SS]_02_-_Turbo_Charge_Donkey_Kong.nfc	Amiibo	[SS]_02_-_Turbo_Charge_Donkey_Kong	NTAG215	04 02 0D 60 C7 BF D5
BruceRFID/Amiibo/Skylanders_SuperChargers/[SS]_04_-_Dark_Turbo_Charge_Donkey_Kong.nfc	Amiibo	[SS]_04_-_Dark_Turbo_Charge_Donkey_Kong	NTAG215	04 91 88 5A B8 BA F6
BruceRFID/Amiibo/Pokken_Tournament/Shadow_Mewtwo.nfc	Amiibo	Shadow_Mewtwo	NTAG215	04 34 6D D5 6A ED 4B
BruceRFID/NFC_Files/MD5_Generator.nfc	NFC_Files	MD5_Generator	NTAG213	04 39 91 C2 FC 67 80
BruceRFID/NFC_Files/Google_Gravity.nfc	NFC_Files	Google_Gravity	NTAG213	04 39 91 C2 FC 67 80
BruceRFID/NFC_Files/PrankOwl.nfc	NFC_Files	PrankOwl	NTAG213	04 39 91 C2 FC 67 80
BruceRFID/NFC_Files/InternetMap.nfc	NFC_Files	InternetMap	NTAG213	04 39 91 C2 FC 67 80
BruceRFID/NFC_Files/GTAV-Geoguesser.nfc	NFC_Files	GTAV-Geoguesser	NTAG213	04 39 91 C2 FC 67 80
BruceRFID/NFC_Files/FlipperZeroCLI.nfc	NFC_Files	FlipperZeroCLI	NTAG213	04 39 91 C2 FC 67 80
BruceRFID/NFC_Files/CheckBoxOlympics.nfc	NFC_Files	CheckBoxOlympics	NTAG213	04 39 91 C2 FC 67 80
BruceRFID/NFC_Files/Ascii_213.nfc	NFC_Files	Ascii_213	NTAG213	04 39 91 C2 FC 67 80
BruceRFID/NFC_Files/Emkei_Email_213.nfc	NFC_Files	Emkei_Email_213	NTAG213	04 39 91 C2 FC 67 80
BruceRFID/NFC_Files/Random_Person_213.nfc	NFC_Files	Random_Person_213	NTAG213	04 39 91 C2 FC 67 80
BruceRFID/NFC_Files/Akinator_DE_213.nfc	NFC_Files	Akinator_DE_213	NTAG213	04 39 91 C2 FC 67 80
BruceRFID/NFC_Files/WayBackMachine.nfc	NFC_Files	WayBackMachine	NTAG213	04 39 91 C2 FC 67 80
BruceRFID/NFC_Files/z0r_213.nfc	NFC_Files	z0r_213	NTAG213	04 39 91 C2 FC 67 80
BruceRFID/NFC_Files/MonkeyType.nfc	NFC_Files	MonkeyType	NTAG213	04 39 91 C2 FC 67 80
BruceRFID/NFC_Files/GeoGuesser.nfc	NFC_Files	GeoGuesser	NTAG213	04 39 91 C2 FC 67 80
BruceRFID/NFC_Files/Red_Button_213.nfc	NFC_Files	Red_Button_213	NTAG213	04 39 91 C2 FC 67 80
BruceRFID/NFC_Files/Google1980_213.nfc	NFC_Files	Google1980_213	NTAG213	04 39 91 C2 FC 67 80
BruceRFID/NFC_Files/Pointer_Troll_213.nfc	NFC_Files	Pointer_Troll_213	NTAG213	04 39 91 C2 FC 67 80
BruceRFID/NFC_Files/ASCII_ARCHIVE.nfc	NFC_Files	ASCII_ARCHIVE	NTAG213	04 39 91 C2 FC 67 80
BruceRFID/NFC_Files/OneSquareMinesweeper.nfc	NFC_Files	OneSquareMinesweeper	NTAG213	04 39 91 C2 FC 67 80
BruceRFID/NFC_Files/Win93_Trolls_213.nfc	NFC_Files	Win93_Trolls_213	NTAG213	04 39 91 C2 FC 67 80
BruceRFID/NFC_Files/Akinator_EN_213.nfc	NFC_Files	Akinator_EN_213	NTAG213	04 39 91 C2 FC 67 80
BruceRFID/NFC_Files/10FastFingers.nfc	NFC_Files	10FastFingers	NTAG213	04 39 91 C2 FC 67 80
BruceRFID/NFC_Files/RevShells_213.nfc	NFC_Files	RevShells_213	NTAG213	04 39 91 C2 FC 67 80
BruceRFID/NFC_Files/CodinGame.nfc	NFC_Files	CodinGame	NTAG213	04 39 91 C2 FC 67 80
BruceRFID/NFC_Files/FloatingQR.nfc	NFC_Files	FloatingQR	NTAG213	04 39 91 C2 FC 67 80
BruceRFID/NFC_Files/101_Useful_Sites.nfc	NFC_Files	101_Useful_Sites	NTAG213	04 39 91 C2 FC 67 80
BruceRFID/NFC_Files/PC_FakeUpdate.nfc	NFC_Files	PC_FakeUpdate	NTAG213	04 39 91 C2 FC 67 80
BruceRFID/NFC_Files/Google_Eastereggs_213.nfc	NFC_Files	Google_Eastereggs_213	NTAG213	04 39 91 C2 FC 67 80
BruceRFID/NFC_Files/RandomUselessSite_213.nfc	NFC_Files	RandomUselessSite_213	NTAG213	04 39 91 C2 FC 67 80
BruceRFID/NFC_Files/UnfairMario.nfc	NFC_Files	UnfairMario	NTAG213	04 39 91 C2 FC 67 80
BruceRFID/NFC_Files/MobileUpdate_213.nfc	NFC_Files	MobileUpdate_213	NTAG213	04 39 91 C2 FC 67 80
BruceRFID/NFC_Files/HackTyper_213.nfc	NFC_Files	HackTyper_213	NTAG213	04 39 91 C2 FC 67 80
BruceRFID/NFC_Files/99Things_213.nfc	NFC_Files	99Things_213	NTAG213	04 39 91 C2 FC 67 80
BruceRFID/NFC_Files/OneMillionLOL_213.nfc	NFC_Files	OneMillionLOL_213	NTAG213	04 39 91 C2 FC 67 80
BruceRFID/NFC_Files/GER_postillon.nfc	NFC_Files	GER_postillon	NTAG213	04 39 91 C2 FC 67 80
BruceRFID/NFC_Files/BlankWindows_213.nfc	NFC_Files	BlankWindows_213	NTAG213	04 39 91 C2 FC 67 80
BruceRFID/NFC_Files/ShitInABox.nfc	NFC_Files	ShitInABox	NTAG213	04 39 91 C2 FC 67 80
BruceRFID/NFC_Files/WaterGoogle_213.nfc	NFC_Files	WaterGoogle_213	NTAG213	04 39 91 C2 FC 67 80
BruceRFID/Toniebox/Ask the Storybots/Beep.nfc	Toniebox	Beep	SLIX	E0 04 03 50 1C F9 0B 4A
BruceRFID/Toniebox/Ask the Storybots/Bo.nfc	Toniebox	Bo	SLIX	E0 04 03 50 1B FA 80 87
BruceRFID/Toniebox/CoComelon/Getting Ready with JJ.nfc	Toniebox	Getting Ready with JJ	SLIX	E0 04 03 50 1B F2 B5 C3
BruceRFID/Toniebox/CoComelon/CoComelon.nfc	Toniebox	CoComelon	SLIX	E0 04 03 50 1D 08 2C C3
BruceRFID/Toniebox/Pete the Cat/Pete the Cat.nfc	Toniebox	Pete the Cat	SLIX	E0 04 03 50 1C 4B 37 75
BruceRFID/Toniebox/Pete the Cat/Pete the Cat - Rock On.nfc	Toniebox	Pete the Cat - Rock On	SLIX	E0 04 03 50 1B 5C DC 39
BruceRFID/Toniebox/Marvels Spidey and His Amazing Friends/Spidey.nfc	Toniebox	Spidey	SLIX	E0 04 03 50 1E 07 E7 ED
BruceRFID/Toniebox/Marvels Spidey and His Amazing Friends/Spin.nfc	Toniebox	Spin	SLIX	E0 04 03 50 1B 25 E3 B6
BruceRFID/Toniebox/Marvels Spidey and His Amazing Friends/Ghost-Spider.nfc	Toniebox	Ghost-Spider	SLIX	E0 04 03 50 1D C4 80 75
BruceRFID/Toniebox/Marvels Spidey and His Amazing Friends/Black Panther.nfc	Toniebox	Black Panther	SLIX	E0 04 03 50 20 71 13 34
BruceRFID/Toniebox/Paw Patrol/Skye.nfc	Toniebox	Skye	SLIX	E0 04 03 50 1D C2 8A 38
BruceRFID/Toniebox/Paw Patrol/Tracker.nfc	Toniebox	Tracker	SLIX	E0 04 03 50 1F 06 B2 68
BruceRFID/Toniebox/Paw Patrol/Marshall.nfc	Toniebox	Marshall	SLIX	E0 04 03 50 1C 73 DE 22
BruceRFID/Toniebox/Paw Patrol/Rubble.nfc	Toniebox	Rubble	SLIX	E0 04 03 50 1B 50 79 CF
BruceRFID/Toniebox/Paw Patrol/Everest.nfc	Toniebox	Everest	SLIX	E0 04 03 50 1B C1 F6 EB
BruceRFID/Toniebox/Paw Patrol/Zuma.nfc	Toniebox	Zuma	SLIX	E0 04 03 50 20 30 36 1D
BruceRFID/Toniebox/Paw Patrol/Chase.nfc	Toniebox	Chase	SLIX	E0 04 03 50 1C 57 E7 B2
BruceRFID/Toniebox/Paw Patrol/Liberty.nfc	Toniebox	Liberty	SLIX	E0 04 03 50 1E EC B7 D3
BruceRFID/Toniebox/Paw Patrol/Jungle Pups Chase.nfc	Toniebox	Jungle Pups Chase	SLIX	E0 04 03 50 22 04 07 CC
BruceRFID/Toniebox/Paw Patrol/Rex.nfc	Toniebox	Rex	SLIX	E0 04 03 50 1C EA 80 6B
BruceRFID/Toniebox/Other/The Velveteen Rabbit.nfc	Toniebox	The Velveteen Rabbit	SLIX	E0 04 03 50 1D 78 CC 27
BruceRFID/Toniebox/Other/The Very Hungry Caterpillar and Friends.nfc	Toniebox	The Very Hungry Caterpillar and Friends	SLIX	E0 04 03 50 1B 2D 13 76
BruceRFID/Toniebox/Other/Doggyland.nfc	Toniebox	Doggyland	SLIX	E0 04 03 50 21 DA 10 A0
BruceRFID/Toniebox/Other/Dino Ranch.nfc	Toniebox	Dino Ranch	SLIX	E0 04 03 50 1E 2B 01 B2
BruceRFID/Toniebox/Other/Paddington Bear.nfc	Toniebox	Paddington Bear	SLIX	E0 04 03 50 1C 73 45 FA
BruceRFID/Toniebox/Other/SpongeBob SquarePants.nfc	Toniebox	SpongeBob SquarePants	SLIX	E0 04 03 50 20 A8 D4 5E
BruceRFID/Toniebox/Other/Mama Llama.nfc	Toniebox	Mama Llama	SLIX	E0 04 03 50 1C 0A 0A 38
BruceRFID/Toniebox/Other/The Elf on the Shelf.nfc	Toniebox	The Elf on the Shelf	SLIX	E0 04 03 50 1D 7C 00 09
BruceRFID/Toniebox/Other/Blippi.nfc	Toniebox	Blippi	SLIX	E0 04 03 50 1E E7 28 CE
BruceRFID/Toniebox/Other/Pinocchio and other classic stories.nfc	Toniebox	Pinocchio and other classic stories	SLIX	E0 04 03 50 0D EF D0 78
BruceRFID/Toniebox/Other/Tiny Chef.nfc	Toniebox	Tiny Chef	SLIX	E0 04 03 50 1F A8 56 A0
BruceRFID/Toniebox/Other/Carmen Sandiego.nfc	Toniebox	Carmen Sandiego	SLIX	E0 04 03 50 20 C4 4E E5
BruceRFID/Toniebox/Other/The Gruffalo.nfc	Toniebox	The Gruffalo	SLIX	E0 04 03 50 12 45 85 E7
BruceRFID/Toniebox/Other/Blues Clues and You.nfc	Toniebox	Blues Clues and You	SLIX	E0 04 03 50 1C C4 EE FC
BruceRFID/Toniebox/Other/The Lion Inside.nfc	Toniebox	The Lion Inside	SLIX	E0 04 03 50 1C 2B 83 1E
BruceRFID/Toniebox/Other/Brown Bear and Friends.nfc	Toniebox	Brown Bear and Friends	SLIX	E0 04 03 50 1D FC 1C 68
BruceRFID/Toniebox/Other/Mo Willems The Pigeon.nfc	Toniebox	Mo Willems The Pigeon	SLIX	E0 04 03 50 23 D3 5C 6A
BruceRFID/Toniebox/Other/Curious George.nfc	Toniebox	Curious George	SLIX	E0 04 03 50 1B 4F 5D 0B
BruceRFID/Toniebox/Other/The Wonderful Wizard of Oz.nfc	Toniebox	The Wonderful Wizard of Oz	SLIX	E0 04 03 50 1F 5D B4 21
BruceRFID/Toniebox/Sleepy Time/Sleepy Sheep - Lullabies From the Sleepy Meadow.nfc	Toniebox	Sleepy Sheep - Lullabies From the Sleepy Meadow	SLIX	E0 04 03 50 20 AB CD B0
BruceRFID/Toniebox/Peppa Pig/Peppas Bedtime Stories.nfc	Toniebox	Peppas Bedtime Stories	SLIX	E0 04 03 50 1A 29 0B C0
BruceRFID/Toniebox/Peppa Pig/Peppa Pig.nfc	Toniebox	Peppa Pig	SLIX	E0 04 03 50 16 89 AB 87
BruceRFID/Toniebox/Disney the Muppets/Kermit the Frog.nfc	Toniebox	Kermit the Frog	SLIX	E0 04 03 50 22 00 96 FA
BruceRFID/Toniebox/Story Time/All Engines Go/Percy.nfc	Toniebox	Percy	SLIX	E0 04 03 50 22 9B 0A A0
BruceRFID/Toniebox/Story Time/All Engines Go/Thomas the Train.nfc	Toniebox	Thomas the Train	SLIX	E0 04 03 50 1E 3F 01 20
BruceRFID/Toniebox/DreamWorks/How to Train Your Dragon.nfc	Toniebox	How to Train Your Dragon	SLIX	E0 04 03 50 1E BF 96 79
BruceRFID/Toniebox/DreamWorks/Gabbys Dollhouse.nfc	Toniebox	Gabbys Dollhouse	SLIX	E0 04 03 50 1D 2B 6D 97
BruceRFID/Toniebox/DreamWorks/Kung Fu Panda.nfc	Toniebox	Kung Fu Panda	SLIX	E0 04 03 50 22 B4 BB 77
BruceRFID/Toniebox/DreamWorks/Trolls/Viva.nfc	Toniebox	Viva	SLIX	E0 04 03 50 1B EA 23 BB
BruceRFID/Toniebox/DreamWorks/Trolls/Poppy.nfc	Toniebox	Poppy	SLIX	E0 04 03 50 1D B1 27 1F
BruceRFID/Toniebox/National Geographic Kids/Penguin.nfc	Toniebox	Penguin	SLIX	E0 04 03 50 1C 74 01 9E
BruceRFID/Toniebox/National Geographic Kids/Octopus.nfc	Toniebox	Octopus	SLIX	E0 04 03 50 1A AD 9A AD
BruceRFID/Toniebox/National Geographic Kids/Astronaut.nfc	Toniebox	Astronaut	SLIX	E0 04 03 50 1C 07 DA AC
BruceRFID/Toniebox/Mindfulness/Yoga with Sara the Llama.nfc	Toniebox	Yoga with Sara the Llama	SLIX	E0 04 03 50 1C 87 7B 0F
BruceRFID/Toniebox/Tonies Originals/Nap Time - Nature Sounds.nfc	Toniebox	Nap Time - Nature Sounds	SLIX	E0 04 03 50 1B 1C D6 58
BruceRFID/Toniebox/Tonies Originals/Potty Training.nfc	Toniebox	Potty Training	SLIX	E0 04 03 50 1E 05 87 C1
BruceRFID/Toniebox/Tonies Originals/Favorite Childrens Songs - Bedtime Songs.nfc	Toniebox	Favorite Childrens Songs - Bedtime Songs	SLIX	E0 04 03 50 1D 9E 9C 77
BruceRFID/Toniebox/Care Bears/Cheer Bear.nfc	Toniebox	Cheer Bear	SLIX	E0 04 03 50 1E 33 BE EB
BruceRFID/Toniebox/Care Bears/Funshine Bear.nfc	Toniebox	Funshine Bear	SLIX	E0 04 03 50 1E DB C7 1B
BruceRFID/Toniebox/DC/Wonder Woman.nfc	Toniebox	Wonder Woman	SLIX	E0 04 03 50 1E 63 0A 08
BruceRFID/Toniebox/DC/Batman.nfc	Toniebox	Batman	SLIX	E0 04 03 50 1B 78 4D F8
BruceRFID/Toniebox/Clever Tonies Set/Animal World/Record Breakers/Slowpokes and Speedsters.nfc	Toniebox	Slowpokes and Speedsters	SLIX	E0 04 03 50 22 42 0E 1C
BruceRFID/Toniebox/Clever Tonies Set/Animal World/Record Breakers/Beasts and Brainiacs.nfc	Toniebox	Beasts and Brainiacs	SLIX	E0 04 03 50 22 42 8B 65
BruceRFID/Toniebox/Clever Tonies Set/Kids Comedy/Joke Telling.nfc	Toniebox	Joke Telling	SLIX	E0 04 03 50 21 A7 4C 46
BruceRFID/Toniebox/Clever Tonies Set/Kids Comedy/Riddles.nfc	Toniebox	Riddles	SLIX	E0 04 03 50 21 A7 30 BE
BruceRFID/Toniebox/Clever Tonies Set/Musicians/Trailblazers.nfc	Toniebox	Trailblazers	SLIX	E0 04 03 50 22 5B D6 D0
BruceRFID/Toniebox/Clever Tonies Set/Musicians/Punk Rockers.nfc	Toniebox	Punk Rockers	SLIX	E0 04 03 50 22 5B D2 83
BruceRFID/Toniebox/Clever Tonies Set/Inventions/The Internet.nfc	Toniebox	The Internet	SLIX	E0 04 03 50 21 A1 7C A9
BruceRFID/Toniebox/Clever Tonies Set/Inventions/Flight.nfc	Toniebox	Flight	SLIX	E0 04 03 50 21 AA EB 05
BruceRFID/Toniebox/Octonauts/Peso.nfc	Toniebox	Peso	SLIX	E0 04 03 50 1C 67 71 8F
BruceRFID/Toniebox/Octonauts/Kwazii.nfc	Toniebox	Kwazii	SLIX	E0 04 03 50 1D A7 F8 C4
BruceRFID/Toniebox/Disney and Pixar/Brave.nfc	Toniebox	Brave	SLIX	E0 04 03 50 1C 00 14 AA
BruceRFID/Toniebox/Disney and Pixar/The Incredibles.nfc	Toniebox	The Incredibles	SLIX	E0 04 03 50 1B FD D9 E2
BruceRFID/Toniebox/Disney and Pixar/Toy Story - Woody.nfc	Toniebox	Toy Story - Woody	SLIX	E0 04 03 50 1E E2 57 35
BruceRFID/Toniebox/Disney and Pixar/Lightning McQueen.nfc	Toniebox	Lightning McQueen	SLIX	E0 04 03 50 1A 88 DA 19
BruceRFID/Toniebox/Disney and Pixar/Inside Out.nfc	Toniebox	Inside Out	SLIX	E0 04 03 50 22 C0 D2 6D
BruceRFID/Toniebox/Disney and Pixar/Coco.nfc	Toniebox	Coco	SLIX	E0 04 03 50 19 F8 47 8E
BruceRFID/Toniebox/Disney and Pixar/Finding Nemo.nfc	Toniebox	Finding Nemo	SLIX	E0 04 03 50 1C 21 60 BC
BruceRFID/Toniebox/Disney and Pixar/Monsters Inc.nfc	Toniebox	Monsters Inc	SLIX	E0 04 03 50 1D 81 51 4B
BruceRFID/Toniebox/Disney and Pixar/Mater.nfc	Toniebox	Mater	SLIX	E0 04 03 50 18 CF 5A C1
BruceRFID/Toniebox/Disney and Pixar/Soul.nfc	Toniebox	Soul	SLIX	E0 04 03 50 1D 1B B1 3E
BruceRFID/Toniebox/Dr Seuss/The Cat in the Hat.nfc	Toniebox	The Cat in the Hat	SLIX	E0 04 03 50 1A 73 53 02
BruceRFID/Toniebox/Dr Seuss/Green Eggs & Ham.nfc	Toniebox	Green Eggs & Ham	SLIX	E0 04 03 50 1D 7C EB 6A
BruceRFID/Toniebox/Dr Seuss/How The Grinch Stole Christmas.nfc	Toniebox	How The Grinch Stole Christmas	SLIX	E0 04 03 50 20 E9 4F AC
BruceRFID/Toniebox/Disney/The Jungle Book.nfc	Toniebox	The Jungle Book	SLIX	E0 04 03 50 1B 1A 24 CC
BruceRFID/Toniebox/Disney/The Lion King.nfc	Toniebox	The Lion King	SLIX	E0 04 03 50 20 46 96 FF
BruceRFID/Toniebox/Disney/Mickey Mouse.nfc	Toniebox	Mickey Mouse	SLIX	E0 04 03 50 21 25 53 95
BruceRFID/Toniebox/Disney/Tigger.nfc	Toniebox	Tigger	SLIX	E0 04 03 50 1C 68 6E 49
BruceRFID/Toniebox/Disney/Encanto.nfc	Toniebox	Encanto	SLIX	E0 04 03 50 1F 29 68 BD
BruceRFID/Toniebox/Disney/Moana.nfc	Toniebox	Moana	SLIX	E0 04 03 50 1A 89 17 CB
BruceRFID/Toniebox/Disney/Minnie Mouse.nfc	Toniebox	Minnie Mouse	SLIX	E0 04 03 50 1B 6D 90 B6
BruceRFID/Toniebox/Disney/Tinker Bell.nfc	Toniebox	Tinker Bell	SLIX	E0 04 03 50 1E 00 42 0A
BruceRFID/Toniebox/Disney/Hercules.nfc	Toniebox	Hercules	SLIX	E0 04 03 50 1E ED 8A 02
BruceRFID/Toniebox/Disney/Lilo and Stitch.nfc	Toniebox	Lilo and Stitch	SLIX	E0 04 03 50 1A E4 60 94
BruceRFID/Toniebox/Disney/Aladdin.nfc	Toniebox	Aladdin	SLIX	E0 04 03 50 1B 2C 39 11
BruceRFID/Toniebox/Disney/The Princess and The Frog.nfc	Toniebox	The Princess and The Frog	SLIX	E0 04 03 50 1B 1C FE B0
BruceRFID/Toniebox/Disney/Pocahontas.nfc	Toniebox	Pocahontas	SLIX	E0 04 03 50 1B A1 73 D8
BruceRFID/Toniebox/Disney/Lady and the Tramp.nfc	Toniebox	Lady and the Tramp	SLIX	E0 04 03 50 1D 09 3C 4E
BruceRFID/Toniebox/Disney/Winnie the Pooh.nfc	Toniebox	Winnie the Pooh	SLIX	E0 04 03 50 1D CC 3B A3
BruceRFID/Toniebox/Disney/Wish.nfc	Toniebox	Wish	SLIX	E0 04 03 50 1E 6F 2D 8C
BruceRFID/Toniebox/Disney/Doc McStuffins.nfc	Toniebox	Doc McStuffins	SLIX	E0 04 03 50 1C 7E 51 FD
BruceRFID/Toniebox/Disney/Tangled.nfc	Toniebox	Tangled	SLIX	E0 04 03 50 1C 96 7C 28
BruceRFID/Toniebox/Disney/Frozen/Elsa.nfc	Toniebox	Elsa	SLIX	E0 04 03 50 19 D0 91 57
BruceRFID/Toniebox/Disney/Frozen/Olaf.nfc	Toniebox	Olaf	SLIX	E0 04 03 50 1B F2 D6 74
BruceRFID/Toniebox/Disney/Frozen/Anna.nfc	Toniebox	Anna	SLIX	E0 04 03 50 1B 2F A2 96
BruceRFID/Toniebox/Sesame Street/Cookie Monster.nfc	Toniebox	Cookie Monster	SLIX	E0 04 03 50 1A 81 1E 35
BruceRFID/Toniebox/Sesame Street/Elmo.nfc	Toniebox	Elmo	SLIX	E0 04 03 50 20 C0 81 4A
BruceRFID/Toniebox/Lalalinos/Scout - Move and Groove.nfc	Toniebox	Scout - Move and Groove	SLIX	E0 04 03 50 21 3E 7A 6B
BruceRFID/Trolling/Google.nfc	Trolling	Google	NTAG216	04 85 92 8A A0 61 81
BruceRFID/Trolling/Xempty_213.nfc	Trolling	Xempty_213	NTAG213	04 39 91 C2 FC 67 80
BruceRFID/Trolling/rickroll.rfid	Trolling	rickroll	NTAG215	04 D4 39 0D 11 01 89
BruceRFID/Trolling/How_to_compile_DFU.nfc	Trolling	How_to_compile_DFU	NTAG215	04 4B 53 4C 10 02 89
BruceRFID/Trolling/Ucla_sm_hospital.nfc	Trolling	Ucla_sm_hospital	UID	04 5B 66 DA 1A 62 80
BruceRFID/Trolling/Open_Android_flipper.nfc	Trolling	Open_Android_flipper	NTAG215	04 8E 5B 4C 10 02 89
BruceRFID/Trolling/Rickroll No ADS.nfc	Trolling	Rickroll No ADS	NTAG215	04 1B 13 D3 70 00 00
BruceRFID/Trolling/Hotel_poway.nfc	Trolling	Hotel_poway	Mifare Ultralight 11	04 F1 DD 9A 3A 10 90
BruceRFID/Trolling/Dave_and_busters.nfc	Trolling	Dave_and_busters	Mifare Ultralight 11	04 A6 0A F2 DD 75 84
BruceRFID/Trolling/Rickroll_noad.nfc	Trolling	Rickroll_noad	NTAG215	04 1B 13 D3 70 00 00
BruceRFID/Trolling/Unknown_thing.nfc	Trolling	Unknown_thing	Mifare Classic	20 B6 8B C1
BruceRFID/Trolling/Empty_NTAG213.nfc	Trolling	Empty_NTAG213	NTAG213	04 39 91 C2 FC 67 80
BruceRFID/Trolling/ITC_Roll.nfc	Trolling	ITC_Roll	NTAG216	04 85 92 8A A0 61 81
BruceRFID/Trolling/GuidoZ.nfc	Trolling	GuidoZ	NTAG216	04 85 92 8A A0 61 81
BruceRFID/Trolling/NFC_Jelly.nfc	Trolling	NFC_Jelly	NTAG215	04 C1 8A 01 27 40 03
BruceRFID/Trolling/RickRoll.nfc	Trolling	RickRoll	NTAG216	04 85 92 8A A0 61 81
BruceRFID/Trolling/Empty_NTAG216.nfc	Trolling	Empty_NTAG216	NTAG216	04 B8 31 3A 30 73 80
BruceRFID/Trolling/Empty_NTAG203.nfc	Trolling	Empty_NTAG203	NTAG203	04 90 56 C2 83 36 80
BruceRFID/Trolling/Talking_sasquach.nfc	Trolling	Talking_sasquach	NTAG213	04 5E C8 BA 07 4F 81
BruceRFID/Trolling/Poway_hotel.nfc	Trolling	Poway_hotel	UID	04 F1 DD 9A 3A 10 90
BruceRFID/Trolling/Mvha_all_access.nfc	Trolling	Mvha_all_access	Mifare Classic	90 D3 07 C1
BruceRFID/Trolling/Rickroll_no_ads.nfc	Trolling	Rickroll_no_ads	NTAG215	04 1B 13 D3 70 00 00
BruceRFID/Trolling/UMC.nfc	Trolling	UMC	NTAG215	04 4F A8 92 5D 5A 81
BruceRFID/Trolling/S202206171104.nfc	Trolling	S202206171104	UID	08 42 39 80
BruceRFID/StarRFID/Empty.rfid	StarRFID	Empty		
BruceRFID/StarRFID/VIZ.rfid	StarRFID	VIZ		
BruceRFID/StarRFID/EMetakom.rfid	StarRFID	EMetakom		
BruceRFID/StarRFID/ECyfral.rfid	StarRFID	ECyfral		
BruceRFID/StarRFID/CCD20.rfid	StarRFID	CCD20		
BruceRFID/StarRFID/VIZ_3XX.rfid	StarRFID	VIZ_3XX		
BruceRFID/mf_classic_dict/Non-RRG_Keys_Only.nfc	mf_classic_dict	Non-RRG_Keys_Only		
BruceRFID/mf_classic_dict/Non-Prox_Keys_Only.nfc	mf_classic_dict	Non-Prox_Keys_Only		
BruceRFID/mf_classic_dict/mf_classic_dict.nfc	mf_classic_dict	mf_classic_dict		
BruceRFID/mf_classic_dict/mf_classic_dict_user.nfc	mf_classic_dict	mf_classic_dict_user		
BruceRFID/NFC_YouTube/Bambi_213.nfc	NFC_YouTube	Bambi_213	NTAG213	04 39 91 C2 FC 67 80
BruceRFID/NFC_YouTube/Use_Condoms.nfc	NFC_YouTube	Use_Condoms	NTAG213	04 39 91 C2 FC 67 80
BruceRFID/NFC_YouTube/Deja_Vue.nfc	NFC_YouTube	Deja_Vue	NTAG213	04 39 91 C2 FC 67 80
BruceRFID/NFC_YouTube/Jack_Rhysider.nfc	NFC_YouTube	Jack_Rhysider	NTAG213	04 39 91 C2 FC 67 80
BruceRFID/NFC_YouTube/Spoon_Killer.nfc	NFC_YouTube	Spoon_Killer	NTAG213	04 39 91 C2 FC 67 80
BruceRFID/NFC_YouTube/LoiLiangYang.nfc	NFC_YouTube	LoiLiangYang	NTAG213	04 39 91 C2 FC 67 80
BruceRFID/NFC_YouTube/EN_ASDFmovie_FULL.nfc	NFC_YouTube	EN_ASDFmovie_FULL	NTAG213	04 39 91 C2 FC 67 80
BruceRFID/NFC_YouTube/Turtle_Moan.nfc	NFC_YouTube	Turtle_Moan	NTAG213	04 39 91 C2 FC 67 80
BruceRFID/NFC_YouTube/GER_RedandBlue_P1.nfc	NFC_YouTube	GER_RedandBlue_P1	NTAG213	04 39 91 C2 FC 67 80
BruceRFID/NFC_YouTube/MonkeyOnTheCar_FOff.nfc	NFC_YouTube	MonkeyOnTheCar_FOff	NTAG213	04 39 91 C2 FC 67 80
BruceRFID/NFC_YouTube/HubPtroll_213.nfc	NFC_YouTube	HubPtroll_213	NTAG213	04 39 91 C2 FC 67 80
BruceRFID/NFC_YouTube/Letsgameitout.nfc	NFC_YouTube	Letsgameitout	NTAG213	04 39 91 C2 FC 67 80
BruceRFID/NFC_YouTube/EldenRing_Cartoon.nfc	NFC_YouTube	EldenRing_Cartoon	NTAG213	04 39 91 C2 FC 67 80
BruceRFID/NFC_YouTube/CatinaBand.nfc	NFC_YouTube	CatinaBand	NTAG213	04 39 91 C2 FC 67 80
BruceRFID/NFC_YouTube/YallGotACig_remix.nfc	NFC_YouTube	YallGotACig_remix	NTAG213	04 39 91 C2 FC 67 80
BruceRFID/NFC_YouTube/IamJackoby.nnfc	NFC_YouTube	IamJackoby	NTAG213	04 39 91 C2 FC 67 80
BruceRFID/NFC_YouTube/David_Bombal.nfc	NFC_YouTube	David_Bombal	NTAG213	04 39 91 C2 FC 67 80
BruceRFID/NFC_YouTube/Remi_Gaillard_BestOf.nfc	NFC_YouTube	Remi_Gaillard_BestOf	NTAG213	04 39 91 C2 FC 67 80
BruceRFID/NFC_YouTube/Angry_Panda.nfc	NFC_YouTube	Angry_Panda	NTAG213	04 39 91 C2 FC 67 80
BruceRFID/NFC_YouTube/NyanCat_10h.nfc	NFC_YouTube	NyanCat_10h	NTAG213	04 39 91 C2 FC 67 80
BruceRFID/NFC_YouTube/Delet_My_Pc.nfc	NFC_YouTube	Delet_My_Pc	NTAG213	04 39 91 C2 FC 67 80
BruceRFID/NFC_YouTube/GER_ASDFmovie_FULL.nfc	NFC_YouTube	GER_ASDFmovie_FULL	NTAG213	04 39 91 C2 FC 67 80
BruceRFID/NFC_YouTube/Network_Chuck.nfc	NFC_YouTube	Network_Chuck	NTAG213	04 39 91 C2 FC 67 80
BruceRFID/NFC_YouTube/EN_RedandBlue_P1.nfc	NFC_YouTube	EN_RedandBlue_P1	NTAG213	04 39 91 C2 FC 67 80
BruceRFID/random/spb_B3vis.rfid	random	spb_B3vis		
BruceRFID/random/star_CCD20.rfid	random	star_CCD20		
BruceRFID/random/star_EMetakom.rfid	random	star_EMetakom		
BruceRFID/random/spb_B2vis.rfid	random	spb_B2vis		
BruceRFID/random/kgn_EM4100_1.rfid	random	kgn_EM4100_1		
BruceRFID/random/spb_B6_cyfral.rfid	random	spb_B6_cyfral		
BruceRFID/random/spb_B4vis.rfid	random	spb_B4vis		
BruceRFID/random/spb_Center_cyfral.rfid	random	spb_Center_cyfral		
BruceRFID/random/spb_Sever_cyfral.rfid	random	spb_Sever_cyfral		
BruceRFID/random/spb_B1vis-kgn_EM4100-msk.rfid	random	spb_B1vis-kgn_EM4100-msk		
BruceRFID/random/debug_vizit_1.rfid	random	debug_vizit_1		
BruceRFID/random/msk_M3.rfid	random	msk_M3		
BruceRFID/random/spb_Nevskii_cyfral.rfid	random	spb_Nevskii_cyfral		
BruceRFID/random/star_ECyfral.rfid	random	star_ECyfral		
BruceRFID/random/spb_Frunzenskii_cyfral.rfid	random	spb_Frunzenskii_cyfral		
BruceRFID/random/star_VIZ_3XX.rfid	random	star_VIZ_3XX		
BruceRFID/toys-to-life/Skylanders-keys/nfc/assets/mf_classic_dict_user.nfc	toys-to-life	mf_classic_dict_user		
BruceRFID/toys-to-life/Skylanders/Skylanders 6 Imaginators/3) Chests/Bronze Chest 45.nfc	toys-to-life	Bronze Chest 45	Mifare Classic	9F F7 2F 91
BruceRFID/toys-to-life/Skylanders/Skylanders 6 Imaginators/3) Chests/Bronze Chest 51.nfc	toys-to-life	Bronze Chest 51	Mifare Classic	DF D2 96 93
BruceRFID/toys-to-life/Skylanders/Skylanders 6 Imaginators/3) Chests/Bronze Chest 5.nfc	toys-to-life	Bronze Chest 5	Mifare Classic	DF A0 C0 A9
BruceRFID/toys-to-life/Skylanders/Skylanders 6 Imaginators/3) Chests/Silver Chest 32.nfc	toys-to-life	Silver Chest 32	Mifare Classic	9F 56 0E 8F
BruceRFID/toys-to-life/Skylanders/Skylanders 6 Imaginators/3) Chests/Silver Chest 26.nfc	toys-to-life	Silver Chest 26	Mifare Classic	DF 80 84 A9
BruceRFID/toys-to-life/Skylanders/Skylanders 6 Imaginators/3) Chests/Silver Chest 27.nfc	toys-to-life	Silver Chest 27	Mifare Classic	1F 46 E3 93
BruceRFID/toys-to-life/Skylanders/Skylanders 6 Imaginators/3) Chests/Silver Chest 33.nfc	toys-to-life	Silver Chest 33	Mifare Classic	7F 3C 67 9B
BruceRFID/toys-to-life/Skylanders/Skylanders 6 Imaginators/3) Chests/Bronze Chest 4.nfc	toys-to-life	Bronze Chest 4	Mifare Classic	BF 32 FD B4
BruceRFID/toys-to-life/Skylanders/Skylanders 6 Imaginators/3) Chests/Bronze Chest 50.nfc	toys-to-life	Bronze Chest 50	Mifare Classic	5F 82 50 95
BruceRFID/toys-to-life/Skylanders/Skylanders 6 Imaginators/3) Chests/Bronze Chest 44.nfc	toys-to-life	Bronze Chest 44	Mifare Classic	9F C7 98 94
BruceRFID/toys-to-life/Skylanders/Skylanders 6 Imaginators/3) Chests/Bronze Chest 52.nfc	toys-to-life	Bronze Chest 52	Mifare Classic	9F 84 AE A7
BruceRFID/toys-to-life/Skylanders/Skylanders 6 Imaginators/3) Chests/Bronze Chest 46.nfc	toys-to-life	Bronze Chest 46	Mifare Classic	5F 14 2E 91
BruceRFID/toys-to-life/Skylanders/Skylanders 6 Imaginators/3) Chests/Bronze Chest 6.nfc	toys-to-life	Bronze Chest 6	Mifare Classic	9F EB 95 A7
BruceRFID/toys-to-life/Skylanders/Skylanders 6 Imaginators/3) Chests/Silver Chest 25.nfc	toys-to-life	Silver Chest 25	Mifare Classic	FF 8A 02 94
BruceRFID/toys-to-life/Skylanders/Skylanders 6 Imaginators/3) Chests/Silver Chest 31.nfc	toys-to-life	Silver Chest 31	Mifare Classic	5F 2F DA 9B
BruceRFID/toys-to-life/Skylanders/Skylanders 6 Imaginators/3) Chests/Silver Chest 19.nfc	toys-to-life	Silver Chest 19	Mifare Classic	9F F8 09 94
BruceRFID/toys-to-life/Skylanders/Skylanders 6 Imaginators/3) Chests/Silver Chest 18.nfc	toys-to-life	Silver Chest 18	Mifare Classic	9F 28 82 A7
BruceRFID/toys-to-life/Skylanders/Skylanders 6 Imaginators/3) Chests/Silver Chest 30.nfc	toys-to-life	Silver Chest 30	Mifare Classic	1F 32 AA A8
BruceRFID/toys-to-life/Skylanders/Skylanders 6 Imaginators/3) Chests/Silver Chest 24.nfc	toys-to-life	Silver Chest 24	Mifare Classic	FF BB 2D A9
BruceRFID/toys-to-life/Skylanders/Skylanders 6 Imaginators/3) Chests/Bronze Chest 7.nfc	toys-to-life	Bronze Chest 7	Mifare Classic	1F D8 DA A9
BruceRFID/toys-to-life/Skylanders/Skylanders 6 Imaginators/3) Chests/Bronze Chest 47.nfc	toys-to-life	Bronze Chest 47	Mifare Classic	9F 7B C5 A8
BruceRFID/toys-to-life/Skylanders/Skylanders 6 Imaginators/3) Chests/Bronze Chest 53.nfc	toys-to-life	Bronze Chest 53	Mifare Classic	DF 4F C3 A9
BruceRFID/toys-to-life/Skylanders/Skylanders 6 Imaginators/3) Chests/Bronze Chest 43.nfc	toys-to-life	Bronze Chest 43	Mifare Classic	FF DE 25 A2
BruceRFID/toys-to-life/Skylanders/Skylanders 6 Imaginators/3) Chests/Gold Chest 8.nfc	toys-to-life	Gold Chest 8	Mifare Classic	9F 9A 42 91
BruceRFID/toys-to-life/Skylanders/Skylanders 6 Imaginators/3) Chests/Silver Chest 20.nfc	toys-to-life	Silver Chest 20	Mifare Classic	1F 30 FF A8
BruceRFID/toys-to-life/Skylanders/Skylanders 6 Imaginators/3) Chests/Silver Chest 34.nfc	toys-to-life	Silver Chest 34	Mifare Classic	FF 10 BB A9
BruceRFID/toys-to-life/Skylanders/Skylanders 6 Imaginators/3) Chests/Silver Chest 35.nfc	toys-to-life	Silver Chest 35	Mifare Classic	DF 35 1A 91
BruceRFID/toys-to-life/Skylanders/Skylanders 6 Imaginators/3) Chests/Silver Chest 21.nfc	toys-to-life	Silver Chest 21	Mifare Classic	9F F0 60 9B
BruceRFID/toys-to-life/Skylanders/Skylanders 6 Imaginators/3) Chests/Gold Chest 9.nfc	toys-to-life	Gold Chest 9	Mifare Classic	3F 7C 43 8F
BruceRFID/toys-to-life/Skylanders/Skylanders 6 Imaginators/3) Chests/Bronze Chest 2.nfc	toys-to-life	Bronze Chest 2	Mifare Classic	1F 73 C0 A9
BruceRFID/toys-to-life/Skylanders/Skylanders 6 Imaginators/3) Chests/Bronze Chest 42.nfc	toys-to-life	Bronze Chest 42	Mifare Classic	1F EF 6B 9C
BruceRFID/toys-to-life/Skylanders/Skylanders 6 Imaginators/3) Chests/Bronze Chest 40.nfc	toys-to-life	Bronze Chest 40	Mifare Classic	FF B0 75 93
BruceRFID/toys-to-life/Skylanders/Skylanders 6 Imaginators/3) Chests/Bronze Chest 54.nfc	toys-to-life	Bronze Chest 54	Mifare Classic	FF 96 38 A9
BruceRFID/toys-to-life/Skylanders/Skylanders 6 Imaginators/3) Chests/Silver Chest 23.nfc	toys-to-life	Silver Chest 23	Mifare Classic	9F 45 E0 9C
BruceRFID/toys-to-life/Skylanders/Skylanders 6 Imaginators/3) Chests/Silver Chest 22.nfc	toys-to-life	Silver Chest 22	Mifare Classic	5F EA 8E A9
BruceRFID/toys-to-life/Skylanders/Skylanders 6 Imaginators/3) Chests/Silver Chest 36.nfc	toys-to-life	Silver Chest 36	Mifare Classic	5F 24 C5 A8
BruceRFID/toys-to-life/Skylanders/Skylanders 6 Imaginators/3) Chests/Bronze Chest 1.nfc	toys-to-life	Bronze Chest 1	Mifare Classic	1F 3D 23 65
BruceRFID/toys-to-life/Skylanders/Skylanders 6 Imaginators/3) Chests/Bronze Chest 55.nfc	toys-to-life	Bronze Chest 55	Mifare Classic	7F 98 69 94
BruceRFID/toys-to-life/Skylanders/Skylanders 6 Imaginators/3) Chests/Bronze Chest 41.nfc	toys-to-life	Bronze Chest 41	Mifare Classic	1F 74 08 8F
BruceRFID/toys-to-life/Skylanders/Skylanders 6 Imaginators/3) Chests/Gold Chest 11.nfc	toys-to-life	Gold Chest 11	Mifare Classic	DF 42 34 A7
BruceRFID/toys-to-life/Skylanders/Skylanders 6 Imaginators/3) Chests/Bronze Chest 26.nfc	toys-to-life	Bronze Chest 26	Mifare Classic	DF E0 4A 9C
BruceRFID/toys-to-life/Skylanders/Skylanders 6 Imaginators/3) Chests/Bronze Chest 32.nfc	toys-to-life	Bronze Chest 32	Mifare Classic	BF 97 84 AA
BruceRFID/toys-to-life/Skylanders/Skylanders 6 Imaginators/3) Chests/Blue Chest 2 CTT.nfc	toys-to-life	Blue Chest 2 CTT	Mifare Classic	5F 81 D8 AD
BruceRFID/toys-to-life/Skylanders/Skylanders 6 Imaginators/3) Chests/Bronze Chest 33.nfc	toys-to-life	Bronze Chest 33	Mifare Classic	DF 43 99 A9
BruceRFID/toys-to-life/Skylanders/Skylanders 6 Imaginators/3) Chests/Bronze Chest 27.nfc	toys-to-life	Bronze Chest 27	Mifare Classic	7F CC 30 B5
BruceRFID/toys-to-life/Skylanders/Skylanders 6 Imaginators/3) Chests/Gold Chest 10.nfc	toys-to-life	Gold Chest 10	Mifare Classic	DF 45 F7 8F
BruceRFID/toys-to-life/Skylanders/Skylanders 6 Imaginators/3) Chests/Bronze Chest 19.nfc	toys-to-life	Bronze Chest 19	Mifare Classic	9F B6 F3 B4
BruceRFID/toys-to-life/Skylanders/Skylanders 6 Imaginators/3) Chests/Bronze Chest 31.nfc	toys-to-life	Bronze Chest 31	Mifare Classic	BF E5 94 9E
BruceRFID/toys-to-life/Skylanders/Skylanders 6 Imaginators/3) Chests/Gold Chest 12.nfc	toys-to-life	Gold Chest 12	Mifare Classic	9F 46 5E 91
BruceRFID/toys-to-life/Skylanders/Skylanders 6 Imaginators/3) Chests/Bronze Chest 25.nfc	toys-to-life	Bronze Chest 25	Mifare Classic	9F 6E 0B A9
BruceRFID/toys-to-life/Skylanders/Skylanders 6 Imaginators/3) Chests/Silver Chest 9.nfc	toys-to-life	Silver Chest 9	Mifare Classic	7F 6C C2 B4
BruceRFID/toys-to-life/Skylanders/Skylanders 6 Imaginators/3) Chests/Silver Chest 8.nfc	toys-to-life	Silver Chest 8	Mifare Classic	1F 82 21 8F
BruceRFID/toys-to-life/Skylanders/Skylanders 6 Imaginators/3) Chests/Bronze Chest 24.nfc	toys-to-life	Bronze Chest 24	Mifare Classic	7F D4 BB A9
BruceRFID/toys-to-life/Skylanders/Skylanders 6 Imaginators/3) Chests/Gold Chest 13.nfc	toys-to-life	Gold Chest 13	Mifare Classic	1F 20 B5 A9
BruceRFID/toys-to-life/Skylanders/Skylanders 6 Imaginators/3) Chests/Bronze Chest 30.nfc	toys-to-life	Bronze Chest 30	Mifare Classic	5F 0A E6 8E
BruceRFID/toys-to-life/Skylanders/Skylanders 6 Imaginators/3) Chests/Bronze Chest 18.nfc	toys-to-life	Bronze Chest 18	Mifare Classic	7F AF A1 94
BruceRFID/toys-to-life/Skylanders/Skylanders 6 Imaginators/3) Chests/Bronze Chest 34.nfc	toys-to-life	Bronze Chest 34	Mifare Classic	5F BA 14 94
BruceRFID/toys-to-life/Skylanders/Skylanders 6 Imaginators/3) Chests/Bronze Chest 20.nfc	toys-to-life	Bronze Chest 20	Mifare Classic	FF 74 DD A9
BruceRFID/toys-to-life/Skylanders/Skylanders 6 Imaginators/3) Chests/Bronze Chest 21.nfc	toys-to-life	Bronze Chest 21	Mifare Classic	DF 67 F0 8F
BruceRFID/toys-to-life/Skylanders/Skylanders 6 Imaginators/3) Chests/Bronze Chest 35.nfc	toys-to-life	Bronze Chest 35	Mifare Classic	FF FA 3B 8F
BruceRFID/toys-to-life/Skylanders/Skylanders 6 Imaginators/3) Chests/Bronze Chest 23.nfc	toys-to-life	Bronze Chest 23	Mifare Classic	FF 5E E5 8E
BruceRFID/toys-to-life/Skylanders/Skylanders 6 Imaginators/3) Chests/Bronze Chest 37.nfc	toys-to-life	Bronze Chest 37	Mifare Classic	3F 15 9D 93
BruceRFID/toys-to-life/Skylanders/Skylanders 6 Imaginators/3) Chests/Bronze Chest 3 .nfc	toys-to-life	Bronze Chest 3 	Mifare Classic	3F 31 30 B5
BruceRFID/toys-to-life/Skylanders/Skylanders 6 Imaginators/3) Chests/Bronze Chest 36.nfc	toys-to-life	Bronze Chest 36	Mifare Classic	1F 95 0D 8F
BruceRFID/toys-to-life/Skylanders/Skylanders 6 Imaginators/3) Chests/Bronze Chest 22.nfc	toys-to-life	Bronze Chest 22	Mifare Classic	9F C0 22 94
BruceRFID/toys-to-life/Skylanders/Skylanders 6 Imaginators/3) Chests/Bronze Chest 13.nfc	toys-to-life	Bronze Chest 13	Mifare Classic	3F 2A 8E 93
BruceRFID/toys-to-life/Skylanders/Skylanders 6 Imaginators/3) Chests/Silver Chest 3.nfc	toys-to-life	Silver Chest 3	Mifare Classic	1F 26 C9 B4
BruceRFID/toys-to-life/Skylanders/Skylanders 6 Imaginators/3) Chests/Silver Chest 2.nfc	toys-to-life	Silver Chest 2	Mifare Classic	1F A2 79 95
BruceRFID/toys-to-life/Skylanders/Skylanders 6 Imaginators/3) Chests/Bronze Chest 12.nfc	toys-to-life	Bronze Chest 12	Mifare Classic	DF 3D D0 B4
BruceRFID/toys-to-life/Skylanders/Skylanders 6 Imaginators/3) Chests/Bronze Chest 38.nfc	toys-to-life	Bronze Chest 38	Mifare Classic	9F 92 77 A9
BruceRFID/toys-to-life/Skylanders/Skylanders 6 Imaginators/3) Chests/Bronze Chest 10.nfc	toys-to-life	Bronze Chest 10	Mifare Classic	3F 89 BD B4
BruceRFID/toys-to-life/Skylanders/Skylanders 6 Imaginators/3) Chests/Silver Chest 1.nfc	toys-to-life	Silver Chest 1	Mifare Classic	DF ED BF B4
BruceRFID/toys-to-life/Skylanders/Skylanders 6 Imaginators/3) Chests/Bronze Chest 11.nfc	toys-to-life	Bronze Chest 11	Mifare Classic	3F 02 28 A2
BruceRFID/toys-to-life/Skylanders/Skylanders 6 Imaginators/3) Chests/Bronze Chest 39.nfc	toys-to-life	Bronze Chest 39	Mifare Classic	9F D0 26 98
BruceRFID/toys-to-life/Skylanders/Skylanders 6 Imaginators/3) Chests/Bronze Chest 15.nfc	toys-to-life	Bronze Chest 15	Mifare Classic	9F 63 98 A7
BruceRFID/toys-to-life/Skylanders/Skylanders 6 Imaginators/3) Chests/Bronze Chest 29.nfc	toys-to-life	Bronze Chest 29	Mifare Classic	FF 25 1F 8C
BruceRFID/toys-to-life/Skylanders/Skylanders 6 Imaginators/3) Chests/Silver Chest 5.nfc	toys-to-life	Silver Chest 5	Mifare Classic	9F 58 68 94
BruceRFID/toys-to-life/Skylanders/Skylanders 6 Imaginators/3) Chests/Blue Chest 3 LIM.nfc	toys-to-life	Blue Chest 3 LIM	Mifare Classic	5F 74 AA BA
BruceRFID/toys-to-life/Skylanders/Skylanders 6 Imaginators/3) Chests/Silver Chest 4.nfc	toys-to-life	Silver Chest 4	Mifare Classic	FF 77 84 91
BruceRFID/toys-to-life/Skylanders/Skylanders 6 Imaginators/3) Chests/Bronze Chest 28.nfc	toys-to-life	Bronze Chest 28	Mifare Classic	1F 07 E4 91
BruceRFID/toys-to-life/Skylanders/Skylanders 6 Imaginators/3) Chests/Bronze Chest 14.nfc	toys-to-life	Bronze Chest 14	Mifare Classic	DF 79 37 98
BruceRFID/toys-to-life/Skylanders/Skylanders 6 Imaginators/3) Chests/Bronze Chest 16.nfc	toys-to-life	Bronze Chest 16	Mifare Classic	7F A6 2D B5
BruceRFID/toys-to-life/Skylanders/Skylanders 6 Imaginators/3) Chests/Silver Chest 6.nfc	toys-to-life	Silver Chest 6	Mifare Classic	7F 36 82 9E
BruceRFID/toys-to-life/Skylanders/Skylanders 6 Imaginators/3) Chests/Silver Chest 7.nfc	toys-to-life	Silver Chest 7	Mifare Classic	BF FD 98 9E
BruceRFID/toys-to-life/Skylanders/Skylanders 6 Imaginators/3) Chests/Bronze Chest 17.nfc	toys-to-life	Bronze Chest 17	Mifare Classic	7F C3 03 B5
BruceRFID/toys-to-life/Skylanders/Skylanders 6 Imaginators/3) Chests/Blue Chest 1 LIM.nfc	toys-to-life	Blue Chest 1 LIM	Mifare Classic	1F 44 E5 AD
BruceRFID/toys-to-life/Skylanders/Skylanders 6 Imaginators/3) Chests/Silver Chest 13.nfc	toys-to-life	Silver Chest 13	Mifare Classic	DF 8A FA 8C
BruceRFID/toys-to-life/Skylanders/Skylanders 6 Imaginators/3) Chests/Gold Chest 7.nfc	toys-to-life	Gold Chest 7	Mifare Classic	7F AF 4B 9A
BruceRFID/toys-to-life/Skylanders/Skylanders 6 Imaginators/3) Chests/Gold Chest 6.nfc	toys-to-life	Gold Chest 6	Mifare Classic	9F F7 A4 9A
BruceRFID/toys-to-life/Skylanders/Skylanders 6 Imaginators/3) Chests/Silver Chest 12.nfc	toys-to-life	Silver Chest 12	Mifare Classic	7F 75 CE B4
BruceRFID/toys-to-life/Skylanders/Skylanders 6 Imaginators/3) Chests/Gold Chest 4.nfc	toys-to-life	Gold Chest 4	Mifare Classic	7F 23 57 91
BruceRFID/toys-to-life/Skylanders/Skylanders 6 Imaginators/3) Chests/Silver Chest 10.nfc	toys-to-life	Silver Chest 10	Mifare Classic	FF E3 01 94
BruceRFID/toys-to-life/Skylanders/Skylanders 6 Imaginators/3) Chests/Silver Chest 11.nfc	toys-to-life	Silver Chest 11	Mifare Classic	5F FE 86 91
BruceRFID/toys-to-life/Skylanders/Skylanders 6 Imaginators/3) Chests/Gold Chest 5.nfc	toys-to-life	Gold Chest 5	Mifare Classic	FF 0B DB 9B
BruceRFID/toys-to-life/Skylanders/Skylanders 6 Imaginators/3) Chests/Blue Chest 4 CTT.nfc	toys-to-life	Blue Chest 4 CTT	Mifare Classic	3F 4C E0 AD
BruceRFID/toys-to-life/Skylanders/Skylanders 6 Imaginators/3) Chests/Silver Chest 29.nfc	toys-to-life	Silver Chest 29	Mifare Classic	1F D7 2E B5
BruceRFID/toys-to-life/Skylanders/Skylanders 6 Imaginators/3) Chests/Gold Chest 1.nfc	toys-to-life	Gold Chest 1	Mifare Classic	9F D4 5A 91
BruceRFID/toys-to-life/Skylanders/Skylanders 6 Imaginators/3) Chests/Silver Chest 15.nfc	toys-to-life	Silver Chest 15	Mifare Classic	1F 35 AE 9C
BruceRFID/toys-to-life/Skylanders/Skylanders 6 Imaginators/3) Chests/Silver Chest 14.nfc	toys-to-life	Silver Chest 14	Mifare Classic	7F DE B3 91
BruceRFID/toys-to-life/Skylanders/Skylanders 6 Imaginators/3) Chests/Silver Chest 28.nfc	toys-to-life	Silver Chest 28	Mifare Classic	7F E0 95 9B
BruceRFID/toys-to-life/Skylanders/Skylanders 6 Imaginators/3) Chests/Bronze Chest 49.nfc	toys-to-life	Bronze Chest 49	Mifare Classic	7F D2 21 94
BruceRFID/toys-to-life/Skylanders/Skylanders 6 Imaginators/3) Chests/Gold Chest 998.nfc	toys-to-life	Gold Chest 998	Mifare Classic	7F A0 08 91
BruceRFID/toys-to-life/Skylanders/Skylanders 6 Imaginators/3) Chests/Bronze Chest 9.nfc	toys-to-life	Bronze Chest 9	Mifare Classic	DF 33 CD B4
BruceRFID/toys-to-life/Skylanders/Skylanders 6 Imaginators/3) Chests/Silver Chest 16.nfc	toys-to-life	Silver Chest 16	Mifare Classic	DF E2 B6 9A
BruceRFID/toys-to-life/Skylanders/Skylanders 6 Imaginators/3) Chests/Gold Chest 2.nfc	toys-to-life	Gold Chest 2	Mifare Classic	BF 78 14 35
BruceRFID/toys-to-life/Skylanders/Skylanders 6 Imaginators/3) Chests/Gold Chest 3.nfc	toys-to-life	Gold Chest 3	Mifare Classic	5F C0 D1 91
BruceRFID/toys-to-life/Skylanders/Skylanders 6 Imaginators/3) Chests/Silver Chest 17.nfc	toys-to-life	Silver Chest 17	Mifare Classic	5F AD DF 4F
BruceRFID/toys-to-life/Skylanders/Skylanders 6 Imaginators/3) Chests/Bronze Chest 8.nfc	toys-to-life	Bronze Chest 8	Mifare Classic	FF 2E 8C 9E
BruceRFID/toys-to-life/Skylanders/Skylanders 6 Imaginators/3) Chests/Gold Chest 999.nfc	toys-to-life	Gold Chest 999	Mifare Classic	9F 03 C1 AA
BruceRFID/toys-to-life/Skylanders/Skylanders 6 Imaginators/3) Chests/Bronze Chest 48.nfc	toys-to-life	Bronze Chest 48	Mifare Classic	DF 56 E0 93
BruceRFID/toys-to-life/Skylanders/Skylanders 6 Imaginators/4) Magic Items/Gryphon Park Observatory.nfc	toys-to-life	Gryphon Park Observatory	Mifare Classic	5F 66 D5 9E
BruceRFID/toys-to-life/Skylanders/Skylanders 6 Imaginators/4) Magic Items/Enchanted Elven Forest.nfc	toys-to-life	Enchanted Elven Forest	Mifare Classic	BF 3A 0A B5
BruceRFID/toys-to-life/Skylanders/Skylanders 6 Imaginators/2) Creation Crystals/Magic Lantern Legendary 2.nfc	toys-to-life	Magic Lantern Legendary 2	Mifare Classic	DF 44 FE AA
BruceRFID/toys-to-life/Skylanders/Skylanders 6 Imaginators/2) Creation Crystals/Earth Rocket 6.nfc	toys-to-life	Earth Rocket 6	Mifare Classic	9F A7 F0 92
BruceRFID/toys-to-life/Skylanders/Skylanders 6 Imaginators/2) Creation Crystals/Light Rune 4.nfc	toys-to-life	Light Rune 4	Mifare Classic	7F 0C 48 9D
BruceRFID/toys-to-life/Skylanders/Skylanders 6 Imaginators/2) Creation Crystals/Magic Lantern Legendary 1.nfc	toys-to-life	Magic Lantern Legendary 1	Mifare Classic	3F 2A 9D 8E
BruceRFID/toys-to-life/Skylanders/Skylanders 6 Imaginators/2) Creation Crystals/Earth Rocket 5.nfc	toys-to-life	Earth Rocket 5	Mifare Classic	1F 89 BC B1
BruceRFID/toys-to-life/Skylanders/Skylanders 6 Imaginators/2) Creation Crystals/Earth Rocket 4.nfc	toys-to-life	Earth Rocket 4	Mifare Classic	3F 56 00 AC
BruceRFID/toys-to-life/Skylanders/Skylanders 6 Imaginators/2) Creation Crystals/Light Rune 1.nfc	toys-to-life	Light Rune 1	Mifare Classic	5F 19 08 AB
BruceRFID/toys-to-life/Skylanders/Skylanders 6 Imaginators/2) Creation Crystals/Earth Rocket 1.nfc	toys-to-life	Earth Rocket 1	Mifare Classic	FF 53 1F CB
BruceRFID/toys-to-life/Skylanders/Skylanders 6 Imaginators/2) Creation Crystals/Light Rune 2.nfc	toys-to-life	Light Rune 2	Mifare Classic	3F 4F 11 8E
BruceRFID/toys-to-life/Skylanders/Skylanders 6 Imaginators/2) Creation Crystals/Earth Rocket 3.nfc	toys-to-life	Earth Rocket 3	Mifare Classic	DF 74 24 93
BruceRFID/toys-to-life/Skylanders/Skylanders 6 Imaginators/2) Creation Crystals/Earth Rocket 2.nfc	toys-to-life	Earth Rocket 2	Mifare Classic	5F 88 11 A6
BruceRFID/toys-to-life/Skylanders/Skylanders 6 Imaginators/2) Creation Crystals/Light Rune 3.nfc	toys-to-life	Light Rune 3	Mifare Classic	DF 8C 69 8E
BruceRFID/toys-to-life/Skylanders/Skylanders 6 Imaginators/2) Creation Crystals/Water Rocket 1.nfc	toys-to-life	Water Rocket 1	Mifare Classic	1F C9 B6 B3
BruceRFID/toys-to-life/Skylanders/Skylanders 6 Imaginators/2) Creation Crystals/Water Rocket 2.nfc	toys-to-life	Water Rocket 2	Mifare Classic	FF B0 06 9B
BruceRFID/toys-to-life/Skylanders/Skylanders 6 Imaginators/2) Creation Crystals/Tech Reactor 5.nfc	toys-to-life	Tech Reactor 5	Mifare Classic	7F 3C E5 92
BruceRFID/toys-to-life/Skylanders/Skylanders 6 Imaginators/2) Creation Crystals/Light Fanged 4.nfc	toys-to-life	Light Fanged 4	Mifare Classic	5F 42 AB 92
BruceRFID/toys-to-life/Skylanders/Skylanders 6 Imaginators/2) Creation Crystals/Tech Reactor 4.nfc	toys-to-life	Tech Reactor 4	Mifare Classic	3F 2D 92 8F
BruceRFID/toys-to-life/Skylanders/Skylanders 6 Imaginators/2) Creation Crystals/Fire Reactor 9.nfc	toys-to-life	Fire Reactor 9	Mifare Classic	1F 4F 01 AF
BruceRFID/toys-to-life/Skylanders/Skylanders 6 Imaginators/2) Creation Crystals/Dark Reactor 1.nfc	toys-to-life	Dark Reactor 1	Mifare Classic	9F C9 1E AE
BruceRFID/toys-to-life/Skylanders/Skylanders 6 Imaginators/2) Creation Crystals/Light Fanged 1.nfc	toys-to-life	Light Fanged 1	Mifare Classic	BF C7 00 B4
BruceRFID/toys-to-life/Skylanders/Skylanders 6 Imaginators/2) Creation Crystals/Fire Reactor 8.nfc	toys-to-life	Fire Reactor 8	Mifare Classic	DF B9 4B AA
BruceRFID/toys-to-life/Skylanders/Skylanders 6 Imaginators/2) Creation Crystals/Magic Lantern 1.nfc	toys-to-life	Magic Lantern 1	Mifare Classic	FF 48 44 93
BruceRFID/toys-to-life/Skylanders/Skylanders 6 Imaginators/2) Creation Crystals/Tech Reactor 1.nfc	toys-to-life	Tech Reactor 1	Mifare Classic	BF 11 3B 93
BruceRFID/toys-to-life/Skylanders/Skylanders 6 Imaginators/2) Creation Crystals/Tech Reactor 3.nfc	toys-to-life	Tech Reactor 3	Mifare Classic	5F 1F 60 A2
BruceRFID/toys-to-life/Skylanders/Skylanders 6 Imaginators/2) Creation Crystals/Dark Reactor 2.nfc	toys-to-life	Dark Reactor 2	Mifare Classic	3F 4D FB B2
BruceRFID/toys-to-life/Skylanders/Skylanders 6 Imaginators/2) Creation Crystals/Light Fanged 3.nfc	toys-to-life	Light Fanged 3	Mifare Classic	5F 15 FF 91
BruceRFID/toys-to-life/Skylanders/Skylanders 6 Imaginators/2) Creation Crystals/Light Fanged 2.nfc	toys-to-life	Light Fanged 2	Mifare Classic	3F AA CA 90
BruceRFID/toys-to-life/Skylanders/Skylanders 6 Imaginators/2) Creation Crystals/Dark Reactor 3.nfc	toys-to-life	Dark Reactor 3	Mifare Classic	FF 1A F6 B2
BruceRFID/toys-to-life/Skylanders/Skylanders 6 Imaginators/2) Creation Crystals/Magic Lantern 2.nfc	toys-to-life	Magic Lantern 2	Mifare Classic	BF DA 64 8D
BruceRFID/toys-to-life/Skylanders/Skylanders 6 Imaginators/2) Creation Crystals/Tech Reactor 2.nfc	toys-to-life	Tech Reactor 2	Mifare Classic	9F 40 F0 8D
BruceRFID/toys-to-life/Skylanders/Skylanders 6 Imaginators/2) Creation Crystals/Light Fanged Legendary 1.nfc	toys-to-life	Light Fanged Legendary 1	Mifare Classic	1F 24 37 65
BruceRFID/toys-to-life/Skylanders/Skylanders 6 Imaginators/2) Creation Crystals/Magic Pyrmid 3.nfc	toys-to-life	Magic Pyrmid 3	Mifare Classic	3F A4 7F B3
BruceRFID/toys-to-life/Skylanders/Skylanders 6 Imaginators/2) Creation Crystals/Fire Reactor 6.nfc	toys-to-life	Fire Reactor 6	Mifare Classic	3F 61 8B AA
BruceRFID/toys-to-life/Skylanders/Skylanders 6 Imaginators/2) Creation Crystals/Fire Reactor 7.nfc	toys-to-life	Fire Reactor 7	Mifare Classic	9F 75 43 A0
BruceRFID/toys-to-life/Skylanders/Skylanders 6 Imaginators/2) Creation Crystals/Fire Acorn 2.nfc	toys-to-life	Fire Acorn 2	Mifare Classic	9F 35 C1 B1
BruceRFID/toys-to-life/Skylanders/Skylanders 6 Imaginators/2) Creation Crystals/Magic Pyrmid 2.nfc	toys-to-life	Magic Pyrmid 2	Mifare Classic	5F 02 31 A6
BruceRFID/toys-to-life/Skylanders/Skylanders 6 Imaginators/2) Creation Crystals/Air Lantern 1.nfc	toys-to-life	Air Lantern 1	Mifare Classic	FF 20 CB B6
BruceRFID/toys-to-life/Skylanders/Skylanders 6 Imaginators/2) Creation Crystals/Air Lantern 3.nfc	toys-to-life	Air Lantern 3	Mifare Classic	7F C7 84 B4
BruceRFID/toys-to-life/Skylanders/Skylanders 6 Imaginators/2) Creation Crystals/Fire Reactor 5.nfc	toys-to-life	Fire Reactor 5	Mifare Classic	3F 71 9A 9D
BruceRFID/toys-to-life/Skylanders/Skylanders 6 Imaginators/2) Creation Crystals/Fire Reactor 4.nfc	toys-to-life	Fire Reactor 4	Mifare Classic	DF 48 40 A0
BruceRFID/toys-to-life/Skylanders/Skylanders 6 Imaginators/2) Creation Crystals/Fire Acorn 1.nfc	toys-to-life	Fire Acorn 1	Mifare Classic	1F D0 5D 95
BruceRFID/toys-to-life/Skylanders/Skylanders 6 Imaginators/2) Creation Crystals/Magic Pyrmid 1.nfc	toys-to-life	Magic Pyrmid 1	Mifare Classic	FF 4D 67 A6
BruceRFID/toys-to-life/Skylanders/Skylanders 6 Imaginators/2) Creation Crystals/Air Lantern 2.nfc	toys-to-life	Air Lantern 2	Mifare Classic	FF 05 2B B3
BruceRFID/toys-to-life/Skylanders/Skylanders 6 Imaginators/2) Creation Crystals/Fire Reactor 11.nfc	toys-to-life	Fire Reactor 11	Mifare Classic	7F 85 89 AA
BruceRFID/toys-to-life/Skylanders/Skylanders 6 Imaginators/2) Creation Crystals/Life Acorn 1.nfc	toys-to-life	Life Acorn 1	Mifare Classic	5F 5D 74 9D
BruceRFID/toys-to-life/Skylanders/Skylanders 6 Imaginators/2) Creation Crystals/Legendary Life Acorn 1.nfc	toys-to-life	Legendary Life Acorn 1	Mifare Classic	1F 7B 96 8E
BruceRFID/toys-to-life/Skylanders/Skylanders 6 Imaginators/2) Creation Crystals/Water Armor 1.nfc	toys-to-life	Water Armor 1	Mifare Classic	9F 3F 89 A3
BruceRFID/toys-to-life/Skylanders/Skylanders 6 Imaginators/2) Creation Crystals/Fire Reactor 1.nfc	toys-to-life	Fire Reactor 1	Mifare Classic	FF A1 B2 C9
BruceRFID/toys-to-life/Skylanders/Skylanders 6 Imaginators/2) Creation Crystals/Fire Reactor 10.nfc	toys-to-life	Fire Reactor 10	Mifare Classic	DF D5 2C AF
BruceRFID/toys-to-life/Skylanders/Skylanders 6 Imaginators/2) Creation Crystals/Fire Reactor 12.nfc	toys-to-life	Fire Reactor 12	Mifare Classic	7F 7F 7C A2
BruceRFID/toys-to-life/Skylanders/Skylanders 6 Imaginators/2) Creation Crystals/Life Acorn 2.nfc	toys-to-life	Life Acorn 2	Mifare Classic	1F 8E D9 95
BruceRFID/toys-to-life/Skylanders/Skylanders 6 Imaginators/2) Creation Crystals/Air Lantern 5.nfc	toys-to-life	Air Lantern 5	Mifare Classic	7F D5 E3 9E
BruceRFID/toys-to-life/Skylanders/Skylanders 6 Imaginators/2) Creation Crystals/Fire Reactor 3.nfc	toys-to-life	Fire Reactor 3	Mifare Classic	BF F4 7B 8F
BruceRFID/toys-to-life/Skylanders/Skylanders 6 Imaginators/2) Creation Crystals/Water Armor 3.nfc	toys-to-life	Water Armor 3	Mifare Classic	1F B6 00 AB
BruceRFID/toys-to-life/Skylanders/Skylanders 6 Imaginators/2) Creation Crystals/Water Armor 2.nfc	toys-to-life	Water Armor 2	Mifare Classic	FF 0B 5A AB
BruceRFID/toys-to-life/Skylanders/Skylanders 6 Imaginators/2) Creation Crystals/Fire Reactor 2.nfc	toys-to-life	Fire Reactor 2	Mifare Classic	1F 68 E6 90
BruceRFID/toys-to-life/Skylanders/Skylanders 6 Imaginators/2) Creation Crystals/Air Lantern 4.nfc	toys-to-life	Air Lantern 4	Mifare Classic	5F 7D 2E B3
BruceRFID/toys-to-life/Skylanders/Skylanders 6 Imaginators/2) Creation Crystals/Earth Armor 2.nfc	toys-to-life	Earth Armor 2	Mifare Classic	5F 05 59 92
BruceRFID/toys-to-life/Skylanders/Skylanders 6 Imaginators/2) Creation Crystals/Air Angel 3.nfc	toys-to-life	Air Angel 3	Mifare Classic	1F 1E 7D B5
BruceRFID/toys-to-life/Skylanders/Skylanders 6 Imaginators/2) Creation Crystals/Tech Armor 1.nfc	toys-to-life	Tech Armor 1	Mifare Classic	DF 0F 59 65
BruceRFID/toys-to-life/Skylanders/Skylanders 6 Imaginators/2) Creation Crystals/Air Angel 2.nfc	toys-to-life	Air Angel 2	Mifare Classic	7F 9E D6 AA
BruceRFID/toys-to-life/Skylanders/Skylanders 6 Imaginators/2) Creation Crystals/Life Rune 1.nfc	toys-to-life	Life Rune 1	Mifare Classic	FF D6 8E AA
BruceRFID/toys-to-life/Skylanders/Skylanders 6 Imaginators/2) Creation Crystals/Earth Armor 3.nfc	toys-to-life	Earth Armor 3	Mifare Classic	3F 51 21 AC
BruceRFID/toys-to-life/Skylanders/Skylanders 6 Imaginators/2) Creation Crystals/Earth Armor 1.nfc	toys-to-life	Earth Armor 1	Mifare Classic	5F 8C 1F 92
BruceRFID/toys-to-life/Skylanders/Skylanders 6 Imaginators/2) Creation Crystals/Tech Armor 2.nfc	toys-to-life	Tech Armor 2	Mifare Classic	9F 41 F7 B2
BruceRFID/toys-to-life/Skylanders/Skylanders 6 Imaginators/2) Creation Crystals/Undead Lantern 1.nfc	toys-to-life	Undead Lantern 1	Mifare Classic	3F 40 E9 A5
BruceRFID/toys-to-life/Skylanders/Skylanders 6 Imaginators/2) Creation Crystals/Air Angel 1.nfc	toys-to-life	Air Angel 1	Mifare Classic	BF 9D C8 AD
BruceRFID/toys-to-life/Skylanders/Skylanders 6 Imaginators/2) Creation Crystals/Undead Fanged 1.nfc	toys-to-life	Undead Fanged 1	Mifare Classic	9F BB DE AA
BruceRFID/toys-to-life/Skylanders/Skylanders 6 Imaginators/2) Creation Crystals/Life Claw 1.nfc	toys-to-life	Life Claw 1	Mifare Classic	1F AC 7C A8
BruceRFID/toys-to-life/Skylanders/Skylanders 6 Imaginators/2) Creation Crystals/Earth Armor 4.nfc	toys-to-life	Earth Armor 4	Mifare Classic	5F 47 27 AC
BruceRFID/toys-to-life/Skylanders/Skylanders 6 Imaginators/2) Creation Crystals/Air Angel 5.nfc	toys-to-life	Air Angel 5	Mifare Classic	DF E9 46 95
BruceRFID/toys-to-life/Skylanders/Skylanders 6 Imaginators/2) Creation Crystals/Air Angel 4.nfc	toys-to-life	Air Angel 4	Mifare Classic	9F D1 AB 92
BruceRFID/toys-to-life/Skylanders/Skylanders 6 Imaginators/2) Creation Crystals/Dark Pyrmid 1.nfc	toys-to-life	Dark Pyrmid 1	Mifare Classic	BF 10 B6 B2
BruceRFID/toys-to-life/Skylanders/Skylanders 6 Imaginators/2) Creation Crystals/Earth Armor 5.nfc	toys-to-life	Earth Armor 5	Mifare Classic	FF 0D 15 92
BruceRFID/toys-to-life/Skylanders/Skylanders 6 Imaginators/2) Creation Crystals/Life Claw 2.nfc	toys-to-life	Life Claw 2	Mifare Classic	3F F6 18 9F
BruceRFID/toys-to-life/Skylanders/Skylanders 6 Imaginators/2) Creation Crystals/Undead Fanged 2.nfc	toys-to-life	Undead Fanged 2	Mifare Classic	9F 85 95 A3
BruceRFID/toys-to-life/Skylanders/Skylanders 6 Imaginators/2) Creation Crystals/Air Angel 6.nfc	toys-to-life	Air Angel 6	Mifare Classic	7F D3 75 A6
BruceRFID/toys-to-life/Skylanders/Skylanders 6 Imaginators/2) Creation Crystals/Dark Pyrmid 2.nfc	toys-to-life	Dark Pyrmid 2	Mifare Classic	9F DB 32 CB
BruceRFID/toys-to-life/Skylanders/Skylanders 6 Imaginators/2) Creation Crystals/Undead Fanged 3.nfc	toys-to-life	Undead Fanged 3	Mifare Classic	FF 3C BD 95
BruceRFID/toys-to-life/Skylanders/Skylanders 6 Imaginators/2) Creation Crystals/Life Claw 3.nfc	toys-to-life	Life Claw 3	Mifare Classic	3F C0 4D AE
BruceRFID/toys-to-life/Skylanders/Skylanders 6 Imaginators/1) Figures/Tri Trip.nfc	toys-to-life	Tri Trip	Mifare Classic	DF 90 C4 9E
BruceRFID/toys-to-life/Skylanders/Skylanders 6 Imaginators/1) Figures/Pain Yatta (Rock Candy).nfc	toys-to-life	Pain Yatta (Rock Candy)	Mifare Classic	5F 2F 59 B5
BruceRFID/toys-to-life/Skylanders/Skylanders 6 Imaginators/1) Figures/Crash Bash.nfc	toys-to-life	Crash Bash	Mifare Classic	5F C3 46 9A
BruceRFID/toys-to-life/Skylanders/Skylanders 6 Imaginators/1) Figures/Dr Neo Cortex.nfc	toys-to-life	Dr Neo Cortex	Mifare Classic	7F BE BF A6
BruceRFID/toys-to-life/Skylanders/Skylanders 6 Imaginators/1) Figures/Starcast (Clear).nfc	toys-to-life	Starcast (Clear)	Mifare Classic	FF 82 7F A1
BruceRFID/toys-to-life/Skylanders/Skylanders 6 Imaginators/1) Figures/Hood Sickle (Steel Plated).nfc	toys-to-life	Hood Sickle (Steel Plated)	Mifare Classic	7F 8C C3 9E
BruceRFID/toys-to-life/Skylanders/Skylanders 6 Imaginators/1) Figures/Ember (Christmas).nfc	toys-to-life	Ember (Christmas)	Mifare Classic	DF AB F8 A2
BruceRFID/toys-to-life/Skylanders/Skylanders 6 Imaginators/1) Figures/Flare Wolf (Hard Boiled).nfc	toys-to-life	Flare Wolf (Hard Boiled)	Mifare Classic	9F 5E B7 BA
BruceRFID/toys-to-life/Skylanders/Skylanders 6 Imaginators/1) Figures/Pit Boss.nfc	toys-to-life	Pit Boss	Mifare Classic	7F F7 AA 9F
BruceRFID/toys-to-life/Skylanders/Skylanders 6 Imaginators/1) Figures/Starcast.nfc	toys-to-life	Starcast	Mifare Classic	1F 35 38 99
BruceRFID/toys-to-life/Skylanders/Skylanders 6 Imaginators/1) Figures/Buckshot.nfc	toys-to-life	Buckshot	Mifare Classic	3F C0 01 CC
BruceRFID/toys-to-life/Skylanders/Skylanders 6 Imaginators/1) Figures/Dr Krankcase.nfc	toys-to-life	Dr Krankcase	Mifare Classic	DF 67 57 CB
BruceRFID/toys-to-life/Skylanders/Skylanders 6 Imaginators/1) Figures/Golden Queen (Dark).nfc	toys-to-life	Golden Queen (Dark)	Mifare Classic	FF 76 A1 A8
BruceRFID/toys-to-life/Skylanders/Skylanders 6 Imaginators/1) Figures/Chain Reaction (Orange).nfc	toys-to-life	Chain Reaction (Orange)	Mifare Classic	5F 09 DD B0
BruceRFID/toys-to-life/Skylanders/Skylanders 6 Imaginators/1) Figures/Kaos.nfc	toys-to-life	Kaos	Mifare Classic	DF EB 9C 9F
BruceRFID/toys-to-life/Skylanders/Skylanders 6 Imaginators/1) Figures/Tae Kwon Crow (Mystical).nfc	toys-to-life	Tae Kwon Crow (Mystical)	Mifare Classic	7F D0 B4 A2
BruceRFID/toys-to-life/Skylanders/Skylanders 6 Imaginators/1) Figures/Aurora (Solar Flare).nfc	toys-to-life	Aurora (Solar Flare)	Mifare Classic	DF 43 AC 94
BruceRFID/toys-to-life/Skylanders/Skylanders 6 Imaginators/1) Figures/Ember.nfc	toys-to-life	Ember	Mifare Classic	FF 81 EB CB
BruceRFID/toys-to-life/Skylanders/Skylanders 6 Imaginators/1) Figures/BlasterTron.nfc	toys-to-life	BlasterTron	Mifare Classic	9F 36 15 CC
BruceRFID/toys-to-life/Skylanders/Skylanders 6 Imaginators/1) Figures/Golden Queen.nfc	toys-to-life	Golden Queen	Mifare Classic	9F DA 19 8F
BruceRFID/toys-to-life/Skylanders/Skylanders 6 Imaginators/1) Figures/Wild Storm.nfc	toys-to-life	Wild Storm	Mifare Classic	FF 63 2A AE
BruceRFID/toys-to-life/Skylanders/Skylanders 6 Imaginators/1) Figures/Barbella.nfc	toys-to-life	Barbella	Mifare Classic	FF CA BE 94
BruceRFID/toys-to-life/Skylanders/Skylanders 6 Imaginators/1) Figures/Boom Bloom.nfc	toys-to-life	Boom Bloom	Mifare Classic	BF 9A AA B6
BruceRFID/toys-to-life/Skylanders/Skylanders 6 Imaginators/1) Figures/Ro Bow.nfc	toys-to-life	Ro Bow	Mifare Classic	5F 21 DB AD
BruceRFID/toys-to-life/Skylanders/Skylanders 6 Imaginators/1) Figures/Wolfgang (Dark).nfc	toys-to-life	Wolfgang (Dark)	Mifare Classic	FF 67 2C 9C
BruceRFID/toys-to-life/Skylanders/Skylanders 6 Imaginators/1) Figures/Tidepool.nfc	toys-to-life	Tidepool	Mifare Classic	7F A4 58 CC
BruceRFID/toys-to-life/Skylanders/Skylanders 6 Imaginators/1) Figures/Chain Reaction.nfc	toys-to-life	Chain Reaction	Mifare Classic	3F B2 C2 CB
BruceRFID/toys-to-life/Skylanders/Skylanders 6 Imaginators/1) Figures/Tri Trip (Legendary).nfc	toys-to-life	Tri Trip (Legendary)	Mifare Classic	FF AE 99 88
BruceRFID/toys-to-life/Skylanders/Skylanders 6 Imaginators/1) Figures/ChopScotch.nfc	toys-to-life	ChopScotch	Mifare Classic	7F EF D3 98
BruceRFID/toys-to-life/Skylanders/Skylanders 6 Imaginators/1) Figures/Bad Juju.nfc	toys-to-life	Bad Juju	Mifare Classic	DF 19 23 CC
BruceRFID/toys-to-life/Skylanders/Skylanders 6 Imaginators/1) Figures/Tae Kwon Crow.nfc	toys-to-life	Tae Kwon Crow	Mifare Classic	DF 3D 83 A3
BruceRFID/toys-to-life/Skylanders/Skylanders 6 Imaginators/1) Figures/Aurora.nfc	toys-to-life	Aurora	Mifare Classic	DF A3 A7 CB
BruceRFID/toys-to-life/Skylanders/Skylanders 6 Imaginators/1) Figures/Flare Wolf.nfc	toys-to-life	Flare Wolf	Mifare Classic	FF FF 05 A2
BruceRFID/toys-to-life/Skylanders/Skylanders 6 Imaginators/1) Figures/Air Strike.nfc	toys-to-life	Air Strike	Mifare Classic	7F F5 6A 89
BruceRFID/toys-to-life/Skylanders/Skylanders 6 Imaginators/1) Figures/Ambush.nfc	toys-to-life	Ambush	Mifare Classic	1F 27 5B CC
BruceRFID/toys-to-life/Skylanders/Skylanders 6 Imaginators/1) Figures/Chompy Mage.nfc	toys-to-life	Chompy Mage	Mifare Classic	5F 46 9A 9F
BruceRFID/toys-to-life/Skylanders/Skylanders 6 Imaginators/1) Figures/Pain Yatta.nfc	toys-to-life	Pain Yatta	Mifare Classic	BF 60 52 9F
BruceRFID/toys-to-life/Skylanders/Skylanders 6 Imaginators/1) Figures/Chopscotch (Candy Coated).nfc	toys-to-life	Chopscotch (Candy Coated)	Mifare Classic	BF 51 CE 9E
BruceRFID/toys-to-life/Skylanders/Skylanders 6 Imaginators/1) Figures/Air Strike (Egg Bomber).nfc	toys-to-life	Air Strike (Egg Bomber)	Mifare Classic	3F FE 53 9F
BruceRFID/toys-to-life/Skylanders/Skylanders 6 Imaginators/1) Figures/Chompy Mage (Jingle Bell).nfc	toys-to-life	Chompy Mage (Jingle Bell)	Mifare Classic	7F 46 29 B1
BruceRFID/toys-to-life/Skylanders/Skylanders 6 Imaginators/1) Figures/Buckshot (Heartbreaker).nfc	toys-to-life	Buckshot (Heartbreaker)	Mifare Classic	5F E1 6B B1
BruceRFID/toys-to-life/Skylanders/Skylanders 6 Imaginators/1) Figures/Pit Boss (Legendary).nfc	toys-to-life	Pit Boss (Legendary)	Mifare Classic	FF 60 2E B1
BruceRFID/toys-to-life/Skylanders/Skylanders 6 Imaginators/1) Figures/Grave Clobber.nfc	toys-to-life	Grave Clobber	Mifare Classic	9F C3 BE BA
BruceRFID/toys-to-life/Skylanders/Skylanders 6 Imaginators/1) Figures/Hood Sickle.nfc	toys-to-life	Hood Sickle	Mifare Classic	3F 4A 92 A2
BruceRFID/toys-to-life/Skylanders/Skylanders 6 Imaginators/1) Figures/Mysticat.nfc	toys-to-life	Mysticat	Mifare Classic	9F 2E F8 98
BruceRFID/toys-to-life/Skylanders/Skylanders 6 Imaginators/1) Figures/Bad Juju (Mystical).nfc	toys-to-life	Bad Juju (Mystical)	Mifare Classic	3F 6B BD 9F
BruceRFID/toys-to-life/Skylanders/Skylanders 6 Imaginators/1) Figures/King Pen (Dark).nfc	toys-to-life	King Pen (Dark)	Mifare Classic	FF F3 AA A9
BruceRFID/toys-to-life/Skylanders/Skylanders 6 Imaginators/1) Figures/Wolfgang.nfc	toys-to-life	Wolfgang	Mifare Classic	9F 03 75 CB
BruceRFID/toys-to-life/Skylanders/Skylanders 6 Imaginators/1) Figures/Barbella (Pink).nfc	toys-to-life	Barbella (Pink)	Mifare Classic	3F 8C 61 88
BruceRFID/toys-to-life/Skylanders/Skylanders 6 Imaginators/1) Figures/King Pen.nfc	toys-to-life	King Pen	Mifare Classic	5F 51 F6 8C
BruceRFID/toys-to-life/Skylanders/Skylanders 4 Trap Team/4) Traps/Earth Trap (Hourglass).nfc	toys-to-life	Earth Trap (Hourglass)	Mifare Classic	6D 6B 35 4B
BruceRFID/toys-to-life/Skylanders/Skylanders 4 Trap Team/4) Traps/Light Trap (Rebel Lob Goblin).nfc	toys-to-life	Light Trap (Rebel Lob Goblin)	Mifare Classic	BF 53 5C 30
BruceRFID/toys-to-life/Skylanders/Skylanders 4 Trap Team/4) Traps/Air Trap (Screamer).nfc	toys-to-life	Air Trap (Screamer)	Mifare Classic	3D B5 71 4A
BruceRFID/toys-to-life/Skylanders/Skylanders 4 Trap Team/4) Traps/Earth Trap (Handstand).nfc	toys-to-life	Earth Trap (Handstand)	Mifare Classic	90 E4 FA 2C
BruceRFID/toys-to-life/Skylanders/Skylanders 4 Trap Team/4) Traps/Life Trap (Riot Shield Shredder).nfc	toys-to-life	Life Trap (Riot Shield Shredder)	Mifare Classic	DF 42 CA C6
BruceRFID/toys-to-life/Skylanders/Skylanders 4 Trap Team/4) Traps/Magic Trap (Axe Of Illusion).nfc	toys-to-life	Magic Trap (Axe Of Illusion)	Mifare Classic	F6 E7 42 77
BruceRFID/toys-to-life/Skylanders/Skylanders 4 Trap Team/4) Traps/Magic Trap (Spell Slapper).nfc	toys-to-life	Magic Trap (Spell Slapper)	Mifare Classic	24 8B CA 31
BruceRFID/toys-to-life/Skylanders/Skylanders 4 Trap Team/4) Traps/Earth Trap (Totem).nfc	toys-to-life	Earth Trap (Totem)	Mifare Classic	D6 CC EB 1C
BruceRFID/toys-to-life/Skylanders/Skylanders 4 Trap Team/4) Traps/Water Trap (Flood Flask).nfc	toys-to-life	Water Trap (Flood Flask)	Mifare Classic	C2 09 FF B1
BruceRFID/toys-to-life/Skylanders/Skylanders 4 Trap Team/4) Traps/Tech Trap (Grabbing Gadget).nfc	toys-to-life	Tech Trap (Grabbing Gadget)	Mifare Classic	2C E5 5B F3
BruceRFID/toys-to-life/Skylanders/Skylanders 4 Trap Team/4) Traps/Air Trap (Toucan).nfc	toys-to-life	Air Trap (Toucan)	Mifare Classic	07 35 A8 A1
BruceRFID/toys-to-life/Skylanders/Skylanders 4 Trap Team/4) Traps/Earth Trap (Hammer).nfc	toys-to-life	Earth Trap (Hammer)	Mifare Classic	26 04 36 48
BruceRFID/toys-to-life/Skylanders/Skylanders 4 Trap Team/4) Traps/Water Trap (Frost Helm).nfc	toys-to-life	Water Trap (Frost Helm)	Mifare Classic	26 17 70 EC
BruceRFID/toys-to-life/Skylanders/Skylanders 4 Trap Team/4) Traps/Tech Trap (Makers Mana).nfc	toys-to-life	Tech Trap (Makers Mana)	Mifare Classic	31 64 C5 93
BruceRFID/toys-to-life/Skylanders/Skylanders 4 Trap Team/4) Traps/Water Trap (Wet Walter).nfc	toys-to-life	Water Trap (Wet Walter)	Mifare Classic	49 05 46 8F
BruceRFID/toys-to-life/Skylanders/Skylanders 4 Trap Team/4) Traps/Tech Trap (SteamPunk Shreadnaught).nfc	toys-to-life	Tech Trap (SteamPunk Shreadnaught)	Mifare Classic	EF 8A 98 E8
BruceRFID/toys-to-life/Skylanders/Skylanders 4 Trap Team/4) Traps/Dark Trap (Handstand).nfc	toys-to-life	Dark Trap (Handstand)	Mifare Classic	F1 E5 C0 01
BruceRFID/toys-to-life/Skylanders/Skylanders 4 Trap Team/4) Traps/Undead Trap (Haunted Hatchet).nfc	toys-to-life	Undead Trap (Haunted Hatchet)	Mifare Classic	AB 2C 2C DC
BruceRFID/toys-to-life/Skylanders/Skylanders 4 Trap Team/4) Traps/Earth Trap (Toucan).nfc	toys-to-life	Earth Trap (Toucan)	Mifare Classic	98 4B 3E A2
BruceRFID/toys-to-life/Skylanders/Skylanders 4 Trap Team/4) Traps/Dark Trap (Sword).nfc	toys-to-life	Dark Trap (Sword)	Mifare Classic	B6 0F DD 9D
BruceRFID/toys-to-life/Skylanders/Skylanders 4 Trap Team/4) Traps/Air Trap (Sword).nfc	toys-to-life	Air Trap (Sword)	Mifare Classic	52 01 D8 82
BruceRFID/toys-to-life/Skylanders/Skylanders 4 Trap Team/4) Traps/Water Trap (Outlaw Brawl & Chain).nfc	toys-to-life	Water Trap (Outlaw Brawl & Chain)	Mifare Classic	FF 34 43 24
BruceRFID/toys-to-life/Skylanders/Skylanders 4 Trap Team/4) Traps/Tech Trap (Topsy Techy).nfc	toys-to-life	Tech Trap (Topsy Techy)	Mifare Classic	14 75 CB A8
BruceRFID/toys-to-life/Skylanders/Skylanders 4 Trap Team/4) Traps/Undead Trap (Cobra).nfc	toys-to-life	Undead Trap (Cobra)	Mifare Classic	D6 E2 5D 17
BruceRFID/toys-to-life/Skylanders/Skylanders 4 Trap Team/4) Traps/Air Trap (Jughead).nfc	toys-to-life	Air Trap (Jughead)	Mifare Classic	2A 8F 81 A9
BruceRFID/toys-to-life/Skylanders/Skylanders 4 Trap Team/4) Traps/Undead Trap (Dream Piercer).nfc	toys-to-life	Undead Trap (Dream Piercer)	Mifare Classic	9A E6 BF DB
BruceRFID/toys-to-life/Skylanders/Skylanders 4 Trap Team/4) Traps/Fire Trap (Totem).nfc	toys-to-life	Fire Trap (Totem)	Mifare Classic	9C 0F 0F BF
BruceRFID/toys-to-life/Skylanders/Skylanders 4 Trap Team/4) Traps/Water Trap (Tidal Tiki).nfc	toys-to-life	Water Trap (Tidal Tiki)	Mifare Classic	D1 6D 4D 1A
BruceRFID/toys-to-life/Skylanders/Skylanders 4 Trap Team/4) Traps/Life Trap (Yawn).nfc	toys-to-life	Life Trap (Yawn)	Mifare Classic	8C 96 4F F0
BruceRFID/toys-to-life/Skylanders/Skylanders 4 Trap Team/4) Traps/Air Trap (Cobra).nfc	toys-to-life	Air Trap (Cobra)	Mifare Classic	A3 B9 9A A0
BruceRFID/toys-to-life/Skylanders/Skylanders 4 Trap Team/4) Traps/Light Trap (Ship).nfc	toys-to-life	Light Trap (Ship)	Mifare Classic	23 10 D1 36
BruceRFID/toys-to-life/Skylanders/Skylanders 4 Trap Team/4) Traps/Magic Trap (Sorcerous Skull).nfc	toys-to-life	Magic Trap (Sorcerous Skull)	Mifare Classic	9A 1E B6 8A
BruceRFID/toys-to-life/Skylanders/Skylanders 4 Trap Team/4) Traps/Undead Trap (Spectral Skull Legendary).nfc	toys-to-life	Undead Trap (Spectral Skull Legendary)	Mifare Classic	7F 9C E4 00
BruceRFID/toys-to-life/Skylanders/Skylanders 4 Trap Team/4) Traps/Life Trap (Oak Eagle).nfc	toys-to-life	Life Trap (Oak Eagle)	Mifare Classic	4D 7E 84 C4
BruceRFID/toys-to-life/Skylanders/Skylanders 4 Trap Team/4) Traps/Kaos Trap.nfc	toys-to-life	Kaos Trap	Mifare Classic	D9 DF E9 7A
BruceRFID/toys-to-life/Skylanders/Skylanders 4 Trap Team/4) Traps/Air Trap (Hourglass).nfc	toys-to-life	Air Trap (Hourglass)	Mifare Classic	E5 00 94 5B
BruceRFID/toys-to-life/Skylanders/Skylanders 4 Trap Team/4) Traps/Undead Trap (Spectral Skull).nfc	toys-to-life	Undead Trap (Spectral Skull)	Mifare Classic	A3 7D 8D 9F
BruceRFID/toys-to-life/Skylanders/Skylanders 4 Trap Team/4) Traps/Tech Trap (Angel).nfc	toys-to-life	Tech Trap (Angel)	Mifare Classic	91 C8 03 D4
BruceRFID/toys-to-life/Skylanders/Skylanders 4 Trap Team/4) Traps/Earth Trap (Red Hot Tussle Sprout).nfc	toys-to-life	Earth Trap (Red Hot Tussle Sprout)	Mifare Classic	BF DE 83 0A
BruceRFID/toys-to-life/Skylanders/Skylanders 4 Trap Team/4) Traps/Fire Trap (Torch).nfc	toys-to-life	Fire Trap (Torch)	Mifare Classic	3D D8 5E FC
BruceRFID/toys-to-life/Skylanders/Skylanders 4 Trap Team/4) Traps/Magic Trap (Log Holder).nfc	toys-to-life	Magic Trap (Log Holder)	Mifare Classic	1C 03 DC E3
BruceRFID/toys-to-life/Skylanders/Skylanders 4 Trap Team/4) Traps/Tech Trap (Totem).nfc	toys-to-life	Tech Trap (Totem)	Mifare Classic	18 95 CB CC
BruceRFID/toys-to-life/Skylanders/Skylanders 4 Trap Team/4) Traps/Light Trap (Hawk).nfc	toys-to-life	Light Trap (Hawk)	Mifare Classic	4D 69 16 8E
BruceRFID/toys-to-life/Skylanders/Skylanders 4 Trap Team/4) Traps/Kaos Trap (Legendary).nfc	toys-to-life	Kaos Trap (Legendary)	Mifare Classic	2F 7F DC DC
BruceRFID/toys-to-life/Skylanders/Skylanders 4 Trap Team/4) Traps/Water Trap (Flood Flask Legendary).nfc	toys-to-life	Water Trap (Flood Flask Legendary)	Mifare Classic	1F B6 12 AC
BruceRFID/toys-to-life/Skylanders/Skylanders 4 Trap Team/4) Traps/Fire Trap (Captians Hat).nfc	toys-to-life	Fire Trap (Captians Hat)	Mifare Classic	9D B3 B5 63
BruceRFID/toys-to-life/Skylanders/Skylanders 4 Trap Team/4) Traps/Life Trap (Seed Serpent).nfc	toys-to-life	Life Trap (Seed Serpent)	Mifare Classic	C8 9F 76 76
BruceRFID/toys-to-life/Skylanders/Skylanders 4 Trap Team/4) Traps/Undead Trap (Spirit Sphere).nfc	toys-to-life	Undead Trap (Spirit Sphere)	Mifare Classic	B8 AC A5 C9
BruceRFID/toys-to-life/Skylanders/Skylanders 4 Trap Team/4) Traps/Magic Trap (Ship).nfc	toys-to-life	Magic Trap (Ship)	Mifare Classic	3D C9 83 2D
BruceRFID/toys-to-life/Skylanders/Skylanders 4 Trap Team/4) Traps/Dark Trap (Spider).nfc	toys-to-life	Dark Trap (Spider)	Mifare Classic	FC E4 24 29
BruceRFID/toys-to-life/Skylanders/Skylanders 4 Trap Team/4) Traps/Undead Trap (Grim Gripper).nfc	toys-to-life	Undead Trap (Grim Gripper)	Mifare Classic	BA 6E E6 B6
BruceRFID/toys-to-life/Skylanders/Skylanders 4 Trap Team/4) Traps/Life Trap (Weed Whacker).nfc	toys-to-life	Life Trap (Weed Whacker)	Mifare Classic	37 C6 19 18
BruceRFID/toys-to-life/Skylanders/Skylanders 4 Trap Team/4) Traps/Life Trap (Jade Blade).nfc	toys-to-life	Life Trap (Jade Blade)	Mifare Classic	BB 54 D1 07
BruceRFID/toys-to-life/Skylanders/Skylanders 4 Trap Team/4) Traps/Water Trap (Soaking Staff).nfc	toys-to-life	Water Trap (Soaking Staff)	Mifare Classic	04 6B 78 67
BruceRFID/toys-to-life/Skylanders/Skylanders 4 Trap Team/4) Traps/Fire Trap (Yawn).nfc	toys-to-life	Fire Trap (Yawn)	Mifare Classic	C9 92 CA CE
BruceRFID/toys-to-life/Skylanders/Skylanders 4 Trap Team/4) Traps/Light Trap (Yawn).nfc	toys-to-life	Light Trap (Yawn)	Mifare Classic	8F 88 7F CA
BruceRFID/toys-to-life/Skylanders/Skylanders 4 Trap Team/4) Traps/Earth Trap (Easter bunny).nfc	toys-to-life	Earth Trap (Easter bunny)	Mifare Classic	4F FA 32 E4
BruceRFID/toys-to-life/Skylanders/Skylanders 4 Trap Team/4) Traps/Earth Trap (Orb).nfc	toys-to-life	Earth Trap (Orb)	Mifare Classic	10 F8 00 E1
BruceRFID/toys-to-life/Skylanders/Skylanders 4 Trap Team/4) Traps/Undead Trap (Spirit Sphere Legendary).nfc	toys-to-life	Undead Trap (Spirit Sphere Legendary)	Mifare Classic	9F F7 D8 D2
BruceRFID/toys-to-life/Skylanders/Skylanders 4 Trap Team/4) Traps/Tech Trap (Factory Flower).nfc	toys-to-life	Tech Trap (Factory Flower)	Mifare Classic	AA 4F AC EA
BruceRFID/toys-to-life/Skylanders/Skylanders 4 Trap Team/4) Traps/Life Trap (Steamed Broccli Guy).nfc	toys-to-life	Life Trap (Steamed Broccli Guy)	Mifare Classic	7F E2 2C 4A
BruceRFID/toys-to-life/Skylanders/Skylanders 4 Trap Team/4) Traps/Magic Trap (Hourglass).nfc	toys-to-life	Magic Trap (Hourglass)	Mifare Classic	B8 2A 19 31
BruceRFID/toys-to-life/Skylanders/Skylanders 4 Trap Team/4) Traps/Fire Trap (Screamer).nfc	toys-to-life	Fire Trap (Screamer)	Mifare Classic	B8 D7 39 44
BruceRFID/toys-to-life/Skylanders/Skylanders 4 Trap Team/4) Traps/Life Trap (Emerald Energy).nfc	toys-to-life	Life Trap (Emerald Energy)	Mifare Classic	6A 1E C8 64
BruceRFID/toys-to-life/Skylanders/Skylanders 4 Trap Team/4) Traps/Fire Trap (Fire Scepter).nfc	toys-to-life	Fire Trap (Fire Scepter)	Mifare Classic	DF 25 B6 4A
BruceRFID/toys-to-life/Skylanders/Skylanders 4 Trap Team/4) Traps/Water Trap (Axe).nfc	toys-to-life	Water Trap (Axe)	Mifare Classic	FF 04 55 93
BruceRFID/toys-to-life/Skylanders/Skylanders 4 Trap Team/5) Magic Items/Sunscraper Spire.nfc	toys-to-life	Sunscraper Spire	Mifare Classic	7F DA E9 4D
BruceRFID/toys-to-life/Skylanders/Skylanders 4 Trap Team/5) Magic Items/Midnight Museam.nfc	toys-to-life	Midnight Museam	Mifare Classic	BF BC D3 14
BruceRFID/toys-to-life/Skylanders/Skylanders 4 Trap Team/5) Magic Items/Piggy Bank.nfc	toys-to-life	Piggy Bank	Mifare Classic	87 9B 9B D7
BruceRFID/toys-to-life/Skylanders/Skylanders 4 Trap Team/5) Magic Items/Mirror of Mystery.nfc	toys-to-life	Mirror of Mystery	Mifare Classic	AF 6D E5 8B
BruceRFID/toys-to-life/Skylanders/Skylanders 4 Trap Team/5) Magic Items/Rocket Ram.nfc	toys-to-life	Rocket Ram	Mifare Classic	BB 81 C0 17
BruceRFID/toys-to-life/Skylanders/Skylanders 4 Trap Team/5) Magic Items/Nightmare Express.nfc	toys-to-life	Nightmare Express	Mifare Classic	4F 70 E6 91
BruceRFID/toys-to-life/Skylanders/Skylanders 4 Trap Team/5) Magic Items/Hand of Fate.nfc	toys-to-life	Hand of Fate	Mifare Classic	F3 B8 7A B1
BruceRFID/toys-to-life/Skylanders/Skylanders 4 Trap Team/5) Magic Items/Tiki Speaky.nfc	toys-to-life	Tiki Speaky	Mifare Classic	23 54 B4 B5
BruceRFID/toys-to-life/Skylanders/Skylanders 4 Trap Team/5) Magic Items/Hand of Fate (Legendary).nfc	toys-to-life	Hand of Fate (Legendary)	Mifare Classic	7F C7 FF 25
BruceRFID/toys-to-life/Skylanders/Skylanders 4 Trap Team/5) Magic Items/Midnight Museam (Lightcore).nfc	toys-to-life	Midnight Museam (Lightcore)	Mifare Classic	DF 23 D8 4D
BruceRFID/toys-to-life/Skylanders/Skylanders 4 Trap Team/3) Figures (Minis)/Barkley (Mini).nfc	toys-to-life	Barkley (Mini)	Mifare Classic	1F D0 06 3E
BruceRFID/toys-to-life/Skylanders/Skylanders 4 Trap Team/3) Figures (Minis)/Drobit (Mini).nfc	toys-to-life	Drobit (Mini)	Mifare Classic	7F FF A0 BC
BruceRFID/toys-to-life/Skylanders/Skylanders 4 Trap Team/3) Figures (Minis)/Gill Runt (Mini).nfc	toys-to-life	Gill Runt (Mini)	Mifare Classic	9F 1B 17 3E
BruceRFID/toys-to-life/Skylanders/Skylanders 4 Trap Team/3) Figures (Minis)/Barkley Gnarly (Mini).nfc	toys-to-life	Barkley Gnarly (Mini)	Mifare Classic	2F 67 9C E7
BruceRFID/toys-to-life/Skylanders/Skylanders 4 Trap Team/3) Figures (Minis)/Pet Vac (Mini).nfc	toys-to-life	Pet Vac (Mini)	Mifare Classic	DF EB BC 3C
BruceRFID/toys-to-life/Skylanders/Skylanders 4 Trap Team/3) Figures (Minis)/Trigger Snappy (Mini).nfc	toys-to-life	Trigger Snappy (Mini)	Mifare Classic	BF 3F 27 B0
BruceRFID/toys-to-life/Skylanders/Skylanders 4 Trap Team/3) Figures (Minis)/Weeruptor (Mini).nfc	toys-to-life	Weeruptor (Mini)	Mifare Classic	BF A3 F9 02
BruceRFID/toys-to-life/Skylanders/Skylanders 4 Trap Team/3) Figures (Minis)/Weeruptor (Spring).nfc	toys-to-life	Weeruptor (Spring)	Mifare Classic	3F F9 31 08
BruceRFID/toys-to-life/Skylanders/Skylanders 4 Trap Team/3) Figures (Minis)/Pet Vac (Power Punch Mini).nfc	toys-to-life	Pet Vac (Power Punch Mini)	Mifare Classic	9F 5D 4A 58
BruceRFID/toys-to-life/Skylanders/Skylanders 4 Trap Team/3) Figures (Minis)/Breeze (Mini).nfc	toys-to-life	Breeze (Mini)	Mifare Classic	CF D6 E5 FA
BruceRFID/toys-to-life/Skylanders/Skylanders 4 Trap Team/3) Figures (Minis)/Mini Jini (Mini).nfc	toys-to-life	Mini Jini (Mini)	Mifare Classic	5F 09 C6 BC
BruceRFID/toys-to-life/Skylanders/Skylanders 4 Trap Team/3) Figures (Minis)/Eye Small (Mini).nfc	toys-to-life	Eye Small (Mini)	Mifare Classic	8F 8D FB AE
BruceRFID/toys-to-life/Skylanders/Skylanders 4 Trap Team/3) Figures (Minis)/Hijinx (Mini).nfc	toys-to-life	Hijinx (Mini)	Mifare Classic	4F 3E 17 8F
BruceRFID/toys-to-life/Skylanders/Skylanders 4 Trap Team/3) Figures (Minis)/Small Fry (Mini).nfc	toys-to-life	Small Fry (Mini)	Mifare Classic	FF DD 3C 31
BruceRFID/toys-to-life/Skylanders/Skylanders 4 Trap Team/3) Figures (Minis)/Thumpling (Mini).nfc	toys-to-life	Thumpling (Mini)	Mifare Classic	FF F3 E9 0F
BruceRFID/toys-to-life/Skylanders/Skylanders 4 Trap Team/3) Figures (Minis)/Bop (Mini).nfc	toys-to-life	Bop (Mini)	Mifare Classic	EF A6 81 A0
BruceRFID/toys-to-life/Skylanders/Skylanders 4 Trap Team/3) Figures (Minis)/Terra Bit (Mini).nfc	toys-to-life	Terra Bit (Mini)	Mifare Classic	0F 5A 19 97
BruceRFID/toys-to-life/Skylanders/Skylanders 4 Trap Team/3) Figures (Minis)/Spry (Mini).nfc	toys-to-life	Spry (Mini)	Mifare Classic	6F 3F A8 C8
BruceRFID/toys-to-life/Skylanders/Skylanders 4 Trap Team/3) Figures (Minis)/Whisper Elf (mini).nfc	toys-to-life	Whisper Elf (mini)	Mifare Classic	0A 16 4E 19
BruceRFID/toys-to-life/Skylanders/Skylanders 4 Trap Team/1) Trap Masters/Lobstar (Christmas).nfc	toys-to-life	Lobstar (Christmas)	Mifare Classic	9F DA 66 3D
BruceRFID/toys-to-life/Skylanders/Skylanders 4 Trap Team/1) Trap Masters/Knight Mare.nfc	toys-to-life	Knight Mare	Mifare Classic	BF F6 F6 29
BruceRFID/toys-to-life/Skylanders/Skylanders 4 Trap Team/1) Trap Masters/Ka-Boom.nfc	toys-to-life	Ka-Boom	Mifare Classic	BF EB 4F 3A
BruceRFID/toys-to-life/Skylanders/Skylanders 4 Trap Team/1) Trap Masters/Short Cut (Clear).nfc	toys-to-life	Short Cut (Clear)	Mifare Classic	5F 12 15 0F
BruceRFID/toys-to-life/Skylanders/Skylanders 4 Trap Team/1) Trap Masters/Lobstar.nfc	toys-to-life	Lobstar	Mifare Classic	CF 74 1B DF
BruceRFID/toys-to-life/Skylanders/Skylanders 4 Trap Team/1) Trap Masters/Blastermind.nfc	toys-to-life	Blastermind	Mifare Classic	BF 6C 3A 3E
BruceRFID/toys-to-life/Skylanders/Skylanders 4 Trap Team/1) Trap Masters/Wildfire.nfc	toys-to-life	Wildfire	Mifare Classic	CF 2B 84 75
BruceRFID/toys-to-life/Skylanders/Skylanders 4 Trap Team/1) Trap Masters/Short Cut.nfc	toys-to-life	Short Cut	Mifare Classic	5F 58 D0 3D
BruceRFID/toys-to-life/Skylanders/Skylanders 4 Trap Team/1) Trap Masters/Bushwhack.nfc	toys-to-life	Bushwhack	Mifare Classic	FF DD DB 0E
BruceRFID/toys-to-life/Skylanders/Skylanders 4 Trap Team/1) Trap Masters/Krypt King.nfc	toys-to-life	Krypt King	Mifare Classic	4F ED B6 A5
BruceRFID/toys-to-life/Skylanders/Skylanders 4 Trap Team/1) Trap Masters/Knight Light.nfc	toys-to-life	Knight Light	Mifare Classic	1F 9E 08 40
BruceRFID/toys-to-life/Skylanders/Skylanders 4 Trap Team/1) Trap Masters/Krypt King (Nitro).nfc	toys-to-life	Krypt King (Nitro)	Mifare Classic	5F 5B 93 BD
BruceRFID/toys-to-life/Skylanders/Skylanders 4 Trap Team/1) Trap Masters/Thunderbolt.nfc	toys-to-life	Thunderbolt	Mifare Classic	5F F6 64 0E
BruceRFID/toys-to-life/Skylanders/Skylanders 4 Trap Team/1) Trap Masters/Head Rush.nfc	toys-to-life	Head Rush	Mifare Classic	9F 98 44 2C
BruceRFID/toys-to-life/Skylanders/Skylanders 4 Trap Team/1) Trap Masters/Gearshift.nfc	toys-to-life	Gearshift	Mifare Classic	6F 71 D7 F5
BruceRFID/toys-to-life/Skylanders/Skylanders 4 Trap Team/1) Trap Masters/Head Rush (Nitro).nfc	toys-to-life	Head Rush (Nitro)	Mifare Classic	9F C5 1E 4F
BruceRFID/toys-to-life/Skylanders/Skylanders 4 Trap Team/1) Trap Masters/Bushwhack (Legendary).nfc	toys-to-life	Bushwhack (Legendary)	Mifare Classic	BF 09 D8 0A
BruceRFID/toys-to-life/Skylanders/Skylanders 4 Trap Team/1) Trap Masters/Jaw Breaker.nfc	toys-to-life	Jaw Breaker	Mifare Classic	8F CC AD F7
BruceRFID/toys-to-life/Skylanders/Skylanders 4 Trap Team/1) Trap Masters/Gusto.nfc	toys-to-life	Gusto	Mifare Classic	CF EE 55 78
BruceRFID/toys-to-life/Skylanders/Skylanders 4 Trap Team/1) Trap Masters/Wallop.nfc	toys-to-life	Wallop	Mifare Classic	0F 80 11 D7
BruceRFID/toys-to-life/Skylanders/Skylanders 4 Trap Team/1) Trap Masters/Tuff Luck.nfc	toys-to-life	Tuff Luck	Mifare Classic	BF 9F BE 1E
BruceRFID/toys-to-life/Skylanders/Skylanders 4 Trap Team/1) Trap Masters/Tuff Luck (Clear).nfc	toys-to-life	Tuff Luck (Clear)	Mifare Classic	3F DC D0 24
BruceRFID/toys-to-life/Skylanders/Skylanders 4 Trap Team/1) Trap Masters/Snap Shot.nfc	toys-to-life	Snap Shot	Mifare Classic	2F 26 F0 BE
BruceRFID/toys-to-life/Skylanders/Skylanders 4 Trap Team/1) Trap Masters/Thunderbolt (Clear).nfc	toys-to-life	Thunderbolt (Clear)	Mifare Classic	AF 97 AA F6
BruceRFID/toys-to-life/Skylanders/Skylanders 4 Trap Team/1) Trap Masters/Jaw Breaker (Legendary).nfc	toys-to-life	Jaw Breaker (Legendary)	Mifare Classic	3F 35 D4 C2
BruceRFID/toys-to-life/Skylanders/Skylanders 4 Trap Team/1) Trap Masters/Enigma.nfc	toys-to-life	Enigma	Mifare Classic	FF 5C 64 2F
BruceRFID/toys-to-life/Skylanders/Skylanders 4 Trap Team/1) Trap Masters/Wildfire (Dark).nfc	toys-to-life	Wildfire (Dark)	Mifare Classic	CF 8E CA B2
BruceRFID/toys-to-life/Skylanders/Skylanders 4 Trap Team/1) Trap Masters/Snap Shot (Dark).nfc	toys-to-life	Snap Shot (Dark)	Mifare Classic	9F DE E5 B1
BruceRFID/toys-to-life/Skylanders/Skylanders 4 Trap Team/2) Figures/Shroom Boom (Series 2).nfc	toys-to-life	Shroom Boom (Series 2)	Mifare Classic	1F E0 B6 C2
BruceRFID/toys-to-life/Skylanders/Skylanders 4 Trap Team/2) Figures/Blades (Legendary).nfc	toys-to-life	Blades (Legendary)	Mifare Classic	2F 7F 4C AF
BruceRFID/toys-to-life/Skylanders/Skylanders 4 Trap Team/2) Figures/Food Fight (Dark).nfc	toys-to-life	Food Fight (Dark)	Mifare Classic	6F B6 05 DE
BruceRFID/toys-to-life/Skylanders/Skylanders 4 Trap Team/2) Figures/Chopper.nfc	toys-to-life	Chopper	Mifare Classic	AF 36 60 ED
BruceRFID/toys-to-life/Skylanders/Skylanders 4 Trap Team/2) Figures/Rocky Roll.nfc	toys-to-life	Rocky Roll	Mifare Classic	9F 9E B7 1B
BruceRFID/toys-to-life/Skylanders/Skylanders 4 Trap Team/2) Figures/Spotlight.nfc	toys-to-life	Spotlight	Mifare Classic	CF D6 E5 FA
BruceRFID/toys-to-life/Skylanders/Skylanders 4 Trap Team/2) Figures/Fling Kong.nfc	toys-to-life	Fling Kong	Mifare Classic	CF D6 E5 FA
BruceRFID/toys-to-life/Skylanders/Skylanders 4 Trap Team/2) Figures/Deju Vu (Legendary).nfc	toys-to-life	Deju Vu (Legendary)	Mifare Classic	3F F9 65 1C
BruceRFID/toys-to-life/Skylanders/Skylanders 4 Trap Team/2) Figures/Trail Blazer.nfc	toys-to-life	Trail Blazer	Mifare Classic	CF D6 E5 FA
BruceRFID/toys-to-life/Skylanders/Skylanders 4 Trap Team/2) Figures/Blades.nfc	toys-to-life	Blades	Mifare Classic	EF 7D 5F B8
BruceRFID/toys-to-life/Skylanders/Skylanders 4 Trap Team/2) Figures/Fist Bump.nfc	toys-to-life	Fist Bump	Mifare Classic	1F 35 E2 C6
BruceRFID/toys-to-life/Skylanders/Skylanders 4 Trap Team/2) Figures/Flip Wreck.nfc	toys-to-life	Flip Wreck	Mifare Classic	7F AE A5 40
BruceRFID/toys-to-life/Skylanders/Skylanders 4 Trap Team/2) Figures/Food Fight.nfc	toys-to-life	Food Fight	Mifare Classic	DF 90 C6 AF
BruceRFID/toys-to-life/Skylanders/Skylanders 4 Trap Team/2) Figures/Blackout.nfc	toys-to-life	Blackout	Mifare Classic	CF D6 E5 FA
BruceRFID/toys-to-life/Skylanders/Skylanders 4 Trap Team/2) Figures/Gill Grunt (Series 4).nfc	toys-to-life	Gill Grunt (Series 4)	Mifare Classic	AF 76 ED C0
BruceRFID/toys-to-life/Skylanders/Skylanders 4 Trap Team/2) Figures/Jet Vac (Series 3).nfc	toys-to-life	Jet Vac (Series 3)	Mifare Classic	EF AA 63 F7
BruceRFID/toys-to-life/Skylanders/Skylanders 4 Trap Team/2) Figures/Cobra Cadabra.nfc	toys-to-life	Cobra Cadabra	Mifare Classic	CF D6 E5 FA
BruceRFID/toys-to-life/Skylanders/Skylanders 4 Trap Team/2) Figures/Bat Spin.nfc	toys-to-life	Bat Spin	Mifare Classic	8F 7C 8D F6
BruceRFID/toys-to-life/Skylanders/Skylanders 4 Trap Team/2) Figures/Torch.nfc	toys-to-life	Torch	Mifare Classic	EF 78 65 A8
BruceRFID/toys-to-life/Skylanders/Skylanders 4 Trap Team/2) Figures/Fryno (Series 2).nfc	toys-to-life	Fryno (Series 2)	Mifare Classic	DF 31 0B 07
BruceRFID/toys-to-life/Skylanders/Skylanders 4 Trap Team/2) Figures/Pop Fizz (Series 3).nfc	toys-to-life	Pop Fizz (Series 3)	Mifare Classic	EF 95 78 DF
BruceRFID/toys-to-life/Skylanders/Skylanders 4 Trap Team/2) Figures/Echo.nfc	toys-to-life	Echo	Mifare Classic	CF D6 E5 FA
BruceRFID/toys-to-life/Skylanders/Skylanders 4 Trap Team/2) Figures/High Five.nfc	toys-to-life	High Five	Mifare Classic	9F A4 34 42
BruceRFID/toys-to-life/Skylanders/Skylanders 4 Trap Team/2) Figures/Cobra Kadabra (White).nfc	toys-to-life	Cobra Kadabra (White)	Mifare Classic	BF 7F BA 40
BruceRFID/toys-to-life/Skylanders/Skylanders 4 Trap Team/2) Figures/Funny Bone.nfc	toys-to-life	Funny Bone	Mifare Classic	3F 69 C1 1F
BruceRFID/toys-to-life/Skylanders/Skylanders 4 Trap Team/2) Figures/Pop Fizz (Love Potion).nfc	toys-to-life	Pop Fizz (Love Potion)	Mifare Classic	FF AD 8E 15
BruceRFID/toys-to-life/Skylanders/Skylanders 4 Trap Team/2) Figures/Deja Vu.nfc	toys-to-life	Deja Vu	Mifare Classic	0F 1C 44 FC
BruceRFID/toys-to-life/Skylanders/Skylanders 4 Trap Team/2) Figures/Tread Head.nfc	toys-to-life	Tread Head	Mifare Classic	CF D6 E5 FA
BruceRFID/toys-to-life/Skylanders/Skylanders 5 Superchargers/3) Magic Items/Land Trophy.nfc	toys-to-life	Land Trophy	Mifare Classic	09 00 DF D9
BruceRFID/toys-to-life/Skylanders/Skylanders 5 Superchargers/3) Magic Items/Kaos Trophy.nfc	toys-to-life	Kaos Trophy	Mifare Classic	1F 10 70 6F
BruceRFID/toys-to-life/Skylanders/Skylanders 5 Superchargers/3) Magic Items/Sky Trophy.nfc	toys-to-life	Sky Trophy	Mifare Classic	5F D5 DD 5E
BruceRFID/toys-to-life/Skylanders/Skylanders 5 Superchargers/3) Magic Items/Sea Trophy.nfc	toys-to-life	Sea Trophy	Mifare Classic	1F B6 D1 54
BruceRFID/toys-to-life/Skylanders/Skylanders 5 Superchargers/1) Figures/Roller Brawl (Bone Bash).nfc	toys-to-life	Roller Brawl (Bone Bash)	Mifare Classic	C2 2D 7F E0
BruceRFID/toys-to-life/Skylanders/Skylanders 5 Superchargers/1) Figures/Dive Clops (Christmas).nfc	toys-to-life	Dive Clops (Christmas)	Mifare Classic	1C 05 70 9F
BruceRFID/toys-to-life/Skylanders/Skylanders 5 Superchargers/1) Figures/Thrillipede.nfc	toys-to-life	Thrillipede	Mifare Classic	19 21 F7 A2
BruceRFID/toys-to-life/Skylanders/Skylanders 5 Superchargers/1) Figures/Astroblast (Legendary).nfc	toys-to-life	Astroblast (Legendary)	Mifare Classic	DF 37 B7 80
BruceRFID/toys-to-life/Skylanders/Skylanders 5 Superchargers/1) Figures/Spitfire (Dark).nfc	toys-to-life	Spitfire (Dark)	Mifare Classic	7F 2F BA 7F
BruceRFID/toys-to-life/Skylanders/Skylanders 5 Superchargers/1) Figures/Stormblade.nfc	toys-to-life	Stormblade	Mifare Classic	1F 50 1F 53
BruceRFID/toys-to-life/Skylanders/Skylanders 5 Superchargers/1) Figures/High Volt.nfc	toys-to-life	High Volt	Mifare Classic	5F 39 F7 36
BruceRFID/toys-to-life/Skylanders/Skylanders 5 Superchargers/1) Figures/Dive Clops.nfc	toys-to-life	Dive Clops	Mifare Classic	7F 5B A1 67
BruceRFID/toys-to-life/Skylanders/Skylanders 5 Superchargers/1) Figures/Roller Brawl (Legendary Bone Bash).nfc	toys-to-life	Roller Brawl (Legendary Bone Bash)	Mifare Classic	42 51 76 E0
BruceRFID/toys-to-life/Skylanders/Skylanders 5 Superchargers/1) Figures/Eruptor(Lava Lance).nfc	toys-to-life	Eruptor(Lava Lance)	Mifare Classic	99 51 26 BC
BruceRFID/toys-to-life/Skylanders/Skylanders 5 Superchargers/1) Figures/Bowser (Dark).nfc	toys-to-life	Bowser (Dark)	Mifare Classic	AF FA 97 E5
BruceRFID/toys-to-life/Skylanders/Skylanders 5 Superchargers/1) Figures/Donkey Kong (Dark).nfc	toys-to-life	Donkey Kong (Dark)	Mifare Classic	6A F0 63 52
BruceRFID/toys-to-life/Skylanders/Skylanders 5 Superchargers/1) Figures/Fiesta.nfc	toys-to-life	Fiesta	Mifare Classic	78 F4 C0 1D
BruceRFID/toys-to-life/Skylanders/Skylanders 5 Superchargers/1) Figures/Night Fall.nfc	toys-to-life	Night Fall	Mifare Classic	50 2C BB 73
BruceRFID/toys-to-life/Skylanders/Skylanders 5 Superchargers/1) Figures/Pop Fizz (Big Bubble Birthday).nfc	toys-to-life	Pop Fizz (Big Bubble Birthday)	Mifare Classic	C4 BA D5 C0
BruceRFID/toys-to-life/Skylanders/Skylanders 5 Superchargers/1) Figures/Terrafin (Shark Shooter).nfc	toys-to-life	Terrafin (Shark Shooter)	Mifare Classic	7F EF F1 67
BruceRFID/toys-to-life/Skylanders/Skylanders 5 Superchargers/1) Figures/High Volt (Patina).nfc	toys-to-life	High Volt (Patina)	Mifare Classic	7F 58 C8 54
BruceRFID/toys-to-life/Skylanders/Skylanders 5 Superchargers/1) Figures/Stealth Elf (Dark Sure Shot).nfc	toys-to-life	Stealth Elf (Dark Sure Shot)	Mifare Classic	9F F1 E8 36
BruceRFID/toys-to-life/Skylanders/Skylanders 5 Superchargers/1) Figures/Donkey Kong.nfc	toys-to-life	Donkey Kong	Mifare Classic	1F AE AF 59
BruceRFID/toys-to-life/Skylanders/Skylanders 5 Superchargers/1) Figures/Smash Hit.nfc	toys-to-life	Smash Hit	Mifare Classic	1A 33 61 23
BruceRFID/toys-to-life/Skylanders/Skylanders 5 Superchargers/1) Figures/Spitfire.nfc	toys-to-life	Spitfire	Mifare Classic	7F 5F 16 54
BruceRFID/toys-to-life/Skylanders/Skylanders 5 Superchargers/1) Figures/Jet Vac (Hurricane).nfc	toys-to-life	Jet Vac (Hurricane)	Mifare Classic	79 CE 27 32
BruceRFID/toys-to-life/Skylanders/Skylanders 5 Superchargers/1) Figures/Fiesta (Halloween).nfc	toys-to-life	Fiesta (Halloween)	Mifare Classic	1F 9D 5F 7D
BruceRFID/toys-to-life/Skylanders/Skylanders 5 Superchargers/1) Figures/Splat.nfc	toys-to-life	Splat	Mifare Classic	E2 D1 7C E0
BruceRFID/toys-to-life/Skylanders/Skylanders 5 Superchargers/1) Figures/Stealth Elf (Sure Shot).nfc	toys-to-life	Stealth Elf (Sure Shot)	Mifare Classic	3F 48 B2 74
BruceRFID/toys-to-life/Skylanders/Skylanders 5 Superchargers/1) Figures/Smash Hit (Steel Plated).nfc	toys-to-life	Smash Hit (Steel Plated)	Mifare Classic	BF 4D 1D 4E
BruceRFID/toys-to-life/Skylanders/Skylanders 5 Superchargers/1) Figures/Trigger Happy (Double Dare).nfc	toys-to-life	Trigger Happy (Double Dare)	Mifare Classic	7C 81 BD D6
BruceRFID/toys-to-life/Skylanders/Skylanders 5 Superchargers/1) Figures/Roller Brawl (Bronze).nfc	toys-to-life	Roller Brawl (Bronze)	Mifare Classic	3F B6 24 96
BruceRFID/toys-to-life/Skylanders/Skylanders 5 Superchargers/1) Figures/Gill Grunt (Deep Dive).nfc	toys-to-life	Gill Grunt (Deep Dive)	Mifare Classic	9F E5 62 66
BruceRFID/toys-to-life/Skylanders/Skylanders 5 Superchargers/1) Figures/Astroblast.nfc	toys-to-life	Astroblast	Mifare Classic	82 93 6D E0
BruceRFID/toys-to-life/Skylanders/Skylanders 5 Superchargers/1) Figures/Thrillipede (Spring).nfc	toys-to-life	Thrillipede (Spring)	Mifare Classic	6C 7F E5 83
BruceRFID/toys-to-life/Skylanders/Skylanders 5 Superchargers/1) Figures/Trigger Happy (Power Blue Double Dare).nfc	toys-to-life	Trigger Happy (Power Blue Double Dare)	Mifare Classic	C2 59 8E FC
BruceRFID/toys-to-life/Skylanders/Skylanders 5 Superchargers/1) Figures/Jet Vac (Legendary Hurricane).nfc	toys-to-life	Jet Vac (Legendary Hurricane)	Mifare Classic	1F F5 FE 73
BruceRFID/toys-to-life/Skylanders/Skylanders 5 Superchargers/1) Figures/Erutpor (Lava Lance Patina).nfc	toys-to-life	Erutpor (Lava Lance Patina)	Mifare Classic	BF FE CB 60
BruceRFID/toys-to-life/Skylanders/Skylanders 5 Superchargers/1) Figures/Splat (Power Blue).nfc	toys-to-life	Splat (Power Blue)	Mifare Classic	22 E4 90 FC
BruceRFID/toys-to-life/Skylanders/Skylanders 5 Superchargers/1) Figures/Bowser.nfc	toys-to-life	Bowser	Mifare Classic	3F 35 55 59
BruceRFID/toys-to-life/Skylanders/Skylanders 5 Superchargers/1) Figures/Stormblade (Christmas).nfc	toys-to-life	Stormblade (Christmas)	Mifare Classic	1F 7B D8 84
BruceRFID/toys-to-life/Skylanders/Skylanders 5 Superchargers/1) Figures/Pop Fizz (Big Bubble).nfc	toys-to-life	Pop Fizz (Big Bubble)	Mifare Classic	B2 82 7F E0
BruceRFID/toys-to-life/Skylanders/Skylanders 5 Superchargers/2) Vehicles/Sun Runner (Legendary).nfc	toys-to-life	Sun Runner (Legendary)	Mifare Classic	9F D9 B8 5E
BruceRFID/toys-to-life/Skylanders/Skylanders 5 Superchargers/2) Vehicles/Burn Cycle.nfc	toys-to-life	Burn Cycle	Mifare Classic	7F 8E 5F 76
BruceRFID/toys-to-life/Skylanders/Skylanders 5 Superchargers/2) Vehicles/Sun Runner.nfc	toys-to-life	Sun Runner	Mifare Classic	42 78 76 E0
BruceRFID/toys-to-life/Skylanders/Skylanders 5 Superchargers/2) Vehicles/Burn Cycle (Patina).nfc	toys-to-life	Burn Cycle (Patina)	Mifare Classic	7F B8 15 65
BruceRFID/toys-to-life/Skylanders/Skylanders 5 Superchargers/2) Vehicles/Hot Streak (Golden).nfc	toys-to-life	Hot Streak (Golden)	Mifare Classic	EF 2E 78 F3
BruceRFID/toys-to-life/Skylanders/Skylanders 5 Superchargers/2) Vehicles/Soda Skimmer.nfc	toys-to-life	Soda Skimmer	Mifare Classic	92 3E 7A E0
BruceRFID/toys-to-life/Skylanders/Skylanders 5 Superchargers/2) Vehicles/Sea Shadow.nfc	toys-to-life	Sea Shadow	Mifare Classic	42 1A 7E 7A
BruceRFID/toys-to-life/Skylanders/Skylanders 5 Superchargers/2) Vehicles/Reef Ripper.nfc	toys-to-life	Reef Ripper	Mifare Classic	BF B2 17 56
BruceRFID/toys-to-life/Skylanders/Skylanders 5 Superchargers/2) Vehicles/Crypt Crusher.nfc	toys-to-life	Crypt Crusher	Mifare Classic	5F 4D D4 3E
BruceRFID/toys-to-life/Skylanders/Skylanders 5 Superchargers/2) Vehicles/Hot Streak (Dark).nfc	toys-to-life	Hot Streak (Dark)	Mifare Classic	9F 3F 4D 43
BruceRFID/toys-to-life/Skylanders/Skylanders 5 Superchargers/2) Vehicles/Dive Bomber (Spring).nfc	toys-to-life	Dive Bomber (Spring)	Mifare Classic	AE 4B 44 3B
BruceRFID/toys-to-life/Skylanders/Skylanders 5 Superchargers/2) Vehicles/Sheild Striker (Patina).nfc	toys-to-life	Sheild Striker (Patina)	Mifare Classic	1F 5F 14 8A
BruceRFID/toys-to-life/Skylanders/Skylanders 5 Superchargers/2) Vehicles/Jet Stream.nfc	toys-to-life	Jet Stream	Mifare Classic	9F EB 17 5C
BruceRFID/toys-to-life/Skylanders/Skylanders 5 Superchargers/2) Vehicles/Stealth Stinger.nfc	toys-to-life	Stealth Stinger	Mifare Classic	7F 24 33 6E
BruceRFID/toys-to-life/Skylanders/Skylanders 5 Superchargers/2) Vehicles/Splatter Splasher.nfc	toys-to-life	Splatter Splasher	Mifare Classic	61 9D A0 FB
BruceRFID/toys-to-life/Skylanders/Skylanders 5 Superchargers/2) Vehicles/Buzzwing.nfc	toys-to-life	Buzzwing	Mifare Classic	7F 1C F6 79
BruceRFID/toys-to-life/Skylanders/Skylanders 5 Superchargers/2) Vehicles/Gold Rusher (Blue).nfc	toys-to-life	Gold Rusher (Blue)	Mifare Classic	22 75 71 E0
BruceRFID/toys-to-life/Skylanders/Skylanders 5 Superchargers/2) Vehicles/Clown (Cruiser Dark).nfc	toys-to-life	Clown (Cruiser Dark)	Mifare Classic	9F 31 4E 56
BruceRFID/toys-to-life/Skylanders/Skylanders 5 Superchargers/2) Vehicles/Tomb Buggy (Bronze).nfc	toys-to-life	Tomb Buggy (Bronze)	Mifare Classic	7F 8A 76 63
BruceRFID/toys-to-life/Skylanders/Skylanders 5 Superchargers/2) Vehicles/Gold Rusher.nfc	toys-to-life	Gold Rusher	Mifare Classic	83 BF 0B B1
BruceRFID/toys-to-life/Skylanders/Skylanders 5 Superchargers/2) Vehicles/Thump Truck.nfc	toys-to-life	Thump Truck	Mifare Classic	00 B6 7D EC
BruceRFID/toys-to-life/Skylanders/Skylanders 5 Superchargers/2) Vehicles/Shield Striker.nfc	toys-to-life	Shield Striker	Mifare Classic	C3 4A 3B 06
BruceRFID/toys-to-life/Skylanders/Skylanders 5 Superchargers/2) Vehicles/Sea Shadow (Dark).nfc	toys-to-life	Sea Shadow (Dark)	Mifare Classic	9F 47 A3 81
BruceRFID/toys-to-life/Skylanders/Skylanders 5 Superchargers/2) Vehicles/Sky Slicer.nfc	toys-to-life	Sky Slicer	Mifare Classic	BF 9A 37 7E
BruceRFID/toys-to-life/Skylanders/Skylanders 5 Superchargers/2) Vehicles/Splatter Splasher (Blue).nfc	toys-to-life	Splatter Splasher (Blue)	Mifare Classic	D2 11 71 E0
BruceRFID/toys-to-life/Skylanders/Skylanders 5 Superchargers/2) Vehicles/Barrel Blaster.nfc	toys-to-life	Barrel Blaster	Mifare Classic	1F 94 15 64
BruceRFID/toys-to-life/Skylanders/Skylanders 5 Superchargers/2) Vehicles/Dive Bomber.nfc	toys-to-life	Dive Bomber	Mifare Classic	BF DD 71 65
BruceRFID/toys-to-life/Skylanders/Skylanders 5 Superchargers/2) Vehicles/Hot Streak.nfc	toys-to-life	Hot Streak	Mifare Classic	5F 73 D6 63
BruceRFID/toys-to-life/Skylanders/Skylanders 5 Superchargers/2) Vehicles/Soda Skimmer (Nitro).nfc	toys-to-life	Soda Skimmer (Nitro)	Mifare Classic	82 0A 7A E0
BruceRFID/toys-to-life/Skylanders/Skylanders 5 Superchargers/2) Vehicles/Barrel Blaster (Dark).nfc	toys-to-life	Barrel Blaster (Dark)	Mifare Classic	4C 36 5A 95
BruceRFID/toys-to-life/Skylanders/Skylanders 5 Superchargers/2) Vehicles/Tomb Buggy.nfc	toys-to-life	Tomb Buggy	Mifare Classic	12 39 7F E0
BruceRFID/toys-to-life/Skylanders/Skylanders 5 Superchargers/2) Vehicles/Shark Tank.nfc	toys-to-life	Shark Tank	Mifare Classic	BF AE B5 85
BruceRFID/toys-to-life/Skylanders/Skylanders 5 Superchargers/2) Vehicles/Clown Cruiser.nfc	toys-to-life	Clown Cruiser	Mifare Classic	9F 4D 70 4B
BruceRFID/toys-to-life/Skylanders/Skylanders 5 Superchargers/2) Vehicles/Stealth Stinger (Nitro).nfc	toys-to-life	Stealth Stinger (Nitro)	Mifare Classic	3F 0C BB 72
BruceRFID/toys-to-life/Skylanders/Skylanders 4.5 Eon's Elite/1) Figures/Gill Grunt (Eons Elite).nfc	toys-to-life	Gill Grunt (Eons Elite)	Mifare Classic	CF D6 E5 FA
BruceRFID/toys-to-life/Skylanders/Skylanders 4.5 Eon's Elite/1) Figures/Trigger Happy (Eons Elite).nfc	toys-to-life	Trigger Happy (Eons Elite)	Mifare Classic	5F 0E 37 05
BruceRFID/toys-to-life/Skylanders/Skylanders 4.5 Eon's Elite/1) Figures/Boomer (Eons Elite).nfc	toys-to-life	Boomer (Eons Elite)	Mifare Classic	86 0E 3E 94
BruceRFID/toys-to-life/Skylanders/Skylanders 4.5 Eon's Elite/1) Figures/Voodood (Eons Elite).nfc	toys-to-life	Voodood (Eons Elite)	Mifare Classic	9F DB 6D 60
BruceRFID/toys-to-life/Skylanders/Skylanders 4.5 Eon's Elite/1) Figures/Zook (Eons Elite).nfc	toys-to-life	Zook (Eons Elite)	Mifare Classic	1F 39 D7 67
BruceRFID/toys-to-life/Skylanders/Skylanders 4.5 Eon's Elite/1) Figures/Spyro (Eons Elite).nfc	toys-to-life	Spyro (Eons Elite)	Mifare Classic	CF D6 E5 FA
BruceRFID/toys-to-life/Skylanders/Skylanders 4.5 Eon's Elite/1) Figures/Stealth Elf (Eons Elite).nfc	toys-to-life	Stealth Elf (Eons Elite)	Mifare Classic	3F F0 3C 42
BruceRFID/toys-to-life/Skylanders/Skylanders 4.5 Eon's Elite/1) Figures/Eruptor (Eons Elite).nfc	toys-to-life	Eruptor (Eons Elite)	Mifare Classic	CF D6 E5 FA
BruceRFID/toys-to-life/Skylanders/Skylanders 4.5 Eon's Elite/1) Figures/Terrafin (Eons Elite).nfc	toys-to-life	Terrafin (Eons Elite)	Mifare Classic	FF 94 E2 41
BruceRFID/toys-to-life/Skylanders/Skylanders 4.5 Eon's Elite/1) Figures/Whirlwind (Eons Elite).nfc	toys-to-life	Whirlwind (Eons Elite)	Mifare Classic	CF D6 E5 FA
BruceRFID/toys-to-life/Skylanders/Skylanders 4.5 Eon's Elite/1) Figures/Chop Chop (Eons Elite).nfc	toys-to-life	Chop Chop (Eons Elite)	Mifare Classic	CF D6 E5 FA
BruceRFID/toys-to-life/Skylanders/Skylanders 4.5 Eon's Elite/1) Figures/Slam Bam (Eons Elite).nfc	toys-to-life	Slam Bam (Eons Elite)	Mifare Classic	9F FD E5 5B
BruceRFID/toys-to-life/Skylanders/Skylanders 4.5 Eon's Elite/1) Figures/Ghost Roaster (Eons Elite).nfc	toys-to-life	Ghost Roaster (Eons Elite)	Mifare Classic	B2 E7 6F E0
BruceRFID/toys-to-life/Skylanders/Skylanders 4.5 Eon's Elite/1) Figures/Dino Rang (Eons Elite).nfc	toys-to-life	Dino Rang (Eons Elite)	Mifare Classic	86 0E 3E 94
BruceRFID/toys-to-life/Skylanders/Skylanders 2 Giants/3) Magic Items/Dragonfire Cannon.nfc	toys-to-life	Dragonfire Cannon	Mifare Classic	67 18 34 69
BruceRFID/toys-to-life/Skylanders/Skylanders 2 Giants/3) Magic Items/Hidden Treasure (Platinum).nfc	toys-to-life	Hidden Treasure (Platinum)	Mifare Classic	B2 8C CA 2B
BruceRFID/toys-to-life/Skylanders/Skylanders 2 Giants/3) Magic Items/Dragonfire Cannon (Golden).nfc	toys-to-life	Dragonfire Cannon (Golden)	Mifare Classic	A6 9E 61 DD
BruceRFID/toys-to-life/Skylanders/Skylanders 2 Giants/3) Magic Items/Scorpion Striker Catapult.nfc	toys-to-life	Scorpion Striker Catapult	Mifare Classic	1D 2D 90 22
BruceRFID/toys-to-life/Skylanders/Skylanders 2 Giants/1) Giants/Hot Head.nfc	toys-to-life	Hot Head	Mifare Classic	D7 65 92 0C
BruceRFID/toys-to-life/Skylanders/Skylanders 2 Giants/1) Giants/Bouncer.nfc	toys-to-life	Bouncer	Mifare Classic	2F D7 AA 0F
BruceRFID/toys-to-life/Skylanders/Skylanders 2 Giants/1) Giants/Bouncer (Legendary).nfc	toys-to-life	Bouncer (Legendary)	Mifare Classic	15 F0 AA 6C
BruceRFID/toys-to-life/Skylanders/Skylanders 2 Giants/1) Giants/Swarm.nfc	toys-to-life	Swarm	Mifare Classic	B6 32 65 5C
BruceRFID/toys-to-life/Skylanders/Skylanders 2 Giants/1) Giants/Eye Brawl (Halloween).nfc	toys-to-life	Eye Brawl (Halloween)	Mifare Classic	F4 5F 75 F7
BruceRFID/toys-to-life/Skylanders/Skylanders 2 Giants/1) Giants/Eye Brawl.nfc	toys-to-life	Eye Brawl	Mifare Classic	B0 27 9F 67
BruceRFID/toys-to-life/Skylanders/Skylanders 2 Giants/1) Giants/Crusher.nfc	toys-to-life	Crusher	Mifare Classic	EB 68 65 27
BruceRFID/toys-to-life/Skylanders/Skylanders 2 Giants/1) Giants/Thumpback.nfc	toys-to-life	Thumpback	Mifare Classic	AC B9 B2 25
BruceRFID/toys-to-life/Skylanders/Skylanders 2 Giants/1) Giants/Tree Rex (Gnarly).nfc	toys-to-life	Tree Rex (Gnarly)	Mifare Classic	20 23 79 27
BruceRFID/toys-to-life/Skylanders/Skylanders 2 Giants/1) Giants/Ninjini.nfc	toys-to-life	Ninjini	Mifare Classic	50 80 E8 7D
BruceRFID/toys-to-life/Skylanders/Skylanders 2 Giants/1) Giants/Tree Rex.nfc	toys-to-life	Tree Rex	Mifare Classic	D0 CE 1B E1
BruceRFID/toys-to-life/Skylanders/Skylanders 2 Giants/1) Giants/Crusher (Granite).nfc	toys-to-life	Crusher (Granite)	Mifare Classic	13 E4 D3 CF
BruceRFID/toys-to-life/Skylanders/Skylanders 2 Giants/1) Giants/Ninjini (Scarlet).nfc	toys-to-life	Ninjini (Scarlet)	Mifare Classic	74 48 CB EB
BruceRFID/toys-to-life/Skylanders/Skylanders 2 Giants/1) Giants/Eye Brawl (Metallic Purple).nfc	toys-to-life	Eye Brawl (Metallic Purple)	Mifare Classic	7A 67 6A 2C
BruceRFID/toys-to-life/Skylanders/Skylanders 2 Giants/1) Giants/Hot Head (Sparkle).nfc	toys-to-life	Hot Head (Sparkle)	Mifare Classic	C4 13 24 7C
BruceRFID/toys-to-life/Skylanders/Skylanders 2 Giants/2) Figures/Zap (Series 2).nfc	toys-to-life	Zap (Series 2)	Mifare Classic	12 C7 4F B8
BruceRFID/toys-to-life/Skylanders/Skylanders 2 Giants/2) Figures/Slam Bam (Series 2).nfc	toys-to-life	Slam Bam (Series 2)	Mifare Classic	CC E5 49 A9
BruceRFID/toys-to-life/Skylanders/Skylanders 2 Giants/2) Figures/Ignitor (Legendary).nfc	toys-to-life	Ignitor (Legendary)	Mifare Classic	D9 6B 21 91
BruceRFID/toys-to-life/Skylanders/Skylanders 2 Giants/2) Figures/Pop Fizz (Lightcore).nfc	toys-to-life	Pop Fizz (Lightcore)	Mifare Classic	77 BE C8 A9
BruceRFID/toys-to-life/Skylanders/Skylanders 2 Giants/2) Figures/Cynder (Series 2 GITD).nfc	toys-to-life	Cynder (Series 2 GITD)	Mifare Classic	46 24 6F D1
BruceRFID/toys-to-life/Skylanders/Skylanders 2 Giants/2) Figures/Chop Chop (Metallic Blue).nfc	toys-to-life	Chop Chop (Metallic Blue)	Mifare Classic	B4 B4 ED AB
BruceRFID/toys-to-life/Skylanders/Skylanders 2 Giants/2) Figures/Hot Dog.nfc	toys-to-life	Hot Dog	Mifare Classic	C9 59 BA 59
BruceRFID/toys-to-life/Skylanders/Skylanders 2 Giants/2) Figures/Shroomboom (Metallic).nfc	toys-to-life	Shroomboom (Metallic)	Mifare Classic	8F 23 DF 81
BruceRFID/toys-to-life/Skylanders/Skylanders 2 Giants/2) Figures/Zook (Series 2).nfc	toys-to-life	Zook (Series 2)	Mifare Classic	DF 75 A8 46
BruceRFID/toys-to-life/Skylanders/Skylanders 2 Giants/2) Figures/Trigger Happy (Series 2).nfc	toys-to-life	Trigger Happy (Series 2)	Mifare Classic	D3 97 A5 44
BruceRFID/toys-to-life/Skylanders/Skylanders 2 Giants/2) Figures/Wrecking Ball (Series 2).nfc	toys-to-life	Wrecking Ball (Series 2)	Mifare Classic	AB 4E 5C 8B
BruceRFID/toys-to-life/Skylanders/Skylanders 2 Giants/2) Figures/Whirlwind (Polar).nfc	toys-to-life	Whirlwind (Polar)	Mifare Classic	05 27 BC 1D
BruceRFID/toys-to-life/Skylanders/Skylanders 2 Giants/2) Figures/Shroomboom.nfc	toys-to-life	Shroomboom	Mifare Classic	07 09 65 6A
BruceRFID/toys-to-life/Skylanders/Skylanders 2 Giants/2) Figures/Shroomboom (Lightcore).nfc	toys-to-life	Shroomboom (Lightcore)	Mifare Classic	1F BA 3A E1
BruceRFID/toys-to-life/Skylanders/Skylanders 2 Giants/2) Figures/Hex (Series 2).nfc	toys-to-life	Hex (Series 2)	Mifare Classic	24 EC 7F CE
BruceRFID/toys-to-life/Skylanders/Skylanders 2 Giants/2) Figures/Bash (Series 2).nfc	toys-to-life	Bash (Series 2)	Mifare Classic	7F 0E 28 13
BruceRFID/toys-to-life/Skylanders/Skylanders 2 Giants/2) Figures/Jet-Vac (Legendary).nfc	toys-to-life	Jet-Vac (Legendary)	Mifare Classic	A3 2C 77 54
BruceRFID/toys-to-life/Skylanders/Skylanders 2 Giants/2) Figures/Stealth Elf (Legendary).nfc	toys-to-life	Stealth Elf (Legendary)	Mifare Classic	29 2B 04 FD
BruceRFID/toys-to-life/Skylanders/Skylanders 2 Giants/2) Figures/Lighting Rod (Metallic Purple).nfc	toys-to-life	Lighting Rod (Metallic Purple)	Mifare Classic	C4 D0 41 B9
BruceRFID/toys-to-life/Skylanders/Skylanders 2 Giants/2) Figures/Fright Rider (GITD).nfc	toys-to-life	Fright Rider (GITD)	Mifare Classic	36 48 D0 A3
BruceRFID/toys-to-life/Skylanders/Skylanders 2 Giants/2) Figures/Terrafin (Series2).nfc	toys-to-life	Terrafin (Series2)	Mifare Classic	49 12 18 AA
BruceRFID/toys-to-life/Skylanders/Skylanders 2 Giants/2) Figures/Eruptor (White Flocked).nfc	toys-to-life	Eruptor (White Flocked)	Mifare Classic	B4 EA D9 B8
BruceRFID/toys-to-life/Skylanders/Skylanders 2 Giants/2) Figures/Stealth Elf (Series 2).nfc	toys-to-life	Stealth Elf (Series 2)	Mifare Classic	6A 2B 43 3E
BruceRFID/toys-to-life/Skylanders/Skylanders 2 Giants/2) Figures/Jet-Vac.nfc	toys-to-life	Jet-Vac	Mifare Classic	3F E5 21 4F
BruceRFID/toys-to-life/Skylanders/Skylanders 2 Giants/2) Figures/Stump Smash (Series 2).nfc	toys-to-life	Stump Smash (Series 2)	Mifare Classic	C4 0F D1 B4
BruceRFID/toys-to-life/Skylanders/Skylanders 2 Giants/2) Figures/Pop Fizz (Punch).nfc	toys-to-life	Pop Fizz (Punch)	Mifare Classic	73 B4 4C 17
BruceRFID/toys-to-life/Skylanders/Skylanders 2 Giants/2) Figures/Sonic Boom (GITD).nfc	toys-to-life	Sonic Boom (GITD)	Mifare Classic	54 16 5D 2C
BruceRFID/toys-to-life/Skylanders/Skylanders 2 Giants/2) Figures/Drobot (Lightcore).nfc	toys-to-life	Drobot (Lightcore)	Mifare Classic	43 47 C8 B7
BruceRFID/toys-to-life/Skylanders/Skylanders 2 Giants/2) Figures/Eruptor (Series2).nfc	toys-to-life	Eruptor (Series2)	Mifare Classic	F5 29 97 F9
BruceRFID/toys-to-life/Skylanders/Skylanders 2 Giants/2) Figures/Fright Rider.nfc	toys-to-life	Fright Rider	Mifare Classic	E2 C2 3D 03
BruceRFID/toys-to-life/Skylanders/Skylanders 2 Giants/2) Figures/Sonic Boom (Series 2).nfc	toys-to-life	Sonic Boom (Series 2)	Mifare Classic	10 C7 CF 00
BruceRFID/toys-to-life/Skylanders/Skylanders 2 Giants/2) Figures/Whirlwind (Series 2).nfc	toys-to-life	Whirlwind (Series 2)	Mifare Classic	4A 2A D8 E9
BruceRFID/toys-to-life/Skylanders/Skylanders 2 Giants/2) Figures/Mini Jini (Sidekick).nfc	toys-to-life	Mini Jini (Sidekick)	Mifare Classic	5B 16 99 5B
BruceRFID/toys-to-life/Skylanders/Skylanders 2 Giants/2) Figures/Chill (Lightcore).nfc	toys-to-life	Chill (Lightcore)	Mifare Classic	CD 34 E2 E0
BruceRFID/toys-to-life/Skylanders/Skylanders 2 Giants/2) Figures/Wrecking Ball (Metal Purple).nfc	toys-to-life	Wrecking Ball (Metal Purple)	Mifare Classic	24 55 C9 5F
BruceRFID/toys-to-life/Skylanders/Skylanders 2 Giants/2) Figures/Sonic Boom (Sparkle).nfc	toys-to-life	Sonic Boom (Sparkle)	Mifare Classic	54 B0 7B 2E
BruceRFID/toys-to-life/Skylanders/Skylanders 2 Giants/2) Figures/Spyro (Series 2).nfc	toys-to-life	Spyro (Series 2)	Mifare Classic	B3 58 0E E2
BruceRFID/toys-to-life/Skylanders/Skylanders 2 Giants/2) Figures/Eruptor (Lightcore).nfc	toys-to-life	Eruptor (Lightcore)	Mifare Classic	C8 B0 E9 32
BruceRFID/toys-to-life/Skylanders/Skylanders 2 Giants/2) Figures/Cynder (Series 2).nfc	toys-to-life	Cynder (Series 2)	Mifare Classic	0D C6 F5 21
BruceRFID/toys-to-life/Skylanders/Skylanders 2 Giants/2) Figures/Drobot (Series 2).nfc	toys-to-life	Drobot (Series 2)	Mifare Classic	AB 43 84 61
BruceRFID/toys-to-life/Skylanders/Skylanders 2 Giants/2) Figures/Fright Rider (Halloween).nfc	toys-to-life	Fright Rider (Halloween)	Mifare Classic	AF 4C E8 18
BruceRFID/toys-to-life/Skylanders/Skylanders 2 Giants/2) Figures/Thumpling (Sidekick).nfc	toys-to-life	Thumpling (Sidekick)	Mifare Classic	10 6F B1 97
BruceRFID/toys-to-life/Skylanders/Skylanders 2 Giants/2) Figures/Jet-Vac (Lightcore).nfc	toys-to-life	Jet-Vac (Lightcore)	Mifare Classic	F8 D6 AC 8D
BruceRFID/toys-to-life/Skylanders/Skylanders 2 Giants/2) Figures/Double Trouble 1.5 (Series 2).nfc	toys-to-life	Double Trouble 1.5 (Series 2)	Mifare Classic	04 09 A2 70
BruceRFID/toys-to-life/Skylanders/Skylanders 2 Giants/2) Figures/Chop-Chop (Series 2).nfc	toys-to-life	Chop-Chop (Series 2)	Mifare Classic	69 D4 9A 06
BruceRFID/toys-to-life/Skylanders/Skylanders 2 Giants/2) Figures/Drill Sergeant (Series 2).nfc	toys-to-life	Drill Sergeant (Series 2)	Mifare Classic	03 3A 4E 3D
BruceRFID/toys-to-life/Skylanders/Skylanders 2 Giants/2) Figures/Hex (LightCore).nfc	toys-to-life	Hex (LightCore)	Mifare Classic	DA DD A2 1F
BruceRFID/toys-to-life/Skylanders/Skylanders 2 Giants/2) Figures/Double Trouble (Series 2).nfc	toys-to-life	Double Trouble (Series 2)	Mifare Classic	DD 76 04 24
BruceRFID/toys-to-life/Skylanders/Skylanders 2 Giants/2) Figures/Ignitor (Series 2).nfc	toys-to-life	Ignitor (Series 2)	Mifare Classic	49 5F 77 B1
BruceRFID/toys-to-life/Skylanders/Skylanders 2 Giants/2) Figures/Sprocket (Pearl).nfc	toys-to-life	Sprocket (Pearl)	Mifare Classic	16 38 69 E0
BruceRFID/toys-to-life/Skylanders/Skylanders 2 Giants/2) Figures/Zook (Stone).nfc	toys-to-life	Zook (Stone)	Mifare Classic	76 61 18 B4
BruceRFID/toys-to-life/Skylanders/Skylanders 2 Giants/2) Figures/Flashwing.nfc	toys-to-life	Flashwing	Mifare Classic	54 BD 1F 23
BruceRFID/toys-to-life/Skylanders/Skylanders 2 Giants/2) Figures/Chill (Legendary).nfc	toys-to-life	Chill (Legendary)	Mifare Classic	CD AD 00 A8
BruceRFID/toys-to-life/Skylanders/Skylanders 2 Giants/2) Figures/Flashwing (Jade).nfc	toys-to-life	Flashwing (Jade)	Mifare Classic	55 59 83 C7
BruceRFID/toys-to-life/Skylanders/Skylanders 2 Giants/2) Figures/Sprocket.nfc	toys-to-life	Sprocket	Mifare Classic	F8 9B 4C D3
BruceRFID/toys-to-life/Skylanders/Skylanders 2 Giants/2) Figures/Hot Dog (Molten).nfc	toys-to-life	Hot Dog (Molten)	Mifare Classic	B5 40 03 80
BruceRFID/toys-to-life/Skylanders/Skylanders 2 Giants/2) Figures/Prism Break (Employee Edition).nfc	toys-to-life	Prism Break (Employee Edition)	Mifare Classic	84 8D 12 37
BruceRFID/toys-to-life/Skylanders/Skylanders 2 Giants/2) Figures/Flameslinger (Golden).nfc	toys-to-life	Flameslinger (Golden)	Mifare Classic	96 7E 9C A9
BruceRFID/toys-to-life/Skylanders/Skylanders 2 Giants/2) Figures/Double Trouble (Royal).nfc	toys-to-life	Double Trouble (Royal)	Mifare Classic	9A 5B FA 3E
BruceRFID/toys-to-life/Skylanders/Skylanders 2 Giants/2) Figures/Gill Grunt (Series 2).nfc	toys-to-life	Gill Grunt (Series 2)	Mifare Classic	BF 03 C0 BD
BruceRFID/toys-to-life/Skylanders/Skylanders 2 Giants/2) Figures/Whirlwind (Stone).nfc	toys-to-life	Whirlwind (Stone)	Mifare Classic	46 51 F6 A2
BruceRFID/toys-to-life/Skylanders/Skylanders 2 Giants/2) Figures/Prism Break (Series 2).nfc	toys-to-life	Prism Break (Series 2)	Mifare Classic	85 2C A8 E0
BruceRFID/toys-to-life/Skylanders/Skylanders 2 Giants/2) Figures/Gill Grunt (Metallic).nfc	toys-to-life	Gill Grunt (Metallic)	Mifare Classic	2F 77 46 5A
BruceRFID/toys-to-life/Skylanders/Skylanders 2 Giants/2) Figures/Flameslinger (Series 2).nfc	toys-to-life	Flameslinger (Series 2)	Mifare Classic	12 98 57 E7
BruceRFID/toys-to-life/Skylanders/Skylanders 2 Giants/2) Figures/Chill.nfc	toys-to-life	Chill	Mifare Classic	3A C4 44 64
BruceRFID/toys-to-life/Skylanders/Skylanders 2 Giants/2) Figures/Slam Bam (Legendary).nfc	toys-to-life	Slam Bam (Legendary)	Mifare Classic	32 3D 72 BD
BruceRFID/toys-to-life/Skylanders/Skylanders 2 Giants/2) Figures/Lightning Rod (Series 2).nfc	toys-to-life	Lightning Rod (Series 2)	Mifare Classic	48 36 CD C3
BruceRFID/toys-to-life/Skylanders/Skylanders 2 Giants/2) Figures/Prism Break (Lightcore).nfc	toys-to-life	Prism Break (Lightcore)	Mifare Classic	8F F4 E9 B6
BruceRFID/toys-to-life/Skylanders/Skylanders 2 Giants/2) Figures/Pop Fizz.nfc	toys-to-life	Pop Fizz	Mifare Classic	16 9C 5F ED
BruceRFID/toys-to-life/Skylanders/Skylanders 2 Giants/2) Figures/Stump Smash (White Flocked).nfc	toys-to-life	Stump Smash (White Flocked)	Mifare Classic	A4 16 AD 5F
BruceRFID/toys-to-life/Skylanders/Skylanders 2 Giants/2) Figures/Eye Small (Sidekick).nfc	toys-to-life	Eye Small (Sidekick)	Mifare Classic	A9 C4 FC 83
BruceRFID/toys-to-life/Skylanders/Skylanders 2 Giants/2) Figures/Barkley.nfc	toys-to-life	Barkley	Mifare Classic	D6 C7 65 43
BruceRFID/toys-to-life/Skylanders/Skylanders 2 Giants/2) Figures/Hot Dog (Bronze).nfc	toys-to-life	Hot Dog (Bronze)	Mifare Classic	F4 97 44 B9
BruceRFID/toys-to-life/Skylanders/Skylanders 1 Spyro's Adventure/2) Magic Items/Healing Elixir.nfc	toys-to-life	Healing Elixir	Mifare Classic	34 3B 43 79
BruceRFID/toys-to-life/Skylanders/Skylanders 1 Spyro's Adventure/2) Magic Items/Hidden Treasure.nfc	toys-to-life	Hidden Treasure	Mifare Classic	22 31 6A A1
BruceRFID/toys-to-life/Skylanders/Skylanders 1 Spyro's Adventure/2) Magic Items/Pirate Seas.nfc	toys-to-life	Pirate Seas	Mifare Classic	9D 36 B2 33
BruceRFID/toys-to-life/Skylanders/Skylanders 1 Spyro's Adventure/2) Magic Items/Volcanic Vault.nfc	toys-to-life	Volcanic Vault	Mifare Classic	EF 2C FC DC
BruceRFID/toys-to-life/Skylanders/Skylanders 1 Spyro's Adventure/2) Magic Items/Sky Iron Shield.nfc	toys-to-life	Sky Iron Shield	Mifare Classic	1E 56 56 59
BruceRFID/toys-to-life/Skylanders/Skylanders 1 Spyro's Adventure/2) Magic Items/Sparx The Dragonfly.nfc	toys-to-life	Sparx The Dragonfly	Mifare Classic	6F 2C 8D F6
BruceRFID/toys-to-life/Skylanders/Skylanders 1 Spyro's Adventure/2) Magic Items/Time Twister.nfc	toys-to-life	Time Twister	Mifare Classic	51 24 63 F7
BruceRFID/toys-to-life/Skylanders/Skylanders 1 Spyro's Adventure/2) Magic Items/Empire of Ice.nfc	toys-to-life	Empire of Ice	Mifare Classic	E6 3A 42 1A
BruceRFID/toys-to-life/Skylanders/Skylanders 1 Spyro's Adventure/2) Magic Items/Ghost Swords.nfc	toys-to-life	Ghost Swords	Mifare Classic	1C BE BE 00
BruceRFID/toys-to-life/Skylanders/Skylanders 1 Spyro's Adventure/2) Magic Items/Winged Boots.nfc	toys-to-life	Winged Boots	Mifare Classic	28 01 75 D6
BruceRFID/toys-to-life/Skylanders/Skylanders 1 Spyro's Adventure/2) Magic Items/Dragons Peak.nfc	toys-to-life	Dragons Peak	Mifare Classic	4C 79 52 A8
BruceRFID/toys-to-life/Skylanders/Skylanders 1 Spyro's Adventure/2) Magic Items/Darklight Crypt.nfc	toys-to-life	Darklight Crypt	Mifare Classic	31 6A 7A 69
BruceRFID/toys-to-life/Skylanders/Skylanders 1 Spyro's Adventure/2) Magic Items/Anvil Rain.nfc	toys-to-life	Anvil Rain	Mifare Classic	CC 08 4F 69
BruceRFID/toys-to-life/Skylanders/Skylanders 1 Spyro's Adventure/1) Figures/Spyro (Dark).nfc	toys-to-life	Spyro (Dark)	Mifare Classic	4E CC 57 92
BruceRFID/toys-to-life/Skylanders/Skylanders 1 Spyro's Adventure/1) Figures/Cynder (Clear).nfc	toys-to-life	Cynder (Clear)	Mifare Classic	D6 37 4A 58
BruceRFID/toys-to-life/Skylanders/Skylanders 1 Spyro's Adventure/1) Figures/Flameslinger (Gold).nfc	toys-to-life	Flameslinger (Gold)	Mifare Classic	32 0E 7B C2
BruceRFID/toys-to-life/Skylanders/Skylanders 1 Spyro's Adventure/1) Figures/Wrecking Ball (GITD).nfc	toys-to-life	Wrecking Ball (GITD)	Mifare Classic	D2 50 6C A7
BruceRFID/toys-to-life/Skylanders/Skylanders 1 Spyro's Adventure/1) Figures/Chop-Chop (Legendary).nfc	toys-to-life	Chop-Chop (Legendary)	Mifare Classic	70 FA B0 9C
BruceRFID/toys-to-life/Skylanders/Skylanders 1 Spyro's Adventure/1) Figures/Chop-Chop.nfc	toys-to-life	Chop-Chop	Mifare Classic	74 FE 13 F9
BruceRFID/toys-to-life/Skylanders/Skylanders 1 Spyro's Adventure/1) Figures/Camo (Red).nfc	toys-to-life	Camo (Red)	Mifare Classic	C6 34 0B 9F
BruceRFID/toys-to-life/Skylanders/Skylanders 1 Spyro's Adventure/1) Figures/Wham Shell (Clear).nfc	toys-to-life	Wham Shell (Clear)	Mifare Classic	B6 90 D3 85
BruceRFID/toys-to-life/Skylanders/Skylanders 1 Spyro's Adventure/1) Figures/Terrabite (Sidekick).nfc	toys-to-life	Terrabite (Sidekick)	Mifare Classic	AF AA 0C 0B
BruceRFID/toys-to-life/Skylanders/Skylanders 1 Spyro's Adventure/1) Figures/Voodood.nfc	toys-to-life	Voodood	Mifare Classic	49 5F F5 76
BruceRFID/toys-to-life/Skylanders/Skylanders 1 Spyro's Adventure/1) Figures/Lightning Rod.nfc	toys-to-life	Lightning Rod	Mifare Classic	67 ED 8B E5
BruceRFID/toys-to-life/Skylanders/Skylanders 1 Spyro's Adventure/1) Figures/Drill Sergeant (Red).nfc	toys-to-life	Drill Sergeant (Red)	Mifare Classic	56 89 72 89
BruceRFID/toys-to-life/Skylanders/Skylanders 1 Spyro's Adventure/1) Figures/Drobot.nfc	toys-to-life	Drobot	Mifare Classic	1B 4D B2 6A
BruceRFID/toys-to-life/Skylanders/Skylanders 1 Spyro's Adventure/1) Figures/Boomer (Silver).nfc	toys-to-life	Boomer (Silver)	Mifare Classic	82 70 29 0F
BruceRFID/toys-to-life/Skylanders/Skylanders 1 Spyro's Adventure/1) Figures/Eruptor.nfc	toys-to-life	Eruptor	Mifare Classic	8D F3 6E 69
BruceRFID/toys-to-life/Skylanders/Skylanders 1 Spyro's Adventure/1) Figures/Spyro (Legendary).nfc	toys-to-life	Spyro (Legendary)	Mifare Classic	8C A0 80 A6
BruceRFID/toys-to-life/Skylanders/Skylanders 1 Spyro's Adventure/1) Figures/Eruptor (Silver).nfc	toys-to-life	Eruptor (Silver)	Mifare Classic	22 C6 A8 24
BruceRFID/toys-to-life/Skylanders/Skylanders 1 Spyro's Adventure/1) Figures/Stump Smash.nfc	toys-to-life	Stump Smash	Mifare Classic	2C 7B 9F 17
BruceRFID/toys-to-life/Skylanders/Skylanders 1 Spyro's Adventure/1) Figures/Gill Grunt (Green).nfc	toys-to-life	Gill Grunt (Green)	Mifare Classic	54 A5 4F 72
BruceRFID/toys-to-life/Skylanders/Skylanders 1 Spyro's Adventure/1) Figures/FlameSlinger.nfc	toys-to-life	FlameSlinger	Mifare Classic	1F D0 52 0B
BruceRFID/toys-to-life/Skylanders/Skylanders 1 Spyro's Adventure/1) Figures/Stealth Elf (Clear).nfc	toys-to-life	Stealth Elf (Clear)	Mifare Classic	26 88 9F 78
BruceRFID/toys-to-life/Skylanders/Skylanders 1 Spyro's Adventure/1) Figures/Sunburn.nfc	toys-to-life	Sunburn	Mifare Classic	F0 F0 45 50
BruceRFID/toys-to-life/Skylanders/Skylanders 1 Spyro's Adventure/1) Figures/Gill Grunt.nfc	toys-to-life	Gill Grunt	Mifare Classic	19 AA 1B B4
BruceRFID/toys-to-life/Skylanders/Skylanders 1 Spyro's Adventure/1) Figures/Camo.nfc	toys-to-life	Camo	Mifare Classic	04 CB 90 65
BruceRFID/toys-to-life/Skylanders/Skylanders 1 Spyro's Adventure/1) Figures/Drill Sergeant.nfc	toys-to-life	Drill Sergeant	Mifare Classic	46 90 36 E3
BruceRFID/toys-to-life/Skylanders/Skylanders 1 Spyro's Adventure/1) Figures/Trigger Happy (Legendary).nfc	toys-to-life	Trigger Happy (Legendary)	Mifare Classic	5E 6D 73 4C
BruceRFID/toys-to-life/Skylanders/Skylanders 1 Spyro's Adventure/1) Figures/Ignitor.nfc	toys-to-life	Ignitor	Mifare Classic	C9 1D E8 B5
BruceRFID/toys-to-life/Skylanders/Skylanders 1 Spyro's Adventure/1) Figures/Spyro (Chrome).nfc	toys-to-life	Spyro (Chrome)	Mifare Classic	D6 F2 3D 9B
BruceRFID/toys-to-life/Skylanders/Skylanders 1 Spyro's Adventure/1) Figures/Slam Bam.nfc	toys-to-life	Slam Bam	Mifare Classic	08 AB F9 62
BruceRFID/toys-to-life/Skylanders/Skylanders 1 Spyro's Adventure/1) Figures/Wrecking Ball.nfc	toys-to-life	Wrecking Ball	Mifare Classic	1A 89 E0 FD
BruceRFID/toys-to-life/Skylanders/Skylanders 1 Spyro's Adventure/1) Figures/Zap.nfc	toys-to-life	Zap	Mifare Classic	F0 C2 46 84
BruceRFID/toys-to-life/Skylanders/Skylanders 1 Spyro's Adventure/1) Figures/Double Trouble.nfc	toys-to-life	Double Trouble	Mifare Classic	C2 FC A6 5D
BruceRFID/toys-to-life/Skylanders/Skylanders 1 Spyro's Adventure/1) Figures/Cynder (Meatallic Purple).nfc	toys-to-life	Cynder (Meatallic Purple)	Mifare Classic	26 B3 7C 61
BruceRFID/toys-to-life/Skylanders/Skylanders 1 Spyro's Adventure/1) Figures/Stump Smash (Flocked).nfc	toys-to-life	Stump Smash (Flocked)	Mifare Classic	76 7F 0A 58
BruceRFID/toys-to-life/Skylanders/Skylanders 1 Spyro's Adventure/1) Figures/Warnado (GITD).nfc	toys-to-life	Warnado (GITD)	Mifare Classic	84 C1 4A 2F
BruceRFID/toys-to-life/Skylanders/Skylanders 1 Spyro's Adventure/1) Figures/Zap (GITD).nfc	toys-to-life	Zap (GITD)	Mifare Classic	52 18 BC 82
BruceRFID/toys-to-life/Skylanders/Skylanders 1 Spyro's Adventure/1) Figures/Drill Sergeant (Gold).nfc	toys-to-life	Drill Sergeant (Gold)	Mifare Classic	F6 5C 14 57
BruceRFID/toys-to-life/Skylanders/Skylanders 1 Spyro's Adventure/1) Figures/Wham Shell.nfc	toys-to-life	Wham Shell	Mifare Classic	BE A0 B2 AF
BruceRFID/toys-to-life/Skylanders/Skylanders 1 Spyro's Adventure/1) Figures/Bash.nfc	toys-to-life	Bash	Mifare Classic	90 37 7C 9F
BruceRFID/toys-to-life/Skylanders/Skylanders 1 Spyro's Adventure/1) Figures/Ghost Roaster.nfc	toys-to-life	Ghost Roaster	Mifare Classic	A3 C8 98 61
BruceRFID/toys-to-life/Skylanders/Skylanders 1 Spyro's Adventure/1) Figures/Bash (Legendary).nfc	toys-to-life	Bash (Legendary)	Mifare Classic	C3 04 71 A7
BruceRFID/toys-to-life/Skylanders/Skylanders 1 Spyro's Adventure/1) Figures/Warnado.nfc	toys-to-life	Warnado	Mifare Classic	D5 FF DF B5
BruceRFID/toys-to-life/Skylanders/Skylanders 1 Spyro's Adventure/1) Figures/Stealth Elf.nfc	toys-to-life	Stealth Elf	Mifare Classic	3F 1D FA 00
BruceRFID/toys-to-life/Skylanders/Skylanders 1 Spyro's Adventure/1) Figures/Hex.nfc	toys-to-life	Hex	Mifare Classic	4C 09 85 89
BruceRFID/toys-to-life/Skylanders/Skylanders 1 Spyro's Adventure/1) Figures/Boomer.nfc	toys-to-life	Boomer	Mifare Classic	D5 A9 CB 0D
BruceRFID/toys-to-life/Skylanders/Skylanders 1 Spyro's Adventure/1) Figures/Dino Rang.nfc	toys-to-life	Dino Rang	Mifare Classic	E5 96 CA 49
BruceRFID/toys-to-life/Skylanders/Skylanders 1 Spyro's Adventure/1) Figures/Whisper Elf (SideKick).nfc	toys-to-life	Whisper Elf (SideKick)	Mifare Classic	67 0E 59 8C
BruceRFID/toys-to-life/Skylanders/Skylanders 1 Spyro's Adventure/1) Figures/Trigger Happy.nfc	toys-to-life	Trigger Happy	Mifare Classic	9E 87 97 D5
BruceRFID/toys-to-life/Skylanders/Skylanders 1 Spyro's Adventure/1) Figures/Zook.nfc	toys-to-life	Zook	Mifare Classic	9E 99 82 00
BruceRFID/toys-to-life/Skylanders/Skylanders 1 Spyro's Adventure/1) Figures/Bash (Blue).nfc	toys-to-life	Bash (Blue)	Mifare Classic	E6 CC A9 5A
BruceRFID/toys-to-life/Skylanders/Skylanders 1 Spyro's Adventure/1) Figures/Hex (Pearl).nfc	toys-to-life	Hex (Pearl)	Mifare Classic	36 62 B6 5F
BruceRFID/toys-to-life/Skylanders/Skylanders 1 Spyro's Adventure/1) Figures/Whirlwind (Clear).nfc	toys-to-life	Whirlwind (Clear)	Mifare Classic	E2 CC 8F C2
BruceRFID/toys-to-life/Skylanders/Skylanders 1 Spyro's Adventure/1) Figures/Gill Grunt (Sidekick).nfc	toys-to-life	Gill Grunt (Sidekick)	Mifare Classic	4B FA 40 2F
BruceRFID/toys-to-life/Skylanders/Skylanders 1 Spyro's Adventure/1) Figures/Trigger Snappy (SideKick).nfc	toys-to-life	Trigger Snappy (SideKick)	Mifare Classic	DD 59 19 EF
BruceRFID/toys-to-life/Skylanders/Skylanders 1 Spyro's Adventure/1) Figures/Prism Break.nfc	toys-to-life	Prism Break	Mifare Classic	8F 41 AB DF
BruceRFID/toys-to-life/Skylanders/Skylanders 1 Spyro's Adventure/1) Figures/Cynder.nfc	toys-to-life	Cynder	Mifare Classic	75 C9 3B F2
BruceRFID/toys-to-life/Skylanders/Skylanders 1 Spyro's Adventure/1) Figures/Terrafin.nfc	toys-to-life	Terrafin	Mifare Classic	0F 3E 93 2F
BruceRFID/toys-to-life/Skylanders/Skylanders 1 Spyro's Adventure/1) Figures/Dino Rang (Silver).nfc	toys-to-life	Dino Rang (Silver)	Mifare Classic	86 BF 1A AA
BruceRFID/toys-to-life/Skylanders/Skylanders 1 Spyro's Adventure/1) Figures/Whirlwind.nfc	toys-to-life	Whirlwind	Mifare Classic	25 77 CF 1E
BruceRFID/toys-to-life/Skylanders/Skylanders 1 Spyro's Adventure/1) Figures/Chop Chop (Gold).nfc	toys-to-life	Chop Chop (Gold)	Mifare Classic	D6 0E A4 61
BruceRFID/toys-to-life/Skylanders/Skylanders 1 Spyro's Adventure/1) Figures/Sonic Boom.nfc	toys-to-life	Sonic Boom	Mifare Classic	42 A1 C8 4E
BruceRFID/toys-to-life/Skylanders/Skylanders 1 Spyro's Adventure/1) Figures/Spyro.nfc	toys-to-life	Spyro	Mifare Classic	21 B5 89 A3
BruceRFID/toys-to-life/Skylanders/Skylanders 3 Swap Force/3) Magic Items/Battle Hammer.nfc	toys-to-life	Battle Hammer	Mifare Classic	AA 90 A9 AB
BruceRFID/toys-to-life/Skylanders/Skylanders 3 Swap Force/3) Magic Items/Arkeyan Crossbow.nfc	toys-to-life	Arkeyan Crossbow	Mifare Classic	F6 72 BF 8A
BruceRFID/toys-to-life/Skylanders/Skylanders 3 Swap Force/3) Magic Items/Tower of Time.nfc	toys-to-life	Tower of Time	Mifare Classic	E1 26 C5 2F
BruceRFID/toys-to-life/Skylanders/Skylanders 3 Swap Force/3) Magic Items/Fiery Forge.nfc	toys-to-life	Fiery Forge	Mifare Classic	2F 5F A5 CC
BruceRFID/toys-to-life/Skylanders/Skylanders 3 Swap Force/3) Magic Items/Sheep Wreck Island.nfc	toys-to-life	Sheep Wreck Island	Mifare Classic	2A 86 22 CC
BruceRFID/toys-to-life/Skylanders/Skylanders 3 Swap Force/3) Magic Items/Groove Machine.nfc	toys-to-life	Groove Machine	Mifare Classic	32 9E 62 A6
BruceRFID/toys-to-life/Skylanders/Skylanders 3 Swap Force/3) Magic Items/Sky Diamond.nfc	toys-to-life	Sky Diamond	Mifare Classic	00 F8 24 92
BruceRFID/toys-to-life/Skylanders/Skylanders 3 Swap Force/3) Magic Items/Platinum Sheep.nfc	toys-to-life	Platinum Sheep	Mifare Classic	FC 92 BA 1C
BruceRFID/toys-to-life/Skylanders/Skylanders 3 Swap Force/3) Magic Items/UFO Hat.nfc	toys-to-life	UFO Hat	Mifare Classic	35 D3 1B CC
BruceRFID/toys-to-life/Skylanders/Skylanders 3 Swap Force/2) Figures/Wham Shell (Lightcore).nfc	toys-to-life	Wham Shell (Lightcore)	Mifare Classic	6A BB CD F5
BruceRFID/toys-to-life/Skylanders/Skylanders 3 Swap Force/2) Figures/Spyro (Mega Ram).nfc	toys-to-life	Spyro (Mega Ram)	Mifare Classic	AE C7 84 5F
BruceRFID/toys-to-life/Skylanders/Skylanders 3 Swap Force/2) Figures/Star Strike (Lightcore).nfc	toys-to-life	Star Strike (Lightcore)	Mifare Classic	51 15 16 01
BruceRFID/toys-to-life/Skylanders/Skylanders 3 Swap Force/2) Figures/Hot Dog (Green Flame).nfc	toys-to-life	Hot Dog (Green Flame)	Mifare Classic	5F 9F 75 73
BruceRFID/toys-to-life/Skylanders/Skylanders 3 Swap Force/2) Figures/Chill (Blizzard).nfc	toys-to-life	Chill (Blizzard)	Mifare Classic	AD CC 1E A2
BruceRFID/toys-to-life/Skylanders/Skylanders 3 Swap Force/2) Figures/Pop Thorn.nfc	toys-to-life	Pop Thorn	Mifare Classic	C2 7B 14 FE
BruceRFID/toys-to-life/Skylanders/Skylanders 3 Swap Force/2) Figures/Bumble Blast (Lightcore).nfc	toys-to-life	Bumble Blast (Lightcore)	Mifare Classic	4E 6F FF 1A
BruceRFID/toys-to-life/Skylanders/Skylanders 3 Swap Force/2) Figures/Pop Fizz (Super Gulp).nfc	toys-to-life	Pop Fizz (Super Gulp)	Mifare Classic	FA A9 32 36
BruceRFID/toys-to-life/Skylanders/Skylanders 3 Swap Force/2) Figures/Chop Chop (Twin Blade).nfc	toys-to-life	Chop Chop (Twin Blade)	Mifare Classic	3F A8 D3 13
BruceRFID/toys-to-life/Skylanders/Skylanders 3 Swap Force/2) Figures/Punk Shock.nfc	toys-to-life	Punk Shock	Mifare Classic	8E 2F C3 DF
BruceRFID/toys-to-life/Skylanders/Skylanders 3 Swap Force/2) Figures/Grim Creeper.nfc	toys-to-life	Grim Creeper	Mifare Classic	4D CE FE 8E
BruceRFID/toys-to-life/Skylanders/Skylanders 3 Swap Force/2) Figures/Eruptor (Lava Barf).nfc	toys-to-life	Eruptor (Lava Barf)	Mifare Classic	7B 1B 0B E9
BruceRFID/toys-to-life/Skylanders/Skylanders 3 Swap Force/2) Figures/Trigger Happy (Big Bang).nfc	toys-to-life	Trigger Happy (Big Bang)	Mifare Classic	7D BE 1A CD
BruceRFID/toys-to-life/Skylanders/Skylanders 3 Swap Force/2) Figures/Star Strike.nfc	toys-to-life	Star Strike	Mifare Classic	26 A1 39 82
BruceRFID/toys-to-life/Skylanders/Skylanders 3 Swap Force/2) Figures/Zoo Lou.nfc	toys-to-life	Zoo Lou	Mifare Classic	5B 3F 09 0C
BruceRFID/toys-to-life/Skylanders/Skylanders 3 Swap Force/2) Figures/Terrafin (Knockout).nfc	toys-to-life	Terrafin (Knockout)	Mifare Classic	1A FB 14 B0
BruceRFID/toys-to-life/Skylanders/Skylanders 3 Swap Force/2) Figures/Gill Grunt (Anchors Away).nfc	toys-to-life	Gill Grunt (Anchors Away)	Mifare Classic	3F 8F AC 27
BruceRFID/toys-to-life/Skylanders/Skylanders 3 Swap Force/2) Figures/Prism Break (Hyper Beam).nfc	toys-to-life	Prism Break (Hyper Beam)	Mifare Classic	A2 B4 55 93
BruceRFID/toys-to-life/Skylanders/Skylanders 3 Swap Force/2) Figures/Wind Up.nfc	toys-to-life	Wind Up	Mifare Classic	D6 AC 19 F3
BruceRFID/toys-to-life/Skylanders/Skylanders 3 Swap Force/2) Figures/Hot Dog (Fire Bone).nfc	toys-to-life	Hot Dog (Fire Bone)	Mifare Classic	95 67 52 07
BruceRFID/toys-to-life/Skylanders/Skylanders 3 Swap Force/2) Figures/Windup (VV).nfc	toys-to-life	Windup (VV)	Mifare Classic	D6 AC 19 F3
BruceRFID/toys-to-life/Skylanders/Skylanders 3 Swap Force/2) Figures/Scorp (Green).nfc	toys-to-life	Scorp (Green)	Mifare Classic	BF 64 1D 12
BruceRFID/toys-to-life/Skylanders/Skylanders 3 Swap Force/2) Figures/Chop Chop (Green).nfc	toys-to-life	Chop Chop (Green)	Mifare Classic	1E E8 9C E8
BruceRFID/toys-to-life/Skylanders/Skylanders 3 Swap Force/2) Figures/Scorp.nfc	toys-to-life	Scorp	Mifare Classic	6D 0D C8 61
BruceRFID/toys-to-life/Skylanders/Skylanders 3 Swap Force/2) Figures/Star Strike (Enchanted Lightcore).nfc	toys-to-life	Star Strike (Enchanted Lightcore)	Mifare Classic	D2 37 F5 B8
BruceRFID/toys-to-life/Skylanders/Skylanders 3 Swap Force/2) Figures/Countdown (Kickoff).nfc	toys-to-life	Countdown (Kickoff)	Mifare Classic	61 B6 27 01
BruceRFID/toys-to-life/Skylanders/Skylanders 3 Swap Force/2) Figures/Rip Tide.nfc	toys-to-life	Rip Tide	Mifare Classic	42 00 DC 6B
BruceRFID/toys-to-life/Skylanders/Skylanders 3 Swap Force/2) Figures/Grim Creeper (Lightcore).nfc	toys-to-life	Grim Creeper (Lightcore)	Mifare Classic	6D 07 C6 40
BruceRFID/toys-to-life/Skylanders/Skylanders 3 Swap Force/2) Figures/Fryno.nfc	toys-to-life	Fryno	Mifare Classic	1D AE F8 CF
BruceRFID/toys-to-life/Skylanders/Skylanders 3 Swap Force/2) Figures/Bumble Blast.nfc	toys-to-life	Bumble Blast	Mifare Classic	9B 4A 71 9B
BruceRFID/toys-to-life/Skylanders/Skylanders 3 Swap Force/2) Figures/Zoo Lou (Legendary).nfc	toys-to-life	Zoo Lou (Legendary)	Mifare Classic	4B 11 4F 1C
BruceRFID/toys-to-life/Skylanders/Skylanders 3 Swap Force/2) Figures/Eruptor (Volcanic).nfc	toys-to-life	Eruptor (Volcanic)	Mifare Classic	29 B0 9D BE
BruceRFID/toys-to-life/Skylanders/Skylanders 3 Swap Force/2) Figures/Smolderdash (Christmas).nfc	toys-to-life	Smolderdash (Christmas)	Mifare Classic	FF B3 DE 9C
BruceRFID/toys-to-life/Skylanders/Skylanders 3 Swap Force/2) Figures/Jet-Vac (Turbo).nfc	toys-to-life	Jet-Vac (Turbo)	Mifare Classic	B4 BC 4D 0B
BruceRFID/toys-to-life/Skylanders/Skylanders 3 Swap Force/2) Figures/Scratch.nfc	toys-to-life	Scratch	Mifare Classic	8A CE 43 0E
BruceRFID/toys-to-life/Skylanders/Skylanders 3 Swap Force/2) Figures/Dune Bug.nfc	toys-to-life	Dune Bug	Mifare Classic	98 42 C8 7F
BruceRFID/toys-to-life/Skylanders/Skylanders 3 Swap Force/2) Figures/Countdown.nfc	toys-to-life	Countdown	Mifare Classic	7B 82 55 31
BruceRFID/toys-to-life/Skylanders/Skylanders 3 Swap Force/2) Figures/Flashwing (Lightcore).nfc	toys-to-life	Flashwing (Lightcore)	Mifare Classic	30 25 63 C9
BruceRFID/toys-to-life/Skylanders/Skylanders 3 Swap Force/2) Figures/Spyro (Mega Ram Dark).nfc	toys-to-life	Spyro (Mega Ram Dark)	Mifare Classic	DF 36 37 76
BruceRFID/toys-to-life/Skylanders/Skylanders 3 Swap Force/2) Figures/Rip Tide (Green).nfc	toys-to-life	Rip Tide (Green)	Mifare Classic	4F 11 B5 18
BruceRFID/toys-to-life/Skylanders/Skylanders 3 Swap Force/2) Figures/Warnado (Lightcore).nfc	toys-to-life	Warnado (Lightcore)	Mifare Classic	00 30 DD 3F
BruceRFID/toys-to-life/Skylanders/Skylanders 3 Swap Force/2) Figures/Roller Brawl.nfc	toys-to-life	Roller Brawl	Mifare Classic	EF AF B3 D8
BruceRFID/toys-to-life/Skylanders/Skylanders 3 Swap Force/2) Figures/Stealth Elf (Dark Ninja).nfc	toys-to-life	Stealth Elf (Dark Ninja)	Mifare Classic	2E 2B F1 2B
BruceRFID/toys-to-life/Skylanders/Skylanders 3 Swap Force/2) Figures/Grim Creeper (Legendary).nfc	toys-to-life	Grim Creeper (Legendary)	Mifare Classic	FD A6 87 1C
BruceRFID/toys-to-life/Skylanders/Skylanders 3 Swap Force/2) Figures/Cynder (Phantom).nfc	toys-to-life	Cynder (Phantom)	Mifare Classic	9E A5 FC A4
BruceRFID/toys-to-life/Skylanders/Skylanders 3 Swap Force/2) Figures/Bumble Blast (Jolly).nfc	toys-to-life	Bumble Blast (Jolly)	Mifare Classic	EC B3 AC CE
BruceRFID/toys-to-life/Skylanders/Skylanders 3 Swap Force/2) Figures/Hot Dog (Purrple Flame).nfc	toys-to-life	Hot Dog (Purrple Flame)	Mifare Classic	AF 35 62 9C
BruceRFID/toys-to-life/Skylanders/Skylanders 3 Swap Force/2) Figures/Camo (Thorn Horn).nfc	toys-to-life	Camo (Thorn Horn)	Mifare Classic	87 75 CB 6E
BruceRFID/toys-to-life/Skylanders/Skylanders 3 Swap Force/2) Figures/Whirlwind (Hornblast).nfc	toys-to-life	Whirlwind (Hornblast)	Mifare Classic	3A A9 72 B8
BruceRFID/toys-to-life/Skylanders/Skylanders 3 Swap Force/2) Figures/Slobber Tooth (Dark).nfc	toys-to-life	Slobber Tooth (Dark)	Mifare Classic	F0 0A B6 76
BruceRFID/toys-to-life/Skylanders/Skylanders 3 Swap Force/2) Figures/Countdown (Light Core).nfc	toys-to-life	Countdown (Light Core)	Mifare Classic	46 76 A4 7A
BruceRFID/toys-to-life/Skylanders/Skylanders 3 Swap Force/2) Figures/Dune Bug (Red).nfc	toys-to-life	Dune Bug (Red)	Mifare Classic	8F 76 FF 68
BruceRFID/toys-to-life/Skylanders/Skylanders 3 Swap Force/2) Figures/Smolderdash (Lightcore).nfc	toys-to-life	Smolderdash (Lightcore)	Mifare Classic	19 B4 E1 2D
BruceRFID/toys-to-life/Skylanders/Skylanders 3 Swap Force/2) Figures/Slobber Tooth.nfc	toys-to-life	Slobber Tooth	Mifare Classic	7F A8 26 99
BruceRFID/toys-to-life/Skylanders/Skylanders 3 Swap Force/2) Figures/Sprocket (Big Bang).nfc	toys-to-life	Sprocket (Big Bang)	Mifare Classic	8B BE C1 6D
BruceRFID/toys-to-life/Skylanders/Skylanders 3 Swap Force/2) Figures/Trigger Happy (Spring Time).nfc	toys-to-life	Trigger Happy (Spring Time)	Mifare Classic	34 46 01 AF
BruceRFID/toys-to-life/Skylanders/Skylanders 3 Swap Force/2) Figures/Stealth Elf (Ninja).nfc	toys-to-life	Stealth Elf (Ninja)	Mifare Classic	1A E8 FC 3C
BruceRFID/toys-to-life/Skylanders/Skylanders 3 Swap Force/2) Figures/Hot Dog (Red Flame).nfc	toys-to-life	Hot Dog (Red Flame)	Mifare Classic	CF FD 1A 8A
BruceRFID/toys-to-life/Skylanders/Skylanders 3 Swap Force/2) Figures/Trigger Happy (Spring Flocked).nfc	toys-to-life	Trigger Happy (Spring Flocked)	Mifare Classic	7F 92 FF 71
BruceRFID/toys-to-life/Skylanders/Skylanders 3 Swap Force/2) Figures/Smolderdash.nfc	toys-to-life	Smolderdash	Mifare Classic	6B 79 14 71
BruceRFID/toys-to-life/Skylanders/Skylanders 3 Swap Force/2) Figures/Sprocket (Heavy Metal).nfc	toys-to-life	Sprocket (Heavy Metal)	Mifare Classic	CF 57 87 A1
BruceRFID/toys-to-life/Skylanders/Skylanders 3 Swap Force/1) Figures Swappers/Freeze Blade (Nitro) Top.nfc	toys-to-life	Freeze Blade (Nitro) Top	Mifare Classic	F6 E5 FD A3
BruceRFID/toys-to-life/Skylanders/Skylanders 3 Swap Force/1) Figures Swappers/Fire Kraken (Gold Bottom).nfc	toys-to-life	Fire Kraken (Gold Bottom)	Mifare Classic	1F 90 3F 6B
BruceRFID/toys-to-life/Skylanders/Skylanders 3 Swap Force/1) Figures Swappers/Night Shift (Legendary) Top.nfc	toys-to-life	Night Shift (Legendary) Top	Mifare Classic	7F 6B 66 22
BruceRFID/toys-to-life/Skylanders/Skylanders 3 Swap Force/1) Figures Swappers/Blast Zone Bottom.nfc	toys-to-life	Blast Zone Bottom	Mifare Classic	82 5F 42 67
BruceRFID/toys-to-life/Skylanders/Skylanders 3 Swap Force/1) Figures Swappers/Free Ranger (Legendary) Top.nfc	toys-to-life	Free Ranger (Legendary) Top	Mifare Classic	A4 2A 7B 27
BruceRFID/toys-to-life/Skylanders/Skylanders 3 Swap Force/1) Figures Swappers/Blast Zone (Dark) Bottom.nfc	toys-to-life	Blast Zone (Dark) Bottom	Mifare Classic	6F CD F5 28
BruceRFID/toys-to-life/Skylanders/Skylanders 3 Swap Force/1) Figures Swappers/Trap Shadow Top.nfc	toys-to-life	Trap Shadow Top	Mifare Classic	74 52 CA FF
BruceRFID/toys-to-life/Skylanders/Skylanders 3 Swap Force/1) Figures Swappers/Night Shift Top.nfc	toys-to-life	Night Shift Top	Mifare Classic	EB 9A 62 06
BruceRFID/toys-to-life/Skylanders/Skylanders 3 Swap Force/1) Figures Swappers/Stink Bomb Bottom.nfc	toys-to-life	Stink Bomb Bottom	Mifare Classic	FF 48 33 86
BruceRFID/toys-to-life/Skylanders/Skylanders 3 Swap Force/1) Figures Swappers/Wash Buckler Bottom.nfc	toys-to-life	Wash Buckler Bottom	Mifare Classic	69 8D 0C 7C
BruceRFID/toys-to-life/Skylanders/Skylanders 3 Swap Force/1) Figures Swappers/Doom Stone Bottom.nfc	toys-to-life	Doom Stone Bottom	Mifare Classic	AF F7 E5 73
BruceRFID/toys-to-life/Skylanders/Skylanders 3 Swap Force/1) Figures Swappers/Doom Stone (Gold Top).nfc	toys-to-life	Doom Stone (Gold Top)	Mifare Classic	8F 2E 80 C1
BruceRFID/toys-to-life/Skylanders/Skylanders 3 Swap Force/1) Figures Swappers/Stink bomb (Gold Bottom).nfc	toys-to-life	Stink bomb (Gold Bottom)	Mifare Classic	EF 2B 58 86
BruceRFID/toys-to-life/Skylanders/Skylanders 3 Swap Force/1) Figures Swappers/Fire Kraken Top.nfc	toys-to-life	Fire Kraken Top	Mifare Classic	A6 88 5E AF
BruceRFID/toys-to-life/Skylanders/Skylanders 3 Swap Force/1) Figures Swappers/Free Ranger Bottom.nfc	toys-to-life	Free Ranger Bottom	Mifare Classic	1F 6B A5 27
BruceRFID/toys-to-life/Skylanders/Skylanders 3 Swap Force/1) Figures Swappers/Spy Rise Bottom.nfc	toys-to-life	Spy Rise Bottom	Mifare Classic	2F 85 25 9F
BruceRFID/toys-to-life/Skylanders/Skylanders 3 Swap Force/1) Figures Swappers/Blast Zone Top.nfc	toys-to-life	Blast Zone Top	Mifare Classic	C3 73 5F FD
BruceRFID/toys-to-life/Skylanders/Skylanders 3 Swap Force/1) Figures Swappers/Doom Stone (Bronze Bottom).nfc	toys-to-life	Doom Stone (Bronze Bottom)	Mifare Classic	6F 31 F4 73
BruceRFID/toys-to-life/Skylanders/Skylanders 3 Swap Force/1) Figures Swappers/Trap Shadow (Bronze Top).nfc	toys-to-life	Trap Shadow (Bronze Top)	Mifare Classic	2F 56 5E 8A
BruceRFID/toys-to-life/Skylanders/Skylanders 3 Swap Force/1) Figures Swappers/Freeze Blade Bottom.nfc	toys-to-life	Freeze Blade Bottom	Mifare Classic	AF BF D0 A2
BruceRFID/toys-to-life/Skylanders/Skylanders 3 Swap Force/1) Figures Swappers/Magna Charge (Nitro) Top.nfc	toys-to-life	Magna Charge (Nitro) Top	Mifare Classic	0F FF A4 55
BruceRFID/toys-to-life/Skylanders/Skylanders 3 Swap Force/1) Figures Swappers/Night Shift Bottom.nfc	toys-to-life	Night Shift Bottom	Mifare Classic	BF 3D A9 7F
BruceRFID/toys-to-life/Skylanders/Skylanders 3 Swap Force/1) Figures Swappers/Magna Charge Bottom.nfc	toys-to-life	Magna Charge Bottom	Mifare Classic	5E A1 68 9D
BruceRFID/toys-to-life/Skylanders/Skylanders 3 Swap Force/1) Figures Swappers/Hoot Loop Bottom.nfc	toys-to-life	Hoot Loop Bottom	Mifare Classic	14 F1 F3 FB
BruceRFID/toys-to-life/Skylanders/Skylanders 3 Swap Force/1) Figures Swappers/Rattle Shake Bottom.nfc	toys-to-life	Rattle Shake Bottom	Mifare Classic	C0 FA AB AA
BruceRFID/toys-to-life/Skylanders/Skylanders 3 Swap Force/1) Figures Swappers/Doom Stone Top.nfc	toys-to-life	Doom Stone Top	Mifare Classic	6F A8 DC 74
BruceRFID/toys-to-life/Skylanders/Skylanders 3 Swap Force/1) Figures Swappers/Rubble Rouser Bottom.nfc	toys-to-life	Rubble Rouser Bottom	Mifare Classic	BF 68 91 58
BruceRFID/toys-to-life/Skylanders/Skylanders 3 Swap Force/1) Figures Swappers/Fire Kraken (Jade) Bottom.nfc	toys-to-life	Fire Kraken (Jade) Bottom	Mifare Classic	09 6A CF 5B
BruceRFID/toys-to-life/Skylanders/Skylanders 3 Swap Force/1) Figures Swappers/Boom Jet Bottom.nfc	toys-to-life	Boom Jet Bottom	Mifare Classic	AF C5 70 48
BruceRFID/toys-to-life/Skylanders/Skylanders 3 Swap Force/1) Figures Swappers/Night Shift (Legendary) Bottom.nfc	toys-to-life	Night Shift (Legendary) Bottom	Mifare Classic	CF F5 50 26
BruceRFID/toys-to-life/Skylanders/Skylanders 3 Swap Force/1) Figures Swappers/Wash Buckler (Gold) Bottom.nfc	toys-to-life	Wash Buckler (Gold) Bottom	Mifare Classic	5F D4 B6 5E
BruceRFID/toys-to-life/Skylanders/Skylanders 3 Swap Force/1) Figures Swappers/Fire Kraken (Gold Top).nfc	toys-to-life	Fire Kraken (Gold Top)	Mifare Classic	2F D7 FE 87
BruceRFID/toys-to-life/Skylanders/Skylanders 3 Swap Force/1) Figures Swappers/Grilla Drilla Bottom.nfc	toys-to-life	Grilla Drilla Bottom	Mifare Classic	BF 76 CD 7D
BruceRFID/toys-to-life/Skylanders/Skylanders 3 Swap Force/1) Figures Swappers/Freeze Blade Top.nfc	toys-to-life	Freeze Blade Top	Mifare Classic	E7 1F 3F CB
BruceRFID/toys-to-life/Skylanders/Skylanders 3 Swap Force/1) Figures Swappers/Rattle Shake (Quickdraw) Top.nfc	toys-to-life	Rattle Shake (Quickdraw) Top	Mifare Classic	06 D6 12 CB
BruceRFID/toys-to-life/Skylanders/Skylanders 3 Swap Force/1) Figures Swappers/Stink Bomb (Silver Top).nfc	toys-to-life	Stink Bomb (Silver Top)	Mifare Classic	5F 1F 3C 8A
BruceRFID/toys-to-life/Skylanders/Skylanders 3 Swap Force/1) Figures Swappers/Wash Buckler Top.nfc	toys-to-life	Wash Buckler Top	Mifare Classic	0C F8 9C 72
BruceRFID/toys-to-life/Skylanders/Skylanders 3 Swap Force/1) Figures Swappers/Trap Shadow Bottom.nfc	toys-to-life	Trap Shadow Bottom	Mifare Classic	CF B2 27 86
BruceRFID/toys-to-life/Skylanders/Skylanders 3 Swap Force/1) Figures Swappers/Fire Kraken Bottom.nfc	toys-to-life	Fire Kraken Bottom	Mifare Classic	DF BB D5 7D
BruceRFID/toys-to-life/Skylanders/Skylanders 3 Swap Force/1) Figures Swappers/Free Ranger (Legendary) Bottom.nfc	toys-to-life	Free Ranger (Legendary) Bottom	Mifare Classic	FB EE E7 01
BruceRFID/toys-to-life/Skylanders/Skylanders 3 Swap Force/1) Figures Swappers/Magna Charge Top.nfc	toys-to-life	Magna Charge Top	Mifare Classic	12 D4 21 51
BruceRFID/toys-to-life/Skylanders/Skylanders 3 Swap Force/1) Figures Swappers/Rubble Rouser Top.nfc	toys-to-life	Rubble Rouser Top	Mifare Classic	8B E2 E3 58
BruceRFID/toys-to-life/Skylanders/Skylanders 3 Swap Force/1) Figures Swappers/Stink Bomb Top.nfc	toys-to-life	Stink Bomb Top	Mifare Classic	7A 0A DD 51
BruceRFID/toys-to-life/Skylanders/Skylanders 3 Swap Force/1) Figures Swappers/Rattle Shake (QuickDraw) Bottom.nfc	toys-to-life	Rattle Shake (QuickDraw) Bottom	Mifare Classic	45 81 D9 3F
BruceRFID/toys-to-life/Skylanders/Skylanders 3 Swap Force/1) Figures Swappers/Trap Shadow (Silver Bottom).nfc	toys-to-life	Trap Shadow (Silver Bottom)	Mifare Classic	DF 9E 38 8B
BruceRFID/toys-to-life/Skylanders/Skylanders 3 Swap Force/1) Figures Swappers/Rattle Shake Top.nfc	toys-to-life	Rattle Shake Top	Mifare Classic	CD 29 C3 23
BruceRFID/toys-to-life/Skylanders/Skylanders 3 Swap Force/1) Figures Swappers/Wash Buckler (Dark) Top.nfc	toys-to-life	Wash Buckler (Dark) Top	Mifare Classic	30 FC 04 80
BruceRFID/toys-to-life/Skylanders/Skylanders 3 Swap Force/1) Figures Swappers/Wash Buckler (Gold) Top.nfc	toys-to-life	Wash Buckler (Gold) Top	Mifare Classic	4F 11 DD 61
BruceRFID/toys-to-life/Skylanders/Skylanders 3 Swap Force/1) Figures Swappers/Magna Charge (Nitro) Bottom.nfc	toys-to-life	Magna Charge (Nitro) Bottom	Mifare Classic	6F 93 4F 0F
BruceRFID/toys-to-life/Skylanders/Skylanders 3 Swap Force/1) Figures Swappers/Wash Buckler (Dark) Bottom.nfc	toys-to-life	Wash Buckler (Dark) Bottom	Mifare Classic	1F 29 6C 4F
BruceRFID/toys-to-life/Skylanders/Skylanders 3 Swap Force/1) Figures Swappers/Free Ranger Top.nfc	toys-to-life	Free Ranger Top	Mifare Classic	CC 6D 71 0F
BruceRFID/toys-to-life/Skylanders/Skylanders 3 Swap Force/1) Figures Swappers/Hoot Loop (Enchanted) Bottom.nfc	toys-to-life	Hoot Loop (Enchanted) Bottom	Mifare Classic	80 42 34 79
BruceRFID/toys-to-life/Skylanders/Skylanders 3 Swap Force/1) Figures Swappers/Grilla Drilla Top.nfc	toys-to-life	Grilla Drilla Top	Mifare Classic	22 8F 7A 82
BruceRFID/toys-to-life/Skylanders/Skylanders 3 Swap Force/1) Figures Swappers/Blast Zone (Dark) Top.nfc	toys-to-life	Blast Zone (Dark) Top	Mifare Classic	74 96 7A 7A
BruceRFID/toys-to-life/Skylanders/Skylanders 3 Swap Force/1) Figures Swappers/Freeze Blade (Nitro) Bottom.nfc	toys-to-life	Freeze Blade (Nitro) Bottom	Mifare Classic	BF F1 DA 1D
BruceRFID/toys-to-life/Skylanders/Skylanders 3 Swap Force/1) Figures Swappers/Fire Kraken (Jade) Top.nfc	toys-to-life	Fire Kraken (Jade) Top	Mifare Classic	76 80 30 96
BruceRFID/toys-to-life/Skylanders/Skylanders 3 Swap Force/1) Figures Swappers/Boom Jet Top.nfc	toys-to-life	Boom Jet Top	Mifare Classic	57 6C 80 6C
BruceRFID/toys-to-life/Skylanders/Skylanders 3 Swap Force/1) Figures Swappers/Hoot Loop (Enchanted) Top.nfc	toys-to-life	Hoot Loop (Enchanted) Top	Mifare Classic	9E 67 95 B7
BruceRFID/toys-to-life/Skylanders/Skylanders 3 Swap Force/1) Figures Swappers/Spy Rise Top.nfc	toys-to-life	Spy Rise Top	Mifare Classic	C8 80 D6 F9
BruceRFID/toys-to-life/Skylanders/Skylanders 3 Swap Force/1) Figures Swappers/Hoot Loop Top.nfc	toys-to-life	Hoot Loop Top	Mifare Classic	80 4E 54 AF
BruceRFID/assets/Google.nfc	assets	Google	NTAG216	04 85 92 8A A0 61 81
BruceRFID/assets/Non-RRG_Keys_Only.nfc	assets	Non-RRG_Keys_Only		
BruceRFID/assets/Non-Prox_Keys_Only.nfc	assets	Non-Prox_Keys_Only		
BruceRFID/assets/mf_classic_dict.nfc	assets	mf_classic_dict		
BruceRFID/assets/GuidoZ.nfc	assets	GuidoZ	NTAG216	04 85 92 8A A0 61 81
BruceRFID/assets/RickRoll.nfc	assets	RickRoll	NTAG216	04 85 92 8A A0 61 81
BruceRFID/assets/mf_classic_dict_user.nfc	assets	mf_classic_dict_user		
BruceRFID/assets/country_code.nfc	assets	country_code		
BruceRFID/assets/currency_code.nfc	assets	currency_code		
BruceRFID/assets/aid.nfc	assets	aid		
BruceRFID/hotel-keys/Disappeared_entree.nfc	hotel-keys	Disappeared_entree	UID	04 51 20 DA 7C 59 85
BruceRFID/hotel-keys/Hollow_portals.nfc	hotel-keys	Hollow_portals	UID	04 8C 08 4A FF 21 84
BruceRFID/hotel-keys/Nameless_portal.nfc	hotel-keys	Nameless_portal	UID	8E 95 1C EB
BruceRFID/hotel-keys/Unnamable_opening.nfc	hotel-keys	Unnamable_opening	UID	F3 93 86 C9
BruceRFID/hotel-keys/Ancient_entry.nfc	hotel-keys	Ancient_entry	UID	04 4C AE DA 51 58 81
BruceRFID/hotel-keys/Unnamable_entry.nfc	hotel-keys	Unnamable_entry	UID	5E 95 CD A5
BruceRFID/hotel-keys/Strange_crack.nfc	hotel-keys	Strange_crack	UID	04 8B 81 9A C1 4C 80
BruceRFID/hotel-keys/Hollow_entry.nfc	hotel-keys	Hollow_entry	UID	04 7F BE 72 94 51 80
BruceRFID/hotel-keys/Unthinkable_entry.nfc	hotel-keys	Unthinkable_entry	UID	7D FF 32 77
BruceRFID/hotel-keys/Hollow_portal.nfc	hotel-keys	Hollow_portal	UID	FE 69 43 35
BruceRFID/hotel-keys/Hollow_entree.nfc	hotel-keys	Hollow_entree	UID	04 8E D7 3A 35 35 80
BruceRFID/hotel-keys/Strange_portal.nfc	hotel-keys	Strange_portal	UID	BD AC 53 77
BruceRFID/hotel-keys/Disappeared_portal.nfc	hotel-keys	Disappeared_portal	UID	BD BB 66 62
BruceRFID/hotel-keys/Unknown_opening.nfc	hotel-keys	Unknown_opening	UID	04 06 A6 92 40 64 81
BruceRFID/hotel-keys/Unknown_entrance.nfc	hotel-keys	Unknown_entrance	UID	AD C2 F6 F2
BruceRFID/hotel-keys/Unthinkable_entree.nfc	hotel-keys	Unthinkable_entree	UID	15 FC 0C 3F
BruceRFID/hotel-keys/Unnamable_door.nfc	hotel-keys	Unnamable_door	UID	F4 A6 C0 7D
BruceRFID/hotel-keys/Unthinkable_portal.nfc	hotel-keys	Unthinkable_portal	UID	04 7E 89 E2 9E 4A 81
BruceRFID/hotel-keys/Hollow_doorway.nfc	hotel-keys	Hollow_doorway	UID	04 88 43 52 AB 5C 84
BruceRFID/hotel-keys/Hollow_doors.nfc	hotel-keys	Hollow_doors	UID	04 9B BD 8A 23 49 80
BruceRFID/hotel-keys/Nameless_entry.nfc	hotel-keys	Nameless_entry	UID	95 1B D1 25
BruceRFID/hotel-keys/Unthinkable_opening.nfc	hotel-keys	Unthinkable_opening	UID	04 1F A0 92 40 64 80
BruceRFID/hotel-keys/Unnamable_crack.nfc	hotel-keys	Unnamable_crack	UID	04 4E 7D 42 46 36 82
BruceRFID/hotel-keys/Disappeared_entry.nfc	hotel-keys	Disappeared_entry	UID	04 53 F8 2A 1E 3E 81
BruceRFID/hotel-keys/Ancient_opening.nfc	hotel-keys	Ancient_opening	UID	80 A9 9A 56
BruceRFID/hotel-keys/Unnamable_entree.nfc	hotel-keys	Unnamable_entree	UID	04 9E 47 AA 57 58 80
BruceRFID/hotel-keys/Strange_entry.nfc	hotel-keys	Strange_entry	UID	C2 C6 FD DE
BruceRFID/hotel-keys/Strange_door.nfc	hotel-keys	Strange_door	UID	04 B7 29 4A 7E 36 82
BruceRFID/hotel-keys/Unthinkable_openings.nfc	hotel-keys	Unthinkable_openings	UID	04 85 17 4A 5F 34 84
BruceRFID/hotel-keys/Disappeared_doorway.nfc	hotel-keys	Disappeared_doorway	UID	7E 76 84 7C
BruceRFID/hotel-keys/Unnamable_portal.nfc	hotel-keys	Unnamable_portal	UID	C2 98 52 C2
BruceRFID/hotel-keys/Hollow_entrance.nfc	hotel-keys	Hollow_entrance	UID	9A 6B F8 6F
BruceRFID/hotel-keys/Ancient_portal.nfc	hotel-keys	Ancient_portal	UID	04 54 DB BA 7C 32 80
BruceRFID/hotel-keys/Unknown_crack.nfc	hotel-keys	Unknown_crack	UID	54 97 F0 C1 67 1B 02 D0
BruceRFID/hotel-keys/Disappeared_portals.nfc	hotel-keys	Disappeared_portals	UID	04 5E 16 DA CF 1E 84
BruceRFID/hotel-keys/Strange_doors.nfc	hotel-keys	Strange_doors	UID	DA 28 8D 0F 68 1B 02 D0
BruceRFID/hotel-keys/Unthinkable_door.nfc	hotel-keys	Unthinkable_door	UID	96 59 8D 4C
BruceRFID/hotel-keys/Hollow_door.nfc	hotel-keys	Hollow_door	UID	FD 8C DD D8
BruceRFID/hotel-keys/Unthinkable_entrance.nfc	hotel-keys	Unthinkable_entrance	UID	09 DC 69 9F
BruceRFID/hotel-keys/Nameless_crack.nfc	hotel-keys	Nameless_crack	UID	B7 94 C0 04
